benchmark_key,input_data,input_size,iteration,cycles,time_ns,verification_performed,verified
"bubble","Random",100,0,18240,5800,true,true
"bubble","Random",100,1,18816,5900,true,true
"bubble","Random",100,2,20800,6600,true,true
"bubble","Random",100,3,25408,8000,true,true
"bubble","Random",100,4,37312,11800,true,true
"bubble","Random",100,5,39328,12400,true,true
"bubble","Random",100,6,38400,12200,true,true
"bubble","Random",100,7,39936,12600,true,true
"bubble","Random",100,8,37248,11800,true,true
"bubble","Random",100,9,37600,11900,true,true
"bubble","Random",100,10,38336,12100,true,true
"bubble","Random",100,11,40672,12800,true,true
"bubble","Random",100,12,37216,11800,true,true
"bubble","Random",100,13,38944,12300,true,true
"bubble","Random",100,14,39968,12600,true,true
"bubble","Random",100,15,67424,21200,true,true
"bubble","Random",100,16,37216,11700,true,true
"bubble","Random",100,17,39712,12600,true,true
"bubble","Random",100,18,38528,12100,true,true
"bubble","Random",100,19,39680,12600,true,true
"bubble","Random",100,20,38016,12000,true,true
"bubble","Random",100,21,40704,12900,true,true
"bubble","Random",100,22,41216,13100,true,true
"bubble","Random",100,23,40672,12900,true,true
"bubble","Random",100,24,40544,12800,true,true
"bubble","Random",100,25,39840,12600,true,true
"bubble","Random",100,26,40352,12700,true,true
"bubble","Random",100,27,41056,13000,true,true
"bubble","Random",100,28,41568,13200,true,true
"bubble","Random",100,29,39616,12600,true,true
"bubble","Random",100,30,39424,12500,true,true
"bubble","Random",100,31,41152,13000,true,true
"bubble","Random",100,32,39872,12600,true,true
"bubble","Random",100,33,39200,12400,true,true
"bubble","Random",100,34,39840,12600,true,true
"bubble","Random",100,35,40608,12900,true,true
"bubble","Random",100,36,38368,12100,true,true
"bubble","Random",100,37,38528,12200,true,true
"bubble","Random",100,38,38784,12300,true,true
"bubble","Random",100,39,41632,13100,true,true
"bubble","Random",100,40,40608,12800,true,true
"bubble","Random",100,41,37248,11800,true,true
"bubble","Random",100,42,37568,11900,true,true
"bubble","Random",100,43,38048,12100,true,true
"bubble","Random",100,44,38400,12200,true,true
"bubble","Random",100,45,38688,12300,true,true
"bubble","Random",100,46,41152,13000,true,true
"bubble","Random",100,47,38688,12200,true,true
"bubble","Random",100,48,40160,12700,true,true
"bubble","Random",100,49,37536,11800,true,true
"bubble","Random",100,50,38112,12100,true,true
"bubble","Random",100,51,36992,11700,true,true
"bubble","Random",100,52,39552,12500,true,true
"bubble","Random",100,53,38336,12100,true,true
"bubble","Random",100,54,40672,12900,true,true
"bubble","Random",100,55,41376,13100,true,true
"bubble","Random",100,56,40288,12700,true,true
"bubble","Random",100,57,38656,12200,true,true
"bubble","Random",100,58,38848,12300,true,true
"bubble","Random",100,59,40160,12700,true,true
"bubble","Random",100,60,39552,12500,true,true
"bubble","Random",100,61,36192,11400,true,true
"bubble","Random",100,62,40288,12700,true,true
"bubble","Random",100,63,38368,12100,true,true
"bubble","Random",100,64,38624,12200,true,true
"bubble","Random",100,65,38688,12300,true,true
"bubble","Random",100,66,40768,12800,true,true
"bubble","Random",100,67,39264,12400,true,true
"bubble","Random",100,68,41376,13100,true,true
"bubble","Random",100,69,40416,12800,true,true
"bubble","Random",100,70,40928,13000,true,true
"bubble","Random",100,71,40672,12800,true,true
"bubble","Random",100,72,20672,6500,true,true
"bubble","Random",100,73,20928,6600,true,true
"bubble","Random",100,74,20768,6600,true,true
"bubble","Random",100,75,19712,6300,true,true
"bubble","Random",100,76,20000,6300,true,true
"bubble","Random",100,77,19072,6100,true,true
"bubble","Random",100,78,19968,6300,true,true
"bubble","Random",100,79,19968,6400,true,true
"bubble","Random",100,80,18848,5900,true,true
"bubble","Random",100,81,20448,6400,true,true
"bubble","Random",100,82,19232,6100,true,true
"bubble","Random",100,83,19296,6100,true,true
"bubble","Random",100,84,18400,5800,true,true
"bubble","Random",100,85,19008,6100,true,true
"bubble","Random",100,86,19584,6200,true,true
"bubble","Random",100,87,18880,6000,true,true
"bubble","Random",100,88,21024,6600,true,true
"bubble","Random",100,89,20832,6600,true,true
"bubble","Random",100,90,18784,6000,true,true
"bubble","Random",100,91,20256,6400,true,true
"bubble","Random",100,92,20512,6500,true,true
"bubble","Random",100,93,20160,6400,true,true
"bubble","Random",100,94,21248,6700,true,true
"bubble","Random",100,95,20896,6700,true,true
"bubble","Random",100,96,18880,6000,true,true
"bubble","Random",100,97,20544,6600,true,true
"bubble","Random",100,98,20064,6400,true,true
"bubble","Random",100,99,19072,6100,true,true
"insertion","Random",100,0,4320,1400,true,true
"insertion","Random",100,1,4224,1400,true,true
"insertion","Random",100,2,4000,1400,true,true
"insertion","Random",100,3,3936,1300,true,true
"insertion","Random",100,4,4000,1400,true,true
"insertion","Random",100,5,4448,1500,true,true
"insertion","Random",100,6,4320,1400,true,true
"insertion","Random",100,7,4352,1500,true,true
"insertion","Random",100,8,4160,1300,true,true
"insertion","Random",100,9,4096,1300,true,true
"insertion","Random",100,10,3808,1300,true,true
"insertion","Random",100,11,4128,1400,true,true
"insertion","Random",100,12,3936,1300,true,true
"insertion","Random",100,13,4512,1500,true,true
"insertion","Random",100,14,3968,1300,true,true
"insertion","Random",100,15,4384,1500,true,true
"insertion","Random",100,16,4256,1400,true,true
"insertion","Random",100,17,4224,1400,true,true
"insertion","Random",100,18,4096,1400,true,true
"insertion","Random",100,19,3936,1300,true,true
"insertion","Random",100,20,4192,1400,true,true
"insertion","Random",100,21,4256,1400,true,true
"insertion","Random",100,22,4256,1400,true,true
"insertion","Random",100,23,4032,1300,true,true
"insertion","Random",100,24,4384,1400,true,true
"insertion","Random",100,25,6816,2200,true,true
"insertion","Random",100,26,8544,2800,true,true
"insertion","Random",100,27,6688,2100,true,true
"insertion","Random",100,28,5696,1800,true,true
"insertion","Random",100,29,6016,2000,true,true
"insertion","Random",100,30,6688,2200,true,true
"insertion","Random",100,31,7584,2500,true,true
"insertion","Random",100,32,8288,2700,true,true
"insertion","Random",100,33,5952,1900,true,true
"insertion","Random",100,34,6496,2100,true,true
"insertion","Random",100,35,5888,1900,true,true
"insertion","Random",100,36,4928,1600,true,true
"insertion","Random",100,37,5056,1700,true,true
"insertion","Random",100,38,4960,1600,true,true
"insertion","Random",100,39,5312,1800,true,true
"insertion","Random",100,40,5440,1700,true,true
"insertion","Random",100,41,5120,1600,true,true
"insertion","Random",100,42,5216,1700,true,true
"insertion","Random",100,43,5216,1700,true,true
"insertion","Random",100,44,5088,1600,true,true
"insertion","Random",100,45,5504,1800,true,true
"insertion","Random",100,46,5440,1700,true,true
"insertion","Random",100,47,4896,1600,true,true
"insertion","Random",100,48,5376,1700,true,true
"insertion","Random",100,49,4864,1600,true,true
"insertion","Random",100,50,5696,1900,true,true
"insertion","Random",100,51,5248,1700,true,true
"insertion","Random",100,52,5440,1800,true,true
"insertion","Random",100,53,5216,1700,true,true
"insertion","Random",100,54,5056,1700,true,true
"insertion","Random",100,55,5152,1700,true,true
"insertion","Random",100,56,5600,1800,true,true
"insertion","Random",100,57,5280,1700,true,true
"insertion","Random",100,58,5088,1700,true,true
"insertion","Random",100,59,4992,1600,true,true
"insertion","Random",100,60,5088,1700,true,true
"insertion","Random",100,61,5184,1700,true,true
"insertion","Random",100,62,5440,1800,true,true
"insertion","Random",100,63,5184,1700,true,true
"insertion","Random",100,64,5088,1700,true,true
"insertion","Random",100,65,5024,1700,true,true
"insertion","Random",100,66,5344,1800,true,true
"insertion","Random",100,67,5344,1700,true,true
"insertion","Random",100,68,5088,1700,true,true
"insertion","Random",100,69,5376,1800,true,true
"insertion","Random",100,70,5280,1700,true,true
"insertion","Random",100,71,5216,1700,true,true
"insertion","Random",100,72,5376,1800,true,true
"insertion","Random",100,73,5472,1700,true,true
"insertion","Random",100,74,5184,1700,true,true
"insertion","Random",100,75,5152,1700,true,true
"insertion","Random",100,76,5312,1700,true,true
"insertion","Random",100,77,4992,1600,true,true
"insertion","Random",100,78,5408,1800,true,true
"insertion","Random",100,79,4832,1600,true,true
"insertion","Random",100,80,4992,1600,true,true
"insertion","Random",100,81,5248,1700,true,true
"insertion","Random",100,82,4832,1600,true,true
"insertion","Random",100,83,4928,1600,true,true
"insertion","Random",100,84,5088,1700,true,true
"insertion","Random",100,85,4928,1600,true,true
"insertion","Random",100,86,4960,1600,true,true
"insertion","Random",100,87,5024,1700,true,true
"insertion","Random",100,88,4928,1600,true,true
"insertion","Random",100,89,5504,1800,true,true
"insertion","Random",100,90,5088,1700,true,true
"insertion","Random",100,91,5312,1700,true,true
"insertion","Random",100,92,5280,1700,true,true
"insertion","Random",100,93,5088,1700,true,true
"insertion","Random",100,94,5184,1700,true,true
"insertion","Random",100,95,5536,1800,true,true
"insertion","Random",100,96,4992,1700,true,true
"insertion","Random",100,97,5440,1800,true,true
"insertion","Random",100,98,5120,1600,true,true
"insertion","Random",100,99,4928,1700,true,true
"selection","Random",100,0,13280,4200,true,true
"selection","Random",100,1,12896,4100,true,true
"selection","Random",100,2,12704,4000,true,true
"selection","Random",100,3,12512,4000,true,true
"selection","Random",100,4,13280,4300,true,true
"selection","Random",100,5,13024,4100,true,true
"selection","Random",100,6,12736,4100,true,true
"selection","Random",100,7,12864,4100,true,true
"selection","Random",100,8,13088,4200,true,true
"selection","Random",100,9,12256,3900,true,true
"selection","Random",100,10,13152,4200,true,true
"selection","Random",100,11,13024,4200,true,true
"selection","Random",100,12,13088,4100,true,true
"selection","Random",100,13,12672,4000,true,true
"selection","Random",100,14,12512,4000,true,true
"selection","Random",100,15,12736,4000,true,true
"selection","Random",100,16,12992,4200,true,true
"selection","Random",100,17,12480,4000,true,true
"selection","Random",100,18,12320,3900,true,true
"selection","Random",100,19,13088,4100,true,true
"selection","Random",100,20,12480,3900,true,true
"selection","Random",100,21,12544,4000,true,true
"selection","Random",100,22,13152,4200,true,true
"selection","Random",100,23,12928,4100,true,true
"selection","Random",100,24,12608,4000,true,true
"selection","Random",100,25,12704,4100,true,true
"selection","Random",100,26,12224,3900,true,true
"selection","Random",100,27,13216,4200,true,true
"selection","Random",100,28,13248,4200,true,true
"selection","Random",100,29,12704,4100,true,true
"selection","Random",100,30,12128,3900,true,true
"selection","Random",100,31,12576,4000,true,true
"selection","Random",100,32,62368,19600,true,true
"selection","Random",100,33,13024,4300,true,true
"selection","Random",100,34,12672,4000,true,true
"selection","Random",100,35,12800,4000,true,true
"selection","Random",100,36,12096,3900,true,true
"selection","Random",100,37,12320,4000,true,true
"selection","Random",100,38,12544,4000,true,true
"selection","Random",100,39,12768,4100,true,true
"selection","Random",100,40,12512,4000,true,true
"selection","Random",100,41,12864,4100,true,true
"selection","Random",100,42,12864,4100,true,true
"selection","Random",100,43,12672,4100,true,true
"selection","Random",100,44,12512,4000,true,true
"selection","Random",100,45,12672,4100,true,true
"selection","Random",100,46,13056,4200,true,true
"selection","Random",100,47,12832,4100,true,true
"selection","Random",100,48,12384,4000,true,true
"selection","Random",100,49,12896,4100,true,true
"selection","Random",100,50,13088,4200,true,true
"selection","Random",100,51,12896,4100,true,true
"selection","Random",100,52,12480,3900,true,true
"selection","Random",100,53,12896,4100,true,true
"selection","Random",100,54,13248,4200,true,true
"selection","Random",100,55,12576,4000,true,true
"selection","Random",100,56,13376,4300,true,true
"selection","Random",100,57,13056,4200,true,true
"selection","Random",100,58,12672,4100,true,true
"selection","Random",100,59,12672,4100,true,true
"selection","Random",100,60,12608,4000,true,true
"selection","Random",100,61,12256,3900,true,true
"selection","Random",100,62,12096,3900,true,true
"selection","Random",100,63,12192,3900,true,true
"selection","Random",100,64,12608,4000,true,true
"selection","Random",100,65,12320,3900,true,true
"selection","Random",100,66,13568,4300,true,true
"selection","Random",100,67,13152,4200,true,true
"selection","Random",100,68,15072,4800,true,true
"selection","Random",100,69,20448,6500,true,true
"selection","Random",100,70,18592,6000,true,true
"selection","Random",100,71,17248,5600,true,true
"selection","Random",100,72,15904,5100,true,true
"selection","Random",100,73,21088,6800,true,true
"selection","Random",100,74,14112,4500,true,true
"selection","Random",100,75,13056,4100,true,true
"selection","Random",100,76,14112,4500,true,true
"selection","Random",100,77,14144,4500,true,true
"selection","Random",100,78,14400,4600,true,true
"selection","Random",100,79,15040,4800,true,true
"selection","Random",100,80,15904,5100,true,true
"selection","Random",100,81,18016,5700,true,true
"selection","Random",100,82,15616,5000,true,true
"selection","Random",100,83,13536,4300,true,true
"selection","Random",100,84,14048,4500,true,true
"selection","Random",100,85,15616,5000,true,true
"selection","Random",100,86,15104,4800,true,true
"selection","Random",100,87,14624,4700,true,true
"selection","Random",100,88,14816,4800,true,true
"selection","Random",100,89,15872,5100,true,true
"selection","Random",100,90,14656,4700,true,true
"selection","Random",100,91,14368,4600,true,true
"selection","Random",100,92,16192,5200,true,true
"selection","Random",100,93,15168,4800,true,true
"selection","Random",100,94,14624,4700,true,true
"selection","Random",100,95,15072,4900,true,true
"selection","Random",100,96,16384,5200,true,true
"selection","Random",100,97,18528,6000,true,true
"selection","Random",100,98,15296,4800,true,true
"selection","Random",100,99,19232,6100,true,true
"merge","Random",100,0,9152,3000,true,true
"merge","Random",100,1,8608,2800,true,true
"merge","Random",100,2,7968,2500,true,true
"merge","Random",100,3,8544,2700,true,true
"merge","Random",100,4,8576,2800,true,true
"merge","Random",100,5,9760,3100,true,true
"merge","Random",100,6,8384,2700,true,true
"merge","Random",100,7,8800,2800,true,true
"merge","Random",100,8,8192,2600,true,true
"merge","Random",100,9,9024,3200,true,true
"merge","Random",100,10,9216,3000,true,true
"merge","Random",100,11,10752,3400,true,true
"merge","Random",100,12,11552,3700,true,true
"merge","Random",100,13,9216,3000,true,true
"merge","Random",100,14,8192,2700,true,true
"merge","Random",100,15,7456,2400,true,true
"merge","Random",100,16,7360,2400,true,true
"merge","Random",100,17,7488,2400,true,true
"merge","Random",100,18,7360,2400,true,true
"merge","Random",100,19,7040,2300,true,true
"merge","Random",100,20,7520,2500,true,true
"merge","Random",100,21,7328,2400,true,true
"merge","Random",100,22,7232,2400,true,true
"merge","Random",100,23,7232,2400,true,true
"merge","Random",100,24,7456,2400,true,true
"merge","Random",100,25,7328,2400,true,true
"merge","Random",100,26,7520,2500,true,true
"merge","Random",100,27,7584,2500,true,true
"merge","Random",100,28,7424,2400,true,true
"merge","Random",100,29,7488,2400,true,true
"merge","Random",100,30,7328,2400,true,true
"merge","Random",100,31,7264,2400,true,true
"merge","Random",100,32,7712,2500,true,true
"merge","Random",100,33,7744,2700,true,true
"merge","Random",100,34,7488,2400,true,true
"merge","Random",100,35,7520,2400,true,true
"merge","Random",100,36,7680,2500,true,true
"merge","Random",100,37,7424,2400,true,true
"merge","Random",100,38,7168,2400,true,true
"merge","Random",100,39,7552,2500,true,true
"merge","Random",100,40,7168,2400,true,true
"merge","Random",100,41,7392,2400,true,true
"merge","Random",100,42,7712,2400,true,true
"merge","Random",100,43,7392,2400,true,true
"merge","Random",100,44,7456,2400,true,true
"merge","Random",100,45,7712,2500,true,true
"merge","Random",100,46,7264,2300,true,true
"merge","Random",100,47,7488,2400,true,true
"merge","Random",100,48,7264,2300,true,true
"merge","Random",100,49,7328,2400,true,true
"merge","Random",100,50,7008,2200,true,true
"merge","Random",100,51,7808,2500,true,true
"merge","Random",100,52,7552,2400,true,true
"merge","Random",100,53,7328,2400,true,true
"merge","Random",100,54,7584,2400,true,true
"merge","Random",100,55,9632,3100,true,true
"merge","Random",100,56,11584,3700,true,true
"merge","Random",100,57,9920,3200,true,true
"merge","Random",100,58,9888,3100,true,true
"merge","Random",100,59,10176,3200,true,true
"merge","Random",100,60,10560,3400,true,true
"merge","Random",100,61,11616,3800,true,true
"merge","Random",100,62,10496,3400,true,true
"merge","Random",100,63,11296,3600,true,true
"merge","Random",100,64,9088,2900,true,true
"merge","Random",100,65,9248,3000,true,true
"merge","Random",100,66,9440,3300,true,true
"merge","Random",100,67,8768,2800,true,true
"merge","Random",100,68,8448,2700,true,true
"merge","Random",100,69,8000,2600,true,true
"merge","Random",100,70,8640,2800,true,true
"merge","Random",100,71,9056,3000,true,true
"merge","Random",100,72,9024,2900,true,true
"merge","Random",100,73,10176,3200,true,true
"merge","Random",100,74,9856,3100,true,true
"merge","Random",100,75,7968,2600,true,true
"merge","Random",100,76,8352,2700,true,true
"merge","Random",100,77,8032,2600,true,true
"merge","Random",100,78,7520,2400,true,true
"merge","Random",100,79,7200,2300,true,true
"merge","Random",100,80,7328,2300,true,true
"merge","Random",100,81,8800,2800,true,true
"merge","Random",100,82,11520,3700,true,true
"merge","Random",100,83,8544,2700,true,true
"merge","Random",100,84,8960,2900,true,true
"merge","Random",100,85,11104,3600,true,true
"merge","Random",100,86,9312,3000,true,true
"merge","Random",100,87,9952,3300,true,true
"merge","Random",100,88,9888,3100,true,true
"merge","Random",100,89,8768,2800,true,true
"merge","Random",100,90,9440,3000,true,true
"merge","Random",100,91,9632,3100,true,true
"merge","Random",100,92,8512,2700,true,true
"merge","Random",100,93,9056,2900,true,true
"merge","Random",100,94,8896,2900,true,true
"merge","Random",100,95,8320,2700,true,true
"merge","Random",100,96,9152,2900,true,true
"merge","Random",100,97,8320,2800,true,true
"merge","Random",100,98,8480,2700,true,true
"merge","Random",100,99,8064,2600,true,true
"quicksort","Random",100,0,9792,3200,true,true
"quicksort","Random",100,1,9184,3000,true,true
"quicksort","Random",100,2,9248,3000,true,true
"quicksort","Random",100,3,8864,2900,true,true
"quicksort","Random",100,4,10048,3200,true,true
"quicksort","Random",100,5,10208,3300,true,true
"quicksort","Random",100,6,9792,3200,true,true
"quicksort","Random",100,7,9664,3100,true,true
"quicksort","Random",100,8,9440,3000,true,true
"quicksort","Random",100,9,9856,3200,true,true
"quicksort","Random",100,10,8448,2800,true,true
"quicksort","Random",100,11,9248,3000,true,true
"quicksort","Random",100,12,9056,3000,true,true
"quicksort","Random",100,13,9184,3000,true,true
"quicksort","Random",100,14,9696,3100,true,true
"quicksort","Random",100,15,9344,3000,true,true
"quicksort","Random",100,16,8928,2900,true,true
"quicksort","Random",100,17,9024,2900,true,true
"quicksort","Random",100,18,9280,3000,true,true
"quicksort","Random",100,19,9568,3100,true,true
"quicksort","Random",100,20,9568,3100,true,true
"quicksort","Random",100,21,9472,3000,true,true
"quicksort","Random",100,22,9504,3000,true,true
"quicksort","Random",100,23,9440,3100,true,true
"quicksort","Random",100,24,9248,3000,true,true
"quicksort","Random",100,25,8608,2800,true,true
"quicksort","Random",100,26,8832,2800,true,true
"quicksort","Random",100,27,9504,3000,true,true
"quicksort","Random",100,28,10304,3300,true,true
"quicksort","Random",100,29,10304,3400,true,true
"quicksort","Random",100,30,9376,3000,true,true
"quicksort","Random",100,31,9600,3100,true,true
"quicksort","Random",100,32,9632,3200,true,true
"quicksort","Random",100,33,9472,3000,true,true
"quicksort","Random",100,34,9056,3000,true,true
"quicksort","Random",100,35,8992,2900,true,true
"quicksort","Random",100,36,9184,2900,true,true
"quicksort","Random",100,37,9568,3100,true,true
"quicksort","Random",100,38,8960,2900,true,true
"quicksort","Random",100,39,8864,2900,true,true
"quicksort","Random",100,40,9216,3000,true,true
"quicksort","Random",100,41,8992,2900,true,true
"quicksort","Random",100,42,9696,3100,true,true
"quicksort","Random",100,43,8864,2800,true,true
"quicksort","Random",100,44,9472,3000,true,true
"quicksort","Random",100,45,8928,2900,true,true
"quicksort","Random",100,46,8960,2900,true,true
"quicksort","Random",100,47,8480,2700,true,true
"quicksort","Random",100,48,9184,2900,true,true
"quicksort","Random",100,49,8928,2900,true,true
"quicksort","Random",100,50,9024,2900,true,true
"quicksort","Random",100,51,9088,2900,true,true
"quicksort","Random",100,52,9408,3100,true,true
"quicksort","Random",100,53,9344,3000,true,true
"quicksort","Random",100,54,9568,3100,true,true
"quicksort","Random",100,55,9216,2900,true,true
"quicksort","Random",100,56,9632,3100,true,true
"quicksort","Random",100,57,9664,3100,true,true
"quicksort","Random",100,58,9184,3000,true,true
"quicksort","Random",100,59,8960,2800,true,true
"quicksort","Random",100,60,17056,5400,true,true
"quicksort","Random",100,61,9088,3000,true,true
"quicksort","Random",100,62,9184,2900,true,true
"quicksort","Random",100,63,9248,3000,true,true
"quicksort","Random",100,64,8640,2800,true,true
"quicksort","Random",100,65,8928,2900,true,true
"quicksort","Random",100,66,9024,3000,true,true
"quicksort","Random",100,67,10176,3200,true,true
"quicksort","Random",100,68,8672,2800,true,true
"quicksort","Random",100,69,9216,3000,true,true
"quicksort","Random",100,70,8800,2900,true,true
"quicksort","Random",100,71,8832,2800,true,true
"quicksort","Random",100,72,9184,2900,true,true
"quicksort","Random",100,73,9120,2900,true,true
"quicksort","Random",100,74,9536,3100,true,true
"quicksort","Random",100,75,8576,2700,true,true
"quicksort","Random",100,76,8512,2800,true,true
"quicksort","Random",100,77,8992,3000,true,true
"quicksort","Random",100,78,8960,2900,true,true
"quicksort","Random",100,79,8896,2800,true,true
"quicksort","Random",100,80,8768,2800,true,true
"quicksort","Random",100,81,8288,2700,true,true
"quicksort","Random",100,82,9568,3100,true,true
"quicksort","Random",100,83,8704,2800,true,true
"quicksort","Random",100,84,9088,2900,true,true
"quicksort","Random",100,85,8832,2800,true,true
"quicksort","Random",100,86,8640,2800,true,true
"quicksort","Random",100,87,9216,2900,true,true
"quicksort","Random",100,88,8960,2900,true,true
"quicksort","Random",100,89,8992,2900,true,true
"quicksort","Random",100,90,9440,3100,true,true
"quicksort","Random",100,91,9600,3100,true,true
"quicksort","Random",100,92,9280,3000,true,true
"quicksort","Random",100,93,9440,3100,true,true
"quicksort","Random",100,94,8992,2900,true,true
"quicksort","Random",100,95,9248,3000,true,true
"quicksort","Random",100,96,9024,2900,true,true
"quicksort","Random",100,97,10144,3300,true,true
"quicksort","Random",100,98,9056,2900,true,true
"quicksort","Random",100,99,9632,3100,true,true
"heap","Random",100,0,10240,3300,true,true
"heap","Random",100,1,10208,3300,true,true
"heap","Random",100,2,9792,3100,true,true
"heap","Random",100,3,9856,3100,true,true
"heap","Random",100,4,10272,3300,true,true
"heap","Random",100,5,10816,3500,true,true
"heap","Random",100,6,10656,3400,true,true
"heap","Random",100,7,10400,3300,true,true
"heap","Random",100,8,10496,3400,true,true
"heap","Random",100,9,9920,3200,true,true
"heap","Random",100,10,9344,3000,true,true
"heap","Random",100,11,9728,3200,true,true
"heap","Random",100,12,9920,3200,true,true
"heap","Random",100,13,9696,3100,true,true
"heap","Random",100,14,10016,3200,true,true
"heap","Random",100,15,9952,3300,true,true
"heap","Random",100,16,9760,3200,true,true
"heap","Random",100,17,9952,3100,true,true
"heap","Random",100,18,9568,3100,true,true
"heap","Random",100,19,9952,3300,true,true
"heap","Random",100,20,9536,3100,true,true
"heap","Random",100,21,10336,3300,true,true
"heap","Random",100,22,10528,3400,true,true
"heap","Random",100,23,10720,3500,true,true
"heap","Random",100,24,10368,3300,true,true
"heap","Random",100,25,11200,3600,true,true
"heap","Random",100,26,9920,3100,true,true
"heap","Random",100,27,9024,3000,true,true
"heap","Random",100,28,9568,3000,true,true
"heap","Random",100,29,9248,2900,true,true
"heap","Random",100,30,9248,3000,true,true
"heap","Random",100,31,8960,2900,true,true
"heap","Random",100,32,8704,2900,true,true
"heap","Random",100,33,9856,3300,true,true
"heap","Random",100,34,10656,3500,true,true
"heap","Random",100,35,12352,3900,true,true
"heap","Random",100,36,10464,3400,true,true
"heap","Random",100,37,9024,2900,true,true
"heap","Random",100,38,8832,2800,true,true
"heap","Random",100,39,10752,3600,true,true
"heap","Random",100,40,9984,3400,true,true
"heap","Random",100,41,9984,3200,true,true
"heap","Random",100,42,10880,3500,true,true
"heap","Random",100,43,10400,3500,true,true
"heap","Random",100,44,10240,3300,true,true
"heap","Random",100,45,12128,3900,true,true
"heap","Random",100,46,9664,3100,true,true
"heap","Random",100,47,8224,2700,true,true
"heap","Random",100,48,9280,3000,true,true
"heap","Random",100,49,12704,4100,true,true
"heap","Random",100,50,11072,3600,true,true
"heap","Random",100,51,9728,3200,true,true
"heap","Random",100,52,10144,3200,true,true
"heap","Random",100,53,9792,3100,true,true
"heap","Random",100,54,9888,3200,true,true
"heap","Random",100,55,9440,3100,true,true
"heap","Random",100,56,9472,3000,true,true
"heap","Random",100,57,8672,2800,true,true
"heap","Random",100,58,9248,3000,true,true
"heap","Random",100,59,8768,2800,true,true
"heap","Random",100,60,10304,3400,true,true
"heap","Random",100,61,10048,3400,true,true
"heap","Random",100,62,9504,3000,true,true
"heap","Random",100,63,9344,3000,true,true
"heap","Random",100,64,9184,2900,true,true
"heap","Random",100,65,9888,3200,true,true
"heap","Random",100,66,10912,3500,true,true
"heap","Random",100,67,11360,3600,true,true
"heap","Random",100,68,10944,3500,true,true
"heap","Random",100,69,11264,3600,true,true
"heap","Random",100,70,10080,3200,true,true
"heap","Random",100,71,9376,3000,true,true
"heap","Random",100,72,9760,3100,true,true
"heap","Random",100,73,11456,3700,true,true
"heap","Random",100,74,10432,3400,true,true
"heap","Random",100,75,11488,3900,true,true
"heap","Random",100,76,11680,3800,true,true
"heap","Random",100,77,9536,3100,true,true
"heap","Random",100,78,9792,3100,true,true
"heap","Random",100,79,12928,4100,true,true
"heap","Random",100,80,10336,3300,true,true
"heap","Random",100,81,11840,3800,true,true
"heap","Random",100,82,9824,3200,true,true
"heap","Random",100,83,9632,3100,true,true
"heap","Random",100,84,12064,3900,true,true
"heap","Random",100,85,10368,3300,true,true
"heap","Random",100,86,10496,3400,true,true
"heap","Random",100,87,10144,3200,true,true
"heap","Random",100,88,11200,3600,true,true
"heap","Random",100,89,9120,2900,true,true
"heap","Random",100,90,9632,3100,true,true
"heap","Random",100,91,9952,3200,true,true
"heap","Random",100,92,10336,3400,true,true
"heap","Random",100,93,11296,3600,true,true
"heap","Random",100,94,10592,3400,true,true
"heap","Random",100,95,9536,3100,true,true
"heap","Random",100,96,9440,3000,true,true
"heap","Random",100,97,9984,3200,true,true
"heap","Random",100,98,9536,3100,true,true
"heap","Random",100,99,10176,3300,true,true
"std-sort","Random",100,0,5024,1700,true,true
"std-sort","Random",100,1,5024,1600,true,true
"std-sort","Random",100,2,5120,1700,true,true
"std-sort","Random",100,3,5024,1700,true,true
"std-sort","Random",100,4,4800,1600,true,true
"std-sort","Random",100,5,5984,1900,true,true
"std-sort","Random",100,6,6016,1900,true,true
"std-sort","Random",100,7,7072,2400,true,true
"std-sort","Random",100,8,5248,1700,true,true
"std-sort","Random",100,9,12288,3900,true,true
"std-sort","Random",100,10,7520,2500,true,true
"std-sort","Random",100,11,10176,3400,true,true
"std-sort","Random",100,12,19200,6200,true,true
"std-sort","Random",100,13,30400,9800,true,true
"std-sort","Random",100,14,40672,13100,true,true
"std-sort","Random",100,15,41984,13500,true,true
"std-sort","Random",100,16,40960,13200,true,true
"std-sort","Random",100,17,40256,13100,true,true
"std-sort","Random",100,18,42784,13800,true,true
"std-sort","Random",100,19,38592,12500,true,true
"std-sort","Random",100,20,42656,13800,true,true
"std-sort","Random",100,21,44608,14400,true,true
"std-sort","Random",100,22,40896,13200,true,true
"std-sort","Random",100,23,43776,14100,true,true
"std-sort","Random",100,24,43840,14100,true,true
"std-sort","Random",100,25,41888,13500,true,true
"std-sort","Random",100,26,41376,13400,true,true
"std-sort","Random",100,27,45280,14600,true,true
"std-sort","Random",100,28,40224,13000,true,true
"std-sort","Random",100,29,44096,14200,true,true
"std-sort","Random",100,30,40896,13200,true,true
"std-sort","Random",100,31,55168,17900,true,true
"std-sort","Random",100,32,58432,18700,true,true
"std-sort","Random",100,33,52320,16800,true,true
"std-sort","Random",100,34,59264,19800,true,true
"std-sort","Random",100,35,50336,16200,true,true
"std-sort","Random",100,36,60096,19300,true,true
"std-sort","Random",100,37,48320,15600,true,true
"std-sort","Random",100,38,42240,13600,true,true
"std-sort","Random",100,39,44032,14200,true,true
"std-sort","Random",100,40,41024,13300,true,true
"std-sort","Random",100,41,43296,14000,true,true
"std-sort","Random",100,42,39744,12800,true,true
"std-sort","Random",100,43,41344,13400,true,true
"std-sort","Random",100,44,42336,13700,true,true
"std-sort","Random",100,45,43328,14000,true,true
"std-sort","Random",100,46,42816,13800,true,true
"std-sort","Random",100,47,40960,13200,true,true
"std-sort","Random",100,48,42240,13600,true,true
"std-sort","Random",100,49,43680,14100,true,true
"std-sort","Random",100,50,41920,13500,true,true
"std-sort","Random",100,51,44448,14300,true,true
"std-sort","Random",100,52,40096,12900,true,true
"std-sort","Random",100,53,41056,13200,true,true
"std-sort","Random",100,54,42688,13800,true,true
"std-sort","Random",100,55,46368,14900,true,true
"std-sort","Random",100,56,43520,14100,true,true
"std-sort","Random",100,57,42496,13800,true,true
"std-sort","Random",100,58,40576,13100,true,true
"std-sort","Random",100,59,40192,13000,true,true
"std-sort","Random",100,60,40416,13100,true,true
"std-sort","Random",100,61,40192,13000,true,true
"std-sort","Random",100,62,40032,13000,true,true
"std-sort","Random",100,63,42336,13700,true,true
"std-sort","Random",100,64,43456,14000,true,true
"std-sort","Random",100,65,45216,14700,true,true
"std-sort","Random",100,66,42592,13800,true,true
"std-sort","Random",100,67,30720,9900,true,true
"std-sort","Random",100,68,19040,6100,true,true
"std-sort","Random",100,69,7424,2500,true,true
"std-sort","Random",100,70,7296,2300,true,true
"std-sort","Random",100,71,10048,3300,true,true
"std-sort","Random",100,72,4896,1600,true,true
"std-sort","Random",100,73,4928,1600,true,true
"std-sort","Random",100,74,4864,1600,true,true
"std-sort","Random",100,75,4960,1700,true,true
"std-sort","Random",100,76,4416,1500,true,true
"std-sort","Random",100,77,4800,1600,true,true
"std-sort","Random",100,78,5056,1600,true,true
"std-sort","Random",100,79,5216,1700,true,true
"std-sort","Random",100,80,5120,1600,true,true
"std-sort","Random",100,81,4960,1600,true,true
"std-sort","Random",100,82,4672,1500,true,true
"std-sort","Random",100,83,4800,1600,true,true
"std-sort","Random",100,84,5120,1700,true,true
"std-sort","Random",100,85,4448,1500,true,true
"std-sort","Random",100,86,4896,1600,true,true
"std-sort","Random",100,87,4672,1600,true,true
"std-sort","Random",100,88,4992,1600,true,true
"std-sort","Random",100,89,16672,5300,true,true
"std-sort","Random",100,90,4832,1500,true,true
"std-sort","Random",100,91,4928,1600,true,true
"std-sort","Random",100,92,4608,1500,true,true
"std-sort","Random",100,93,4704,1600,true,true
"std-sort","Random",100,94,4864,1600,true,true
"std-sort","Random",100,95,4832,1600,true,true
"std-sort","Random",100,96,4704,1600,true,true
"std-sort","Random",100,97,5088,1700,true,true
"std-sort","Random",100,98,4832,1600,true,true
"std-sort","Random",100,99,4544,1500,true,true
"std-stable-sort","Random",100,0,5408,1800,true,true
"std-stable-sort","Random",100,1,5568,1800,true,true
"std-stable-sort","Random",100,2,5664,1900,true,true
"std-stable-sort","Random",100,3,5568,1800,true,true
"std-stable-sort","Random",100,4,5568,1800,true,true
"std-stable-sort","Random",100,5,5216,1700,true,true
"std-stable-sort","Random",100,6,5344,1700,true,true
"std-stable-sort","Random",100,7,5600,1800,true,true
"std-stable-sort","Random",100,8,5440,1800,true,true
"std-stable-sort","Random",100,9,6240,2000,true,true
"std-stable-sort","Random",100,10,5504,1800,true,true
"std-stable-sort","Random",100,11,5760,1900,true,true
"std-stable-sort","Random",100,12,5472,1700,true,true
"std-stable-sort","Random",100,13,5504,1800,true,true
"std-stable-sort","Random",100,14,5568,1900,true,true
"std-stable-sort","Random",100,15,5632,1800,true,true
"std-stable-sort","Random",100,16,6016,1900,true,true
"std-stable-sort","Random",100,17,5760,1900,true,true
"std-stable-sort","Random",100,18,5216,1700,true,true
"std-stable-sort","Random",100,19,5664,1900,true,true
"std-stable-sort","Random",100,20,5568,1900,true,true
"std-stable-sort","Random",100,21,5472,1800,true,true
"std-stable-sort","Random",100,22,5760,1900,true,true
"std-stable-sort","Random",100,23,5664,1900,true,true
"std-stable-sort","Random",100,24,5920,2000,true,true
"std-stable-sort","Random",100,25,5408,1700,true,true
"std-stable-sort","Random",100,26,5472,1800,true,true
"std-stable-sort","Random",100,27,5568,1800,true,true
"std-stable-sort","Random",100,28,5344,1700,true,true
"std-stable-sort","Random",100,29,5728,1900,true,true
"std-stable-sort","Random",100,30,5408,1700,true,true
"std-stable-sort","Random",100,31,63264,19900,true,true
"std-stable-sort","Random",100,32,6784,2200,true,true
"std-stable-sort","Random",100,33,9184,3000,true,true
"std-stable-sort","Random",100,34,7168,2400,true,true
"std-stable-sort","Random",100,35,6176,2000,true,true
"std-stable-sort","Random",100,36,6400,2100,true,true
"std-stable-sort","Random",100,37,5728,1900,true,true
"std-stable-sort","Random",100,38,5920,1900,true,true
"std-stable-sort","Random",100,39,6304,2000,true,true
"std-stable-sort","Random",100,40,6688,2200,true,true
"std-stable-sort","Random",100,41,7904,2500,true,true
"std-stable-sort","Random",100,42,6528,2100,true,true
"std-stable-sort","Random",100,43,7072,2300,true,true
"std-stable-sort","Random",100,44,7040,2300,true,true
"std-stable-sort","Random",100,45,6848,2200,true,true
"std-stable-sort","Random",100,46,8416,2700,true,true
"std-stable-sort","Random",100,47,6656,2100,true,true
"std-stable-sort","Random",100,48,7136,2300,true,true
"std-stable-sort","Random",100,49,8256,2700,true,true
"std-stable-sort","Random",100,50,8384,2800,true,true
"std-stable-sort","Random",100,51,7136,2400,true,true
"std-stable-sort","Random",100,52,5728,1900,true,true
"std-stable-sort","Random",100,53,5216,1700,true,true
"std-stable-sort","Random",100,54,5664,1800,true,true
"std-stable-sort","Random",100,55,5760,1900,true,true
"std-stable-sort","Random",100,56,5216,1700,true,true
"std-stable-sort","Random",100,57,5728,1900,true,true
"std-stable-sort","Random",100,58,5440,1800,true,true
"std-stable-sort","Random",100,59,5312,1800,true,true
"std-stable-sort","Random",100,60,5344,1800,true,true
"std-stable-sort","Random",100,61,5408,1800,true,true
"std-stable-sort","Random",100,62,5728,1900,true,true
"std-stable-sort","Random",100,63,5728,1900,true,true
"std-stable-sort","Random",100,64,5344,1700,true,true
"std-stable-sort","Random",100,65,5376,1900,true,true
"std-stable-sort","Random",100,66,5536,1800,true,true
"std-stable-sort","Random",100,67,5504,1800,true,true
"std-stable-sort","Random",100,68,5536,1800,true,true
"std-stable-sort","Random",100,69,5408,1800,true,true
"std-stable-sort","Random",100,70,5440,1700,true,true
"std-stable-sort","Random",100,71,5440,1800,true,true
"std-stable-sort","Random",100,72,5472,1800,true,true
"std-stable-sort","Random",100,73,5568,1800,true,true
"std-stable-sort","Random",100,74,5152,1800,true,true
"std-stable-sort","Random",100,75,5600,1900,true,true
"std-stable-sort","Random",100,76,6016,1900,true,true
"std-stable-sort","Random",100,77,5472,1800,true,true
"std-stable-sort","Random",100,78,5536,1800,true,true
"std-stable-sort","Random",100,79,5504,1800,true,true
"std-stable-sort","Random",100,80,5664,1800,true,true
"std-stable-sort","Random",100,81,5280,1800,true,true
"std-stable-sort","Random",100,82,5408,1800,true,true
"std-stable-sort","Random",100,83,5376,1700,true,true
"std-stable-sort","Random",100,84,5504,1800,true,true
"std-stable-sort","Random",100,85,5600,1800,true,true
"std-stable-sort","Random",100,86,5600,1800,true,true
"std-stable-sort","Random",100,87,5568,1800,true,true
"std-stable-sort","Random",100,88,5344,1800,true,true
"std-stable-sort","Random",100,89,5344,1700,true,true
"std-stable-sort","Random",100,90,5568,1800,true,true
"std-stable-sort","Random",100,91,5280,2000,true,true
"std-stable-sort","Random",100,92,5152,2700,true,true
"std-stable-sort","Random",100,93,5568,1800,true,true
"std-stable-sort","Random",100,94,5248,1800,true,true
"std-stable-sort","Random",100,95,5280,1700,true,true
"std-stable-sort","Random",100,96,5536,1800,true,true
"std-stable-sort","Random",100,97,5696,1800,true,true
"std-stable-sort","Random",100,98,5344,1700,true,true
"std-stable-sort","Random",100,99,5664,1900,true,true
"bubble","Random",500,0,261664,82000,true,true
"bubble","Random",500,1,256896,80500,true,true
"bubble","Random",500,2,267040,83700,true,true
"bubble","Random",500,3,260576,81700,true,true
"bubble","Random",500,4,316768,99300,true,true
"bubble","Random",500,5,253088,79300,true,true
"bubble","Random",500,6,251552,78900,true,true
"bubble","Random",500,7,260928,81800,true,true
"bubble","Random",500,8,254912,79900,true,true
"bubble","Random",500,9,259232,81200,true,true
"bubble","Random",500,10,252000,79000,true,true
"bubble","Random",500,11,251424,78800,true,true
"bubble","Random",500,12,256096,80300,true,true
"bubble","Random",500,13,255584,80200,true,true
"bubble","Random",500,14,264704,83000,true,true
"bubble","Random",500,15,255360,80000,true,true
"bubble","Random",500,16,296800,93000,true,true
"bubble","Random",500,17,263040,82400,true,true
"bubble","Random",500,18,259744,81400,true,true
"bubble","Random",500,19,261344,81900,true,true
"bubble","Random",500,20,254880,79900,true,true
"bubble","Random",500,21,264352,82800,true,true
"bubble","Random",500,22,257088,80600,true,true
"bubble","Random",500,23,249408,78200,true,true
"bubble","Random",500,24,266368,83400,true,true
"bubble","Random",500,25,256000,80300,true,true
"bubble","Random",500,26,251968,78900,true,true
"bubble","Random",500,27,265216,83100,true,true
"bubble","Random",500,28,286944,90000,true,true
"bubble","Random",500,29,257312,80600,true,true
"bubble","Random",500,30,257664,80700,true,true
"bubble","Random",500,31,263616,82600,true,true
"bubble","Random",500,32,256000,80200,true,true
"bubble","Random",500,33,256512,80400,true,true
"bubble","Random",500,34,250912,78700,true,true
"bubble","Random",500,35,260960,81800,true,true
"bubble","Random",500,36,257920,80800,true,true
"bubble","Random",500,37,261376,81900,true,true
"bubble","Random",500,38,256704,80400,true,true
"bubble","Random",500,39,257216,80600,true,true
"bubble","Random",500,40,288096,90300,true,true
"bubble","Random",500,41,257376,80700,true,true
"bubble","Random",500,42,258400,81000,true,true
"bubble","Random",500,43,254080,79600,true,true
"bubble","Random",500,44,254080,79600,true,true
"bubble","Random",500,45,261184,81900,true,true
"bubble","Random",500,46,255360,80100,true,true
"bubble","Random",500,47,266912,83900,true,true
"bubble","Random",500,48,254656,79900,true,true
"bubble","Random",500,49,258848,81100,true,true
"bubble","Random",500,50,263584,82600,true,true
"bubble","Random",500,51,256608,80400,true,true
"bubble","Random",500,52,278080,87100,true,true
"bubble","Random",500,53,257472,80700,true,true
"bubble","Random",500,54,258944,81100,true,true
"bubble","Random",500,55,248416,77800,true,true
"bubble","Random",500,56,257440,80700,true,true
"bubble","Random",500,57,263840,82700,true,true
"bubble","Random",500,58,252960,79300,true,true
"bubble","Random",500,59,263136,82500,true,true
"bubble","Random",500,60,263264,82500,true,true
"bubble","Random",500,61,260448,81600,true,true
"bubble","Random",500,62,263168,82500,true,true
"bubble","Random",500,63,264544,82900,true,true
"bubble","Random",500,64,291840,91500,true,true
"bubble","Random",500,65,262016,82300,true,true
"bubble","Random",500,66,255744,80600,true,true
"bubble","Random",500,67,261760,82100,true,true
"bubble","Random",500,68,275392,86800,true,true
"bubble","Random",500,69,260992,81700,true,true
"bubble","Random",500,70,257824,80800,true,true
"bubble","Random",500,71,263328,82500,true,true
"bubble","Random",500,72,253472,79500,true,true
"bubble","Random",500,73,254304,79700,true,true
"bubble","Random",500,74,263264,82500,true,true
"bubble","Random",500,75,257024,80500,true,true
"bubble","Random",500,76,293152,91900,true,true
"bubble","Random",500,77,260448,81900,true,true
"bubble","Random",500,78,256352,80400,true,true
"bubble","Random",500,79,262368,82200,true,true
"bubble","Random",500,80,257024,80500,true,true
"bubble","Random",500,81,259008,81200,true,true
"bubble","Random",500,82,255936,80200,true,true
"bubble","Random",500,83,253664,79500,true,true
"bubble","Random",500,84,261952,82100,true,true
"bubble","Random",500,85,262560,82300,true,true
"bubble","Random",500,86,256320,80400,true,true
"bubble","Random",500,87,254304,79700,true,true
"bubble","Random",500,88,282144,88400,true,true
"bubble","Random",500,89,266720,83600,true,true
"bubble","Random",500,90,254624,79800,true,true
"bubble","Random",500,91,258784,81100,true,true
"bubble","Random",500,92,262944,82400,true,true
"bubble","Random",500,93,259616,81400,true,true
"bubble","Random",500,94,264224,82800,true,true
"bubble","Random",500,95,260384,81600,true,true
"bubble","Random",500,96,264352,82800,true,true
"bubble","Random",500,97,252832,79300,true,true
"bubble","Random",500,98,249824,78300,true,true
"bubble","Random",500,99,274400,86000,true,true
"insertion","Random",500,0,67072,21100,true,true
"insertion","Random",500,1,64928,20400,true,true
"insertion","Random",500,2,63904,20100,true,true
"insertion","Random",500,3,67744,21300,true,true
"insertion","Random",500,4,63456,19900,true,true
"insertion","Random",500,5,66080,20800,true,true
"insertion","Random",500,6,67648,21200,true,true
"insertion","Random",500,7,63648,19900,true,true
"insertion","Random",500,8,67456,21200,true,true
"insertion","Random",500,9,65856,20700,true,true
"insertion","Random",500,10,64704,20300,true,true
"insertion","Random",500,11,65344,20500,true,true
"insertion","Random",500,12,66816,21000,true,true
"insertion","Random",500,13,63648,20000,true,true
"insertion","Random",500,14,67072,21100,true,true
"insertion","Random",500,15,67776,21300,true,true
"insertion","Random",500,16,65120,20400,true,true
"insertion","Random",500,17,65472,20600,true,true
"insertion","Random",500,18,62752,19800,true,true
"insertion","Random",500,19,63456,19900,true,true
"insertion","Random",500,20,61792,19400,true,true
"insertion","Random",500,21,63264,19800,true,true
"insertion","Random",500,22,64288,20200,true,true
"insertion","Random",500,23,99232,31100,true,true
"insertion","Random",500,24,63232,19800,true,true
"insertion","Random",500,25,64704,20300,true,true
"insertion","Random",500,26,64928,20500,true,true
"insertion","Random",500,27,65952,20700,true,true
"insertion","Random",500,28,65568,20600,true,true
"insertion","Random",500,29,73568,23100,true,true
"insertion","Random",500,30,64096,20100,true,true
"insertion","Random",500,31,65120,21000,true,true
"insertion","Random",500,32,63840,20000,true,true
"insertion","Random",500,33,65728,20700,true,true
"insertion","Random",500,34,68512,21500,true,true
"insertion","Random",500,35,64160,20200,true,true
"insertion","Random",500,36,65920,20700,true,true
"insertion","Random",500,37,64832,20400,true,true
"insertion","Random",500,38,65824,20700,true,true
"insertion","Random",500,39,64000,20100,true,true
"insertion","Random",500,40,64128,20200,true,true
"insertion","Random",500,41,60960,19200,true,true
"insertion","Random",500,42,66816,21000,true,true
"insertion","Random",500,43,65216,20500,true,true
"insertion","Random",500,44,63552,20000,true,true
"insertion","Random",500,45,65088,20600,true,true
"insertion","Random",500,46,65984,20800,true,true
"insertion","Random",500,47,62784,19700,true,true
"insertion","Random",500,48,66720,21000,true,true
"insertion","Random",500,49,60992,19200,true,true
"insertion","Random",500,50,65600,20600,true,true
"insertion","Random",500,51,64672,20300,true,true
"insertion","Random",500,52,68064,21400,true,true
"insertion","Random",500,53,62368,19600,true,true
"insertion","Random",500,54,64608,20300,true,true
"insertion","Random",500,55,65440,20500,true,true
"insertion","Random",500,56,63904,20100,true,true
"insertion","Random",500,57,65216,20500,true,true
"insertion","Random",500,58,62624,19600,true,true
"insertion","Random",500,59,65760,20600,true,true
"insertion","Random",500,60,66272,20900,true,true
"insertion","Random",500,61,64064,20100,true,true
"insertion","Random",500,62,66336,20900,true,true
"insertion","Random",500,63,63008,19800,true,true
"insertion","Random",500,64,64448,20300,true,true
"insertion","Random",500,65,66272,20900,true,true
"insertion","Random",500,66,74496,23800,true,true
"insertion","Random",500,67,98912,31400,true,true
"insertion","Random",500,68,67296,21200,true,true
"insertion","Random",500,69,62208,19600,true,true
"insertion","Random",500,70,62720,19700,true,true
"insertion","Random",500,71,62912,19800,true,true
"insertion","Random",500,72,66624,20900,true,true
"insertion","Random",500,73,65184,20500,true,true
"insertion","Random",500,74,66432,20800,true,true
"insertion","Random",500,75,66976,21000,true,true
"insertion","Random",500,76,65216,20500,true,true
"insertion","Random",500,77,66560,21000,true,true
"insertion","Random",500,78,64640,20300,true,true
"insertion","Random",500,79,66112,20800,true,true
"insertion","Random",500,80,65408,20500,true,true
"insertion","Random",500,81,63712,20400,true,true
"insertion","Random",500,82,64576,20300,true,true
"insertion","Random",500,83,66336,20800,true,true
"insertion","Random",500,84,65792,20700,true,true
"insertion","Random",500,85,63808,20000,true,true
"insertion","Random",500,86,64544,20300,true,true
"insertion","Random",500,87,62272,19600,true,true
"insertion","Random",500,88,65504,20600,true,true
"insertion","Random",500,89,63552,20000,true,true
"insertion","Random",500,90,62432,19600,true,true
"insertion","Random",500,91,63616,20000,true,true
"insertion","Random",500,92,65952,20800,true,true
"insertion","Random",500,93,63904,20100,true,true
"insertion","Random",500,94,63680,20000,true,true
"insertion","Random",500,95,65664,20600,true,true
"insertion","Random",500,96,66656,21000,true,true
"insertion","Random",500,97,62432,19600,true,true
"insertion","Random",500,98,62272,19500,true,true
"insertion","Random",500,99,67520,21300,true,true
"selection","Random",500,0,166464,52200,true,true
"selection","Random",500,1,167456,52500,true,true
"selection","Random",500,2,196224,61500,true,true
"selection","Random",500,3,166592,52200,true,true
"selection","Random",500,4,166368,52100,true,true
"selection","Random",500,5,166624,52200,true,true
"selection","Random",500,6,164928,51700,true,true
"selection","Random",500,7,167808,52600,true,true
"selection","Random",500,8,165408,51900,true,true
"selection","Random",500,9,165600,51900,true,true
"selection","Random",500,10,166048,52100,true,true
"selection","Random",500,11,169056,53000,true,true
"selection","Random",500,12,167008,52300,true,true
"selection","Random",500,13,167040,52300,true,true
"selection","Random",500,14,165920,52100,true,true
"selection","Random",500,15,166176,52100,true,true
"selection","Random",500,16,167840,52600,true,true
"selection","Random",500,17,168224,52700,true,true
"selection","Random",500,18,168064,52700,true,true
"selection","Random",500,19,168672,52900,true,true
"selection","Random",500,20,192640,60400,true,true
"selection","Random",500,21,195392,61300,true,true
"selection","Random",500,22,198432,62200,true,true
"selection","Random",500,23,177760,55800,true,true
"selection","Random",500,24,166624,52200,true,true
"selection","Random",500,25,190720,59900,true,true
"selection","Random",500,26,191552,60000,true,true
"selection","Random",500,27,192064,60200,true,true
"selection","Random",500,28,193152,60500,true,true
"selection","Random",500,29,192960,60500,true,true
"selection","Random",500,30,192384,60300,true,true
"selection","Random",500,31,192960,60500,true,true
"selection","Random",500,32,196000,61500,true,true
"selection","Random",500,33,191296,60000,true,true
"selection","Random",500,34,194784,61100,true,true
"selection","Random",500,35,206272,64600,true,true
"selection","Random",500,36,222976,69900,true,true
"selection","Random",500,37,192480,60400,true,true
"selection","Random",500,38,191808,60100,true,true
"selection","Random",500,39,195840,61400,true,true
"selection","Random",500,40,189280,59400,true,true
"selection","Random",500,41,192640,60400,true,true
"selection","Random",500,42,191808,60100,true,true
"selection","Random",500,43,188608,59200,true,true
"selection","Random",500,44,194304,60900,true,true
"selection","Random",500,45,191712,60100,true,true
"selection","Random",500,46,219040,68600,true,true
"selection","Random",500,47,190400,59700,true,true
"selection","Random",500,48,194464,60900,true,true
"selection","Random",500,49,190688,59800,true,true
"selection","Random",500,50,195712,61400,true,true
"selection","Random",500,51,220288,69000,true,true
"selection","Random",500,52,168768,53000,true,true
"selection","Random",500,53,166656,52300,true,true
"selection","Random",500,54,181696,56900,true,true
"selection","Random",500,55,167040,52400,true,true
"selection","Random",500,56,169184,53100,true,true
"selection","Random",500,57,164704,51700,true,true
"selection","Random",500,58,165472,51900,true,true
"selection","Random",500,59,166752,52300,true,true
"selection","Random",500,60,167104,52400,true,true
"selection","Random",500,61,165088,51800,true,true
"selection","Random",500,62,163904,51400,true,true
"selection","Random",500,63,166592,52200,true,true
"selection","Random",500,64,165184,51800,true,true
"selection","Random",500,65,167072,52400,true,true
"selection","Random",500,66,165216,51800,true,true
"selection","Random",500,67,164928,51700,true,true
"selection","Random",500,68,166272,52100,true,true
"selection","Random",500,69,162912,51100,true,true
"selection","Random",500,70,201408,63200,true,true
"selection","Random",500,71,165824,52100,true,true
"selection","Random",500,72,164704,51700,true,true
"selection","Random",500,73,169376,53100,true,true
"selection","Random",500,74,168288,52800,true,true
"selection","Random",500,75,165760,52000,true,true
"selection","Random",500,76,165280,51800,true,true
"selection","Random",500,77,166080,52100,true,true
"selection","Random",500,78,166048,52100,true,true
"selection","Random",500,79,167008,52400,true,true
"selection","Random",500,80,165824,52000,true,true
"selection","Random",500,81,165888,52000,true,true
"selection","Random",500,82,166304,52100,true,true
"selection","Random",500,83,166528,52200,true,true
"selection","Random",500,84,167008,52400,true,true
"selection","Random",500,85,164672,51700,true,true
"selection","Random",500,86,164512,51600,true,true
"selection","Random",500,87,164800,51700,true,true
"selection","Random",500,88,192992,60500,true,true
"selection","Random",500,89,164544,51600,true,true
"selection","Random",500,90,173696,54500,true,true
"selection","Random",500,91,166592,52200,true,true
"selection","Random",500,92,169760,53200,true,true
"selection","Random",500,93,166656,52200,true,true
"selection","Random",500,94,168128,52800,true,true
"selection","Random",500,95,168928,52900,true,true
"selection","Random",500,96,169568,53100,true,true
"selection","Random",500,97,167136,52400,true,true
"selection","Random",500,98,164800,51600,true,true
"selection","Random",500,99,166176,52100,true,true
"merge","Random",500,0,81504,25600,true,true
"merge","Random",500,1,47104,14800,true,true
"merge","Random",500,2,46752,14700,true,true
"merge","Random",500,3,47264,14900,true,true
"merge","Random",500,4,46048,14500,true,true
"merge","Random",500,5,46944,14800,true,true
"merge","Random",500,6,46784,14800,true,true
"merge","Random",500,7,46848,14700,true,true
"merge","Random",500,8,46912,14700,true,true
"merge","Random",500,9,47584,14900,true,true
"merge","Random",500,10,47296,14900,true,true
"merge","Random",500,11,46208,14500,true,true
"merge","Random",500,12,46592,14600,true,true
"merge","Random",500,13,46976,14800,true,true
"merge","Random",500,14,46336,14600,true,true
"merge","Random",500,15,47072,14800,true,true
"merge","Random",500,16,45952,14500,true,true
"merge","Random",500,17,46880,14800,true,true
"merge","Random",500,18,46848,14700,true,true
"merge","Random",500,19,47296,14900,true,true
"merge","Random",500,20,46304,14500,true,true
"merge","Random",500,21,46816,14700,true,true
"merge","Random",500,22,46816,14700,true,true
"merge","Random",500,23,46240,14500,true,true
"merge","Random",500,24,46016,14500,true,true
"merge","Random",500,25,47072,15000,true,true
"merge","Random",500,26,47072,14800,true,true
"merge","Random",500,27,47136,14800,true,true
"merge","Random",500,28,46560,14600,true,true
"merge","Random",500,29,46624,14700,true,true
"merge","Random",500,30,45824,14400,true,true
"merge","Random",500,31,46368,14600,true,true
"merge","Random",500,32,46272,14600,true,true
"merge","Random",500,33,46560,14700,true,true
"merge","Random",500,34,45760,14400,true,true
"merge","Random",500,35,46464,14600,true,true
"merge","Random",500,36,46816,14800,true,true
"merge","Random",500,37,46208,14600,true,true
"merge","Random",500,38,46464,14600,true,true
"merge","Random",500,39,47040,14800,true,true
"merge","Random",500,40,45920,14400,true,true
"merge","Random",500,41,47232,14900,true,true
"merge","Random",500,42,46560,14600,true,true
"merge","Random",500,43,46816,14700,true,true
"merge","Random",500,44,46528,14700,true,true
"merge","Random",500,45,46080,14500,true,true
"merge","Random",500,46,46464,14600,true,true
"merge","Random",500,47,47040,14800,true,true
"merge","Random",500,48,46592,14700,true,true
"merge","Random",500,49,47488,14900,true,true
"merge","Random",500,50,46496,28100,true,true
"merge","Random",500,51,46944,14800,true,true
"merge","Random",500,52,46496,14600,true,true
"merge","Random",500,53,46880,14800,true,true
"merge","Random",500,54,45856,14400,true,true
"merge","Random",500,55,46592,14600,true,true
"merge","Random",500,56,46368,14500,true,true
"merge","Random",500,57,47264,14900,true,true
"merge","Random",500,58,82144,25800,true,true
"merge","Random",500,59,47168,15000,true,true
"merge","Random",500,60,46720,14700,true,true
"merge","Random",500,61,47008,14800,true,true
"merge","Random",500,62,45760,14400,true,true
"merge","Random",500,63,46816,14700,true,true
"merge","Random",500,64,46976,14700,true,true
"merge","Random",500,65,46208,14800,true,true
"merge","Random",500,66,56736,17900,true,true
"merge","Random",500,67,46720,14700,true,true
"merge","Random",500,68,46528,15000,true,true
"merge","Random",500,69,46528,14700,true,true
"merge","Random",500,70,47072,14800,true,true
"merge","Random",500,71,46944,14700,true,true
"merge","Random",500,72,46176,14600,true,true
"merge","Random",500,73,46912,14800,true,true
"merge","Random",500,74,46272,14500,true,true
"merge","Random",500,75,46592,14700,true,true
"merge","Random",500,76,46176,14500,true,true
"merge","Random",500,77,45984,14500,true,true
"merge","Random",500,78,46112,14500,true,true
"merge","Random",500,79,46944,14800,true,true
"merge","Random",500,80,46016,14500,true,true
"merge","Random",500,81,46592,14700,true,true
"merge","Random",500,82,46944,14800,true,true
"merge","Random",500,83,45984,14500,true,true
"merge","Random",500,84,45056,14200,true,true
"merge","Random",500,85,46048,14500,true,true
"merge","Random",500,86,46400,14600,true,true
"merge","Random",500,87,46208,14600,true,true
"merge","Random",500,88,45152,14200,true,true
"merge","Random",500,89,45920,14500,true,true
"merge","Random",500,90,46816,14800,true,true
"merge","Random",500,91,46496,14600,true,true
"merge","Random",500,92,46912,14800,true,true
"merge","Random",500,93,46432,14700,true,true
"merge","Random",500,94,46016,14400,true,true
"merge","Random",500,95,47136,14800,true,true
"merge","Random",500,96,46464,14700,true,true
"merge","Random",500,97,46752,14700,true,true
"merge","Random",500,98,46304,14600,true,true
"merge","Random",500,99,46176,14500,true,true
"quicksort","Random",500,0,50912,16000,true,true
"quicksort","Random",500,1,49504,22100,true,true
"quicksort","Random",500,2,49600,15600,true,true
"quicksort","Random",500,3,50752,15900,true,true
"quicksort","Random",500,4,48320,15200,true,true
"quicksort","Random",500,5,48608,15300,true,true
"quicksort","Random",500,6,49824,15600,true,true
"quicksort","Random",500,7,49728,15600,true,true
"quicksort","Random",500,8,48288,15200,true,true
"quicksort","Random",500,9,47936,15100,true,true
"quicksort","Random",500,10,48800,15400,true,true
"quicksort","Random",500,11,48992,15500,true,true
"quicksort","Random",500,12,49920,15700,true,true
"quicksort","Random",500,13,47904,15100,true,true
"quicksort","Random",500,14,49408,15500,true,true
"quicksort","Random",500,15,48544,15300,true,true
"quicksort","Random",500,16,48352,15200,true,true
"quicksort","Random",500,17,48544,15300,true,true
"quicksort","Random",500,18,48704,15300,true,true
"quicksort","Random",500,19,47232,14800,true,true
"quicksort","Random",500,20,48992,15500,true,true
"quicksort","Random",500,21,48352,15200,true,true
"quicksort","Random",500,22,50304,15900,true,true
"quicksort","Random",500,23,49344,15500,true,true
"quicksort","Random",500,24,47776,15000,true,true
"quicksort","Random",500,25,49536,15600,true,true
"quicksort","Random",500,26,48128,15200,true,true
"quicksort","Random",500,27,45984,14500,true,true
"quicksort","Random",500,28,47872,15100,true,true
"quicksort","Random",500,29,49312,15500,true,true
"quicksort","Random",500,30,49152,15400,true,true
"quicksort","Random",500,31,47584,14900,true,true
"quicksort","Random",500,32,48480,15200,true,true
"quicksort","Random",500,33,48320,15200,true,true
"quicksort","Random",500,34,48064,15100,true,true
"quicksort","Random",500,35,49856,15700,true,true
"quicksort","Random",500,36,48768,15400,true,true
"quicksort","Random",500,37,48864,15400,true,true
"quicksort","Random",500,38,50048,15800,true,true
"quicksort","Random",500,39,48960,15400,true,true
"quicksort","Random",500,40,47904,15100,true,true
"quicksort","Random",500,41,47040,14800,true,true
"quicksort","Random",500,42,49248,15500,true,true
"quicksort","Random",500,43,47424,14900,true,true
"quicksort","Random",500,44,46944,14800,true,true
"quicksort","Random",500,45,46336,14500,true,true
"quicksort","Random",500,46,46528,14600,true,true
"quicksort","Random",500,47,47936,15100,true,true
"quicksort","Random",500,48,50048,15800,true,true
"quicksort","Random",500,49,47776,15000,true,true
"quicksort","Random",500,50,46688,14700,true,true
"quicksort","Random",500,51,49440,15500,true,true
"quicksort","Random",500,52,81344,25500,true,true
"quicksort","Random",500,53,46944,14700,true,true
"quicksort","Random",500,54,46144,14500,true,true
"quicksort","Random",500,55,48448,15300,true,true
"quicksort","Random",500,56,48384,15200,true,true
"quicksort","Random",500,57,47776,15100,true,true
"quicksort","Random",500,58,47872,15100,true,true
"quicksort","Random",500,59,49376,15600,true,true
"quicksort","Random",500,60,63744,20000,true,true
"quicksort","Random",500,61,48768,15300,true,true
"quicksort","Random",500,62,47552,14900,true,true
"quicksort","Random",500,63,49184,15400,true,true
"quicksort","Random",500,64,47104,14900,true,true
"quicksort","Random",500,65,46784,14800,true,true
"quicksort","Random",500,66,48640,15300,true,true
"quicksort","Random",500,67,47712,15000,true,true
"quicksort","Random",500,68,48320,15200,true,true
"quicksort","Random",500,69,47584,15000,true,true
"quicksort","Random",500,70,46656,14700,true,true
"quicksort","Random",500,71,46816,14800,true,true
"quicksort","Random",500,72,48544,15200,true,true
"quicksort","Random",500,73,47456,14900,true,true
"quicksort","Random",500,74,48320,15200,true,true
"quicksort","Random",500,75,49344,15500,true,true
"quicksort","Random",500,76,46592,14700,true,true
"quicksort","Random",500,77,48768,15400,true,true
"quicksort","Random",500,78,47680,15000,true,true
"quicksort","Random",500,79,46240,14500,true,true
"quicksort","Random",500,80,48736,15400,true,true
"quicksort","Random",500,81,47712,15000,true,true
"quicksort","Random",500,82,49120,15400,true,true
"quicksort","Random",500,83,48128,15200,true,true
"quicksort","Random",500,84,48768,15400,true,true
"quicksort","Random",500,85,47040,14800,true,true
"quicksort","Random",500,86,46688,14700,true,true
"quicksort","Random",500,87,47648,14900,true,true
"quicksort","Random",500,88,46464,14600,true,true
"quicksort","Random",500,89,46976,14800,true,true
"quicksort","Random",500,90,47712,15100,true,true
"quicksort","Random",500,91,47424,14900,true,true
"quicksort","Random",500,92,48224,15200,true,true
"quicksort","Random",500,93,47904,15100,true,true
"quicksort","Random",500,94,45920,14400,true,true
"quicksort","Random",500,95,47424,14900,true,true
"quicksort","Random",500,96,48128,15200,true,true
"quicksort","Random",500,97,46368,14600,true,true
"quicksort","Random",500,98,48480,15300,true,true
"quicksort","Random",500,99,48032,15100,true,true
"heap","Random",500,0,55584,17500,true,true
"heap","Random",500,1,55616,17500,true,true
"heap","Random",500,2,55136,17400,true,true
"heap","Random",500,3,56128,17600,true,true
"heap","Random",500,4,55008,17300,true,true
"heap","Random",500,5,55520,17400,true,true
"heap","Random",500,6,63456,20000,true,true
"heap","Random",500,7,54592,17200,true,true
"heap","Random",500,8,54432,17100,true,true
"heap","Random",500,9,54528,17100,true,true
"heap","Random",500,10,54816,17200,true,true
"heap","Random",500,11,55296,17400,true,true
"heap","Random",500,12,56096,17700,true,true
"heap","Random",500,13,54208,17000,true,true
"heap","Random",500,14,54560,17100,true,true
"heap","Random",500,15,54496,17200,true,true
"heap","Random",500,16,54400,17100,true,true
"heap","Random",500,17,55328,17400,true,true
"heap","Random",500,18,55232,17400,true,true
"heap","Random",500,19,54176,17000,true,true
"heap","Random",500,20,53760,16900,true,true
"heap","Random",500,21,54528,17100,true,true
"heap","Random",500,22,54496,17200,true,true
"heap","Random",500,23,55392,17400,true,true
"heap","Random",500,24,54400,17100,true,true
"heap","Random",500,25,53248,16800,true,true
"heap","Random",500,26,54432,17100,true,true
"heap","Random",500,27,55616,17500,true,true
"heap","Random",500,28,53920,16900,true,true
"heap","Random",500,29,54496,17200,true,true
"heap","Random",500,30,54944,17300,true,true
"heap","Random",500,31,54752,17200,true,true
"heap","Random",500,32,55488,17400,true,true
"heap","Random",500,33,55360,17500,true,true
"heap","Random",500,34,53920,16900,true,true
"heap","Random",500,35,54976,17300,true,true
"heap","Random",500,36,54432,17100,true,true
"heap","Random",500,37,54176,17000,true,true
"heap","Random",500,38,55584,17500,true,true
"heap","Random",500,39,86080,27100,true,true
"heap","Random",500,40,56128,17600,true,true
"heap","Random",500,41,54816,17200,true,true
"heap","Random",500,42,55168,17300,true,true
"heap","Random",500,43,55296,17300,true,true
"heap","Random",500,44,53792,16900,true,true
"heap","Random",500,45,55072,17300,true,true
"heap","Random",500,46,54560,17200,true,true
"heap","Random",500,47,63904,20100,true,true
"heap","Random",500,48,54816,17300,true,true
"heap","Random",500,49,53696,16900,true,true
"heap","Random",500,50,54528,17100,true,true
"heap","Random",500,51,54272,17100,true,true
"heap","Random",500,52,55072,17300,true,true
"heap","Random",500,53,53888,17000,true,true
"heap","Random",500,54,54272,17100,true,true
"heap","Random",500,55,54400,17100,true,true
"heap","Random",500,56,54080,17000,true,true
"heap","Random",500,57,54048,17000,true,true
"heap","Random",500,58,54560,17100,true,true
"heap","Random",500,59,53920,17000,true,true
"heap","Random",500,60,55264,17400,true,true
"heap","Random",500,61,54208,17000,true,true
"heap","Random",500,62,54272,17100,true,true
"heap","Random",500,63,54720,17200,true,true
"heap","Random",500,64,54592,17100,true,true
"heap","Random",500,65,54496,17100,true,true
"heap","Random",500,66,54368,17100,true,true
"heap","Random",500,67,54816,17200,true,true
"heap","Random",500,68,54752,17200,true,true
"heap","Random",500,69,53760,16900,true,true
"heap","Random",500,70,54336,17100,true,true
"heap","Random",500,71,54208,17100,true,true
"heap","Random",500,72,53760,16900,true,true
"heap","Random",500,73,54848,17200,true,true
"heap","Random",500,74,54368,17100,true,true
"heap","Random",500,75,53824,16900,true,true
"heap","Random",500,76,53920,17000,true,true
"heap","Random",500,77,55584,17500,true,true
"heap","Random",500,78,53408,16800,true,true
"heap","Random",500,79,53600,16800,true,true
"heap","Random",500,80,53952,17000,true,true
"heap","Random",500,81,54816,17300,true,true
"heap","Random",500,82,54400,17100,true,true
"heap","Random",500,83,54784,17200,true,true
"heap","Random",500,84,53664,16900,true,true
"heap","Random",500,85,55168,17300,true,true
"heap","Random",500,86,53504,16800,true,true
"heap","Random",500,87,53920,17000,true,true
"heap","Random",500,88,53376,16800,true,true
"heap","Random",500,89,53152,16700,true,true
"heap","Random",500,90,54464,17100,true,true
"heap","Random",500,91,84160,26400,true,true
"heap","Random",500,92,54016,17000,true,true
"heap","Random",500,93,54048,17000,true,true
"heap","Random",500,94,54016,17000,true,true
"heap","Random",500,95,53280,16800,true,true
"heap","Random",500,96,53984,17000,true,true
"heap","Random",500,97,54336,17100,true,true
"heap","Random",500,98,52992,16700,true,true
"heap","Random",500,99,53600,16900,true,true
"std-sort","Random",500,0,32576,10200,true,true
"std-sort","Random",500,1,32000,10100,true,true
"std-sort","Random",500,2,31040,9800,true,true
"std-sort","Random",500,3,31744,10000,true,true
"std-sort","Random",500,4,32768,10400,true,true
"std-sort","Random",500,5,31872,10000,true,true
"std-sort","Random",500,6,33216,10500,true,true
"std-sort","Random",500,7,31904,10100,true,true
"std-sort","Random",500,8,32416,10200,true,true
"std-sort","Random",500,9,30016,9500,true,true
"std-sort","Random",500,10,31584,10000,true,true
"std-sort","Random",500,11,32768,10300,true,true
"std-sort","Random",500,12,32032,10100,true,true
"std-sort","Random",500,13,31072,9800,true,true
"std-sort","Random",500,14,32288,10200,true,true
"std-sort","Random",500,15,32288,10200,true,true
"std-sort","Random",500,16,32192,10100,true,true
"std-sort","Random",500,17,32800,10300,true,true
"std-sort","Random",500,18,30976,9800,true,true
"std-sort","Random",500,19,32192,10200,true,true
"std-sort","Random",500,20,31776,10000,true,true
"std-sort","Random",500,21,31936,10000,true,true
"std-sort","Random",500,22,32768,10300,true,true
"std-sort","Random",500,23,32768,10300,true,true
"std-sort","Random",500,24,32480,10300,true,true
"std-sort","Random",500,25,32704,10300,true,true
"std-sort","Random",500,26,30848,9700,true,true
"std-sort","Random",500,27,33152,10500,true,true
"std-sort","Random",500,28,31328,9900,true,true
"std-sort","Random",500,29,31648,10000,true,true
"std-sort","Random",500,30,33280,10500,true,true
"std-sort","Random",500,31,32288,10200,true,true
"std-sort","Random",500,32,32576,10200,true,true
"std-sort","Random",500,33,31296,9800,true,true
"std-sort","Random",500,34,31040,9800,true,true
"std-sort","Random",500,35,32416,10300,true,true
"std-sort","Random",500,36,31328,9800,true,true
"std-sort","Random",500,37,31648,10000,true,true
"std-sort","Random",500,38,31808,10100,true,true
"std-sort","Random",500,39,37760,11900,true,true
"std-sort","Random",500,40,32768,10300,true,true
"std-sort","Random",500,41,31136,9900,true,true
"std-sort","Random",500,42,32128,10100,true,true
"std-sort","Random",500,43,31552,9900,true,true
"std-sort","Random",500,44,32096,10100,true,true
"std-sort","Random",500,45,30816,9700,true,true
"std-sort","Random",500,46,31008,9700,true,true
"std-sort","Random",500,47,63360,19900,true,true
"std-sort","Random",500,48,31776,10000,true,true
"std-sort","Random",500,49,31872,10000,true,true
"std-sort","Random",500,50,31712,9900,true,true
"std-sort","Random",500,51,30656,9700,true,true
"std-sort","Random",500,52,31456,9900,true,true
"std-sort","Random",500,53,31104,9800,true,true
"std-sort","Random",500,54,31424,10000,true,true
"std-sort","Random",500,55,31456,9900,true,true
"std-sort","Random",500,56,32224,10200,true,true
"std-sort","Random",500,57,31872,10000,true,true
"std-sort","Random",500,58,32064,10100,true,true
"std-sort","Random",500,59,31296,9900,true,true
"std-sort","Random",500,60,33440,10500,true,true
"std-sort","Random",500,61,32480,10300,true,true
"std-sort","Random",500,62,32768,10300,true,true
"std-sort","Random",500,63,30688,9700,true,true
"std-sort","Random",500,64,31968,10100,true,true
"std-sort","Random",500,65,32768,10400,true,true
"std-sort","Random",500,66,31040,9800,true,true
"std-sort","Random",500,67,32384,10200,true,true
"std-sort","Random",500,68,31328,9900,true,true
"std-sort","Random",500,69,32128,10100,true,true
"std-sort","Random",500,70,31904,10100,true,true
"std-sort","Random",500,71,31808,10000,true,true
"std-sort","Random",500,72,32128,10100,true,true
"std-sort","Random",500,73,31680,10000,true,true
"std-sort","Random",500,74,31072,9800,true,true
"std-sort","Random",500,75,31200,9900,true,true
"std-sort","Random",500,76,30720,9700,true,true
"std-sort","Random",500,77,32288,10200,true,true
"std-sort","Random",500,78,31360,9900,true,true
"std-sort","Random",500,79,31776,10000,true,true
"std-sort","Random",500,80,32032,10100,true,true
"std-sort","Random",500,81,32064,10100,true,true
"std-sort","Random",500,82,31840,10000,true,true
"std-sort","Random",500,83,31712,10000,true,true
"std-sort","Random",500,84,32032,10100,true,true
"std-sort","Random",500,85,30208,9500,true,true
"std-sort","Random",500,86,32672,10300,true,true
"std-sort","Random",500,87,31616,10000,true,true
"std-sort","Random",500,88,32192,10100,true,true
"std-sort","Random",500,89,32160,10200,true,true
"std-sort","Random",500,90,32000,10100,true,true
"std-sort","Random",500,91,31584,10000,true,true
"std-sort","Random",500,92,31200,9800,true,true
"std-sort","Random",500,93,32320,10200,true,true
"std-sort","Random",500,94,31232,9900,true,true
"std-sort","Random",500,95,33056,10400,true,true
"std-sort","Random",500,96,32928,10400,true,true
"std-sort","Random",500,97,32256,10200,true,true
"std-sort","Random",500,98,31232,9800,true,true
"std-sort","Random",500,99,32704,10400,true,true
"std-stable-sort","Random",500,0,35040,11100,true,true
"std-stable-sort","Random",500,1,34816,11000,true,true
"std-stable-sort","Random",500,2,35648,11300,true,true
"std-stable-sort","Random",500,3,36096,11300,true,true
"std-stable-sort","Random",500,4,34848,11000,true,true
"std-stable-sort","Random",500,5,34304,10800,true,true
"std-stable-sort","Random",500,6,68640,21600,true,true
"std-stable-sort","Random",500,7,34944,11000,true,true
"std-stable-sort","Random",500,8,34880,11000,true,true
"std-stable-sort","Random",500,9,34912,11000,true,true
"std-stable-sort","Random",500,10,33984,10700,true,true
"std-stable-sort","Random",500,11,34624,10900,true,true
"std-stable-sort","Random",500,12,34784,11000,true,true
"std-stable-sort","Random",500,13,33888,10700,true,true
"std-stable-sort","Random",500,14,34688,10900,true,true
"std-stable-sort","Random",500,15,35296,11100,true,true
"std-stable-sort","Random",500,16,34656,10900,true,true
"std-stable-sort","Random",500,17,34048,10800,true,true
"std-stable-sort","Random",500,18,34432,10800,true,true
"std-stable-sort","Random",500,19,34944,11100,true,true
"std-stable-sort","Random",500,20,34880,11000,true,true
"std-stable-sort","Random",500,21,35104,11100,true,true
"std-stable-sort","Random",500,22,34816,11000,true,true
"std-stable-sort","Random",500,23,34368,10800,true,true
"std-stable-sort","Random",500,24,34400,10800,true,true
"std-stable-sort","Random",500,25,34016,10800,true,true
"std-stable-sort","Random",500,26,34336,10800,true,true
"std-stable-sort","Random",500,27,34528,10900,true,true
"std-stable-sort","Random",500,28,34016,10800,true,true
"std-stable-sort","Random",500,29,34112,10700,true,true
"std-stable-sort","Random",500,30,34624,11000,true,true
"std-stable-sort","Random",500,31,34048,10700,true,true
"std-stable-sort","Random",500,32,34528,10900,true,true
"std-stable-sort","Random",500,33,34688,10900,true,true
"std-stable-sort","Random",500,34,34144,10700,true,true
"std-stable-sort","Random",500,35,33792,10700,true,true
"std-stable-sort","Random",500,36,34848,11000,true,true
"std-stable-sort","Random",500,37,34560,10900,true,true
"std-stable-sort","Random",500,38,34016,10800,true,true
"std-stable-sort","Random",500,39,33952,10700,true,true
"std-stable-sort","Random",500,40,34784,11000,true,true
"std-stable-sort","Random",500,41,34304,10800,true,true
"std-stable-sort","Random",500,42,34304,10800,true,true
"std-stable-sort","Random",500,43,34304,10800,true,true
"std-stable-sort","Random",500,44,34240,10800,true,true
"std-stable-sort","Random",500,45,34784,10900,true,true
"std-stable-sort","Random",500,46,33856,10700,true,true
"std-stable-sort","Random",500,47,34208,10800,true,true
"std-stable-sort","Random",500,48,34208,10800,true,true
"std-stable-sort","Random",500,49,35040,11100,true,true
"std-stable-sort","Random",500,50,34560,10900,true,true
"std-stable-sort","Random",500,51,34528,10900,true,true
"std-stable-sort","Random",500,52,34464,10900,true,true
"std-stable-sort","Random",500,53,34976,11000,true,true
"std-stable-sort","Random",500,54,34272,10800,true,true
"std-stable-sort","Random",500,55,34304,10800,true,true
"std-stable-sort","Random",500,56,44320,14000,true,true
"std-stable-sort","Random",500,57,33856,10600,true,true
"std-stable-sort","Random",500,58,33920,10700,true,true
"std-stable-sort","Random",500,59,34976,11000,true,true
"std-stable-sort","Random",500,60,33824,10600,true,true
"std-stable-sort","Random",500,61,33856,10700,true,true
"std-stable-sort","Random",500,62,34464,10900,true,true
"std-stable-sort","Random",500,63,34432,10900,true,true
"std-stable-sort","Random",500,64,34368,10800,true,true
"std-stable-sort","Random",500,65,34432,10800,true,true
"std-stable-sort","Random",500,66,34400,10800,true,true
"std-stable-sort","Random",500,67,34592,10900,true,true
"std-stable-sort","Random",500,68,34336,10800,true,true
"std-stable-sort","Random",500,69,34720,11000,true,true
"std-stable-sort","Random",500,70,34432,10800,true,true
"std-stable-sort","Random",500,71,34432,10800,true,true
"std-stable-sort","Random",500,72,34432,10800,true,true
"std-stable-sort","Random",500,73,34496,10900,true,true
"std-stable-sort","Random",500,74,34304,10800,true,true
"std-stable-sort","Random",500,75,34240,10800,true,true
"std-stable-sort","Random",500,76,34208,10800,true,true
"std-stable-sort","Random",500,77,34208,10800,true,true
"std-stable-sort","Random",500,78,34496,10800,true,true
"std-stable-sort","Random",500,79,35200,11100,true,true
"std-stable-sort","Random",500,80,34080,10700,true,true
"std-stable-sort","Random",500,81,35136,11000,true,true
"std-stable-sort","Random",500,82,33792,10700,true,true
"std-stable-sort","Random",500,83,66048,20800,true,true
"std-stable-sort","Random",500,84,34784,11000,true,true
"std-stable-sort","Random",500,85,34944,11000,true,true
"std-stable-sort","Random",500,86,33984,10700,true,true
"std-stable-sort","Random",500,87,33664,10600,true,true
"std-stable-sort","Random",500,88,34304,10800,true,true
"std-stable-sort","Random",500,89,34880,10900,true,true
"std-stable-sort","Random",500,90,34848,10900,true,true
"std-stable-sort","Random",500,91,35104,11100,true,true
"std-stable-sort","Random",500,92,34208,10800,true,true
"std-stable-sort","Random",500,93,34528,10900,true,true
"std-stable-sort","Random",500,94,35008,11100,true,true
"std-stable-sort","Random",500,95,34080,10700,true,true
"std-stable-sort","Random",500,96,34528,10900,true,true
"std-stable-sort","Random",500,97,33984,10700,true,true
"std-stable-sort","Random",500,98,35104,11100,true,true
"std-stable-sort","Random",500,99,34272,10700,true,true
"bubble","Random",1000,0,946208,296400,true,true
"bubble","Random",1000,1,964896,302200,true,true
"bubble","Random",1000,2,975008,305400,true,true
"bubble","Random",1000,3,952064,298200,true,true
"bubble","Random",1000,4,969536,303700,true,true
"bubble","Random",1000,5,991424,310500,true,true
"bubble","Random",1000,6,947200,296800,true,true
"bubble","Random",1000,7,956864,299700,true,true
"bubble","Random",1000,8,975424,305500,true,true
"bubble","Random",1000,9,950208,297600,true,true
"bubble","Random",1000,10,976064,305700,true,true
"bubble","Random",1000,11,962912,301600,true,true
"bubble","Random",1000,12,960416,300800,true,true
"bubble","Random",1000,13,951872,298100,true,true
"bubble","Random",1000,14,948576,297100,true,true
"bubble","Random",1000,15,1056224,330900,true,true
"bubble","Random",1000,16,960352,300800,true,true
"bubble","Random",1000,17,959744,300500,true,true
"bubble","Random",1000,18,994176,311500,true,true
"bubble","Random",1000,19,957344,299900,true,true
"bubble","Random",1000,20,953600,298600,true,true
"bubble","Random",1000,21,977408,306100,true,true
"bubble","Random",1000,22,945984,296300,true,true
"bubble","Random",1000,23,944192,295700,true,true
"bubble","Random",1000,24,980256,307000,true,true
"bubble","Random",1000,25,949952,297600,true,true
"bubble","Random",1000,26,969984,303800,true,true
"bubble","Random",1000,27,948384,297000,true,true
"bubble","Random",1000,28,974400,305200,true,true
"bubble","Random",1000,29,947200,296700,true,true
"bubble","Random",1000,30,962976,301600,true,true
"bubble","Random",1000,31,975840,305600,true,true
"bubble","Random",1000,32,959360,300500,true,true
"bubble","Random",1000,33,940256,294500,true,true
"bubble","Random",1000,34,973760,305000,true,true
"bubble","Random",1000,35,947168,296700,true,true
"bubble","Random",1000,36,972608,304600,true,true
"bubble","Random",1000,37,969504,303600,true,true
"bubble","Random",1000,38,980928,307300,true,true
"bubble","Random",1000,39,959200,300500,true,true
"bubble","Random",1000,40,949696,297400,true,true
"bubble","Random",1000,41,1011328,316700,true,true
"bubble","Random",1000,42,991232,310500,true,true
"bubble","Random",1000,43,957600,300000,true,true
"bubble","Random",1000,44,986880,309100,true,true
"bubble","Random",1000,45,964736,302200,true,true
"bubble","Random",1000,46,952512,298300,true,true
"bubble","Random",1000,47,1043680,326900,true,true
"bubble","Random",1000,48,944896,295900,true,true
"bubble","Random",1000,49,946656,296500,true,true
"bubble","Random",1000,50,964352,302000,true,true
"bubble","Random",1000,51,1005536,314900,true,true
"bubble","Random",1000,52,947264,296800,true,true
"bubble","Random",1000,53,953952,298700,true,true
"bubble","Random",1000,54,980064,307000,true,true
"bubble","Random",1000,55,974336,305200,true,true
"bubble","Random",1000,56,966464,302700,true,true
"bubble","Random",1000,57,980064,307000,true,true
"bubble","Random",1000,58,957184,299800,true,true
"bubble","Random",1000,59,948288,297000,true,true
"bubble","Random",1000,60,1046432,327700,true,true
"bubble","Random",1000,61,950240,297600,true,true
"bubble","Random",1000,62,968928,303500,true,true
"bubble","Random",1000,63,946240,296300,true,true
"bubble","Random",1000,64,977824,306200,true,true
"bubble","Random",1000,65,946720,296500,true,true
"bubble","Random",1000,66,965408,302800,true,true
"bubble","Random",1000,67,987968,309500,true,true
"bubble","Random",1000,68,962336,301400,true,true
"bubble","Random",1000,69,949504,297500,true,true
"bubble","Random",1000,70,983680,308100,true,true
"bubble","Random",1000,71,952160,298200,true,true
"bubble","Random",1000,72,955968,299400,true,true
"bubble","Random",1000,73,958784,300300,true,true
"bubble","Random",1000,74,963008,301600,true,true
"bubble","Random",1000,75,958816,300300,true,true
"bubble","Random",1000,76,972000,304500,true,true
"bubble","Random",1000,77,991744,310700,true,true
"bubble","Random",1000,78,957152,299900,true,true
"bubble","Random",1000,79,955328,299200,true,true
"bubble","Random",1000,80,970112,303800,true,true
"bubble","Random",1000,81,971040,304100,true,true
"bubble","Random",1000,82,982080,307600,true,true
"bubble","Random",1000,83,986560,309000,true,true
"bubble","Random",1000,84,956640,299700,true,true
"bubble","Random",1000,85,973248,304800,true,true
"bubble","Random",1000,86,964544,302100,true,true
"bubble","Random",1000,87,939552,294300,true,true
"bubble","Random",1000,88,937120,293500,true,true
"bubble","Random",1000,89,970624,304000,true,true
"bubble","Random",1000,90,978880,306900,true,true
"bubble","Random",1000,91,943936,295600,true,true
"bubble","Random",1000,92,963456,301700,true,true
"bubble","Random",1000,93,980576,307100,true,true
"bubble","Random",1000,94,955520,299300,true,true
"bubble","Random",1000,95,963872,301900,true,true
"bubble","Random",1000,96,989632,310000,true,true
"bubble","Random",1000,97,975232,305400,true,true
"bubble","Random",1000,98,956576,299600,true,true
"bubble","Random",1000,99,951168,297900,true,true
"insertion","Random",1000,0,243232,76300,true,true
"insertion","Random",1000,1,240512,75300,true,true
"insertion","Random",1000,2,250144,78400,true,true
"insertion","Random",1000,3,243104,76200,true,true
"insertion","Random",1000,4,269088,84300,true,true
"insertion","Random",1000,5,238464,74700,true,true
"insertion","Random",1000,6,248160,78300,true,true
"insertion","Random",1000,7,243648,76400,true,true
"insertion","Random",1000,8,242624,76000,true,true
"insertion","Random",1000,9,263296,82500,true,true
"insertion","Random",1000,10,243776,76600,true,true
"insertion","Random",1000,11,255680,80100,true,true
"insertion","Random",1000,12,241536,75700,true,true
"insertion","Random",1000,13,256768,80500,true,true
"insertion","Random",1000,14,240800,75500,true,true
"insertion","Random",1000,15,255328,80000,true,true
"insertion","Random",1000,16,243232,76300,true,true
"insertion","Random",1000,17,273760,85900,true,true
"insertion","Random",1000,18,235872,74000,true,true
"insertion","Random",1000,19,243936,76400,true,true
"insertion","Random",1000,20,256416,80400,true,true
"insertion","Random",1000,21,243904,76400,true,true
"insertion","Random",1000,22,251872,78900,true,true
"insertion","Random",1000,23,251936,78900,true,true
"insertion","Random",1000,24,246112,77200,true,true
"insertion","Random",1000,25,251552,78800,true,true
"insertion","Random",1000,26,234144,73300,true,true
"insertion","Random",1000,27,247936,77700,true,true
"insertion","Random",1000,28,325056,101900,true,true
"insertion","Random",1000,29,274240,86300,true,true
"insertion","Random",1000,30,245728,77000,true,true
"insertion","Random",1000,31,259296,81300,true,true
"insertion","Random",1000,32,239232,75000,true,true
"insertion","Random",1000,33,241600,75700,true,true
"insertion","Random",1000,34,241120,75500,true,true
"insertion","Random",1000,35,244352,76600,true,true
"insertion","Random",1000,36,237664,74500,true,true
"insertion","Random",1000,37,240800,75400,true,true
"insertion","Random",1000,38,245920,77300,true,true
"insertion","Random",1000,39,308608,96700,true,true
"insertion","Random",1000,40,423168,132600,true,true
"insertion","Random",1000,41,399488,125300,true,true
"insertion","Random",1000,42,451536,142000,true,true
"insertion","Random",1000,43,321312,100800,true,true
"insertion","Random",1000,44,290176,91000,true,true
"insertion","Random",1000,45,352480,110500,true,true
"insertion","Random",1000,46,619587,194500,true,true
"insertion","Random",1000,47,235456,73800,true,true
"insertion","Random",1000,48,241152,75600,true,true
"insertion","Random",1000,49,294272,92300,true,true
"insertion","Random",1000,50,276608,86700,true,true
"insertion","Random",1000,51,522493,163900,true,true
"insertion","Random",1000,52,254144,79800,true,true
"insertion","Random",1000,53,250528,78600,true,true
"insertion","Random",1000,54,240128,75400,true,true
"insertion","Random",1000,55,234560,73500,true,true
"insertion","Random",1000,56,245248,76800,true,true
"insertion","Random",1000,57,254688,79800,true,true
"insertion","Random",1000,58,244896,76700,true,true
"insertion","Random",1000,59,249376,78100,true,true
"insertion","Random",1000,60,246432,77200,true,true
"insertion","Random",1000,61,251232,78800,true,true
"insertion","Random",1000,62,246144,77200,true,true
"insertion","Random",1000,63,282848,88700,true,true
"insertion","Random",1000,64,247424,77500,true,true
"insertion","Random",1000,65,239936,75200,true,true
"insertion","Random",1000,66,245184,76800,true,true
"insertion","Random",1000,67,246848,77300,true,true
"insertion","Random",1000,68,241760,75800,true,true
"insertion","Random",1000,69,253472,79400,true,true
"insertion","Random",1000,70,250400,78500,true,true
"insertion","Random",1000,71,240672,75400,true,true
"insertion","Random",1000,72,261088,81800,true,true
"insertion","Random",1000,73,250848,78600,true,true
"insertion","Random",1000,74,252544,79100,true,true
"insertion","Random",1000,75,274048,85900,true,true
"insertion","Random",1000,76,243424,76300,true,true
"insertion","Random",1000,77,253536,79400,true,true
"insertion","Random",1000,78,242208,75900,true,true
"insertion","Random",1000,79,248032,77700,true,true
"insertion","Random",1000,80,252448,79100,true,true
"insertion","Random",1000,81,250624,78600,true,true
"insertion","Random",1000,82,242976,76200,true,true
"insertion","Random",1000,83,240448,75300,true,true
"insertion","Random",1000,84,240928,75500,true,true
"insertion","Random",1000,85,244160,76500,true,true
"insertion","Random",1000,86,242592,76000,true,true
"insertion","Random",1000,87,245088,76800,true,true
"insertion","Random",1000,88,279520,87600,true,true
"insertion","Random",1000,89,249600,78200,true,true
"insertion","Random",1000,90,252832,79200,true,true
"insertion","Random",1000,91,248896,78000,true,true
"insertion","Random",1000,92,245536,77000,true,true
"insertion","Random",1000,93,246752,77300,true,true
"insertion","Random",1000,94,240288,75300,true,true
"insertion","Random",1000,95,233568,73200,true,true
"insertion","Random",1000,96,237792,74500,true,true
"insertion","Random",1000,97,259264,81300,true,true
"insertion","Random",1000,98,244480,76700,true,true
"insertion","Random",1000,99,243136,76200,true,true
"selection","Random",1000,0,561728,176000,true,true
"selection","Random",1000,1,592960,185800,true,true
"selection","Random",1000,2,560448,175600,true,true
"selection","Random",1000,3,561440,175900,true,true
"selection","Random",1000,4,630304,197400,true,true
"selection","Random",1000,5,632128,198000,true,true
"selection","Random",1000,6,600768,188300,true,true
"selection","Random",1000,7,562080,176100,true,true
"selection","Random",1000,8,572000,179200,true,true
"selection","Random",1000,9,560160,175500,true,true
"selection","Random",1000,10,556192,174200,true,true
"selection","Random",1000,11,597888,187300,true,true
"selection","Random",1000,12,561600,175900,true,true
"selection","Random",1000,13,565984,177300,true,true
"selection","Random",1000,14,560672,175600,true,true
"selection","Random",1000,15,579808,181700,true,true
"selection","Random",1000,16,561056,175800,true,true
"selection","Random",1000,17,595040,186500,true,true
"selection","Random",1000,18,561536,175900,true,true
"selection","Random",1000,19,578656,181600,true,true
"selection","Random",1000,20,555776,174100,true,true
"selection","Random",1000,21,562464,176200,true,true
"selection","Random",1000,22,622464,195000,true,true
"selection","Random",1000,23,652768,204500,true,true
"selection","Random",1000,24,553376,173500,true,true
"selection","Random",1000,25,561184,175800,true,true
"selection","Random",1000,26,585952,183600,true,true
"selection","Random",1000,27,558624,175000,true,true
"selection","Random",1000,28,593856,186000,true,true
"selection","Random",1000,29,556640,174400,true,true
"selection","Random",1000,30,566496,177600,true,true
"selection","Random",1000,31,553824,173400,true,true
"selection","Random",1000,32,553536,173600,true,true
"selection","Random",1000,33,589344,184600,true,true
"selection","Random",1000,34,555104,174000,true,true
"selection","Random",1000,35,555104,173800,true,true
"selection","Random",1000,36,563264,176500,true,true
"selection","Random",1000,37,558752,175100,true,true
"selection","Random",1000,38,558528,175000,true,true
"selection","Random",1000,39,589024,184500,true,true
"selection","Random",1000,40,574432,180000,true,true
"selection","Random",1000,41,563072,176400,true,true
"selection","Random",1000,42,564896,177000,true,true
"selection","Random",1000,43,557312,174600,true,true
"selection","Random",1000,44,595584,186600,true,true
"selection","Random",1000,45,559744,175500,true,true
"selection","Random",1000,46,560736,175700,true,true
"selection","Random",1000,47,561376,175900,true,true
"selection","Random",1000,48,560160,175500,true,true
"selection","Random",1000,49,574208,179900,true,true
"selection","Random",1000,50,587584,184000,true,true
"selection","Random",1000,51,562112,176300,true,true
"selection","Random",1000,52,561472,175800,true,true
"selection","Random",1000,53,561600,176000,true,true
"selection","Random",1000,54,558784,175000,true,true
"selection","Random",1000,55,587552,184100,true,true
"selection","Random",1000,56,559232,175200,true,true
"selection","Random",1000,57,556416,174300,true,true
"selection","Random",1000,58,558016,174800,true,true
"selection","Random",1000,59,573632,179700,true,true
"selection","Random",1000,60,555552,174000,true,true
"selection","Random",1000,61,660480,206900,true,true
"selection","Random",1000,62,631264,197700,true,true
"selection","Random",1000,63,627392,196500,true,true
"selection","Random",1000,64,626432,196200,true,true
"selection","Random",1000,65,625184,195900,true,true
"selection","Random",1000,66,590752,185100,true,true
"selection","Random",1000,67,562368,176400,true,true
"selection","Random",1000,68,556704,174500,true,true
"selection","Random",1000,69,556352,174200,true,true
"selection","Random",1000,70,569408,178300,true,true
"selection","Random",1000,71,594656,186300,true,true
"selection","Random",1000,72,562176,176100,true,true
"selection","Random",1000,73,557216,174500,true,true
"selection","Random",1000,74,554784,173800,true,true
"selection","Random",1000,75,555552,174000,true,true
"selection","Random",1000,76,555104,173800,true,true
"selection","Random",1000,77,585664,183500,true,true
"selection","Random",1000,78,561472,175800,true,true
"selection","Random",1000,79,567424,177800,true,true
"selection","Random",1000,80,559488,175300,true,true
"selection","Random",1000,81,555680,174100,true,true
"selection","Random",1000,82,586816,183800,true,true
"selection","Random",1000,83,556512,174300,true,true
"selection","Random",1000,84,555392,173900,true,true
"selection","Random",1000,85,561984,176100,true,true
"selection","Random",1000,86,555520,174000,true,true
"selection","Random",1000,87,552896,173200,true,true
"selection","Random",1000,88,586496,183700,true,true
"selection","Random",1000,89,564992,177000,true,true
"selection","Random",1000,90,567904,177900,true,true
"selection","Random",1000,91,564416,176800,true,true
"selection","Random",1000,92,558176,174800,true,true
"selection","Random",1000,93,592736,185700,true,true
"selection","Random",1000,94,640704,200800,true,true
"selection","Random",1000,95,625312,195800,true,true
"selection","Random",1000,96,618400,193700,true,true
"selection","Random",1000,97,627200,196500,true,true
"selection","Random",1000,98,655392,205300,true,true
"selection","Random",1000,99,629216,197100,true,true
"merge","Random",1000,0,139904,43900,true,true
"merge","Random",1000,1,99200,31200,true,true
"merge","Random",1000,2,99872,31400,true,true
"merge","Random",1000,3,100096,31400,true,true
"merge","Random",1000,4,99456,31200,true,true
"merge","Random",1000,5,100928,31700,true,true
"merge","Random",1000,6,106112,33300,true,true
"merge","Random",1000,7,107424,33700,true,true
"merge","Random",1000,8,104320,32700,true,true
"merge","Random",1000,9,103968,32600,true,true
"merge","Random",1000,10,103456,32500,true,true
"merge","Random",1000,11,108032,33900,true,true
"merge","Random",1000,12,104992,33000,true,true
"merge","Random",1000,13,101856,32000,true,true
"merge","Random",1000,14,102592,32200,true,true
"merge","Random",1000,15,103584,32600,true,true
"merge","Random",1000,16,102656,32200,true,true
"merge","Random",1000,17,118976,37500,true,true
"merge","Random",1000,18,102240,32000,true,true
"merge","Random",1000,19,103168,32400,true,true
"merge","Random",1000,20,102432,32200,true,true
"merge","Random",1000,21,102816,32300,true,true
"merge","Random",1000,22,102496,32100,true,true
"merge","Random",1000,23,102848,32200,true,true
"merge","Random",1000,24,102048,32000,true,true
"merge","Random",1000,25,102080,32000,true,true
"merge","Random",1000,26,103200,32400,true,true
"merge","Random",1000,27,103072,32400,true,true
"merge","Random",1000,28,141056,44300,true,true
"merge","Random",1000,29,101952,32100,true,true
"merge","Random",1000,30,101536,31900,true,true
"merge","Random",1000,31,103872,32600,true,true
"merge","Random",1000,32,102880,32300,true,true
"merge","Random",1000,33,115104,36100,true,true
"merge","Random",1000,34,101984,32000,true,true
"merge","Random",1000,35,101632,31900,true,true
"merge","Random",1000,36,102496,32200,true,true
"merge","Random",1000,37,101312,31800,true,true
"merge","Random",1000,38,101344,31800,true,true
"merge","Random",1000,39,101440,31800,true,true
"merge","Random",1000,40,102176,32100,true,true
"merge","Random",1000,41,101280,31800,true,true
"merge","Random",1000,42,104576,32800,true,true
"merge","Random",1000,43,101568,31900,true,true
"merge","Random",1000,44,101952,32000,true,true
"merge","Random",1000,45,105120,33000,true,true
"merge","Random",1000,46,101440,31900,true,true
"merge","Random",1000,47,101216,31800,true,true
"merge","Random",1000,48,104096,32700,true,true
"merge","Random",1000,49,101056,31700,true,true
"merge","Random",1000,50,101664,31900,true,true
"merge","Random",1000,51,100640,31600,true,true
"merge","Random",1000,52,101248,31800,true,true
"merge","Random",1000,53,101312,31800,true,true
"merge","Random",1000,54,100960,31700,true,true
"merge","Random",1000,55,101600,31900,true,true
"merge","Random",1000,56,137344,43100,true,true
"merge","Random",1000,57,101600,31900,true,true
"merge","Random",1000,58,101440,31800,true,true
"merge","Random",1000,59,102592,32200,true,true
"merge","Random",1000,60,102208,32100,true,true
"merge","Random",1000,61,102528,32200,true,true
"merge","Random",1000,62,101280,31800,true,true
"merge","Random",1000,63,101824,32000,true,true
"merge","Random",1000,64,101088,31700,true,true
"merge","Random",1000,65,102656,32200,true,true
"merge","Random",1000,66,101856,32000,true,true
"merge","Random",1000,67,102592,32200,true,true
"merge","Random",1000,68,102144,32000,true,true
"merge","Random",1000,69,101760,31900,true,true
"merge","Random",1000,70,102432,32200,true,true
"merge","Random",1000,71,101312,31800,true,true
"merge","Random",1000,72,102432,32200,true,true
"merge","Random",1000,73,102272,32100,true,true
"merge","Random",1000,74,101760,32000,true,true
"merge","Random",1000,75,101280,31700,true,true
"merge","Random",1000,76,101632,31900,true,true
"merge","Random",1000,77,101760,31900,true,true
"merge","Random",1000,78,100288,31500,true,true
"merge","Random",1000,79,101536,31900,true,true
"merge","Random",1000,80,100864,31600,true,true
"merge","Random",1000,81,101216,31800,true,true
"merge","Random",1000,82,102400,32200,true,true
"merge","Random",1000,83,101920,32000,true,true
"merge","Random",1000,84,154848,48600,true,true
"merge","Random",1000,85,100416,31500,true,true
"merge","Random",1000,86,101888,32000,true,true
"merge","Random",1000,87,101536,31900,true,true
"merge","Random",1000,88,102272,32100,true,true
"merge","Random",1000,89,112224,35200,true,true
"merge","Random",1000,90,101504,31800,true,true
"merge","Random",1000,91,102208,32100,true,true
"merge","Random",1000,92,102016,32000,true,true
"merge","Random",1000,93,101120,31700,true,true
"merge","Random",1000,94,102080,32000,true,true
"merge","Random",1000,95,101920,32000,true,true
"merge","Random",1000,96,102208,32100,true,true
"merge","Random",1000,97,103008,32400,true,true
"merge","Random",1000,98,101472,31800,true,true
"merge","Random",1000,99,101248,31800,true,true
"quicksort","Random",1000,0,102624,32200,true,true
"quicksort","Random",1000,1,104448,32800,true,true
"quicksort","Random",1000,2,103584,32500,true,true
"quicksort","Random",1000,3,104512,32800,true,true
"quicksort","Random",1000,4,102528,32200,true,true
"quicksort","Random",1000,5,103584,32500,true,true
"quicksort","Random",1000,6,100352,31500,true,true
"quicksort","Random",1000,7,104352,32700,true,true
"quicksort","Random",1000,8,107712,34000,true,true
"quicksort","Random",1000,9,100960,31700,true,true
"quicksort","Random",1000,10,102336,32200,true,true
"quicksort","Random",1000,11,105056,32900,true,true
"quicksort","Random",1000,12,105472,33100,true,true
"quicksort","Random",1000,13,102368,32100,true,true
"quicksort","Random",1000,14,97280,30500,true,true
"quicksort","Random",1000,15,103520,32500,true,true
"quicksort","Random",1000,16,100160,31400,true,true
"quicksort","Random",1000,17,106976,33600,true,true
"quicksort","Random",1000,18,105088,33000,true,true
"quicksort","Random",1000,19,134848,42300,true,true
"quicksort","Random",1000,20,99872,31400,true,true
"quicksort","Random",1000,21,104288,32700,true,true
"quicksort","Random",1000,22,103616,32600,true,true
"quicksort","Random",1000,23,105184,33000,true,true
"quicksort","Random",1000,24,104288,32700,true,true
"quicksort","Random",1000,25,102016,32000,true,true
"quicksort","Random",1000,26,104704,32800,true,true
"quicksort","Random",1000,27,104224,32800,true,true
"quicksort","Random",1000,28,104608,32900,true,true
"quicksort","Random",1000,29,103264,32400,true,true
"quicksort","Random",1000,30,102400,32100,true,true
"quicksort","Random",1000,31,105120,33000,true,true
"quicksort","Random",1000,32,101536,31900,true,true
"quicksort","Random",1000,33,102944,32300,true,true
"quicksort","Random",1000,34,102528,32200,true,true
"quicksort","Random",1000,35,101920,32000,true,true
"quicksort","Random",1000,36,106624,33500,true,true
"quicksort","Random",1000,37,104544,32800,true,true
"quicksort","Random",1000,38,100096,31400,true,true
"quicksort","Random",1000,39,102144,32000,true,true
"quicksort","Random",1000,40,105280,33100,true,true
"quicksort","Random",1000,41,99520,31200,true,true
"quicksort","Random",1000,42,105056,33000,true,true
"quicksort","Random",1000,43,102272,32100,true,true
"quicksort","Random",1000,44,103072,32300,true,true
"quicksort","Random",1000,45,124480,39100,true,true
"quicksort","Random",1000,46,104224,32800,true,true
"quicksort","Random",1000,47,137920,43300,true,true
"quicksort","Random",1000,48,102784,32300,true,true
"quicksort","Random",1000,49,102944,32400,true,true
"quicksort","Random",1000,50,103488,32400,true,true
"quicksort","Random",1000,51,101408,31800,true,true
"quicksort","Random",1000,52,102432,32100,true,true
"quicksort","Random",1000,53,101056,31700,true,true
"quicksort","Random",1000,54,101152,31800,true,true
"quicksort","Random",1000,55,102880,32400,true,true
"quicksort","Random",1000,56,103264,32400,true,true
"quicksort","Random",1000,57,104640,32900,true,true
"quicksort","Random",1000,58,104000,32600,true,true
"quicksort","Random",1000,59,102560,32100,true,true
"quicksort","Random",1000,60,101696,31900,true,true
"quicksort","Random",1000,61,105536,33100,true,true
"quicksort","Random",1000,62,103936,32600,true,true
"quicksort","Random",1000,63,102592,32200,true,true
"quicksort","Random",1000,64,103680,32600,true,true
"quicksort","Random",1000,65,105696,33100,true,true
"quicksort","Random",1000,66,103168,32500,true,true
"quicksort","Random",1000,67,101280,31800,true,true
"quicksort","Random",1000,68,102912,32400,true,true
"quicksort","Random",1000,69,102304,32200,true,true
"quicksort","Random",1000,70,104480,32700,true,true
"quicksort","Random",1000,71,116320,36500,true,true
"quicksort","Random",1000,72,102272,32200,true,true
"quicksort","Random",1000,73,135520,42500,true,true
"quicksort","Random",1000,74,102976,32300,true,true
"quicksort","Random",1000,75,101120,31700,true,true
"quicksort","Random",1000,76,102112,32000,true,true
"quicksort","Random",1000,77,101312,31800,true,true
"quicksort","Random",1000,78,103456,32500,true,true
"quicksort","Random",1000,79,104288,32700,true,true
"quicksort","Random",1000,80,104576,32800,true,true
"quicksort","Random",1000,81,101472,31900,true,true
"quicksort","Random",1000,82,100096,31400,true,true
"quicksort","Random",1000,83,104064,32600,true,true
"quicksort","Random",1000,84,99936,31400,true,true
"quicksort","Random",1000,85,104704,32800,true,true
"quicksort","Random",1000,86,102432,32100,true,true
"quicksort","Random",1000,87,102720,32300,true,true
"quicksort","Random",1000,88,104320,32800,true,true
"quicksort","Random",1000,89,102816,32200,true,true
"quicksort","Random",1000,90,104640,32900,true,true
"quicksort","Random",1000,91,200288,62800,true,true
"quicksort","Random",1000,92,113472,35600,true,true
"quicksort","Random",1000,93,98784,31100,true,true
"quicksort","Random",1000,94,102496,32300,true,true
"quicksort","Random",1000,95,100480,31600,true,true
"quicksort","Random",1000,96,102336,32200,true,true
"quicksort","Random",1000,97,104384,32700,true,true
"quicksort","Random",1000,98,104384,32900,true,true
"quicksort","Random",1000,99,103360,32500,true,true
"heap","Random",1000,0,119424,37400,true,true
"heap","Random",1000,1,119968,37700,true,true
"heap","Random",1000,2,120832,37900,true,true
"heap","Random",1000,3,120096,37700,true,true
"heap","Random",1000,4,157024,49300,true,true
"heap","Random",1000,5,119104,37400,true,true
"heap","Random",1000,6,121152,38000,true,true
"heap","Random",1000,7,119840,37600,true,true
"heap","Random",1000,8,121504,38100,true,true
"heap","Random",1000,9,119520,37500,true,true
"heap","Random",1000,10,119456,37500,true,true
"heap","Random",1000,11,120320,37800,true,true
"heap","Random",1000,12,120896,37900,true,true
"heap","Random",1000,13,119328,37400,true,true
"heap","Random",1000,14,118528,37200,true,true
"heap","Random",1000,15,119552,37500,true,true
"heap","Random",1000,16,120032,37600,true,true
"heap","Random",1000,17,118496,37200,true,true
"heap","Random",1000,18,119936,37700,true,true
"heap","Random",1000,19,119968,37700,true,true
"heap","Random",1000,20,118304,37100,true,true
"heap","Random",1000,21,119264,37400,true,true
"heap","Random",1000,22,121440,38100,true,true
"heap","Random",1000,23,119456,37500,true,true
"heap","Random",1000,24,119200,37400,true,true
"heap","Random",1000,25,118688,37200,true,true
"heap","Random",1000,26,120128,37700,true,true
"heap","Random",1000,27,118976,37300,true,true
"heap","Random",1000,28,156768,49200,true,true
"heap","Random",1000,29,120864,37900,true,true
"heap","Random",1000,30,118880,37300,true,true
"heap","Random",1000,31,119936,37600,true,true
"heap","Random",1000,32,120000,37600,true,true
"heap","Random",1000,33,120576,37800,true,true
"heap","Random",1000,34,117728,36900,true,true
"heap","Random",1000,35,116896,36700,true,true
"heap","Random",1000,36,120480,37800,true,true
"heap","Random",1000,37,119968,37600,true,true
"heap","Random",1000,38,119488,37600,true,true
"heap","Random",1000,39,118720,37300,true,true
"heap","Random",1000,40,118720,37300,true,true
"heap","Random",1000,41,120064,37600,true,true
"heap","Random",1000,42,119040,37300,true,true
"heap","Random",1000,43,120256,37800,true,true
"heap","Random",1000,44,119200,37400,true,true
"heap","Random",1000,45,119584,37500,true,true
"heap","Random",1000,46,118816,37300,true,true
"heap","Random",1000,47,118912,37300,true,true
"heap","Random",1000,48,118208,37100,true,true
"heap","Random",1000,49,119488,37500,true,true
"heap","Random",1000,50,118976,37300,true,true
"heap","Random",1000,51,131584,41300,true,true
"heap","Random",1000,52,152992,48000,true,true
"heap","Random",1000,53,117952,37000,true,true
"heap","Random",1000,54,117792,37000,true,true
"heap","Random",1000,55,118592,37200,true,true
"heap","Random",1000,56,118944,37400,true,true
"heap","Random",1000,57,118976,37300,true,true
"heap","Random",1000,58,119136,37400,true,true
"heap","Random",1000,59,118656,37200,true,true
"heap","Random",1000,60,119424,37500,true,true
"heap","Random",1000,61,119424,37500,true,true
"heap","Random",1000,62,120256,37700,true,true
"heap","Random",1000,63,118944,37300,true,true
"heap","Random",1000,64,119776,37600,true,true
"heap","Random",1000,65,118720,37200,true,true
"heap","Random",1000,66,118592,37200,true,true
"heap","Random",1000,67,118496,37200,true,true
"heap","Random",1000,68,120672,37800,true,true
"heap","Random",1000,69,117760,37000,true,true
"heap","Random",1000,70,117792,36900,true,true
"heap","Random",1000,71,117760,36900,true,true
"heap","Random",1000,72,118976,37400,true,true
"heap","Random",1000,73,119296,37500,true,true
"heap","Random",1000,74,120000,37700,true,true
"heap","Random",1000,75,119808,37600,true,true
"heap","Random",1000,76,118048,37100,true,true
"heap","Random",1000,77,151808,47600,true,true
"heap","Random",1000,78,117664,36900,true,true
"heap","Random",1000,79,118720,37200,true,true
"heap","Random",1000,80,117984,37000,true,true
"heap","Random",1000,81,118112,37100,true,true
"heap","Random",1000,82,118112,37000,true,true
"heap","Random",1000,83,118016,37000,true,true
"heap","Random",1000,84,119488,37500,true,true
"heap","Random",1000,85,117696,36900,true,true
"heap","Random",1000,86,117312,36800,true,true
"heap","Random",1000,87,118496,37200,true,true
"heap","Random",1000,88,117984,37100,true,true
"heap","Random",1000,89,119104,37400,true,true
"heap","Random",1000,90,120384,37700,true,true
"heap","Random",1000,91,119040,37400,true,true
"heap","Random",1000,92,117344,36800,true,true
"heap","Random",1000,93,124928,39200,true,true
"heap","Random",1000,94,118496,37200,true,true
"heap","Random",1000,95,117600,36800,true,true
"heap","Random",1000,96,117344,36800,true,true
"heap","Random",1000,97,119168,37400,true,true
"heap","Random",1000,98,117760,37000,true,true
"heap","Random",1000,99,118240,37100,true,true
"std-sort","Random",1000,0,72672,22900,true,true
"std-sort","Random",1000,1,72416,22800,true,true
"std-sort","Random",1000,2,71968,22600,true,true
"std-sort","Random",1000,3,71584,22500,true,true
"std-sort","Random",1000,4,69216,21700,true,true
"std-sort","Random",1000,5,71872,22600,true,true
"std-sort","Random",1000,6,69248,21800,true,true
"std-sort","Random",1000,7,71616,22500,true,true
"std-sort","Random",1000,8,71232,22400,true,true
"std-sort","Random",1000,9,69280,21700,true,true
"std-sort","Random",1000,10,70656,22200,true,true
"std-sort","Random",1000,11,70272,22100,true,true
"std-sort","Random",1000,12,71488,22500,true,true
"std-sort","Random",1000,13,70560,22200,true,true
"std-sort","Random",1000,14,66816,21000,true,true
"std-sort","Random",1000,15,70080,22000,true,true
"std-sort","Random",1000,16,70048,22000,true,true
"std-sort","Random",1000,17,70592,22200,true,true
"std-sort","Random",1000,18,69408,21800,true,true
"std-sort","Random",1000,19,71040,22300,true,true
"std-sort","Random",1000,20,70112,22000,true,true
"std-sort","Random",1000,21,101856,32000,true,true
"std-sort","Random",1000,22,69664,21900,true,true
"std-sort","Random",1000,23,68864,21600,true,true
"std-sort","Random",1000,24,71552,22500,true,true
"std-sort","Random",1000,25,69632,21900,true,true
"std-sort","Random",1000,26,70880,22200,true,true
"std-sort","Random",1000,27,71584,22500,true,true
"std-sort","Random",1000,28,71136,22300,true,true
"std-sort","Random",1000,29,70272,22100,true,true
"std-sort","Random",1000,30,69472,21800,true,true
"std-sort","Random",1000,31,70624,22200,true,true
"std-sort","Random",1000,32,68608,21600,true,true
"std-sort","Random",1000,33,69600,21900,true,true
"std-sort","Random",1000,34,69088,21700,true,true
"std-sort","Random",1000,35,69024,21700,true,true
"std-sort","Random",1000,36,70912,22300,true,true
"std-sort","Random",1000,37,69344,21700,true,true
"std-sort","Random",1000,38,70176,22100,true,true
"std-sort","Random",1000,39,71104,22400,true,true
"std-sort","Random",1000,40,72224,22700,true,true
"std-sort","Random",1000,41,72736,22800,true,true
"std-sort","Random",1000,42,70976,22300,true,true
"std-sort","Random",1000,43,68800,21600,true,true
"std-sort","Random",1000,44,68704,21600,true,true
"std-sort","Random",1000,45,70656,22200,true,true
"std-sort","Random",1000,46,70560,22100,true,true
"std-sort","Random",1000,47,70752,22200,true,true
"std-sort","Random",1000,48,67776,21300,true,true
"std-sort","Random",1000,49,81024,25500,true,true
"std-sort","Random",1000,50,69312,21800,true,true
"std-sort","Random",1000,51,70400,22100,true,true
"std-sort","Random",1000,52,70112,22000,true,true
"std-sort","Random",1000,53,71648,22500,true,true
"std-sort","Random",1000,54,70624,22200,true,true
"std-sort","Random",1000,55,67872,21300,true,true
"std-sort","Random",1000,56,68896,21600,true,true
"std-sort","Random",1000,57,70176,22100,true,true
"std-sort","Random",1000,58,68896,21600,true,true
"std-sort","Random",1000,59,70208,22100,true,true
"std-sort","Random",1000,60,69792,22000,true,true
"std-sort","Random",1000,61,105184,33000,true,true
"std-sort","Random",1000,62,70688,22200,true,true
"std-sort","Random",1000,63,69952,22000,true,true
"std-sort","Random",1000,64,69664,21900,true,true
"std-sort","Random",1000,65,69696,21900,true,true
"std-sort","Random",1000,66,68800,21600,true,true
"std-sort","Random",1000,67,70176,22100,true,true
"std-sort","Random",1000,68,72128,22700,true,true
"std-sort","Random",1000,69,69792,22000,true,true
"std-sort","Random",1000,70,70016,22000,true,true
"std-sort","Random",1000,71,67744,21300,true,true
"std-sort","Random",1000,72,70560,22200,true,true
"std-sort","Random",1000,73,70368,22200,true,true
"std-sort","Random",1000,74,70816,22200,true,true
"std-sort","Random",1000,75,68512,21600,true,true
"std-sort","Random",1000,76,69152,21700,true,true
"std-sort","Random",1000,77,69664,21800,true,true
"std-sort","Random",1000,78,72448,22800,true,true
"std-sort","Random",1000,79,70912,22300,true,true
"std-sort","Random",1000,80,68928,21600,true,true
"std-sort","Random",1000,81,71232,22400,true,true
"std-sort","Random",1000,82,71168,22300,true,true
"std-sort","Random",1000,83,71040,22300,true,true
"std-sort","Random",1000,84,71424,22500,true,true
"std-sort","Random",1000,85,72224,22700,true,true
"std-sort","Random",1000,86,70592,22200,true,true
"std-sort","Random",1000,87,139136,43600,true,true
"std-sort","Random",1000,88,70720,22200,true,true
"std-sort","Random",1000,89,71616,22500,true,true
"std-sort","Random",1000,90,70240,22100,true,true
"std-sort","Random",1000,91,67328,21200,true,true
"std-sort","Random",1000,92,70144,22000,true,true
"std-sort","Random",1000,93,70496,22100,true,true
"std-sort","Random",1000,94,69728,21900,true,true
"std-sort","Random",1000,95,70336,22100,true,true
"std-sort","Random",1000,96,71808,22600,true,true
"std-sort","Random",1000,97,68672,21600,true,true
"std-sort","Random",1000,98,70560,22200,true,true
"std-sort","Random",1000,99,69952,22000,true,true
"std-stable-sort","Random",1000,0,75008,23500,true,true
"std-stable-sort","Random",1000,1,76768,24100,true,true
"std-stable-sort","Random",1000,2,76480,24100,true,true
"std-stable-sort","Random",1000,3,76320,24000,true,true
"std-stable-sort","Random",1000,4,75584,23700,true,true
"std-stable-sort","Random",1000,5,84224,26400,true,true
"std-stable-sort","Random",1000,6,75392,23800,true,true
"std-stable-sort","Random",1000,7,75968,23800,true,true
"std-stable-sort","Random",1000,8,75712,23800,true,true
"std-stable-sort","Random",1000,9,75488,23700,true,true
"std-stable-sort","Random",1000,10,83328,26100,true,true
"std-stable-sort","Random",1000,11,76128,24000,true,true
"std-stable-sort","Random",1000,12,76288,24000,true,true
"std-stable-sort","Random",1000,13,75264,23600,true,true
"std-stable-sort","Random",1000,14,76512,24100,true,true
"std-stable-sort","Random",1000,15,75872,23800,true,true
"std-stable-sort","Random",1000,16,112064,35100,true,true
"std-stable-sort","Random",1000,17,75520,23700,true,true
"std-stable-sort","Random",1000,18,75968,23900,true,true
"std-stable-sort","Random",1000,19,76512,24100,true,true
"std-stable-sort","Random",1000,20,75808,23800,true,true
"std-stable-sort","Random",1000,21,81152,25500,true,true
"std-stable-sort","Random",1000,22,75968,23900,true,true
"std-stable-sort","Random",1000,23,75200,23600,true,true
"std-stable-sort","Random",1000,24,76480,24100,true,true
"std-stable-sort","Random",1000,25,75296,23700,true,true
"std-stable-sort","Random",1000,26,76896,24200,true,true
"std-stable-sort","Random",1000,27,73888,23300,true,true
"std-stable-sort","Random",1000,28,75328,23700,true,true
"std-stable-sort","Random",1000,29,75904,23800,true,true
"std-stable-sort","Random",1000,30,76256,23900,true,true
"std-stable-sort","Random",1000,31,75136,23600,true,true
"std-stable-sort","Random",1000,32,76000,23900,true,true
"std-stable-sort","Random",1000,33,75200,23700,true,true
"std-stable-sort","Random",1000,34,76544,24000,true,true
"std-stable-sort","Random",1000,35,75680,23700,true,true
"std-stable-sort","Random",1000,36,74912,23500,true,true
"std-stable-sort","Random",1000,37,75200,23800,true,true
"std-stable-sort","Random",1000,38,78720,24800,true,true
"std-stable-sort","Random",1000,39,77408,24300,true,true
"std-stable-sort","Random",1000,40,75808,23800,true,true
"std-stable-sort","Random",1000,41,75424,23900,true,true
"std-stable-sort","Random",1000,42,75520,23700,true,true
"std-stable-sort","Random",1000,43,75680,23700,true,true
"std-stable-sort","Random",1000,44,78976,24800,true,true
"std-stable-sort","Random",1000,45,74432,23400,true,true
"std-stable-sort","Random",1000,46,75296,23600,true,true
"std-stable-sort","Random",1000,47,75776,23800,true,true
"std-stable-sort","Random",1000,48,74016,23300,true,true
"std-stable-sort","Random",1000,49,76000,23900,true,true
"std-stable-sort","Random",1000,50,75424,23700,true,true
"std-stable-sort","Random",1000,51,78304,24600,true,true
"std-stable-sort","Random",1000,52,75168,23600,true,true
"std-stable-sort","Random",1000,53,111328,34900,true,true
"std-stable-sort","Random",1000,54,75200,23700,true,true
"std-stable-sort","Random",1000,55,74976,23600,true,true
"std-stable-sort","Random",1000,56,75296,23700,true,true
"std-stable-sort","Random",1000,57,77824,24500,true,true
"std-stable-sort","Random",1000,58,75456,23700,true,true
"std-stable-sort","Random",1000,59,75968,23900,true,true
"std-stable-sort","Random",1000,60,74912,23600,true,true
"std-stable-sort","Random",1000,61,75776,23800,true,true
"std-stable-sort","Random",1000,62,78144,24500,true,true
"std-stable-sort","Random",1000,63,74368,23400,true,true
"std-stable-sort","Random",1000,64,75424,23700,true,true
"std-stable-sort","Random",1000,65,75904,23800,true,true
"std-stable-sort","Random",1000,66,79648,25000,true,true
"std-stable-sort","Random",1000,67,75808,23800,true,true
"std-stable-sort","Random",1000,68,74976,23600,true,true
"std-stable-sort","Random",1000,69,75104,23600,true,true
"std-stable-sort","Random",1000,70,74656,23400,true,true
"std-stable-sort","Random",1000,71,76736,24100,true,true
"std-stable-sort","Random",1000,72,75424,23600,true,true
"std-stable-sort","Random",1000,73,75488,23700,true,true
"std-stable-sort","Random",1000,74,76320,23900,true,true
"std-stable-sort","Random",1000,75,77472,24400,true,true
"std-stable-sort","Random",1000,76,75808,23800,true,true
"std-stable-sort","Random",1000,77,75616,23700,true,true
"std-stable-sort","Random",1000,78,85696,27000,true,true
"std-stable-sort","Random",1000,79,76160,23900,true,true
"std-stable-sort","Random",1000,80,75808,23800,true,true
"std-stable-sort","Random",1000,81,74528,23400,true,true
"std-stable-sort","Random",1000,82,75808,23900,true,true
"std-stable-sort","Random",1000,83,75264,23700,true,true
"std-stable-sort","Random",1000,84,75104,23600,true,true
"std-stable-sort","Random",1000,85,76736,24100,true,true
"std-stable-sort","Random",1000,86,75840,23800,true,true
"std-stable-sort","Random",1000,87,75040,23600,true,true
"std-stable-sort","Random",1000,88,77088,24200,true,true
"std-stable-sort","Random",1000,89,108352,34000,true,true
"std-stable-sort","Random",1000,90,76576,24000,true,true
"std-stable-sort","Random",1000,91,74784,23500,true,true
"std-stable-sort","Random",1000,92,75872,23800,true,true
"std-stable-sort","Random",1000,93,76640,24000,true,true
"std-stable-sort","Random",1000,94,75296,23600,true,true
"std-stable-sort","Random",1000,95,76128,24000,true,true
"std-stable-sort","Random",1000,96,75360,23700,true,true
"std-stable-sort","Random",1000,97,75648,23700,true,true
"std-stable-sort","Random",1000,98,76032,23800,true,true
"std-stable-sort","Random",1000,99,75616,23700,true,true
"bubble","Random",5000,0,22006304,6890600,true,true
"bubble","Random",5000,1,27811264,8708400,true,true
"bubble","Random",5000,2,23150336,7248700,true,true
"bubble","Random",5000,3,23539360,7371500,true,true
"bubble","Random",5000,4,22970048,7192500,true,true
"bubble","Random",5000,5,23314304,7300100,true,true
"bubble","Random",5000,6,22767168,7128700,true,true
"bubble","Random",5000,7,23229696,7273500,true,true
"bubble","Random",5000,8,22932992,7180600,true,true
"bubble","Random",5000,9,22567136,7066100,true,true
"bubble","Random",5000,10,23169709,7255300,true,true
"bubble","Random",5000,11,21725824,6802700,true,true
"bubble","Random",5000,12,22095040,6918700,true,true
"bubble","Random",5000,13,21780736,6819800,true,true
"bubble","Random",5000,14,21965664,6877700,true,true
"bubble","Random",5000,15,21666656,6784100,true,true
"bubble","Random",5000,16,21965440,6877800,true,true
"bubble","Random",5000,17,22018720,6894700,true,true
"bubble","Random",5000,18,21999040,6888200,true,true
"bubble","Random",5000,19,21998816,6888300,true,true
"bubble","Random",5000,20,21895872,6855900,true,true
"bubble","Random",5000,21,21849760,6841600,true,true
"bubble","Random",5000,22,21945792,6871900,true,true
"bubble","Random",5000,23,22013792,6892900,true,true
"bubble","Random",5000,24,22017152,6893800,true,true
"bubble","Random",5000,25,21857792,6844000,true,true
"bubble","Random",5000,26,22025568,6896800,true,true
"bubble","Random",5000,27,22087744,6915900,true,true
"bubble","Random",5000,28,21899104,6857000,true,true
"bubble","Random",5000,29,21852224,6843600,true,true
"bubble","Random",5000,30,22083616,6914700,true,true
"bubble","Random",5000,31,22097280,6919100,true,true
"bubble","Random",5000,32,22034752,6899500,true,true
"bubble","Random",5000,33,22158944,6938400,true,true
"bubble","Random",5000,34,22031776,6898600,true,true
"bubble","Random",5000,35,22060064,6907200,true,true
"bubble","Random",5000,36,22313120,6986900,true,true
"bubble","Random",5000,37,22014208,6893100,true,true
"bubble","Random",5000,38,22195104,6949600,true,true
"bubble","Random",5000,39,22066784,6909400,true,true
"bubble","Random",5000,40,22024480,6896200,true,true
"bubble","Random",5000,41,22195200,6950000,true,true
"bubble","Random",5000,42,21975552,6880800,true,true
"bubble","Random",5000,43,22088192,6916100,true,true
"bubble","Random",5000,44,22055072,6906000,true,true
"bubble","Random",5000,45,21998112,6887900,true,true
"bubble","Random",5000,46,22175072,6943300,true,true
"bubble","Random",5000,47,22072672,6911400,true,true
"bubble","Random",5000,48,22099520,6919600,true,true
"bubble","Random",5000,49,22103200,6920900,true,true
"bubble","Random",5000,50,22162528,6939700,true,true
"bubble","Random",5000,51,22080512,6913700,true,true
"bubble","Random",5000,52,22207264,6953600,true,true
"bubble","Random",5000,53,22167296,6941100,true,true
"bubble","Random",5000,54,22148224,6935500,true,true
"bubble","Random",5000,55,22350272,6998200,true,true
"bubble","Random",5000,56,22059072,6907200,true,true
"bubble","Random",5000,57,22086112,6915500,true,true
"bubble","Random",5000,58,22159456,6938700,true,true
"bubble","Random",5000,59,22123872,6927400,true,true
"bubble","Random",5000,60,22172448,6942700,true,true
"bubble","Random",5000,61,22080736,6913700,true,true
"bubble","Random",5000,62,22305728,6984400,true,true
"bubble","Random",5000,63,22101984,6920500,true,true
"bubble","Random",5000,64,22225984,6959300,true,true
"bubble","Random",5000,65,22083104,6914700,true,true
"bubble","Random",5000,66,22046720,6903100,true,true
"bubble","Random",5000,67,22188480,6947700,true,true
"bubble","Random",5000,68,22205632,6953000,true,true
"bubble","Random",5000,69,22036448,6900000,true,true
"bubble","Random",5000,70,22077632,6912800,true,true
"bubble","Random",5000,71,22178720,6944500,true,true
"bubble","Random",5000,72,22084000,6914800,true,true
"bubble","Random",5000,73,22130528,6929400,true,true
"bubble","Random",5000,74,21933600,6868100,true,true
"bubble","Random",5000,75,22088000,6916500,true,true
"bubble","Random",5000,76,22180960,6945200,true,true
"bubble","Random",5000,77,22240032,6963600,true,true
"bubble","Random",5000,78,22400896,7014300,true,true
"bubble","Random",5000,79,24060640,7535500,true,true
"bubble","Random",5000,80,23923488,7492300,true,true
"bubble","Random",5000,81,22149440,6935400,true,true
"bubble","Random",5000,82,27287680,8545300,true,true
"bubble","Random",5000,83,22717216,7113200,true,true
"bubble","Random",5000,84,23777888,7447200,true,true
"bubble","Random",5000,85,22968064,7191600,true,true
"bubble","Random",5000,86,23236000,7277000,true,true
"bubble","Random",5000,87,22913792,7174800,true,true
"bubble","Random",5000,88,22912976,7175200,true,true
"bubble","Random",5000,89,23132608,7243200,true,true
"bubble","Random",5000,90,22851936,7155200,true,true
"bubble","Random",5000,91,23281952,7290600,true,true
"bubble","Random",5000,92,22821696,7145800,true,true
"bubble","Random",5000,93,23206624,7267000,true,true
"bubble","Random",5000,94,22774432,7131000,true,true
"bubble","Random",5000,95,22934336,7181200,true,true
"bubble","Random",5000,96,22704416,7109300,true,true
"bubble","Random",5000,97,22761760,7127100,true,true
"bubble","Random",5000,98,22892800,7168800,true,true
"bubble","Random",5000,99,22578304,7069700,true,true
"insertion","Random",5000,0,5875872,1840000,true,true
"insertion","Random",5000,1,5797408,1815400,true,true
"insertion","Random",5000,2,5884640,1842900,true,true
"insertion","Random",5000,3,5864384,1836300,true,true
"insertion","Random",5000,4,5786272,1811800,true,true
"insertion","Random",5000,5,5847808,1831200,true,true
"insertion","Random",5000,6,5729280,1793900,true,true
"insertion","Random",5000,7,5824128,1823700,true,true
"insertion","Random",5000,8,6371040,1995400,true,true
"insertion","Random",5000,9,5883840,1842400,true,true
"insertion","Random",5000,10,5836736,1828300,true,true
"insertion","Random",5000,11,5950880,1863300,true,true
"insertion","Random",5000,12,5807008,1818300,true,true
"insertion","Random",5000,13,5919424,1853500,true,true
"insertion","Random",5000,14,5819008,1822100,true,true
"insertion","Random",5000,15,5786944,1812200,true,true
"insertion","Random",5000,16,5705088,1786400,true,true
"insertion","Random",5000,17,5879424,1841100,true,true
"insertion","Random",5000,18,5854432,1833300,true,true
"insertion","Random",5000,19,5783424,1811000,true,true
"insertion","Random",5000,20,5818528,1821900,true,true
"insertion","Random",5000,21,5651232,1769500,true,true
"insertion","Random",5000,22,5775936,1808700,true,true
"insertion","Random",5000,23,5896544,1846400,true,true
"insertion","Random",5000,24,5662144,1773000,true,true
"insertion","Random",5000,25,5782432,1810700,true,true
"insertion","Random",5000,26,6089792,1907200,true,true
"insertion","Random",5000,27,5999008,1878500,true,true
"insertion","Random",5000,28,5743936,1798600,true,true
"insertion","Random",5000,29,5911488,1851000,true,true
"insertion","Random",5000,30,5799424,1815900,true,true
"insertion","Random",5000,31,5748352,1800000,true,true
"insertion","Random",5000,32,5832736,1826300,true,true
"insertion","Random",5000,33,5870528,1838300,true,true
"insertion","Random",5000,34,5748608,1800000,true,true
"insertion","Random",5000,35,6127712,1918700,true,true
"insertion","Random",5000,36,6196416,1940400,true,true
"insertion","Random",5000,37,5735488,1795900,true,true
"insertion","Random",5000,38,5940384,1860100,true,true
"insertion","Random",5000,39,5963168,1867200,true,true
"insertion","Random",5000,40,5795296,1814700,true,true
"insertion","Random",5000,41,5825856,1824200,true,true
"insertion","Random",5000,42,5971072,1869800,true,true
"insertion","Random",5000,43,5883456,1842300,true,true
"insertion","Random",5000,44,6116416,1915600,true,true
"insertion","Random",5000,45,5912384,1851300,true,true
"insertion","Random",5000,46,5779840,1809800,true,true
"insertion","Random",5000,47,5792672,1813900,true,true
"insertion","Random",5000,48,5848160,1831200,true,true
"insertion","Random",5000,49,5816864,1821400,true,true
"insertion","Random",5000,50,5776544,1808800,true,true
"insertion","Random",5000,51,6118432,1915900,true,true
"insertion","Random",5000,52,5794368,1814500,true,true
"insertion","Random",5000,53,6079168,1903600,true,true
"insertion","Random",5000,54,5891264,1844900,true,true
"insertion","Random",5000,55,5766080,1805600,true,true
"insertion","Random",5000,56,5826912,1824700,true,true
"insertion","Random",5000,57,5961792,1866800,true,true
"insertion","Random",5000,58,5893088,1845300,true,true
"insertion","Random",5000,59,5741472,1797900,true,true
"insertion","Random",5000,60,5958144,1865600,true,true
"insertion","Random",5000,61,5908224,1850000,true,true
"insertion","Random",5000,62,5750272,1800600,true,true
"insertion","Random",5000,63,5889472,1844300,true,true
"insertion","Random",5000,64,5955296,1864700,true,true
"insertion","Random",5000,65,10295520,3223700,true,true
"insertion","Random",5000,66,5856640,1834200,true,true
"insertion","Random",5000,67,5970016,1869500,true,true
"insertion","Random",5000,68,5987040,1874700,true,true
"insertion","Random",5000,69,5933376,1857900,true,true
"insertion","Random",5000,70,6233440,1952300,true,true
"insertion","Random",5000,71,6739168,2110400,true,true
"insertion","Random",5000,72,7068384,2214400,true,true
"insertion","Random",5000,73,5970432,1869500,true,true
"insertion","Random",5000,74,5990304,1875900,true,true
"insertion","Random",5000,75,6056832,1897000,true,true
"insertion","Random",5000,76,6062688,1898700,true,true
"insertion","Random",5000,77,5921920,1854300,true,true
"insertion","Random",5000,78,5907136,1849900,true,true
"insertion","Random",5000,79,6245504,1955600,true,true
"insertion","Random",5000,80,6014368,1883500,true,true
"insertion","Random",5000,81,5958976,1866100,true,true
"insertion","Random",5000,82,5937376,1859200,true,true
"insertion","Random",5000,83,6018688,1884600,true,true
"insertion","Random",5000,84,5945344,1861800,true,true
"insertion","Random",5000,85,6009728,1881800,true,true
"insertion","Random",5000,86,5953600,1864200,true,true
"insertion","Random",5000,87,5982016,1873700,true,true
"insertion","Random",5000,88,6109088,1913100,true,true
"insertion","Random",5000,89,5891040,1844800,true,true
"insertion","Random",5000,90,5953920,1864400,true,true
"insertion","Random",5000,91,5895584,1846200,true,true
"insertion","Random",5000,92,5987456,1874800,true,true
"insertion","Random",5000,93,6073248,1901900,true,true
"insertion","Random",5000,94,5978080,1871800,true,true
"insertion","Random",5000,95,6004864,1880300,true,true
"insertion","Random",5000,96,6420896,2011300,true,true
"insertion","Random",5000,97,6127424,1918900,true,true
"insertion","Random",5000,98,6250112,1957200,true,true
"insertion","Random",5000,99,6030944,1888600,true,true
"selection","Random",5000,0,11820576,3701800,true,true
"selection","Random",5000,1,11766176,3684500,true,true
"selection","Random",5000,2,11659552,3651300,true,true
"selection","Random",5000,3,11621344,3639100,true,true
"selection","Random",5000,4,11626112,3640600,true,true
"selection","Random",5000,5,11849152,3710300,true,true
"selection","Random",5000,6,11645824,3646700,true,true
"selection","Random",5000,7,11682048,3657900,true,true
"selection","Random",5000,8,11656992,3650300,true,true
"selection","Random",5000,9,11687680,3660100,true,true
"selection","Random",5000,10,11685728,3659100,true,true
"selection","Random",5000,11,11668096,3653500,true,true
"selection","Random",5000,12,11618176,3638000,true,true
"selection","Random",5000,13,11630784,3641800,true,true
"selection","Random",5000,14,12041024,3770700,true,true
"selection","Random",5000,15,11600832,3632600,true,true
"selection","Random",5000,16,11618720,3638400,true,true
"selection","Random",5000,17,11632448,3642400,true,true
"selection","Random",5000,18,11925024,3734900,true,true
"selection","Random",5000,19,12896096,4039000,true,true
"selection","Random",5000,20,11639296,3644600,true,true
"selection","Random",5000,21,11618464,3638000,true,true
"selection","Random",5000,22,11582720,3626800,true,true
"selection","Random",5000,23,11884224,3721200,true,true
"selection","Random",5000,24,11631008,3641900,true,true
"selection","Random",5000,25,11624032,3639800,true,true
"selection","Random",5000,26,11631328,3642200,true,true
"selection","Random",5000,27,11790144,3691700,true,true
"selection","Random",5000,28,11749792,3679300,true,true
"selection","Random",5000,29,11634656,3643100,true,true
"selection","Random",5000,30,11620480,3638600,true,true
"selection","Random",5000,31,11625728,3640200,true,true
"selection","Random",5000,32,12012480,3761600,true,true
"selection","Random",5000,33,11649888,3647900,true,true
"selection","Random",5000,34,11597312,3631300,true,true
"selection","Random",5000,35,11620704,3638700,true,true
"selection","Random",5000,36,11819008,3701100,true,true
"selection","Random",5000,37,11753632,3680500,true,true
"selection","Random",5000,38,11680352,3657500,true,true
"selection","Random",5000,39,11633056,3642500,true,true
"selection","Random",5000,40,11627168,3640700,true,true
"selection","Random",5000,41,12673600,3969200,true,true
"selection","Random",5000,42,11649920,3647900,true,true
"selection","Random",5000,43,11610560,3635500,true,true
"selection","Random",5000,44,11609632,3635200,true,true
"selection","Random",5000,45,11928800,3735200,true,true
"selection","Random",5000,46,11719168,3669500,true,true
"selection","Random",5000,47,11721600,3670400,true,true
"selection","Random",5000,48,11602656,3633000,true,true
"selection","Random",5000,49,11615680,3637100,true,true
"selection","Random",5000,50,12574880,3938900,true,true
"selection","Random",5000,51,11723136,3670700,true,true
"selection","Random",5000,52,11618592,3638000,true,true
"selection","Random",5000,53,11648448,3647300,true,true
"selection","Random",5000,54,11762144,3683100,true,true
"selection","Random",5000,55,14419696,4517200,true,true
"selection","Random",5000,56,11643808,3645900,true,true
"selection","Random",5000,57,11625184,3640000,true,true
"selection","Random",5000,58,11582496,3626800,true,true
"selection","Random",5000,59,12423360,3890400,true,true
"selection","Random",5000,60,11636000,3643500,true,true
"selection","Random",5000,61,11610144,3635300,true,true
"selection","Random",5000,62,11580064,3626000,true,true
"selection","Random",5000,63,14308336,4481400,true,true
"selection","Random",5000,64,11889568,3722800,true,true
"selection","Random",5000,65,11632640,3642500,true,true
"selection","Random",5000,66,11598336,3631800,true,true
"selection","Random",5000,67,11761728,3683000,true,true
"selection","Random",5000,68,11684320,3658600,true,true
"selection","Random",5000,69,11904928,3729500,true,true
"selection","Random",5000,70,11701248,3663900,true,true
"selection","Random",5000,71,11643840,3646000,true,true
"selection","Random",5000,72,12219520,3826900,true,true
"selection","Random",5000,73,12530112,3924600,true,true
"selection","Random",5000,74,11618336,3638100,true,true
"selection","Random",5000,75,11641952,3645400,true,true
"selection","Random",5000,76,12003840,3758800,true,true
"selection","Random",5000,77,12161248,3808300,true,true
"selection","Random",5000,78,11773504,3686600,true,true
"selection","Random",5000,79,11746080,3678100,true,true
"selection","Random",5000,80,11812608,3698900,true,true
"selection","Random",5000,81,11801952,3695500,true,true
"selection","Random",5000,82,11787232,3691000,true,true
"selection","Random",5000,83,11679616,3657100,true,true
"selection","Random",5000,84,11636512,3643800,true,true
"selection","Random",5000,85,11700672,3663800,true,true
"selection","Random",5000,86,12628384,3955400,true,true
"selection","Random",5000,87,11640672,3645100,true,true
"selection","Random",5000,88,11593728,3630400,true,true
"selection","Random",5000,89,11624704,3639900,true,true
"selection","Random",5000,90,12493120,3912400,true,true
"selection","Random",5000,91,11786656,3691000,true,true
"selection","Random",5000,92,11724032,3671100,true,true
"selection","Random",5000,93,11664128,3652300,true,true
"selection","Random",5000,94,11848768,3710300,true,true
"selection","Random",5000,95,13064096,4092600,true,true
"selection","Random",5000,96,11614752,3636800,true,true
"selection","Random",5000,97,11841888,3708600,true,true
"selection","Random",5000,98,11747296,3678400,true,true
"selection","Random",5000,99,14097376,4415800,true,true
"merge","Random",5000,0,598528,187500,true,true
"merge","Random",5000,1,637664,199700,true,true
"merge","Random",5000,2,598720,187700,true,true
"merge","Random",5000,3,598944,187600,true,true
"merge","Random",5000,4,600512,188100,true,true
"merge","Random",5000,5,600992,188200,true,true
"merge","Random",5000,6,634656,198800,true,true
"merge","Random",5000,7,601280,188300,true,true
"merge","Random",5000,8,602112,188600,true,true
"merge","Random",5000,9,600352,188000,true,true
"merge","Random",5000,10,599904,187900,true,true
"merge","Random",5000,11,647392,202800,true,true
"merge","Random",5000,12,601792,188700,true,true
"merge","Random",5000,13,602688,188700,true,true
"merge","Random",5000,14,600512,188100,true,true
"merge","Random",5000,15,596224,186700,true,true
"merge","Random",5000,16,644512,201900,true,true
"merge","Random",5000,17,629056,197300,true,true
"merge","Random",5000,18,626304,196200,true,true
"merge","Random",5000,19,622560,195000,true,true
"merge","Random",5000,20,621216,194500,true,true
"merge","Random",5000,21,625184,195900,true,true
"merge","Random",5000,22,613632,192600,true,true
"merge","Random",5000,23,616864,193300,true,true
"merge","Random",5000,24,616928,193300,true,true
"merge","Random",5000,25,654880,205100,true,true
"merge","Random",5000,26,617344,193400,true,true
"merge","Random",5000,27,613856,192300,true,true
"merge","Random",5000,28,615904,192900,true,true
"merge","Random",5000,29,614176,192400,true,true
"merge","Random",5000,30,646976,202600,true,true
"merge","Random",5000,31,626496,196300,true,true
"merge","Random",5000,32,617504,193400,true,true
"merge","Random",5000,33,614496,192400,true,true
"merge","Random",5000,34,616928,193200,true,true
"merge","Random",5000,35,659648,206600,true,true
"merge","Random",5000,36,619072,193900,true,true
"merge","Random",5000,37,613344,192700,true,true
"merge","Random",5000,38,615616,193200,true,true
"merge","Random",5000,39,617120,193300,true,true
"merge","Random",5000,40,652000,204200,true,true
"merge","Random",5000,41,627520,196600,true,true
"merge","Random",5000,42,738048,231400,true,true
"merge","Random",5000,43,615840,193000,true,true
"merge","Random",5000,44,745856,234200,true,true
"merge","Random",5000,45,613248,192300,true,true
"merge","Random",5000,46,606112,189800,true,true
"merge","Random",5000,47,642752,201400,true,true
"merge","Random",5000,48,604512,189800,true,true
"merge","Random",5000,49,787008,246800,true,true
"merge","Random",5000,50,676608,212200,true,true
"merge","Random",5000,51,622240,194900,true,true
"merge","Random",5000,52,601824,188500,true,true
"merge","Random",5000,53,650080,203700,true,true
"merge","Random",5000,54,720192,225900,true,true
"merge","Random",5000,55,600704,188300,true,true
"merge","Random",5000,56,601024,188400,true,true
"merge","Random",5000,57,601472,188400,true,true
"merge","Random",5000,58,657856,206300,true,true
"merge","Random",5000,59,603904,189200,true,true
"merge","Random",5000,60,603456,189000,true,true
"merge","Random",5000,61,600704,188200,true,true
"merge","Random",5000,62,603008,188900,true,true
"merge","Random",5000,63,637952,200100,true,true
"merge","Random",5000,64,602176,189000,true,true
"merge","Random",5000,65,616256,193000,true,true
"merge","Random",5000,66,618336,194200,true,true
"merge","Random",5000,67,621632,194800,true,true
"merge","Random",5000,68,657376,206500,true,true
"merge","Random",5000,69,597376,187400,true,true
"merge","Random",5000,70,601664,188500,true,true
"merge","Random",5000,71,597728,187300,true,true
"merge","Random",5000,72,598112,187300,true,true
"merge","Random",5000,73,637056,199500,true,true
"merge","Random",5000,74,603392,189000,true,true
"merge","Random",5000,75,599712,187800,true,true
"merge","Random",5000,76,598240,187400,true,true
"merge","Random",5000,77,604768,189500,true,true
"merge","Random",5000,78,650496,203800,true,true
"merge","Random",5000,79,604192,189400,true,true
"merge","Random",5000,80,603904,189100,true,true
"merge","Random",5000,81,601664,188500,true,true
"merge","Random",5000,82,603584,189000,true,true
"merge","Random",5000,83,637568,199700,true,true
"merge","Random",5000,84,604288,189400,true,true
"merge","Random",5000,85,603104,188900,true,true
"merge","Random",5000,86,602112,188600,true,true
"merge","Random",5000,87,599104,187600,true,true
"merge","Random",5000,88,645984,202400,true,true
"merge","Random",5000,89,605056,189500,true,true
"merge","Random",5000,90,602592,188800,true,true
"merge","Random",5000,91,607456,190300,true,true
"merge","Random",5000,92,606496,190000,true,true
"merge","Random",5000,93,635904,199200,true,true
"merge","Random",5000,94,602048,188500,true,true
"merge","Random",5000,95,604832,189500,true,true
"merge","Random",5000,96,601408,188400,true,true
"merge","Random",5000,97,618368,193700,true,true
"merge","Random",5000,98,674336,211300,true,true
"merge","Random",5000,99,606816,190100,true,true
"quicksort","Random",5000,0,603008,188900,true,true
"quicksort","Random",5000,1,618208,193600,true,true
"quicksort","Random",5000,2,657344,205900,true,true
"quicksort","Random",5000,3,616800,193400,true,true
"quicksort","Random",5000,4,623392,195200,true,true
"quicksort","Random",5000,5,683200,214000,true,true
"quicksort","Random",5000,6,632288,198100,true,true
"quicksort","Random",5000,7,657280,205900,true,true
"quicksort","Random",5000,8,614656,192500,true,true
"quicksort","Random",5000,9,649056,203700,true,true
"quicksort","Random",5000,10,615904,192900,true,true
"quicksort","Random",5000,11,736352,230800,true,true
"quicksort","Random",5000,12,603968,189300,true,true
"quicksort","Random",5000,13,615360,192800,true,true
"quicksort","Random",5000,14,594208,186200,true,true
"quicksort","Random",5000,15,612448,191900,true,true
"quicksort","Random",5000,16,661760,207300,true,true
"quicksort","Random",5000,17,591712,185300,true,true
"quicksort","Random",5000,18,608032,194200,true,true
"quicksort","Random",5000,19,608800,190800,true,true
"quicksort","Random",5000,20,607872,190400,true,true
"quicksort","Random",5000,21,634464,198800,true,true
"quicksort","Random",5000,22,604288,189600,true,true
"quicksort","Random",5000,23,602528,188700,true,true
"quicksort","Random",5000,24,607840,190400,true,true
"quicksort","Random",5000,25,597728,187300,true,true
"quicksort","Random",5000,26,662112,207400,true,true
"quicksort","Random",5000,27,597344,187300,true,true
"quicksort","Random",5000,28,606816,190500,true,true
"quicksort","Random",5000,29,603520,189000,true,true
"quicksort","Random",5000,30,603136,188900,true,true
"quicksort","Random",5000,31,656736,205700,true,true
"quicksort","Random",5000,32,609248,190800,true,true
"quicksort","Random",5000,33,601952,188500,true,true
"quicksort","Random",5000,34,622080,194900,true,true
"quicksort","Random",5000,35,609056,190800,true,true
"quicksort","Random",5000,36,640160,200600,true,true
"quicksort","Random",5000,37,583552,182800,true,true
"quicksort","Random",5000,38,608928,190700,true,true
"quicksort","Random",5000,39,599424,187700,true,true
"quicksort","Random",5000,40,610272,191200,true,true
"quicksort","Random",5000,41,656672,205700,true,true
"quicksort","Random",5000,42,619488,194100,true,true
"quicksort","Random",5000,43,610368,191200,true,true
"quicksort","Random",5000,44,621376,194700,true,true
"quicksort","Random",5000,45,596192,186800,true,true
"quicksort","Random",5000,46,635488,199100,true,true
"quicksort","Random",5000,47,615712,192900,true,true
"quicksort","Random",5000,48,604064,189200,true,true
"quicksort","Random",5000,49,593088,185800,true,true
"quicksort","Random",5000,50,610912,191400,true,true
"quicksort","Random",5000,51,631424,197800,true,true
"quicksort","Random",5000,52,603008,189000,true,true
"quicksort","Random",5000,53,615296,192700,true,true
"quicksort","Random",5000,54,627424,196500,true,true
"quicksort","Random",5000,55,593664,186000,true,true
"quicksort","Random",5000,56,653504,204700,true,true
"quicksort","Random",5000,57,604640,189400,true,true
"quicksort","Random",5000,58,608320,190500,true,true
"quicksort","Random",5000,59,608256,190600,true,true
"quicksort","Random",5000,60,607584,190300,true,true
"quicksort","Random",5000,61,644928,202000,true,true
"quicksort","Random",5000,62,609728,191000,true,true
"quicksort","Random",5000,63,606496,190000,true,true
"quicksort","Random",5000,64,622368,195000,true,true
"quicksort","Random",5000,65,649376,203600,true,true
"quicksort","Random",5000,66,613568,192200,true,true
"quicksort","Random",5000,67,608864,190800,true,true
"quicksort","Random",5000,68,609952,191000,true,true
"quicksort","Random",5000,69,605824,189800,true,true
"quicksort","Random",5000,70,640096,200500,true,true
"quicksort","Random",5000,71,604192,189200,true,true
"quicksort","Random",5000,72,597312,187100,true,true
"quicksort","Random",5000,73,592544,185600,true,true
"quicksort","Random",5000,74,620096,194300,true,true
"quicksort","Random",5000,75,643520,201600,true,true
"quicksort","Random",5000,76,615200,192700,true,true
"quicksort","Random",5000,77,601664,188500,true,true
"quicksort","Random",5000,78,597184,187100,true,true
"quicksort","Random",5000,79,610272,191200,true,true
"quicksort","Random",5000,80,652928,204500,true,true
"quicksort","Random",5000,81,612736,191900,true,true
"quicksort","Random",5000,82,624256,195600,true,true
"quicksort","Random",5000,83,687808,215500,true,true
"quicksort","Random",5000,84,716576,224600,true,true
"quicksort","Random",5000,85,752800,235900,true,true
"quicksort","Random",5000,86,626304,196200,true,true
"quicksort","Random",5000,87,612992,192100,true,true
"quicksort","Random",5000,88,609152,190900,true,true
"quicksort","Random",5000,89,663968,208000,true,true
"quicksort","Random",5000,90,612736,192000,true,true
"quicksort","Random",5000,91,649856,203600,true,true
"quicksort","Random",5000,92,617824,193500,true,true
"quicksort","Random",5000,93,657792,206100,true,true
"quicksort","Random",5000,94,685632,214800,true,true
"quicksort","Random",5000,95,597248,187200,true,true
"quicksort","Random",5000,96,605984,189800,true,true
"quicksort","Random",5000,97,612064,191700,true,true
"quicksort","Random",5000,98,605024,189500,true,true
"quicksort","Random",5000,99,646912,202600,true,true
"heap","Random",5000,0,762848,238900,true,true
"heap","Random",5000,1,731328,229100,true,true
"heap","Random",5000,2,732640,229600,true,true
"heap","Random",5000,3,730368,228800,true,true
"heap","Random",5000,4,764192,239900,true,true
"heap","Random",5000,5,740320,232100,true,true
"heap","Random",5000,6,728512,228200,true,true
"heap","Random",5000,7,728768,228200,true,true
"heap","Random",5000,8,761376,238400,true,true
"heap","Random",5000,9,731872,229200,true,true
"heap","Random",5000,10,732160,229300,true,true
"heap","Random",5000,11,728352,228100,true,true
"heap","Random",5000,12,765184,239600,true,true
"heap","Random",5000,13,729792,228600,true,true
"heap","Random",5000,14,744160,233200,true,true
"heap","Random",5000,15,731232,229100,true,true
"heap","Random",5000,16,761728,238600,true,true
"heap","Random",5000,17,729376,228800,true,true
"heap","Random",5000,18,732352,229300,true,true
"heap","Random",5000,19,730400,228800,true,true
"heap","Random",5000,20,761824,238600,true,true
"heap","Random",5000,21,733824,229800,true,true
"heap","Random",5000,22,741728,232300,true,true
"heap","Random",5000,23,731456,229300,true,true
"heap","Random",5000,24,758560,237600,true,true
"heap","Random",5000,25,730688,228800,true,true
"heap","Random",5000,26,733856,229800,true,true
"heap","Random",5000,27,731136,229000,true,true
"heap","Random",5000,28,764768,239600,true,true
"heap","Random",5000,29,734240,230000,true,true
"heap","Random",5000,30,739488,231600,true,true
"heap","Random",5000,31,733440,229700,true,true
"heap","Random",5000,32,729344,228400,true,true
"heap","Random",5000,33,813248,254700,true,true
"heap","Random",5000,34,732416,229400,true,true
"heap","Random",5000,35,730048,228700,true,true
"heap","Random",5000,36,731136,229200,true,true
"heap","Random",5000,37,774944,243000,true,true
"heap","Random",5000,38,778752,244200,true,true
"heap","Random",5000,39,792800,248400,true,true
"heap","Random",5000,40,783424,245400,true,true
"heap","Random",5000,41,761952,238800,true,true
"heap","Random",5000,42,759584,238000,true,true
"heap","Random",5000,43,764128,239300,true,true
"heap","Random",5000,44,859904,269300,true,true
"heap","Random",5000,45,730176,228700,true,true
"heap","Random",5000,46,749056,234700,true,true
"heap","Random",5000,47,732288,229300,true,true
"heap","Random",5000,48,760352,238200,true,true
"heap","Random",5000,49,728096,228000,true,true
"heap","Random",5000,50,727200,227800,true,true
"heap","Random",5000,51,731456,229100,true,true
"heap","Random",5000,52,727136,227800,true,true
"heap","Random",5000,53,776608,243400,true,true
"heap","Random",5000,54,741696,232300,true,true
"heap","Random",5000,55,726816,227600,true,true
"heap","Random",5000,56,727360,227800,true,true
"heap","Random",5000,57,764992,239600,true,true
"heap","Random",5000,58,729216,228600,true,true
"heap","Random",5000,59,729440,228600,true,true
"heap","Random",5000,60,728480,228300,true,true
"heap","Random",5000,61,761984,238700,true,true
"heap","Random",5000,62,724320,226900,true,true
"heap","Random",5000,63,739520,231700,true,true
"heap","Random",5000,64,730304,228800,true,true
"heap","Random",5000,65,762144,238800,true,true
"heap","Random",5000,66,727040,227700,true,true
"heap","Random",5000,67,723904,226700,true,true
"heap","Random",5000,68,729056,228300,true,true
"heap","Random",5000,69,762240,238800,true,true
"heap","Random",5000,70,725312,227200,true,true
"heap","Random",5000,71,738976,231400,true,true
"heap","Random",5000,72,726112,227400,true,true
"heap","Random",5000,73,758400,237600,true,true
"heap","Random",5000,74,732640,229500,true,true
"heap","Random",5000,75,723584,226700,true,true
"heap","Random",5000,76,726464,227500,true,true
"heap","Random",5000,77,755488,236600,true,true
"heap","Random",5000,78,727040,227800,true,true
"heap","Random",5000,79,734272,230000,true,true
"heap","Random",5000,80,731936,229300,true,true
"heap","Random",5000,81,756320,236900,true,true
"heap","Random",5000,82,728800,228300,true,true
"heap","Random",5000,83,727072,227700,true,true
"heap","Random",5000,84,729632,228500,true,true
"heap","Random",5000,85,728448,228200,true,true
"heap","Random",5000,86,763648,239200,true,true
"heap","Random",5000,87,741088,232100,true,true
"heap","Random",5000,88,729312,228400,true,true
"heap","Random",5000,89,723584,226700,true,true
"heap","Random",5000,90,760384,238200,true,true
"heap","Random",5000,91,726368,227500,true,true
"heap","Random",5000,92,729664,228500,true,true
"heap","Random",5000,93,728256,228100,true,true
"heap","Random",5000,94,762656,238900,true,true
"heap","Random",5000,95,744096,233100,true,true
"heap","Random",5000,96,731648,229400,true,true
"heap","Random",5000,97,724640,227000,true,true
"heap","Random",5000,98,757888,237400,true,true
"heap","Random",5000,99,732576,229400,true,true
"std-sort","Random",5000,0,448992,140800,true,true
"std-sort","Random",5000,1,444352,139500,true,true
"std-sort","Random",5000,2,439136,138300,true,true
"std-sort","Random",5000,3,476992,149600,true,true
"std-sort","Random",5000,4,442432,138600,true,true
"std-sort","Random",5000,5,430464,134900,true,true
"std-sort","Random",5000,6,436480,136800,true,true
"std-sort","Random",5000,7,513664,160900,true,true
"std-sort","Random",5000,8,426368,133800,true,true
"std-sort","Random",5000,9,473760,148400,true,true
"std-sort","Random",5000,10,429056,134400,true,true
"std-sort","Random",5000,11,439776,137800,true,true
"std-sort","Random",5000,12,439136,137600,true,true
"std-sort","Random",5000,13,436192,136700,true,true
"std-sort","Random",5000,14,442144,138500,true,true
"std-sort","Random",5000,15,434208,136100,true,true
"std-sort","Random",5000,16,464960,145600,true,true
"std-sort","Random",5000,17,446368,140000,true,true
"std-sort","Random",5000,18,434656,136300,true,true
"std-sort","Random",5000,19,450560,141100,true,true
"std-sort","Random",5000,20,440096,138100,true,true
"std-sort","Random",5000,21,430720,135000,true,true
"std-sort","Random",5000,22,445120,139400,true,true
"std-sort","Random",5000,23,476736,149300,true,true
"std-sort","Random",5000,24,438496,137400,true,true
"std-sort","Random",5000,25,428960,134400,true,true
"std-sort","Random",5000,26,434496,136100,true,true
"std-sort","Random",5000,27,435072,136300,true,true
"std-sort","Random",5000,28,429760,134700,true,true
"std-sort","Random",5000,29,482144,151100,true,true
"std-sort","Random",5000,30,439072,137600,true,true
"std-sort","Random",5000,31,437568,137100,true,true
"std-sort","Random",5000,32,455616,142700,true,true
"std-sort","Random",5000,33,440576,138100,true,true
"std-sort","Random",5000,34,438144,137200,true,true
"std-sort","Random",5000,35,438368,137400,true,true
"std-sort","Random",5000,36,619168,194000,true,true
"std-sort","Random",5000,37,428000,134200,true,true
"std-sort","Random",5000,38,436960,136900,true,true
"std-sort","Random",5000,39,439328,137700,true,true
"std-sort","Random",5000,40,437696,137100,true,true
"std-sort","Random",5000,41,433568,135900,true,true
"std-sort","Random",5000,42,462688,145000,true,true
"std-sort","Random",5000,43,420992,131900,true,true
"std-sort","Random",5000,44,443680,139000,true,true
"std-sort","Random",5000,45,430784,135100,true,true
"std-sort","Random",5000,46,438880,137600,true,true
"std-sort","Random",5000,47,435872,136600,true,true
"std-sort","Random",5000,48,448576,140500,true,true
"std-sort","Random",5000,49,471776,147800,true,true
"std-sort","Random",5000,50,439808,137800,true,true
"std-sort","Random",5000,51,440576,138000,true,true
"std-sort","Random",5000,52,437600,137100,true,true
"std-sort","Random",5000,53,431296,135100,true,true
"std-sort","Random",5000,54,434464,136100,true,true
"std-sort","Random",5000,55,436288,136600,true,true
"std-sort","Random",5000,56,480768,150700,true,true
"std-sort","Random",5000,57,436640,136800,true,true
"std-sort","Random",5000,58,426304,133600,true,true
"std-sort","Random",5000,59,444928,139400,true,true
"std-sort","Random",5000,60,444224,139200,true,true
"std-sort","Random",5000,61,440160,137900,true,true
"std-sort","Random",5000,62,452800,141800,true,true
"std-sort","Random",5000,63,441056,138200,true,true
"std-sort","Random",5000,64,432832,135600,true,true
"std-sort","Random",5000,65,438400,137300,true,true
"std-sort","Random",5000,66,436192,136700,true,true
"std-sort","Random",5000,67,440416,138000,true,true
"std-sort","Random",5000,68,428352,134200,true,true
"std-sort","Random",5000,69,469568,147100,true,true
"std-sort","Random",5000,70,439872,137800,true,true
"std-sort","Random",5000,71,434336,136000,true,true
"std-sort","Random",5000,72,432352,135500,true,true
"std-sort","Random",5000,73,437728,137100,true,true
"std-sort","Random",5000,74,430528,134900,true,true
"std-sort","Random",5000,75,435072,136300,true,true
"std-sort","Random",5000,76,465312,145800,true,true
"std-sort","Random",5000,77,440608,138000,true,true
"std-sort","Random",5000,78,444544,139200,true,true
"std-sort","Random",5000,79,426784,133700,true,true
"std-sort","Random",5000,80,427648,134000,true,true
"std-sort","Random",5000,81,430432,134900,true,true
"std-sort","Random",5000,82,445376,139600,true,true
"std-sort","Random",5000,83,466656,146200,true,true
"std-sort","Random",5000,84,437920,137200,true,true
"std-sort","Random",5000,85,437248,137000,true,true
"std-sort","Random",5000,86,422272,132300,true,true
"std-sort","Random",5000,87,439936,137900,true,true
"std-sort","Random",5000,88,431200,135100,true,true
"std-sort","Random",5000,89,476032,149100,true,true
"std-sort","Random",5000,90,439040,137500,true,true
"std-sort","Random",5000,91,427392,133900,true,true
"std-sort","Random",5000,92,430848,135000,true,true
"std-sort","Random",5000,93,478752,150000,true,true
"std-sort","Random",5000,94,432512,135600,true,true
"std-sort","Random",5000,95,437088,136900,true,true
"std-sort","Random",5000,96,498272,156200,true,true
"std-sort","Random",5000,97,420608,131900,true,true
"std-sort","Random",5000,98,430336,135000,true,true
"std-sort","Random",5000,99,446976,140100,true,true
"std-stable-sort","Random",5000,0,490240,153600,true,true
"std-stable-sort","Random",5000,1,509600,159600,true,true
"std-stable-sort","Random",5000,2,471008,147600,true,true
"std-stable-sort","Random",5000,3,474432,148700,true,true
"std-stable-sort","Random",5000,4,472384,148000,true,true
"std-stable-sort","Random",5000,5,468896,146900,true,true
"std-stable-sort","Random",5000,6,473120,148200,true,true
"std-stable-sort","Random",5000,7,507808,159100,true,true
"std-stable-sort","Random",5000,8,469568,147100,true,true
"std-stable-sort","Random",5000,9,474816,148900,true,true
"std-stable-sort","Random",5000,10,473120,148200,true,true
"std-stable-sort","Random",5000,11,471552,147700,true,true
"std-stable-sort","Random",5000,12,471488,147700,true,true
"std-stable-sort","Random",5000,13,512288,160500,true,true
"std-stable-sort","Random",5000,14,469600,147200,true,true
"std-stable-sort","Random",5000,15,469280,147000,true,true
"std-stable-sort","Random",5000,16,469824,147200,true,true
"std-stable-sort","Random",5000,17,469888,147200,true,true
"std-stable-sort","Random",5000,18,470656,147600,true,true
"std-stable-sort","Random",5000,19,518304,162300,true,true
"std-stable-sort","Random",5000,20,476128,149100,true,true
"std-stable-sort","Random",5000,21,474688,148700,true,true
"std-stable-sort","Random",5000,22,475040,148900,true,true
"std-stable-sort","Random",5000,23,475712,149000,true,true
"std-stable-sort","Random",5000,24,476224,149200,true,true
"std-stable-sort","Random",5000,25,480768,150600,true,true
"std-stable-sort","Random",5000,26,479232,150300,true,true
"std-stable-sort","Random",5000,27,473024,148200,true,true
"std-stable-sort","Random",5000,28,472992,148200,true,true
"std-stable-sort","Random",5000,29,470144,147300,true,true
"std-stable-sort","Random",5000,30,473792,148400,true,true
"std-stable-sort","Random",5000,31,471808,147800,true,true
"std-stable-sort","Random",5000,32,514528,161200,true,true
"std-stable-sort","Random",5000,33,474752,148700,true,true
"std-stable-sort","Random",5000,34,477632,149600,true,true
"std-stable-sort","Random",5000,35,472768,148200,true,true
"std-stable-sort","Random",5000,36,474272,148600,true,true
"std-stable-sort","Random",5000,37,470432,147400,true,true
"std-stable-sort","Random",5000,38,505824,158500,true,true
"std-stable-sort","Random",5000,39,473344,148300,true,true
"std-stable-sort","Random",5000,40,471200,147600,true,true
"std-stable-sort","Random",5000,41,475168,148800,true,true
"std-stable-sort","Random",5000,42,478400,149900,true,true
"std-stable-sort","Random",5000,43,470912,147500,true,true
"std-stable-sort","Random",5000,44,509568,159600,true,true
"std-stable-sort","Random",5000,45,477312,149600,true,true
"std-stable-sort","Random",5000,46,474688,148700,true,true
"std-stable-sort","Random",5000,47,477056,149400,true,true
"std-stable-sort","Random",5000,48,475680,149000,true,true
"std-stable-sort","Random",5000,49,468960,146900,true,true
"std-stable-sort","Random",5000,50,517984,162300,true,true
"std-stable-sort","Random",5000,51,476288,149200,true,true
"std-stable-sort","Random",5000,52,474560,149000,true,true
"std-stable-sort","Random",5000,53,474304,148600,true,true
"std-stable-sort","Random",5000,54,468928,146900,true,true
"std-stable-sort","Random",5000,55,471904,147800,true,true
"std-stable-sort","Random",5000,56,510592,159900,true,true
"std-stable-sort","Random",5000,57,474880,148700,true,true
"std-stable-sort","Random",5000,58,473504,148300,true,true
"std-stable-sort","Random",5000,59,475904,149100,true,true
"std-stable-sort","Random",5000,60,474624,148700,true,true
"std-stable-sort","Random",5000,61,478720,149900,true,true
"std-stable-sort","Random",5000,62,493952,154800,true,true
"std-stable-sort","Random",5000,63,508032,159100,true,true
"std-stable-sort","Random",5000,64,473728,148800,true,true
"std-stable-sort","Random",5000,65,471680,147700,true,true
"std-stable-sort","Random",5000,66,478848,150000,true,true
"std-stable-sort","Random",5000,67,474336,148600,true,true
"std-stable-sort","Random",5000,68,469376,147000,true,true
"std-stable-sort","Random",5000,69,502176,157300,true,true
"std-stable-sort","Random",5000,70,474368,148600,true,true
"std-stable-sort","Random",5000,71,476448,149200,true,true
"std-stable-sort","Random",5000,72,474976,148800,true,true
"std-stable-sort","Random",5000,73,488384,153000,true,true
"std-stable-sort","Random",5000,74,473504,148300,true,true
"std-stable-sort","Random",5000,75,508160,159200,true,true
"std-stable-sort","Random",5000,76,473216,148200,true,true
"std-stable-sort","Random",5000,77,474112,148600,true,true
"std-stable-sort","Random",5000,78,581408,182200,true,true
"std-stable-sort","Random",5000,79,575040,180300,true,true
"std-stable-sort","Random",5000,80,553760,173900,true,true
"std-stable-sort","Random",5000,81,604064,189200,true,true
"std-stable-sort","Random",5000,82,538144,168600,true,true
"std-stable-sort","Random",5000,83,500064,156700,true,true
"std-stable-sort","Random",5000,84,531328,166500,true,true
"std-stable-sort","Random",5000,85,480672,150600,true,true
"std-stable-sort","Random",5000,86,579968,181900,true,true
"std-stable-sort","Random",5000,87,498592,157200,true,true
"std-stable-sort","Random",5000,88,534016,167300,true,true
"std-stable-sort","Random",5000,89,476928,149400,true,true
"std-stable-sort","Random",5000,90,474112,148600,true,true
"std-stable-sort","Random",5000,91,486784,152500,true,true
"std-stable-sort","Random",5000,92,541216,169500,true,true
"std-stable-sort","Random",5000,93,478976,150200,true,true
"std-stable-sort","Random",5000,94,473280,148300,true,true
"std-stable-sort","Random",5000,95,475488,148900,true,true
"std-stable-sort","Random",5000,96,506240,158600,true,true
"std-stable-sort","Random",5000,97,471904,147800,true,true
"std-stable-sort","Random",5000,98,516224,161900,true,true
"std-stable-sort","Random",5000,99,476288,149400,true,true
"bubble","Random",10000,0,93846451,29387300,true,true
"bubble","Random",10000,1,93649472,29325300,true,true
"bubble","Random",10000,2,91953885,28794300,true,true
"bubble","Random",10000,3,90305120,28276500,true,true
"bubble","Random",10000,4,89563072,28043700,true,true
"bubble","Random",10000,5,88726880,27781400,true,true
"bubble","Random",10000,6,89559680,28043200,true,true
"bubble","Random",10000,7,90008032,28183200,true,true
"bubble","Random",10000,8,88524256,27717900,true,true
"bubble","Random",10000,9,88625328,27750700,true,true
"bubble","Random",10000,10,89849664,28133800,true,true
"bubble","Random",10000,11,88658592,27760000,true,true
"bubble","Random",10000,12,87565664,27418500,true,true
"bubble","Random",10000,13,87051264,27256600,true,true
"bubble","Random",10000,14,87301536,27335700,true,true
"bubble","Random",10000,15,87047264,27256200,true,true
"bubble","Random",10000,16,87307616,27337200,true,true
"bubble","Random",10000,17,93963840,29421600,true,true
"bubble","Random",10000,18,89251456,27946400,true,true
"bubble","Random",10000,19,89201408,27931400,true,true
"bubble","Random",10000,20,89585040,28052800,true,true
"bubble","Random",10000,21,89578048,28048200,true,true
"bubble","Random",10000,22,89504000,28025400,true,true
"bubble","Random",10000,23,89104096,27901000,true,true
"bubble","Random",10000,24,89620288,28062700,true,true
"bubble","Random",10000,25,90126400,28220500,true,true
"bubble","Random",10000,26,89505440,28025500,true,true
"bubble","Random",10000,27,89013456,27872700,true,true
"bubble","Random",10000,28,89623904,28062200,true,true
"bubble","Random",10000,29,89391904,27989500,true,true
"bubble","Random",10000,30,88621280,27748300,true,true
"bubble","Random",10000,31,88975744,27860000,true,true
"bubble","Random",10000,32,89043168,27880400,true,true
"bubble","Random",10000,33,89452704,28008600,true,true
"bubble","Random",10000,34,92296080,28901200,true,true
"bubble","Random",10000,35,90214144,28249000,true,true
"bubble","Random",10000,36,89947216,28164800,true,true
"bubble","Random",10000,37,89876576,28142100,true,true
"bubble","Random",10000,38,89800352,28117700,true,true
"bubble","Random",10000,39,89971072,28171800,true,true
"bubble","Random",10000,40,89182016,27924300,true,true
"bubble","Random",10000,41,90006016,28182400,true,true
"bubble","Random",10000,42,89503552,28024700,true,true
"bubble","Random",10000,43,88565184,27742600,true,true
"bubble","Random",10000,44,89588320,28051500,true,true
"bubble","Random",10000,45,89215680,27934300,true,true
"bubble","Random",10000,46,89624832,28064900,true,true
"bubble","Random",10000,47,88980224,27861500,true,true
"bubble","Random",10000,48,89542528,28036600,true,true
"bubble","Random",10000,49,88495936,27709300,true,true
"bubble","Random",10000,50,89362432,27980400,true,true
"bubble","Random",10000,51,88713664,27777200,true,true
"bubble","Random",10000,52,89297024,27960000,true,true
"bubble","Random",10000,53,89171296,27920400,true,true
"bubble","Random",10000,54,87864448,27511300,true,true
"bubble","Random",10000,55,86942464,27223200,true,true
"bubble","Random",10000,56,86768864,27168200,true,true
"bubble","Random",10000,57,86977888,27233900,true,true
"bubble","Random",10000,58,87092160,27269400,true,true
"bubble","Random",10000,59,87276000,27327100,true,true
"bubble","Random",10000,60,87286880,27330400,true,true
"bubble","Random",10000,61,86632608,27126000,true,true
"bubble","Random",10000,62,86973280,27232400,true,true
"bubble","Random",10000,63,87035936,27251800,true,true
"bubble","Random",10000,64,86562176,27103600,true,true
"bubble","Random",10000,65,87034720,27251700,true,true
"bubble","Random",10000,66,87040096,27253000,true,true
"bubble","Random",10000,67,86606752,27117500,true,true
"bubble","Random",10000,68,88011296,27557900,true,true
"bubble","Random",10000,69,87014720,27245300,true,true
"bubble","Random",10000,70,87287520,27330500,true,true
"bubble","Random",10000,71,93591936,29305100,true,true
"bubble","Random",10000,72,92747808,29042900,true,true
"bubble","Random",10000,73,89718656,28092200,true,true
"bubble","Random",10000,74,89629248,28063900,true,true
"bubble","Random",10000,75,89145728,27913300,true,true
"bubble","Random",10000,76,89395200,27990600,true,true
"bubble","Random",10000,77,93100736,29151400,true,true
"bubble","Random",10000,78,89771776,28108400,true,true
"bubble","Random",10000,79,89348640,27976100,true,true
"bubble","Random",10000,80,88337056,27659300,true,true
"bubble","Random",10000,81,87581120,27422500,true,true
"bubble","Random",10000,82,88395552,27678100,true,true
"bubble","Random",10000,83,96972416,30364300,true,true
"bubble","Random",10000,84,97400288,30498200,true,true
"bubble","Random",10000,85,101154367,31674100,true,true
"bubble","Random",10000,86,101384436,31745700,true,true
"bubble","Random",10000,87,134413815,42088100,true,true
"bubble","Random",10000,88,113213193,35449700,true,true
"bubble","Random",10000,89,96255264,30139600,true,true
"bubble","Random",10000,90,98112224,30722700,true,true
"bubble","Random",10000,91,95223552,29817900,true,true
"bubble","Random",10000,92,95089728,29774700,true,true
"bubble","Random",10000,93,92896864,29088700,true,true
"bubble","Random",10000,94,101490688,31780000,true,true
"bubble","Random",10000,95,92639616,29007500,true,true
"bubble","Random",10000,96,92053888,28823600,true,true
"bubble","Random",10000,97,92640416,29007400,true,true
"bubble","Random",10000,98,95384352,29867100,true,true
"bubble","Random",10000,99,94467840,29579400,true,true
"insertion","Random",10000,0,24129920,7555500,true,true
"insertion","Random",10000,1,23939104,7495700,true,true
"insertion","Random",10000,2,23648704,7404700,true,true
"insertion","Random",10000,3,24393056,7640400,true,true
"insertion","Random",10000,4,23995904,7513400,true,true
"insertion","Random",10000,5,23706848,7422900,true,true
"insertion","Random",10000,6,23950336,7499400,true,true
"insertion","Random",10000,7,23868224,7473700,true,true
"insertion","Random",10000,8,23596864,7388500,true,true
"insertion","Random",10000,9,25421376,7960600,true,true
"insertion","Random",10000,10,24012160,7518700,true,true
"insertion","Random",10000,11,23716480,7426000,true,true
"insertion","Random",10000,12,23764768,7441000,true,true
"insertion","Random",10000,13,23670464,7411500,true,true
"insertion","Random",10000,14,23844832,7466100,true,true
"insertion","Random",10000,15,23945824,7498000,true,true
"insertion","Random",10000,16,23709408,7423900,true,true
"insertion","Random",10000,17,23366304,7316300,true,true
"insertion","Random",10000,18,23938688,7495800,true,true
"insertion","Random",10000,19,23880992,7477400,true,true
"insertion","Random",10000,20,23959936,7502500,true,true
"insertion","Random",10000,21,23795392,7450600,true,true
"insertion","Random",10000,22,23975456,7507200,true,true
"insertion","Random",10000,23,23708352,7423300,true,true
"insertion","Random",10000,24,23928832,7492600,true,true
"insertion","Random",10000,25,23670080,7411500,true,true
"insertion","Random",10000,26,23756736,7438700,true,true
"insertion","Random",10000,27,24252128,7594200,true,true
"insertion","Random",10000,28,23786944,7448000,true,true
"insertion","Random",10000,29,23800224,7452400,true,true
"insertion","Random",10000,30,23583936,7384400,true,true
"insertion","Random",10000,31,24218016,7583000,true,true
"insertion","Random",10000,32,23742528,7434200,true,true
"insertion","Random",10000,33,23762496,7440400,true,true
"insertion","Random",10000,34,23598528,7389100,true,true
"insertion","Random",10000,35,23795360,7450700,true,true
"insertion","Random",10000,36,24003200,7516000,true,true
"insertion","Random",10000,37,23829408,7461400,true,true
"insertion","Random",10000,38,24141248,7560200,true,true
"insertion","Random",10000,39,23706944,7423000,true,true
"insertion","Random",10000,40,26512128,8303800,true,true
"insertion","Random",10000,41,25016448,7836900,true,true
"insertion","Random",10000,42,23889760,7480300,true,true
"insertion","Random",10000,43,23666112,7410700,true,true
"insertion","Random",10000,44,23730880,7430500,true,true
"insertion","Random",10000,45,23991200,7512200,true,true
"insertion","Random",10000,46,23574784,7381700,true,true
"insertion","Random",10000,47,23816000,7457400,true,true
"insertion","Random",10000,48,23894752,7481800,true,true
"insertion","Random",10000,49,24394240,7639700,true,true
"insertion","Random",10000,50,23749152,7436300,true,true
"insertion","Random",10000,51,24345504,7623900,true,true
"insertion","Random",10000,52,23863968,7472100,true,true
"insertion","Random",10000,53,23758976,7439300,true,true
"insertion","Random",10000,54,24639104,7716600,true,true
"insertion","Random",10000,55,24329248,7617800,true,true
"insertion","Random",10000,56,24711232,7738800,true,true
"insertion","Random",10000,57,23655104,7406900,true,true
"insertion","Random",10000,58,23813152,7456500,true,true
"insertion","Random",10000,59,23921824,7490300,true,true
"insertion","Random",10000,60,23881472,7477600,true,true
"insertion","Random",10000,61,24019584,7520900,true,true
"insertion","Random",10000,62,23987040,7510800,true,true
"insertion","Random",10000,63,23780640,7446500,true,true
"insertion","Random",10000,64,24222464,7585300,true,true
"insertion","Random",10000,65,23828608,7461600,true,true
"insertion","Random",10000,66,23896736,7482700,true,true
"insertion","Random",10000,67,24060384,7534200,true,true
"insertion","Random",10000,68,23956288,7501100,true,true
"insertion","Random",10000,69,23940480,7496100,true,true
"insertion","Random",10000,70,23823264,7459500,true,true
"insertion","Random",10000,71,24185696,7572800,true,true
"insertion","Random",10000,72,23818720,7458000,true,true
"insertion","Random",10000,73,23746528,7435700,true,true
"insertion","Random",10000,74,24301344,7609300,true,true
"insertion","Random",10000,75,23713216,7424900,true,true
"insertion","Random",10000,76,24098112,7545700,true,true
"insertion","Random",10000,77,23633408,7399900,true,true
"insertion","Random",10000,78,23673696,7412500,true,true
"insertion","Random",10000,79,23846048,7466500,true,true
"insertion","Random",10000,80,24119488,7552300,true,true
"insertion","Random",10000,81,23807264,7454300,true,true
"insertion","Random",10000,82,24062560,7534400,true,true
"insertion","Random",10000,83,23719616,7427000,true,true
"insertion","Random",10000,84,24009280,7518200,true,true
"insertion","Random",10000,85,23776704,7444800,true,true
"insertion","Random",10000,86,23703552,7421900,true,true
"insertion","Random",10000,87,23791904,7449700,true,true
"insertion","Random",10000,88,23856960,7470100,true,true
"insertion","Random",10000,89,24092448,7544000,true,true
"insertion","Random",10000,90,23691296,7418000,true,true
"insertion","Random",10000,91,23983968,7510100,true,true
"insertion","Random",10000,92,23425312,7334900,true,true
"insertion","Random",10000,93,23876224,7476200,true,true
"insertion","Random",10000,94,23588864,7386000,true,true
"insertion","Random",10000,95,23459584,7345400,true,true
"insertion","Random",10000,96,24076064,7538600,true,true
"insertion","Random",10000,97,23594560,7387800,true,true
"insertion","Random",10000,98,23888256,7480100,true,true
"insertion","Random",10000,99,23813184,7456300,true,true
"selection","Random",10000,0,43949248,13761600,true,true
"selection","Random",10000,1,43828800,13723400,true,true
"selection","Random",10000,2,43904288,13746900,true,true
"selection","Random",10000,3,43972384,13768400,true,true
"selection","Random",10000,4,43832640,13724500,true,true
"selection","Random",10000,5,43786688,13710400,true,true
"selection","Random",10000,6,44516832,13939100,true,true
"selection","Random",10000,7,44104944,13811000,true,true
"selection","Random",10000,8,43803936,13715600,true,true
"selection","Random",10000,9,44055232,13794400,true,true
"selection","Random",10000,10,43995040,13775500,true,true
"selection","Random",10000,11,43972000,13768200,true,true
"selection","Random",10000,12,44082144,13802600,true,true
"selection","Random",10000,13,44071296,13799500,true,true
"selection","Random",10000,14,43955552,13763100,true,true
"selection","Random",10000,15,43852096,13730700,true,true
"selection","Random",10000,16,43944544,13759500,true,true
"selection","Random",10000,17,43803360,13715500,true,true
"selection","Random",10000,18,43918624,13751400,true,true
"selection","Random",10000,19,44009728,13780600,true,true
"selection","Random",10000,20,43940288,13758300,true,true
"selection","Random",10000,21,44015552,13782000,true,true
"selection","Random",10000,22,43918240,13751300,true,true
"selection","Random",10000,23,44024928,13785000,true,true
"selection","Random",10000,24,43829728,13723500,true,true
"selection","Random",10000,25,43846752,13728900,true,true
"selection","Random",10000,26,49921984,15631100,true,true
"selection","Random",10000,27,45412832,14219400,true,true
"selection","Random",10000,28,45190496,14149600,true,true
"selection","Random",10000,29,45190720,14150000,true,true
"selection","Random",10000,30,44990080,14086900,true,true
"selection","Random",10000,31,44806688,14029900,true,true
"selection","Random",10000,32,44468576,13923700,true,true
"selection","Random",10000,33,44218048,13845300,true,true
"selection","Random",10000,34,44071872,13799600,true,true
"selection","Random",10000,35,43977120,13769800,true,true
"selection","Random",10000,36,48920416,15317800,true,true
"selection","Random",10000,37,45549408,14263400,true,true
"selection","Random",10000,38,45331296,14193800,true,true
"selection","Random",10000,39,49617920,15539200,true,true
"selection","Random",10000,40,45306368,14186100,true,true
"selection","Random",10000,41,45221632,14159600,true,true
"selection","Random",10000,42,45192608,14150300,true,true
"selection","Random",10000,43,45121984,14128700,true,true
"selection","Random",10000,44,46386432,14525700,true,true
"selection","Random",10000,45,46322560,14505300,true,true
"selection","Random",10000,46,45651104,14294400,true,true
"selection","Random",10000,47,45418368,14221100,true,true
"selection","Random",10000,48,45504608,14248100,true,true
"selection","Random",10000,49,45271232,14175000,true,true
"selection","Random",10000,50,47148591,14763600,true,true
"selection","Random",10000,51,46164529,14455700,true,true
"selection","Random",10000,52,47686991,14932600,true,true
"selection","Random",10000,53,49499633,15500200,true,true
"selection","Random",10000,54,45294880,14182400,true,true
"selection","Random",10000,55,45416384,14220800,true,true
"selection","Random",10000,56,45467424,14236700,true,true
"selection","Random",10000,57,45162912,14141000,true,true
"selection","Random",10000,58,48815023,15286400,true,true
"selection","Random",10000,59,47672017,14928800,true,true
"selection","Random",10000,60,45241312,14166500,true,true
"selection","Random",10000,61,45677952,14303200,true,true
"selection","Random",10000,62,45511648,14250500,true,true
"selection","Random",10000,63,46171808,14457800,true,true
"selection","Random",10000,64,45226816,14161100,true,true
"selection","Random",10000,65,45421376,14221900,true,true
"selection","Random",10000,66,45245376,14166900,true,true
"selection","Random",10000,67,45210016,14169000,true,true
"selection","Random",10000,68,47483088,14868200,true,true
"selection","Random",10000,69,45446144,14230600,true,true
"selection","Random",10000,70,49496639,15499100,true,true
"selection","Random",10000,71,46183105,14461600,true,true
"selection","Random",10000,72,44968576,14080300,true,true
"selection","Random",10000,73,44951872,14074900,true,true
"selection","Random",10000,74,45340736,14196900,true,true
"selection","Random",10000,75,45314912,14189500,true,true
"selection","Random",10000,76,45375872,14207900,true,true
"selection","Random",10000,77,45509696,14250200,true,true
"selection","Random",10000,78,45162144,14141000,true,true
"selection","Random",10000,79,45808384,14343400,true,true
"selection","Random",10000,80,45276800,14176800,true,true
"selection","Random",10000,81,45216384,14158300,true,true
"selection","Random",10000,82,45809056,14343500,true,true
"selection","Random",10000,83,45764000,14330700,true,true
"selection","Random",10000,84,45303936,14185500,true,true
"selection","Random",10000,85,45381568,14209500,true,true
"selection","Random",10000,86,45238560,14164700,true,true
"selection","Random",10000,87,45476960,14240200,true,true
"selection","Random",10000,88,45356704,14202000,true,true
"selection","Random",10000,89,47960992,15019500,true,true
"selection","Random",10000,90,45572640,14270200,true,true
"selection","Random",10000,91,46125504,14443500,true,true
"selection","Random",10000,92,45182080,14147200,true,true
"selection","Random",10000,93,45249760,14168300,true,true
"selection","Random",10000,94,45479584,14240200,true,true
"selection","Random",10000,95,45411584,14219200,true,true
"selection","Random",10000,96,45564384,14267000,true,true
"selection","Random",10000,97,47610304,14908700,true,true
"selection","Random",10000,98,45592192,14277200,true,true
"selection","Random",10000,99,46489568,14556600,true,true
"merge","Random",10000,0,1320992,413700,true,true
"merge","Random",10000,1,1305888,408900,true,true
"merge","Random",10000,2,1318752,413200,true,true
"merge","Random",10000,3,1283008,401800,true,true
"merge","Random",10000,4,1311040,410600,true,true
"merge","Random",10000,5,1281184,401400,true,true
"merge","Random",10000,6,1289696,403900,true,true
"merge","Random",10000,7,1323872,414600,true,true
"merge","Random",10000,8,1290784,404200,true,true
"merge","Random",10000,9,1343616,420700,true,true
"merge","Random",10000,10,1290784,404200,true,true
"merge","Random",10000,11,1335008,418200,true,true
"merge","Random",10000,12,1290368,404200,true,true
"merge","Random",10000,13,1292672,404800,true,true
"merge","Random",10000,14,1278368,400500,true,true
"merge","Random",10000,15,1300608,407300,true,true
"merge","Random",10000,16,1319808,413300,true,true
"merge","Random",10000,17,1369408,429300,true,true
"merge","Random",10000,18,1535552,481000,true,true
"merge","Random",10000,19,1372192,429800,true,true
"merge","Random",10000,20,1324320,414700,true,true
"merge","Random",10000,21,1283456,402100,true,true
"merge","Random",10000,22,1281408,401300,true,true
"merge","Random",10000,23,1363232,426900,true,true
"merge","Random",10000,24,1307328,409400,true,true
"merge","Random",10000,25,1322432,414200,true,true
"merge","Random",10000,26,1298976,406800,true,true
"merge","Random",10000,27,1329504,416800,true,true
"merge","Random",10000,28,1309952,410300,true,true
"merge","Random",10000,29,1334368,417900,true,true
"merge","Random",10000,30,1294624,405800,true,true
"merge","Random",10000,31,1291200,404400,true,true
"merge","Random",10000,32,1342464,420400,true,true
"merge","Random",10000,33,1343840,420900,true,true
"merge","Random",10000,34,1370016,429000,true,true
"merge","Random",10000,35,1330432,417000,true,true
"merge","Random",10000,36,1363808,427100,true,true
"merge","Random",10000,37,1340320,419800,true,true
"merge","Random",10000,38,1327328,415800,true,true
"merge","Random",10000,39,1363936,427200,true,true
"merge","Random",10000,40,1340928,419900,true,true
"merge","Random",10000,41,1361024,426200,true,true
"merge","Random",10000,42,1321760,413900,true,true
"merge","Random",10000,43,1363072,426800,true,true
"merge","Random",10000,44,1325312,415100,true,true
"merge","Random",10000,45,1364768,427400,true,true
"merge","Random",10000,46,1365440,428000,true,true
"merge","Random",10000,47,1321184,413900,true,true
"merge","Random",10000,48,1410176,441600,true,true
"merge","Random",10000,49,1332512,417400,true,true
"merge","Random",10000,50,1372704,430000,true,true
"merge","Random",10000,51,1331264,416900,true,true
"merge","Random",10000,52,1362944,426800,true,true
"merge","Random",10000,53,1333952,417800,true,true
"merge","Random",10000,54,1353600,423900,true,true
"merge","Random",10000,55,1317696,412700,true,true
"merge","Random",10000,56,1315232,411900,true,true
"merge","Random",10000,57,1356384,425200,true,true
"merge","Random",10000,58,1284288,402400,true,true
"merge","Random",10000,59,1351936,423400,true,true
"merge","Random",10000,60,1301888,407700,true,true
"merge","Random",10000,61,1344512,421100,true,true
"merge","Random",10000,62,1313344,411300,true,true
"merge","Random",10000,63,1298400,406700,true,true
"merge","Random",10000,64,1352384,423500,true,true
"merge","Random",10000,65,1305504,408900,true,true
"merge","Random",10000,66,1336768,418600,true,true
"merge","Random",10000,67,1293600,405100,true,true
"merge","Random",10000,68,1339456,419500,true,true
"merge","Random",10000,69,1301440,407600,true,true
"merge","Random",10000,70,1300064,407200,true,true
"merge","Random",10000,71,1300352,407200,true,true
"merge","Random",10000,72,1297472,406300,true,true
"merge","Random",10000,73,1339808,419600,true,true
"merge","Random",10000,74,1302144,407800,true,true
"merge","Random",10000,75,1330464,416700,true,true
"merge","Random",10000,76,1306976,409300,true,true
"merge","Random",10000,77,1325536,415100,true,true
"merge","Random",10000,78,1291008,404300,true,true
"merge","Random",10000,79,1296352,406000,true,true
"merge","Random",10000,80,1329056,416300,true,true
"merge","Random",10000,81,1301920,407700,true,true
"merge","Random",10000,82,1336160,418500,true,true
"merge","Random",10000,83,1303936,408400,true,true
"merge","Random",10000,84,1342272,420400,true,true
"merge","Random",10000,85,1335008,418100,true,true
"merge","Random",10000,86,1385376,434000,true,true
"merge","Random",10000,87,1386720,434300,true,true
"merge","Random",10000,88,1296832,406200,true,true
"merge","Random",10000,89,1343360,420700,true,true
"merge","Random",10000,90,1303744,408400,true,true
"merge","Random",10000,91,1331136,416900,true,true
"merge","Random",10000,92,1293920,405300,true,true
"merge","Random",10000,93,1296224,406000,true,true
"merge","Random",10000,94,1327296,415700,true,true
"merge","Random",10000,95,1305792,408900,true,true
"merge","Random",10000,96,1327904,415900,true,true
"merge","Random",10000,97,1296832,406200,true,true
"merge","Random",10000,98,1326336,415300,true,true
"merge","Random",10000,99,1301248,407700,true,true
"quicksort","Random",10000,0,1307232,409600,true,true
"quicksort","Random",10000,1,1340288,419800,true,true
"quicksort","Random",10000,2,1309600,410200,true,true
"quicksort","Random",10000,3,1333408,417700,true,true
"quicksort","Random",10000,4,1296064,406100,true,true
"quicksort","Random",10000,5,1296480,406400,true,true
"quicksort","Random",10000,6,1570368,492600,true,true
"quicksort","Random",10000,7,1319968,413400,true,true
"quicksort","Random",10000,8,1353760,424000,true,true
"quicksort","Random",10000,9,1303104,408100,true,true
"quicksort","Random",10000,10,1355424,424600,true,true
"quicksort","Random",10000,11,1276064,399600,true,true
"quicksort","Random",10000,12,1281280,401300,true,true
"quicksort","Random",10000,13,1351776,423700,true,true
"quicksort","Random",10000,14,1301536,407600,true,true
"quicksort","Random",10000,15,1345600,421500,true,true
"quicksort","Random",10000,16,1287232,403100,true,true
"quicksort","Random",10000,17,1338048,419100,true,true
"quicksort","Random",10000,18,1313568,411400,true,true
"quicksort","Random",10000,19,1275328,399400,true,true
"quicksort","Random",10000,20,1337760,419000,true,true
"quicksort","Random",10000,21,1296032,405900,true,true
"quicksort","Random",10000,22,1341920,420200,true,true
"quicksort","Random",10000,23,1312896,411200,true,true
"quicksort","Random",10000,24,1339328,419400,true,true
"quicksort","Random",10000,25,1282080,401500,true,true
"quicksort","Random",10000,26,1297472,406300,true,true
"quicksort","Random",10000,27,1297152,406200,true,true
"quicksort","Random",10000,28,1283936,402100,true,true
"quicksort","Random",10000,29,1342176,420600,true,true
"quicksort","Random",10000,30,1286304,402800,true,true
"quicksort","Random",10000,31,1322464,414200,true,true
"quicksort","Random",10000,32,1294688,405500,true,true
"quicksort","Random",10000,33,1306816,409300,true,true
"quicksort","Random",10000,34,1319168,413200,true,true
"quicksort","Random",10000,35,1292896,405000,true,true
"quicksort","Random",10000,36,1349632,422700,true,true
"quicksort","Random",10000,37,1301824,407700,true,true
"quicksort","Random",10000,38,1318656,413000,true,true
"quicksort","Random",10000,39,1305472,408900,true,true
"quicksort","Random",10000,40,1329696,416500,true,true
"quicksort","Random",10000,41,1329056,416300,true,true
"quicksort","Random",10000,42,1350688,423000,true,true
"quicksort","Random",10000,43,1474976,462400,true,true
"quicksort","Random",10000,44,1341600,420300,true,true
"quicksort","Random",10000,45,1401888,439000,true,true
"quicksort","Random",10000,46,1313440,411500,true,true
"quicksort","Random",10000,47,1334208,417800,true,true
"quicksort","Random",10000,48,1327232,415600,true,true
"quicksort","Random",10000,49,1359456,425800,true,true
"quicksort","Random",10000,50,1305600,408800,true,true
"quicksort","Random",10000,51,1294912,405600,true,true
"quicksort","Random",10000,52,1309120,410000,true,true
"quicksort","Random",10000,53,1292960,404900,true,true
"quicksort","Random",10000,54,1318496,413000,true,true
"quicksort","Random",10000,55,1310528,410400,true,true
"quicksort","Random",10000,56,1330592,416800,true,true
"quicksort","Random",10000,57,1295296,405800,true,true
"quicksort","Random",10000,58,1283744,402000,true,true
"quicksort","Random",10000,59,1329472,416400,true,true
"quicksort","Random",10000,60,1299584,407000,true,true
"quicksort","Random",10000,61,1317184,412500,true,true
"quicksort","Random",10000,62,1276032,399600,true,true
"quicksort","Random",10000,63,1329632,416500,true,true
"quicksort","Random",10000,64,1307072,409400,true,true
"quicksort","Random",10000,65,1323840,414600,true,true
"quicksort","Random",10000,66,1331936,417300,true,true
"quicksort","Random",10000,67,1297088,406400,true,true
"quicksort","Random",10000,68,1342496,420500,true,true
"quicksort","Random",10000,69,1298080,406500,true,true
"quicksort","Random",10000,70,1340992,420000,true,true
"quicksort","Random",10000,71,1320416,413500,true,true
"quicksort","Random",10000,72,1301888,407800,true,true
"quicksort","Random",10000,73,1336192,418500,true,true
"quicksort","Random",10000,74,1303840,408300,true,true
"quicksort","Random",10000,75,1323904,414700,true,true
"quicksort","Random",10000,76,1298272,406600,true,true
"quicksort","Random",10000,77,1346944,421900,true,true
"quicksort","Random",10000,78,1302816,408100,true,true
"quicksort","Random",10000,79,1309632,410200,true,true
"quicksort","Random",10000,80,1413120,442600,true,true
"quicksort","Random",10000,81,1427456,447200,true,true
"quicksort","Random",10000,82,1361984,426500,true,true
"quicksort","Random",10000,83,1340192,419700,true,true
"quicksort","Random",10000,84,1326592,415800,true,true
"quicksort","Random",10000,85,1326656,415500,true,true
"quicksort","Random",10000,86,1355200,424400,true,true
"quicksort","Random",10000,87,1301120,407600,true,true
"quicksort","Random",10000,88,1344512,421100,true,true
"quicksort","Random",10000,89,1276512,399800,true,true
"quicksort","Random",10000,90,1306048,409100,true,true
"quicksort","Random",10000,91,1339488,419600,true,true
"quicksort","Random",10000,92,1300704,407300,true,true
"quicksort","Random",10000,93,1347936,422500,true,true
"quicksort","Random",10000,94,1303008,408500,true,true
"quicksort","Random",10000,95,1344640,421300,true,true
"quicksort","Random",10000,96,1310240,410400,true,true
"quicksort","Random",10000,97,1297280,406300,true,true
"quicksort","Random",10000,98,1334368,417900,true,true
"quicksort","Random",10000,99,1301664,407700,true,true
"heap","Random",10000,0,1557248,487700,true,true
"heap","Random",10000,1,1594912,499400,true,true
"heap","Random",10000,2,1573280,492700,true,true
"heap","Random",10000,3,1600000,501200,true,true
"heap","Random",10000,4,1559936,488600,true,true
"heap","Random",10000,5,1588512,497800,true,true
"heap","Random",10000,6,1570304,492000,true,true
"heap","Random",10000,7,1593504,499100,true,true
"heap","Random",10000,8,1561920,489100,true,true
"heap","Random",10000,9,1596416,500100,true,true
"heap","Random",10000,10,1585216,496400,true,true
"heap","Random",10000,11,1564192,489800,true,true
"heap","Random",10000,12,1616864,506400,true,true
"heap","Random",10000,13,1581600,495200,true,true
"heap","Random",10000,14,1600448,501200,true,true
"heap","Random",10000,15,1571520,492200,true,true
"heap","Random",10000,16,1601984,501900,true,true
"heap","Random",10000,17,1573632,492900,true,true
"heap","Random",10000,18,1604992,502600,true,true
"heap","Random",10000,19,1560672,488700,true,true
"heap","Random",10000,20,1591552,498400,true,true
"heap","Random",10000,21,1568800,491300,true,true
"heap","Random",10000,22,1587168,497000,true,true
"heap","Random",10000,23,1577024,493900,true,true
"heap","Random",10000,24,1599200,500800,true,true
"heap","Random",10000,25,1585376,496500,true,true
"heap","Random",10000,26,1635648,512500,true,true
"heap","Random",10000,27,1659808,520000,true,true
"heap","Random",10000,28,1611680,504800,true,true
"heap","Random",10000,29,1572544,492500,true,true
"heap","Random",10000,30,1617856,506700,true,true
"heap","Random",10000,31,1569504,491700,true,true
"heap","Random",10000,32,1599328,500800,true,true
"heap","Random",10000,33,1580064,494800,true,true
"heap","Random",10000,34,1607424,503500,true,true
"heap","Random",10000,35,1562272,489200,true,true
"heap","Random",10000,36,1569280,491600,true,true
"heap","Random",10000,37,1591104,498500,true,true
"heap","Random",10000,38,1568672,491200,true,true
"heap","Random",10000,39,1586688,497000,true,true
"heap","Random",10000,40,1570304,492000,true,true
"heap","Random",10000,41,1611360,504600,true,true
"heap","Random",10000,42,1561696,489200,true,true
"heap","Random",10000,43,1589536,497800,true,true
"heap","Random",10000,44,1571520,492100,true,true
"heap","Random",10000,45,1589984,497900,true,true
"heap","Random",10000,46,1576480,493700,true,true
"heap","Random",10000,47,1593344,499000,true,true
"heap","Random",10000,48,1580608,495000,true,true
"heap","Random",10000,49,1598816,500700,true,true
"heap","Random",10000,50,1570464,491800,true,true
"heap","Random",10000,51,1604544,502500,true,true
"heap","Random",10000,52,1575040,493200,true,true
"heap","Random",10000,53,1606976,503200,true,true
"heap","Random",10000,54,1558784,488100,true,true
"heap","Random",10000,55,1591584,498500,true,true
"heap","Random",10000,56,1591520,498400,true,true
"heap","Random",10000,57,1608192,503700,true,true
"heap","Random",10000,58,1563776,489800,true,true
"heap","Random",10000,59,1625344,509400,true,true
"heap","Random",10000,60,1573728,492800,true,true
"heap","Random",10000,61,1618304,506800,true,true
"heap","Random",10000,62,1577856,494100,true,true
"heap","Random",10000,63,1593792,499200,true,true
"heap","Random",10000,64,1572800,492600,true,true
"heap","Random",10000,65,1564128,489900,true,true
"heap","Random",10000,66,1589312,497700,true,true
"heap","Random",10000,67,1572928,492600,true,true
"heap","Random",10000,68,1588544,497500,true,true
"heap","Random",10000,69,1577472,494200,true,true
"heap","Random",10000,70,1592896,498900,true,true
"heap","Random",10000,71,1579296,494900,true,true
"heap","Random",10000,72,1636960,512600,true,true
"heap","Random",10000,73,1571200,492300,true,true
"heap","Random",10000,74,1604928,503000,true,true
"heap","Random",10000,75,1563360,489600,true,true
"heap","Random",10000,76,1596064,500000,true,true
"heap","Random",10000,77,1569792,491500,true,true
"heap","Random",10000,78,1617888,506700,true,true
"heap","Random",10000,79,1559424,488300,true,true
"heap","Random",10000,80,1586336,496800,true,true
"heap","Random",10000,81,1566592,490900,true,true
"heap","Random",10000,82,1603040,502000,true,true
"heap","Random",10000,83,1564544,490000,true,true
"heap","Random",10000,84,1584512,496200,true,true
"heap","Random",10000,85,1573408,492700,true,true
"heap","Random",10000,86,1613696,505600,true,true
"heap","Random",10000,87,1566752,490600,true,true
"heap","Random",10000,88,1604480,502700,true,true
"heap","Random",10000,89,1573728,492800,true,true
"heap","Random",10000,90,1608832,503800,true,true
"heap","Random",10000,91,1645568,515700,true,true
"heap","Random",10000,92,1622272,508000,true,true
"heap","Random",10000,93,1580352,495100,true,true
"heap","Random",10000,94,1564256,489900,true,true
"heap","Random",10000,95,1596384,500200,true,true
"heap","Random",10000,96,1583552,495900,true,true
"heap","Random",10000,97,1618752,507200,true,true
"heap","Random",10000,98,1583520,496200,true,true
"heap","Random",10000,99,1631744,511400,true,true
"std-sort","Random",10000,0,949984,297800,true,true
"std-sort","Random",10000,1,983360,308000,true,true
"std-sort","Random",10000,2,935616,293200,true,true
"std-sort","Random",10000,3,925184,289900,true,true
"std-sort","Random",10000,4,974624,305200,true,true
"std-sort","Random",10000,5,957600,300100,true,true
"std-sort","Random",10000,6,953952,299000,true,true
"std-sort","Random",10000,7,999872,313200,true,true
"std-sort","Random",10000,8,934208,292600,true,true
"std-sort","Random",10000,9,954720,299000,true,true
"std-sort","Random",10000,10,970816,304100,true,true
"std-sort","Random",10000,11,949952,297500,true,true
"std-sort","Random",10000,12,917056,287200,true,true
"std-sort","Random",10000,13,990624,310200,true,true
"std-sort","Random",10000,14,921472,288700,true,true
"std-sort","Random",10000,15,945600,296200,true,true
"std-sort","Random",10000,16,922048,288800,true,true
"std-sort","Random",10000,17,970720,304000,true,true
"std-sort","Random",10000,18,952544,298400,true,true
"std-sort","Random",10000,19,957792,300100,true,true
"std-sort","Random",10000,20,998784,312800,true,true
"std-sort","Random",10000,21,961792,301300,true,true
"std-sort","Random",10000,22,942880,295400,true,true
"std-sort","Random",10000,23,980896,307200,true,true
"std-sort","Random",10000,24,978528,306900,true,true
"std-sort","Random",10000,25,963616,302100,true,true
"std-sort","Random",10000,26,1056224,331400,true,true
"std-sort","Random",10000,27,930848,291500,true,true
"std-sort","Random",10000,28,961504,301400,true,true
"std-sort","Random",10000,29,1027744,322000,true,true
"std-sort","Random",10000,30,958752,300300,true,true
"std-sort","Random",10000,31,937184,293700,true,true
"std-sort","Random",10000,32,958176,300100,true,true
"std-sort","Random",10000,33,918880,288000,true,true
"std-sort","Random",10000,34,955552,299800,true,true
"std-sort","Random",10000,35,967360,303000,true,true
"std-sort","Random",10000,36,959360,300500,true,true
"std-sort","Random",10000,37,945504,296300,true,true
"std-sort","Random",10000,38,970784,304100,true,true
"std-sort","Random",10000,39,946112,296400,true,true
"std-sort","Random",10000,40,957024,300000,true,true
"std-sort","Random",10000,41,987008,309500,true,true
"std-sort","Random",10000,42,948320,297000,true,true
"std-sort","Random",10000,43,931648,291800,true,true
"std-sort","Random",10000,44,969568,303700,true,true
"std-sort","Random",10000,45,956864,299700,true,true
"std-sort","Random",10000,46,947264,296700,true,true
"std-sort","Random",10000,47,964608,302200,true,true
"std-sort","Random",10000,48,960768,300900,true,true
"std-sort","Random",10000,49,955840,299300,true,true
"std-sort","Random",10000,50,944480,295800,true,true
"std-sort","Random",10000,51,932608,292100,true,true
"std-sort","Random",10000,52,958176,300300,true,true
"std-sort","Random",10000,53,944288,295800,true,true
"std-sort","Random",10000,54,969440,303700,true,true
"std-sort","Random",10000,55,929792,291200,true,true
"std-sort","Random",10000,56,947040,296600,true,true
"std-sort","Random",10000,57,957088,299700,true,true
"std-sort","Random",10000,58,926464,290100,true,true
"std-sort","Random",10000,59,951552,298000,true,true
"std-sort","Random",10000,60,982688,307800,true,true
"std-sort","Random",10000,61,983936,308200,true,true
"std-sort","Random",10000,62,939904,294300,true,true
"std-sort","Random",10000,63,977952,306300,true,true
"std-sort","Random",10000,64,953760,298700,true,true
"std-sort","Random",10000,65,931232,291800,true,true
"std-sort","Random",10000,66,978368,306500,true,true
"std-sort","Random",10000,67,945024,296000,true,true
"std-sort","Random",10000,68,948672,297100,true,true
"std-sort","Random",10000,69,999648,313100,true,true
"std-sort","Random",10000,70,965472,302500,true,true
"std-sort","Random",10000,71,953920,298800,true,true
"std-sort","Random",10000,72,970848,304300,true,true
"std-sort","Random",10000,73,950432,297800,true,true
"std-sort","Random",10000,74,949632,297400,true,true
"std-sort","Random",10000,75,942752,295300,true,true
"std-sort","Random",10000,76,947200,296600,true,true
"std-sort","Random",10000,77,948288,297000,true,true
"std-sort","Random",10000,78,930944,291500,true,true
"std-sort","Random",10000,79,986944,309200,true,true
"std-sort","Random",10000,80,951744,298200,true,true
"std-sort","Random",10000,81,943872,295700,true,true
"std-sort","Random",10000,82,966528,302800,true,true
"std-sort","Random",10000,83,952800,298600,true,true
"std-sort","Random",10000,84,935584,293100,true,true
"std-sort","Random",10000,85,976704,306000,true,true
"std-sort","Random",10000,86,937024,293400,true,true
"std-sort","Random",10000,87,939872,294400,true,true
"std-sort","Random",10000,88,970528,304000,true,true
"std-sort","Random",10000,89,939936,294600,true,true
"std-sort","Random",10000,90,955200,299200,true,true
"std-sort","Random",10000,91,987040,309100,true,true
"std-sort","Random",10000,92,956672,299600,true,true
"std-sort","Random",10000,93,965920,302500,true,true
"std-sort","Random",10000,94,984608,308400,true,true
"std-sort","Random",10000,95,930976,292000,true,true
"std-sort","Random",10000,96,929312,291300,true,true
"std-sort","Random",10000,97,920352,288200,true,true
"std-sort","Random",10000,98,923520,289400,true,true
"std-sort","Random",10000,99,956064,299400,true,true
"std-stable-sort","Random",10000,0,1045728,327500,true,true
"std-stable-sort","Random",10000,1,1056832,331000,true,true
"std-stable-sort","Random",10000,2,1027328,321800,true,true
"std-stable-sort","Random",10000,3,1032256,323400,true,true
"std-stable-sort","Random",10000,4,1063456,333100,true,true
"std-stable-sort","Random",10000,5,1050784,329100,true,true
"std-stable-sort","Random",10000,6,1032768,323500,true,true
"std-stable-sort","Random",10000,7,1069152,334900,true,true
"std-stable-sort","Random",10000,8,1026048,321300,true,true
"std-stable-sort","Random",10000,9,1071744,335600,true,true
"std-stable-sort","Random",10000,10,1026912,321600,true,true
"std-stable-sort","Random",10000,11,1018016,318800,true,true
"std-stable-sort","Random",10000,12,1058336,331500,true,true
"std-stable-sort","Random",10000,13,1026080,321600,true,true
"std-stable-sort","Random",10000,14,1037504,325000,true,true
"std-stable-sort","Random",10000,15,1052736,329700,true,true
"std-stable-sort","Random",10000,16,1022528,320300,true,true
"std-stable-sort","Random",10000,17,1023552,320600,true,true
"std-stable-sort","Random",10000,18,1051520,329300,true,true
"std-stable-sort","Random",10000,19,1026464,321500,true,true
"std-stable-sort","Random",10000,20,1029568,322400,true,true
"std-stable-sort","Random",10000,21,1068928,334800,true,true
"std-stable-sort","Random",10000,22,1024320,320800,true,true
"std-stable-sort","Random",10000,23,1031168,322900,true,true
"std-stable-sort","Random",10000,24,1098688,344100,true,true
"std-stable-sort","Random",10000,25,1028896,322200,true,true
"std-stable-sort","Random",10000,26,1037248,324900,true,true
"std-stable-sort","Random",10000,27,1049216,328600,true,true
"std-stable-sort","Random",10000,28,1024544,320800,true,true
"std-stable-sort","Random",10000,29,1025536,321400,true,true
"std-stable-sort","Random",10000,30,1058944,331600,true,true
"std-stable-sort","Random",10000,31,1028704,322200,true,true
"std-stable-sort","Random",10000,32,1032096,323200,true,true
"std-stable-sort","Random",10000,33,1061408,332400,true,true
"std-stable-sort","Random",10000,34,1039424,325600,true,true
"std-stable-sort","Random",10000,35,1034240,323900,true,true
"std-stable-sort","Random",10000,36,1027936,321900,true,true
"std-stable-sort","Random",10000,37,1028864,322300,true,true
"std-stable-sort","Random",10000,38,1085248,339900,true,true
"std-stable-sort","Random",10000,39,1028800,322200,true,true
"std-stable-sort","Random",10000,40,1022464,320200,true,true
"std-stable-sort","Random",10000,41,1053856,330000,true,true
"std-stable-sort","Random",10000,42,1024256,320700,true,true
"std-stable-sort","Random",10000,43,1042624,326600,true,true
"std-stable-sort","Random",10000,44,1051200,329200,true,true
"std-stable-sort","Random",10000,45,1032960,323500,true,true
"std-stable-sort","Random",10000,46,1031840,323200,true,true
"std-stable-sort","Random",10000,47,1066976,334200,true,true
"std-stable-sort","Random",10000,48,1059552,331800,true,true
"std-stable-sort","Random",10000,49,1108960,347600,true,true
"std-stable-sort","Random",10000,50,1099968,344700,true,true
"std-stable-sort","Random",10000,51,1027680,321900,true,true
"std-stable-sort","Random",10000,52,1031264,323000,true,true
"std-stable-sort","Random",10000,53,1064448,333400,true,true
"std-stable-sort","Random",10000,54,1047904,328200,true,true
"std-stable-sort","Random",10000,55,1042112,326400,true,true
"std-stable-sort","Random",10000,56,1053312,329900,true,true
"std-stable-sort","Random",10000,57,1028160,322000,true,true
"std-stable-sort","Random",10000,58,1075936,337000,true,true
"std-stable-sort","Random",10000,59,1046944,327900,true,true
"std-stable-sort","Random",10000,60,1026816,321600,true,true
"std-stable-sort","Random",10000,61,1064768,333400,true,true
"std-stable-sort","Random",10000,62,1035488,324300,true,true
"std-stable-sort","Random",10000,63,1033248,323600,true,true
"std-stable-sort","Random",10000,64,1062496,332800,true,true
"std-stable-sort","Random",10000,65,1056640,330900,true,true
"std-stable-sort","Random",10000,66,1032768,323500,true,true
"std-stable-sort","Random",10000,67,1055648,330600,true,true
"std-stable-sort","Random",10000,68,1022176,320100,true,true
"std-stable-sort","Random",10000,69,1030880,322900,true,true
"std-stable-sort","Random",10000,70,1061984,332700,true,true
"std-stable-sort","Random",10000,71,1024832,321000,true,true
"std-stable-sort","Random",10000,72,1025120,321100,true,true
"std-stable-sort","Random",10000,73,1055616,330600,true,true
"std-stable-sort","Random",10000,74,1022944,320400,true,true
"std-stable-sort","Random",10000,75,1025664,321300,true,true
"std-stable-sort","Random",10000,76,1071296,335500,true,true
"std-stable-sort","Random",10000,77,1033728,323800,true,true
"std-stable-sort","Random",10000,78,1036096,324500,true,true
"std-stable-sort","Random",10000,79,1063520,333100,true,true
"std-stable-sort","Random",10000,80,1038912,325400,true,true
"std-stable-sort","Random",10000,81,1034080,323800,true,true
"std-stable-sort","Random",10000,82,1030112,322600,true,true
"std-stable-sort","Random",10000,83,1035072,324100,true,true
"std-stable-sort","Random",10000,84,1066816,334100,true,true
"std-stable-sort","Random",10000,85,1027296,321700,true,true
"std-stable-sort","Random",10000,86,1050272,329000,true,true
"std-stable-sort","Random",10000,87,1122656,351600,true,true
"std-stable-sort","Random",10000,88,1024384,320800,true,true
"std-stable-sort","Random",10000,89,1031008,322900,true,true
"std-stable-sort","Random",10000,90,1053888,330100,true,true
"std-stable-sort","Random",10000,91,1034816,324100,true,true
"std-stable-sort","Random",10000,92,1023296,320500,true,true
"std-stable-sort","Random",10000,93,1071552,335600,true,true
"std-stable-sort","Random",10000,94,1029344,322300,true,true
"std-stable-sort","Random",10000,95,1031264,323000,true,true
"std-stable-sort","Random",10000,96,1064032,333300,true,true
"std-stable-sort","Random",10000,97,1047616,328100,true,true
"std-stable-sort","Random",10000,98,1026816,321600,true,true
"std-stable-sort","Random",10000,99,1054720,330300,true,true
"bubble","Sorted",100,0,96,100,true,true
"bubble","Sorted",100,1,96,100,true,true
"bubble","Sorted",100,2,96,100,true,true
"bubble","Sorted",100,3,96,100,true,true
"bubble","Sorted",100,4,96,100,true,true
"bubble","Sorted",100,5,96,100,true,true
"bubble","Sorted",100,6,96,100,true,true
"bubble","Sorted",100,7,96,100,true,true
"bubble","Sorted",100,8,96,100,true,true
"bubble","Sorted",100,9,96,100,true,true
"bubble","Sorted",100,10,64,200,true,true
"bubble","Sorted",100,11,96,100,true,true
"bubble","Sorted",100,12,96,100,true,true
"bubble","Sorted",100,13,96,100,true,true
"bubble","Sorted",100,14,96,100,true,true
"bubble","Sorted",100,15,96,100,true,true
"bubble","Sorted",100,16,96,100,true,true
"bubble","Sorted",100,17,96,100,true,true
"bubble","Sorted",100,18,96,100,true,true
"bubble","Sorted",100,19,96,100,true,true
"bubble","Sorted",100,20,96,100,true,true
"bubble","Sorted",100,21,96,100,true,true
"bubble","Sorted",100,22,96,100,true,true
"bubble","Sorted",100,23,96,200,true,true
"bubble","Sorted",100,24,96,100,true,true
"bubble","Sorted",100,25,96,100,true,true
"bubble","Sorted",100,26,96,100,true,true
"bubble","Sorted",100,27,96,100,true,true
"bubble","Sorted",100,28,96,100,true,true
"bubble","Sorted",100,29,96,100,true,true
"bubble","Sorted",100,30,96,200,true,true
"bubble","Sorted",100,31,96,100,true,true
"bubble","Sorted",100,32,96,100,true,true
"bubble","Sorted",100,33,96,200,true,true
"bubble","Sorted",100,34,96,100,true,true
"bubble","Sorted",100,35,96,100,true,true
"bubble","Sorted",100,36,96,100,true,true
"bubble","Sorted",100,37,96,100,true,true
"bubble","Sorted",100,38,96,100,true,true
"bubble","Sorted",100,39,96,100,true,true
"bubble","Sorted",100,40,96,100,true,true
"bubble","Sorted",100,41,96,200,true,true
"bubble","Sorted",100,42,96,100,true,true
"bubble","Sorted",100,43,96,100,true,true
"bubble","Sorted",100,44,96,100,true,true
"bubble","Sorted",100,45,96,100,true,true
"bubble","Sorted",100,46,96,100,true,true
"bubble","Sorted",100,47,96,100,true,true
"bubble","Sorted",100,48,96,200,true,true
"bubble","Sorted",100,49,96,100,true,true
"bubble","Sorted",100,50,96,100,true,true
"bubble","Sorted",100,51,96,100,true,true
"bubble","Sorted",100,52,64,100,true,true
"bubble","Sorted",100,53,96,100,true,true
"bubble","Sorted",100,54,96,100,true,true
"bubble","Sorted",100,55,96,100,true,true
"bubble","Sorted",100,56,96,100,true,true
"bubble","Sorted",100,57,96,100,true,true
"bubble","Sorted",100,58,96,100,true,true
"bubble","Sorted",100,59,96,100,true,true
"bubble","Sorted",100,60,96,100,true,true
"bubble","Sorted",100,61,96,100,true,true
"bubble","Sorted",100,62,96,200,true,true
"bubble","Sorted",100,63,96,100,true,true
"bubble","Sorted",100,64,96,100,true,true
"bubble","Sorted",100,65,96,100,true,true
"bubble","Sorted",100,66,96,200,true,true
"bubble","Sorted",100,67,96,200,true,true
"bubble","Sorted",100,68,96,100,true,true
"bubble","Sorted",100,69,96,100,true,true
"bubble","Sorted",100,70,96,100,true,true
"bubble","Sorted",100,71,96,100,true,true
"bubble","Sorted",100,72,96,100,true,true
"bubble","Sorted",100,73,96,100,true,true
"bubble","Sorted",100,74,96,100,true,true
"bubble","Sorted",100,75,96,100,true,true
"bubble","Sorted",100,76,96,100,true,true
"bubble","Sorted",100,77,96,100,true,true
"bubble","Sorted",100,78,96,100,true,true
"bubble","Sorted",100,79,96,100,true,true
"bubble","Sorted",100,80,128,100,true,true
"bubble","Sorted",100,81,96,100,true,true
"bubble","Sorted",100,82,96,100,true,true
"bubble","Sorted",100,83,96,100,true,true
"bubble","Sorted",100,84,128,200,true,true
"bubble","Sorted",100,85,96,200,true,true
"bubble","Sorted",100,86,128,100,true,true
"bubble","Sorted",100,87,96,100,true,true
"bubble","Sorted",100,88,96,100,true,true
"bubble","Sorted",100,89,96,100,true,true
"bubble","Sorted",100,90,96,100,true,true
"bubble","Sorted",100,91,96,100,true,true
"bubble","Sorted",100,92,96,100,true,true
"bubble","Sorted",100,93,96,100,true,true
"bubble","Sorted",100,94,96,100,true,true
"bubble","Sorted",100,95,96,100,true,true
"bubble","Sorted",100,96,96,100,true,true
"bubble","Sorted",100,97,96,200,true,true
"bubble","Sorted",100,98,96,100,true,true
"bubble","Sorted",100,99,96,100,true,true
"insertion","Sorted",100,0,128,100,true,true
"insertion","Sorted",100,1,128,100,true,true
"insertion","Sorted",100,2,128,100,true,true
"insertion","Sorted",100,3,160,200,true,true
"insertion","Sorted",100,4,160,100,true,true
"insertion","Sorted",100,5,160,200,true,true
"insertion","Sorted",100,6,160,100,true,true
"insertion","Sorted",100,7,160,100,true,true
"insertion","Sorted",100,8,160,100,true,true
"insertion","Sorted",100,9,160,200,true,true
"insertion","Sorted",100,10,160,200,true,true
"insertion","Sorted",100,11,160,100,true,true
"insertion","Sorted",100,12,160,100,true,true
"insertion","Sorted",100,13,160,100,true,true
"insertion","Sorted",100,14,160,100,true,true
"insertion","Sorted",100,15,128,100,true,true
"insertion","Sorted",100,16,160,200,true,true
"insertion","Sorted",100,17,160,200,true,true
"insertion","Sorted",100,18,160,200,true,true
"insertion","Sorted",100,19,160,100,true,true
"insertion","Sorted",100,20,160,100,true,true
"insertion","Sorted",100,21,160,100,true,true
"insertion","Sorted",100,22,160,200,true,true
"insertion","Sorted",100,23,160,100,true,true
"insertion","Sorted",100,24,160,100,true,true
"insertion","Sorted",100,25,160,100,true,true
"insertion","Sorted",100,26,160,200,true,true
"insertion","Sorted",100,27,160,100,true,true
"insertion","Sorted",100,28,160,200,true,true
"insertion","Sorted",100,29,160,200,true,true
"insertion","Sorted",100,30,160,200,true,true
"insertion","Sorted",100,31,160,200,true,true
"insertion","Sorted",100,32,160,200,true,true
"insertion","Sorted",100,33,192,100,true,true
"insertion","Sorted",100,34,192,200,true,true
"insertion","Sorted",100,35,160,100,true,true
"insertion","Sorted",100,36,128,100,true,true
"insertion","Sorted",100,37,160,100,true,true
"insertion","Sorted",100,38,128,100,true,true
"insertion","Sorted",100,39,160,100,true,true
"insertion","Sorted",100,40,160,100,true,true
"insertion","Sorted",100,41,160,200,true,true
"insertion","Sorted",100,42,160,100,true,true
"insertion","Sorted",100,43,160,200,true,true
"insertion","Sorted",100,44,160,200,true,true
"insertion","Sorted",100,45,160,200,true,true
"insertion","Sorted",100,46,160,100,true,true
"insertion","Sorted",100,47,160,200,true,true
"insertion","Sorted",100,48,160,100,true,true
"insertion","Sorted",100,49,160,100,true,true
"insertion","Sorted",100,50,160,100,true,true
"insertion","Sorted",100,51,160,100,true,true
"insertion","Sorted",100,52,128,100,true,true
"insertion","Sorted",100,53,160,100,true,true
"insertion","Sorted",100,54,160,100,true,true
"insertion","Sorted",100,55,160,100,true,true
"insertion","Sorted",100,56,128,100,true,true
"insertion","Sorted",100,57,160,200,true,true
"insertion","Sorted",100,58,160,100,true,true
"insertion","Sorted",100,59,160,100,true,true
"insertion","Sorted",100,60,160,100,true,true
"insertion","Sorted",100,61,160,100,true,true
"insertion","Sorted",100,62,160,100,true,true
"insertion","Sorted",100,63,160,200,true,true
"insertion","Sorted",100,64,160,200,true,true
"insertion","Sorted",100,65,160,100,true,true
"insertion","Sorted",100,66,160,100,true,true
"insertion","Sorted",100,67,160,100,true,true
"insertion","Sorted",100,68,128,200,true,true
"insertion","Sorted",100,69,128,100,true,true
"insertion","Sorted",100,70,160,100,true,true
"insertion","Sorted",100,71,160,100,true,true
"insertion","Sorted",100,72,160,100,true,true
"insertion","Sorted",100,73,160,100,true,true
"insertion","Sorted",100,74,160,200,true,true
"insertion","Sorted",100,75,160,200,true,true
"insertion","Sorted",100,76,160,100,true,true
"insertion","Sorted",100,77,160,100,true,true
"insertion","Sorted",100,78,160,100,true,true
"insertion","Sorted",100,79,160,100,true,true
"insertion","Sorted",100,80,160,100,true,true
"insertion","Sorted",100,81,160,200,true,true
"insertion","Sorted",100,82,160,100,true,true
"insertion","Sorted",100,83,128,100,true,true
"insertion","Sorted",100,84,160,100,true,true
"insertion","Sorted",100,85,160,100,true,true
"insertion","Sorted",100,86,160,100,true,true
"insertion","Sorted",100,87,160,200,true,true
"insertion","Sorted",100,88,160,200,true,true
"insertion","Sorted",100,89,160,100,true,true
"insertion","Sorted",100,90,128,100,true,true
"insertion","Sorted",100,91,160,100,true,true
"insertion","Sorted",100,92,160,100,true,true
"insertion","Sorted",100,93,160,100,true,true
"insertion","Sorted",100,94,160,200,true,true
"insertion","Sorted",100,95,128,200,true,true
"insertion","Sorted",100,96,160,100,true,true
"insertion","Sorted",100,97,160,100,true,true
"insertion","Sorted",100,98,160,200,true,true
"insertion","Sorted",100,99,160,100,true,true
"selection","Sorted",100,0,5312,1800,true,true
"selection","Sorted",100,1,5344,1700,true,true
"selection","Sorted",100,2,5344,1800,true,true
"selection","Sorted",100,3,5344,1800,true,true
"selection","Sorted",100,4,5248,1800,true,true
"selection","Sorted",100,5,5216,1800,true,true
"selection","Sorted",100,6,5184,1700,true,true
"selection","Sorted",100,7,5280,1800,true,true
"selection","Sorted",100,8,5216,1800,true,true
"selection","Sorted",100,9,5216,1700,true,true
"selection","Sorted",100,10,5184,1700,true,true
"selection","Sorted",100,11,5216,1700,true,true
"selection","Sorted",100,12,5216,1700,true,true
"selection","Sorted",100,13,5216,1700,true,true
"selection","Sorted",100,14,5184,1700,true,true
"selection","Sorted",100,15,5216,1800,true,true
"selection","Sorted",100,16,5216,1700,true,true
"selection","Sorted",100,17,5248,1700,true,true
"selection","Sorted",100,18,5216,1700,true,true
"selection","Sorted",100,19,5216,1700,true,true
"selection","Sorted",100,20,5216,1700,true,true
"selection","Sorted",100,21,5216,1700,true,true
"selection","Sorted",100,22,5216,1700,true,true
"selection","Sorted",100,23,5216,1800,true,true
"selection","Sorted",100,24,5184,1700,true,true
"selection","Sorted",100,25,5184,1700,true,true
"selection","Sorted",100,26,5216,1700,true,true
"selection","Sorted",100,27,5216,1700,true,true
"selection","Sorted",100,28,5216,1700,true,true
"selection","Sorted",100,29,5184,1700,true,true
"selection","Sorted",100,30,5216,1700,true,true
"selection","Sorted",100,31,5216,1700,true,true
"selection","Sorted",100,32,5216,1700,true,true
"selection","Sorted",100,33,5216,1700,true,true
"selection","Sorted",100,34,5248,1700,true,true
"selection","Sorted",100,35,5216,1700,true,true
"selection","Sorted",100,36,5216,1700,true,true
"selection","Sorted",100,37,5216,1700,true,true
"selection","Sorted",100,38,5216,1700,true,true
"selection","Sorted",100,39,5216,1700,true,true
"selection","Sorted",100,40,5216,1700,true,true
"selection","Sorted",100,41,5184,1700,true,true
"selection","Sorted",100,42,5216,1700,true,true
"selection","Sorted",100,43,5184,1700,true,true
"selection","Sorted",100,44,5216,1700,true,true
"selection","Sorted",100,45,5216,1700,true,true
"selection","Sorted",100,46,5216,1700,true,true
"selection","Sorted",100,47,5216,1700,true,true
"selection","Sorted",100,48,5216,1800,true,true
"selection","Sorted",100,49,5216,1700,true,true
"selection","Sorted",100,50,5216,1800,true,true
"selection","Sorted",100,51,5216,1700,true,true
"selection","Sorted",100,52,5216,1800,true,true
"selection","Sorted",100,53,5216,1700,true,true
"selection","Sorted",100,54,5216,1800,true,true
"selection","Sorted",100,55,5216,1700,true,true
"selection","Sorted",100,56,5216,1700,true,true
"selection","Sorted",100,57,5216,1700,true,true
"selection","Sorted",100,58,5216,1700,true,true
"selection","Sorted",100,59,5216,1800,true,true
"selection","Sorted",100,60,5216,1800,true,true
"selection","Sorted",100,61,5184,1700,true,true
"selection","Sorted",100,62,5216,1800,true,true
"selection","Sorted",100,63,5184,1800,true,true
"selection","Sorted",100,64,5216,1800,true,true
"selection","Sorted",100,65,5216,1700,true,true
"selection","Sorted",100,66,5216,1700,true,true
"selection","Sorted",100,67,5216,1700,true,true
"selection","Sorted",100,68,5216,1800,true,true
"selection","Sorted",100,69,5216,1700,true,true
"selection","Sorted",100,70,5216,1700,true,true
"selection","Sorted",100,71,5216,1700,true,true
"selection","Sorted",100,72,5184,1700,true,true
"selection","Sorted",100,73,5216,1800,true,true
"selection","Sorted",100,74,5184,1700,true,true
"selection","Sorted",100,75,5216,1700,true,true
"selection","Sorted",100,76,5216,1700,true,true
"selection","Sorted",100,77,5216,1700,true,true
"selection","Sorted",100,78,5216,1700,true,true
"selection","Sorted",100,79,5216,1700,true,true
"selection","Sorted",100,80,5216,1700,true,true
"selection","Sorted",100,81,5216,1700,true,true
"selection","Sorted",100,82,5216,1700,true,true
"selection","Sorted",100,83,5216,1700,true,true
"selection","Sorted",100,84,5216,1700,true,true
"selection","Sorted",100,85,5216,1700,true,true
"selection","Sorted",100,86,5216,1700,true,true
"selection","Sorted",100,87,5216,1700,true,true
"selection","Sorted",100,88,5216,1700,true,true
"selection","Sorted",100,89,5216,1700,true,true
"selection","Sorted",100,90,5216,1700,true,true
"selection","Sorted",100,91,5216,1700,true,true
"selection","Sorted",100,92,5216,1700,true,true
"selection","Sorted",100,93,5184,1700,true,true
"selection","Sorted",100,94,5216,1700,true,true
"selection","Sorted",100,95,5216,1700,true,true
"selection","Sorted",100,96,5216,1700,true,true
"selection","Sorted",100,97,5184,1700,true,true
"selection","Sorted",100,98,5216,1700,true,true
"selection","Sorted",100,99,5216,1700,true,true
"merge","Sorted",100,0,2464,800,true,true
"merge","Sorted",100,1,2496,800,true,true
"merge","Sorted",100,2,2432,900,true,true
"merge","Sorted",100,3,2464,800,true,true
"merge","Sorted",100,4,2464,900,true,true
"merge","Sorted",100,5,2496,900,true,true
"merge","Sorted",100,6,2464,800,true,true
"merge","Sorted",100,7,2464,900,true,true
"merge","Sorted",100,8,2496,900,true,true
"merge","Sorted",100,9,2464,800,true,true
"merge","Sorted",100,10,2464,900,true,true
"merge","Sorted",100,11,2464,800,true,true
"merge","Sorted",100,12,2464,800,true,true
"merge","Sorted",100,13,2432,900,true,true
"merge","Sorted",100,14,2496,800,true,true
"merge","Sorted",100,15,2496,900,true,true
"merge","Sorted",100,16,2496,900,true,true
"merge","Sorted",100,17,2528,900,true,true
"merge","Sorted",100,18,2496,800,true,true
"merge","Sorted",100,19,2496,900,true,true
"merge","Sorted",100,20,2464,800,true,true
"merge","Sorted",100,21,2432,900,true,true
"merge","Sorted",100,22,2528,900,true,true
"merge","Sorted",100,23,2432,800,true,true
"merge","Sorted",100,24,2464,800,true,true
"merge","Sorted",100,25,2560,900,true,true
"merge","Sorted",100,26,2464,800,true,true
"merge","Sorted",100,27,2464,900,true,true
"merge","Sorted",100,28,2464,800,true,true
"merge","Sorted",100,29,2528,900,true,true
"merge","Sorted",100,30,2464,900,true,true
"merge","Sorted",100,31,2528,800,true,true
"merge","Sorted",100,32,2464,900,true,true
"merge","Sorted",100,33,2528,900,true,true
"merge","Sorted",100,34,2496,800,true,true
"merge","Sorted",100,35,2496,800,true,true
"merge","Sorted",100,36,2496,900,true,true
"merge","Sorted",100,37,2464,800,true,true
"merge","Sorted",100,38,2432,800,true,true
"merge","Sorted",100,39,2496,900,true,true
"merge","Sorted",100,40,2464,800,true,true
"merge","Sorted",100,41,2496,900,true,true
"merge","Sorted",100,42,2496,900,true,true
"merge","Sorted",100,43,2496,900,true,true
"merge","Sorted",100,44,2432,900,true,true
"merge","Sorted",100,45,2496,800,true,true
"merge","Sorted",100,46,2464,800,true,true
"merge","Sorted",100,47,2464,900,true,true
"merge","Sorted",100,48,2464,800,true,true
"merge","Sorted",100,49,2528,900,true,true
"merge","Sorted",100,50,2464,800,true,true
"merge","Sorted",100,51,2432,900,true,true
"merge","Sorted",100,52,2560,800,true,true
"merge","Sorted",100,53,2560,900,true,true
"merge","Sorted",100,54,2496,800,true,true
"merge","Sorted",100,55,2432,900,true,true
"merge","Sorted",100,56,2496,900,true,true
"merge","Sorted",100,57,2528,900,true,true
"merge","Sorted",100,58,2464,900,true,true
"merge","Sorted",100,59,2528,900,true,true
"merge","Sorted",100,60,2464,900,true,true
"merge","Sorted",100,61,2528,900,true,true
"merge","Sorted",100,62,2496,800,true,true
"merge","Sorted",100,63,2432,900,true,true
"merge","Sorted",100,64,2496,900,true,true
"merge","Sorted",100,65,2496,900,true,true
"merge","Sorted",100,66,2496,800,true,true
"merge","Sorted",100,67,2528,800,true,true
"merge","Sorted",100,68,2528,900,true,true
"merge","Sorted",100,69,2528,800,true,true
"merge","Sorted",100,70,2496,900,true,true
"merge","Sorted",100,71,2528,800,true,true
"merge","Sorted",100,72,2496,900,true,true
"merge","Sorted",100,73,2496,800,true,true
"merge","Sorted",100,74,2496,900,true,true
"merge","Sorted",100,75,2464,800,true,true
"merge","Sorted",100,76,2432,800,true,true
"merge","Sorted",100,77,2464,900,true,true
"merge","Sorted",100,78,2464,800,true,true
"merge","Sorted",100,79,2496,900,true,true
"merge","Sorted",100,80,2464,900,true,true
"merge","Sorted",100,81,2496,900,true,true
"merge","Sorted",100,82,2496,900,true,true
"merge","Sorted",100,83,2432,800,true,true
"merge","Sorted",100,84,2496,900,true,true
"merge","Sorted",100,85,2464,800,true,true
"merge","Sorted",100,86,2464,800,true,true
"merge","Sorted",100,87,2496,900,true,true
"merge","Sorted",100,88,2496,800,true,true
"merge","Sorted",100,89,2464,900,true,true
"merge","Sorted",100,90,2464,900,true,true
"merge","Sorted",100,91,2496,800,true,true
"merge","Sorted",100,92,2496,900,true,true
"merge","Sorted",100,93,2464,800,true,true
"merge","Sorted",100,94,2496,800,true,true
"merge","Sorted",100,95,2464,900,true,true
"merge","Sorted",100,96,2496,800,true,true
"merge","Sorted",100,97,2464,900,true,true
"merge","Sorted",100,98,2496,800,true,true
"merge","Sorted",100,99,2464,900,true,true
"quicksort","Sorted",100,0,864,300,true,true
"quicksort","Sorted",100,1,928,400,true,true
"quicksort","Sorted",100,2,992,400,true,true
"quicksort","Sorted",100,3,896,300,true,true
"quicksort","Sorted",100,4,896,400,true,true
"quicksort","Sorted",100,5,896,400,true,true
"quicksort","Sorted",100,6,896,300,true,true
"quicksort","Sorted",100,7,864,400,true,true
"quicksort","Sorted",100,8,896,300,true,true
"quicksort","Sorted",100,9,928,400,true,true
"quicksort","Sorted",100,10,896,400,true,true
"quicksort","Sorted",100,11,896,300,true,true
"quicksort","Sorted",100,12,896,400,true,true
"quicksort","Sorted",100,13,896,300,true,true
"quicksort","Sorted",100,14,896,400,true,true
"quicksort","Sorted",100,15,896,400,true,true
"quicksort","Sorted",100,16,896,300,true,true
"quicksort","Sorted",100,17,928,300,true,true
"quicksort","Sorted",100,18,896,400,true,true
"quicksort","Sorted",100,19,896,400,true,true
"quicksort","Sorted",100,20,896,300,true,true
"quicksort","Sorted",100,21,896,400,true,true
"quicksort","Sorted",100,22,896,400,true,true
"quicksort","Sorted",100,23,896,300,true,true
"quicksort","Sorted",100,24,896,400,true,true
"quicksort","Sorted",100,25,896,300,true,true
"quicksort","Sorted",100,26,896,400,true,true
"quicksort","Sorted",100,27,896,300,true,true
"quicksort","Sorted",100,28,896,400,true,true
"quicksort","Sorted",100,29,864,300,true,true
"quicksort","Sorted",100,30,896,400,true,true
"quicksort","Sorted",100,31,896,400,true,true
"quicksort","Sorted",100,32,896,300,true,true
"quicksort","Sorted",100,33,928,300,true,true
"quicksort","Sorted",100,34,928,300,true,true
"quicksort","Sorted",100,35,896,400,true,true
"quicksort","Sorted",100,36,896,300,true,true
"quicksort","Sorted",100,37,896,400,true,true
"quicksort","Sorted",100,38,896,400,true,true
"quicksort","Sorted",100,39,896,300,true,true
"quicksort","Sorted",100,40,896,400,true,true
"quicksort","Sorted",100,41,896,300,true,true
"quicksort","Sorted",100,42,896,400,true,true
"quicksort","Sorted",100,43,896,400,true,true
"quicksort","Sorted",100,44,896,300,true,true
"quicksort","Sorted",100,45,896,400,true,true
"quicksort","Sorted",100,46,896,300,true,true
"quicksort","Sorted",100,47,896,400,true,true
"quicksort","Sorted",100,48,896,400,true,true
"quicksort","Sorted",100,49,896,300,true,true
"quicksort","Sorted",100,50,896,400,true,true
"quicksort","Sorted",100,51,896,400,true,true
"quicksort","Sorted",100,52,896,300,true,true
"quicksort","Sorted",100,53,992,400,true,true
"quicksort","Sorted",100,54,896,400,true,true
"quicksort","Sorted",100,55,896,800,true,true
"quicksort","Sorted",100,56,896,500,true,true
"quicksort","Sorted",100,57,896,400,true,true
"quicksort","Sorted",100,58,896,500,true,true
"quicksort","Sorted",100,59,896,600,true,true
"quicksort","Sorted",100,60,896,400,true,true
"quicksort","Sorted",100,61,864,500,true,true
"quicksort","Sorted",100,62,864,600,true,true
"quicksort","Sorted",100,63,896,500,true,true
"quicksort","Sorted",100,64,896,300,true,true
"quicksort","Sorted",100,65,960,600,true,true
"quicksort","Sorted",100,66,928,300,true,true
"quicksort","Sorted",100,67,896,400,true,true
"quicksort","Sorted",100,68,896,300,true,true
"quicksort","Sorted",100,69,896,400,true,true
"quicksort","Sorted",100,70,896,400,true,true
"quicksort","Sorted",100,71,896,400,true,true
"quicksort","Sorted",100,72,896,300,true,true
"quicksort","Sorted",100,73,864,300,true,true
"quicksort","Sorted",100,74,896,400,true,true
"quicksort","Sorted",100,75,864,300,true,true
"quicksort","Sorted",100,76,896,500,true,true
"quicksort","Sorted",100,77,896,600,true,true
"quicksort","Sorted",100,78,896,600,true,true
"quicksort","Sorted",100,79,896,500,true,true
"quicksort","Sorted",100,80,896,300,true,true
"quicksort","Sorted",100,81,896,500,true,true
"quicksort","Sorted",100,82,864,700,true,true
"quicksort","Sorted",100,83,896,400,true,true
"quicksort","Sorted",100,84,896,300,true,true
"quicksort","Sorted",100,85,896,600,true,true
"quicksort","Sorted",100,86,896,500,true,true
"quicksort","Sorted",100,87,864,500,true,true
"quicksort","Sorted",100,88,896,400,true,true
"quicksort","Sorted",100,89,864,300,true,true
"quicksort","Sorted",100,90,896,400,true,true
"quicksort","Sorted",100,91,896,300,true,true
"quicksort","Sorted",100,92,896,300,true,true
"quicksort","Sorted",100,93,896,400,true,true
"quicksort","Sorted",100,94,864,400,true,true
"quicksort","Sorted",100,95,896,300,true,true
"quicksort","Sorted",100,96,896,400,true,true
"quicksort","Sorted",100,97,896,400,true,true
"quicksort","Sorted",100,98,896,300,true,true
"quicksort","Sorted",100,99,896,400,true,true
"heap","Sorted",100,0,2016,700,true,true
"heap","Sorted",100,1,2080,700,true,true
"heap","Sorted",100,2,2048,700,true,true
"heap","Sorted",100,3,2080,700,true,true
"heap","Sorted",100,4,2080,800,true,true
"heap","Sorted",100,5,2080,700,true,true
"heap","Sorted",100,6,2080,700,true,true
"heap","Sorted",100,7,1984,600,true,true
"heap","Sorted",100,8,2048,800,true,true
"heap","Sorted",100,9,2048,700,true,true
"heap","Sorted",100,10,2048,700,true,true
"heap","Sorted",100,11,2048,700,true,true
"heap","Sorted",100,12,2080,800,true,true
"heap","Sorted",100,13,73024,23000,true,true
"heap","Sorted",100,14,2336,800,true,true
"heap","Sorted",100,15,2208,800,true,true
"heap","Sorted",100,16,2176,800,true,true
"heap","Sorted",100,17,2112,800,true,true
"heap","Sorted",100,18,2144,700,true,true
"heap","Sorted",100,19,2048,700,true,true
"heap","Sorted",100,20,2048,700,true,true
"heap","Sorted",100,21,2016,700,true,true
"heap","Sorted",100,22,2048,700,true,true
"heap","Sorted",100,23,2080,800,true,true
"heap","Sorted",100,24,2048,800,true,true
"heap","Sorted",100,25,2080,800,true,true
"heap","Sorted",100,26,2080,800,true,true
"heap","Sorted",100,27,2048,700,true,true
"heap","Sorted",100,28,2048,800,true,true
"heap","Sorted",100,29,2048,700,true,true
"heap","Sorted",100,30,2016,700,true,true
"heap","Sorted",100,31,2016,700,true,true
"heap","Sorted",100,32,2016,700,true,true
"heap","Sorted",100,33,2080,800,true,true
"heap","Sorted",100,34,2080,700,true,true
"heap","Sorted",100,35,2112,800,true,true
"heap","Sorted",100,36,2080,800,true,true
"heap","Sorted",100,37,2080,700,true,true
"heap","Sorted",100,38,1984,700,true,true
"heap","Sorted",100,39,2048,700,true,true
"heap","Sorted",100,40,2048,700,true,true
"heap","Sorted",100,41,2080,800,true,true
"heap","Sorted",100,42,2016,700,true,true
"heap","Sorted",100,43,2016,700,true,true
"heap","Sorted",100,44,2048,700,true,true
"heap","Sorted",100,45,2016,700,true,true
"heap","Sorted",100,46,1984,700,true,true
"heap","Sorted",100,47,2016,700,true,true
"heap","Sorted",100,48,2016,700,true,true
"heap","Sorted",100,49,1984,700,true,true
"heap","Sorted",100,50,2048,700,true,true
"heap","Sorted",100,51,2048,700,true,true
"heap","Sorted",100,52,2048,700,true,true
"heap","Sorted",100,53,2112,700,true,true
"heap","Sorted",100,54,2080,700,true,true
"heap","Sorted",100,55,2048,700,true,true
"heap","Sorted",100,56,2080,800,true,true
"heap","Sorted",100,57,2080,700,true,true
"heap","Sorted",100,58,1984,800,true,true
"heap","Sorted",100,59,1984,600,true,true
"heap","Sorted",100,60,1984,700,true,true
"heap","Sorted",100,61,1952,700,true,true
"heap","Sorted",100,62,2048,700,true,true
"heap","Sorted",100,63,1984,700,true,true
"heap","Sorted",100,64,2048,700,true,true
"heap","Sorted",100,65,2144,800,true,true
"heap","Sorted",100,66,2112,900,true,true
"heap","Sorted",100,67,2048,800,true,true
"heap","Sorted",100,68,2016,700,true,true
"heap","Sorted",100,69,2080,800,true,true
"heap","Sorted",100,70,2080,700,true,true
"heap","Sorted",100,71,2112,800,true,true
"heap","Sorted",100,72,2080,800,true,true
"heap","Sorted",100,73,2048,800,true,true
"heap","Sorted",100,74,2112,700,true,true
"heap","Sorted",100,75,2112,700,true,true
"heap","Sorted",100,76,2080,700,true,true
"heap","Sorted",100,77,2048,700,true,true
"heap","Sorted",100,78,2048,700,true,true
"heap","Sorted",100,79,2048,700,true,true
"heap","Sorted",100,80,2048,700,true,true
"heap","Sorted",100,81,2048,700,true,true
"heap","Sorted",100,82,2048,800,true,true
"heap","Sorted",100,83,2048,800,true,true
"heap","Sorted",100,84,1984,700,true,true
"heap","Sorted",100,85,1984,700,true,true
"heap","Sorted",100,86,1984,700,true,true
"heap","Sorted",100,87,2016,700,true,true
"heap","Sorted",100,88,2016,700,true,true
"heap","Sorted",100,89,1984,700,true,true
"heap","Sorted",100,90,1984,700,true,true
"heap","Sorted",100,91,2016,800,true,true
"heap","Sorted",100,92,2080,700,true,true
"heap","Sorted",100,93,2048,700,true,true
"heap","Sorted",100,94,2048,700,true,true
"heap","Sorted",100,95,2048,700,true,true
"heap","Sorted",100,96,2016,700,true,true
"heap","Sorted",100,97,1984,700,true,true
"heap","Sorted",100,98,2080,700,true,true
"heap","Sorted",100,99,2048,700,true,true
"std-sort","Sorted",100,0,512,200,true,true
"std-sort","Sorted",100,1,640,200,true,true
"std-sort","Sorted",100,2,576,300,true,true
"std-sort","Sorted",100,3,576,300,true,true
"std-sort","Sorted",100,4,512,200,true,true
"std-sort","Sorted",100,5,608,300,true,true
"std-sort","Sorted",100,6,512,200,true,true
"std-sort","Sorted",100,7,640,300,true,true
"std-sort","Sorted",100,8,544,200,true,true
"std-sort","Sorted",100,9,608,200,true,true
"std-sort","Sorted",100,10,544,300,true,true
"std-sort","Sorted",100,11,608,300,true,true
"std-sort","Sorted",100,12,544,300,true,true
"std-sort","Sorted",100,13,544,200,true,true
"std-sort","Sorted",100,14,576,400,true,true
"std-sort","Sorted",100,15,576,200,true,true
"std-sort","Sorted",100,16,576,300,true,true
"std-sort","Sorted",100,17,608,300,true,true
"std-sort","Sorted",100,18,576,400,true,true
"std-sort","Sorted",100,19,576,200,true,true
"std-sort","Sorted",100,20,576,400,true,true
"std-sort","Sorted",100,21,576,400,true,true
"std-sort","Sorted",100,22,544,300,true,true
"std-sort","Sorted",100,23,576,400,true,true
"std-sort","Sorted",100,24,544,400,true,true
"std-sort","Sorted",100,25,576,300,true,true
"std-sort","Sorted",100,26,544,400,true,true
"std-sort","Sorted",100,27,544,300,true,true
"std-sort","Sorted",100,28,544,300,true,true
"std-sort","Sorted",100,29,576,200,true,true
"std-sort","Sorted",100,30,544,300,true,true
"std-sort","Sorted",100,31,544,200,true,true
"std-sort","Sorted",100,32,544,200,true,true
"std-sort","Sorted",100,33,640,200,true,true
"std-sort","Sorted",100,34,608,300,true,true
"std-sort","Sorted",100,35,544,200,true,true
"std-sort","Sorted",100,36,544,300,true,true
"std-sort","Sorted",100,37,544,300,true,true
"std-sort","Sorted",100,38,544,200,true,true
"std-sort","Sorted",100,39,544,300,true,true
"std-sort","Sorted",100,40,544,300,true,true
"std-sort","Sorted",100,41,576,200,true,true
"std-sort","Sorted",100,42,544,200,true,true
"std-sort","Sorted",100,43,576,300,true,true
"std-sort","Sorted",100,44,544,300,true,true
"std-sort","Sorted",100,45,544,200,true,true
"std-sort","Sorted",100,46,544,200,true,true
"std-sort","Sorted",100,47,544,300,true,true
"std-sort","Sorted",100,48,544,300,true,true
"std-sort","Sorted",100,49,544,200,true,true
"std-sort","Sorted",100,50,544,200,true,true
"std-sort","Sorted",100,51,544,200,true,true
"std-sort","Sorted",100,52,544,300,true,true
"std-sort","Sorted",100,53,544,200,true,true
"std-sort","Sorted",100,54,544,200,true,true
"std-sort","Sorted",100,55,544,300,true,true
"std-sort","Sorted",100,56,544,300,true,true
"std-sort","Sorted",100,57,544,200,true,true
"std-sort","Sorted",100,58,608,300,true,true
"std-sort","Sorted",100,59,544,300,true,true
"std-sort","Sorted",100,60,544,400,true,true
"std-sort","Sorted",100,61,544,400,true,true
"std-sort","Sorted",100,62,544,500,true,true
"std-sort","Sorted",100,63,544,500,true,true
"std-sort","Sorted",100,64,544,500,true,true
"std-sort","Sorted",100,65,672,300,true,true
"std-sort","Sorted",100,66,608,200,true,true
"std-sort","Sorted",100,67,608,300,true,true
"std-sort","Sorted",100,68,576,200,true,true
"std-sort","Sorted",100,69,608,300,true,true
"std-sort","Sorted",100,70,608,200,true,true
"std-sort","Sorted",100,71,608,300,true,true
"std-sort","Sorted",100,72,576,300,true,true
"std-sort","Sorted",100,73,608,200,true,true
"std-sort","Sorted",100,74,576,200,true,true
"std-sort","Sorted",100,75,608,300,true,true
"std-sort","Sorted",100,76,576,200,true,true
"std-sort","Sorted",100,77,608,300,true,true
"std-sort","Sorted",100,78,576,300,true,true
"std-sort","Sorted",100,79,608,200,true,true
"std-sort","Sorted",100,80,576,400,true,true
"std-sort","Sorted",100,81,576,300,true,true
"std-sort","Sorted",100,82,544,200,true,true
"std-sort","Sorted",100,83,544,200,true,true
"std-sort","Sorted",100,84,544,300,true,true
"std-sort","Sorted",100,85,544,300,true,true
"std-sort","Sorted",100,86,544,200,true,true
"std-sort","Sorted",100,87,544,200,true,true
"std-sort","Sorted",100,88,544,200,true,true
"std-sort","Sorted",100,89,544,300,true,true
"std-sort","Sorted",100,90,576,300,true,true
"std-sort","Sorted",100,91,576,200,true,true
"std-sort","Sorted",100,92,544,200,true,true
"std-sort","Sorted",100,93,544,300,true,true
"std-sort","Sorted",100,94,544,300,true,true
"std-sort","Sorted",100,95,544,200,true,true
"std-sort","Sorted",100,96,576,200,true,true
"std-sort","Sorted",100,97,576,300,true,true
"std-sort","Sorted",100,98,544,300,true,true
"std-sort","Sorted",100,99,544,300,true,true
"std-stable-sort","Sorted",100,0,896,400,true,true
"std-stable-sort","Sorted",100,1,896,400,true,true
"std-stable-sort","Sorted",100,2,928,400,true,true
"std-stable-sort","Sorted",100,3,960,400,true,true
"std-stable-sort","Sorted",100,4,896,300,true,true
"std-stable-sort","Sorted",100,5,896,400,true,true
"std-stable-sort","Sorted",100,6,928,300,true,true
"std-stable-sort","Sorted",100,7,928,400,true,true
"std-stable-sort","Sorted",100,8,896,300,true,true
"std-stable-sort","Sorted",100,9,1344,500,true,true
"std-stable-sort","Sorted",100,10,1056,400,true,true
"std-stable-sort","Sorted",100,11,992,300,true,true
"std-stable-sort","Sorted",100,12,992,400,true,true
"std-stable-sort","Sorted",100,13,1024,400,true,true
"std-stable-sort","Sorted",100,14,992,400,true,true
"std-stable-sort","Sorted",100,15,992,400,true,true
"std-stable-sort","Sorted",100,16,992,400,true,true
"std-stable-sort","Sorted",100,17,992,400,true,true
"std-stable-sort","Sorted",100,18,992,400,true,true
"std-stable-sort","Sorted",100,19,992,400,true,true
"std-stable-sort","Sorted",100,20,960,400,true,true
"std-stable-sort","Sorted",100,21,928,400,true,true
"std-stable-sort","Sorted",100,22,896,400,true,true
"std-stable-sort","Sorted",100,23,928,400,true,true
"std-stable-sort","Sorted",100,24,960,400,true,true
"std-stable-sort","Sorted",100,25,928,300,true,true
"std-stable-sort","Sorted",100,26,928,400,true,true
"std-stable-sort","Sorted",100,27,928,400,true,true
"std-stable-sort","Sorted",100,28,928,400,true,true
"std-stable-sort","Sorted",100,29,928,400,true,true
"std-stable-sort","Sorted",100,30,896,400,true,true
"std-stable-sort","Sorted",100,31,928,400,true,true
"std-stable-sort","Sorted",100,32,896,400,true,true
"std-stable-sort","Sorted",100,33,992,300,true,true
"std-stable-sort","Sorted",100,34,928,400,true,true
"std-stable-sort","Sorted",100,35,960,400,true,true
"std-stable-sort","Sorted",100,36,928,400,true,true
"std-stable-sort","Sorted",100,37,928,400,true,true
"std-stable-sort","Sorted",100,38,960,300,true,true
"std-stable-sort","Sorted",100,39,960,400,true,true
"std-stable-sort","Sorted",100,40,928,400,true,true
"std-stable-sort","Sorted",100,41,960,400,true,true
"std-stable-sort","Sorted",100,42,960,400,true,true
"std-stable-sort","Sorted",100,43,960,400,true,true
"std-stable-sort","Sorted",100,44,928,400,true,true
"std-stable-sort","Sorted",100,45,928,400,true,true
"std-stable-sort","Sorted",100,46,928,400,true,true
"std-stable-sort","Sorted",100,47,928,400,true,true
"std-stable-sort","Sorted",100,48,928,400,true,true
"std-stable-sort","Sorted",100,49,928,400,true,true
"std-stable-sort","Sorted",100,50,896,400,true,true
"std-stable-sort","Sorted",100,51,960,300,true,true
"std-stable-sort","Sorted",100,52,928,400,true,true
"std-stable-sort","Sorted",100,53,928,300,true,true
"std-stable-sort","Sorted",100,54,896,400,true,true
"std-stable-sort","Sorted",100,55,928,400,true,true
"std-stable-sort","Sorted",100,56,896,400,true,true
"std-stable-sort","Sorted",100,57,928,400,true,true
"std-stable-sort","Sorted",100,58,896,300,true,true
"std-stable-sort","Sorted",100,59,928,400,true,true
"std-stable-sort","Sorted",100,60,896,300,true,true
"std-stable-sort","Sorted",100,61,1024,400,true,true
"std-stable-sort","Sorted",100,62,928,400,true,true
"std-stable-sort","Sorted",100,63,928,400,true,true
"std-stable-sort","Sorted",100,64,896,300,true,true
"std-stable-sort","Sorted",100,65,960,400,true,true
"std-stable-sort","Sorted",100,66,960,300,true,true
"std-stable-sort","Sorted",100,67,960,400,true,true
"std-stable-sort","Sorted",100,68,960,400,true,true
"std-stable-sort","Sorted",100,69,960,500,true,true
"std-stable-sort","Sorted",100,70,928,300,true,true
"std-stable-sort","Sorted",100,71,960,400,true,true
"std-stable-sort","Sorted",100,72,928,300,true,true
"std-stable-sort","Sorted",100,73,928,400,true,true
"std-stable-sort","Sorted",100,74,928,300,true,true
"std-stable-sort","Sorted",100,75,960,400,true,true
"std-stable-sort","Sorted",100,76,896,300,true,true
"std-stable-sort","Sorted",100,77,960,400,true,true
"std-stable-sort","Sorted",100,78,928,300,true,true
"std-stable-sort","Sorted",100,79,928,400,true,true
"std-stable-sort","Sorted",100,80,928,400,true,true
"std-stable-sort","Sorted",100,81,928,300,true,true
"std-stable-sort","Sorted",100,82,928,400,true,true
"std-stable-sort","Sorted",100,83,928,300,true,true
"std-stable-sort","Sorted",100,84,896,400,true,true
"std-stable-sort","Sorted",100,85,928,400,true,true
"std-stable-sort","Sorted",100,86,896,300,true,true
"std-stable-sort","Sorted",100,87,928,400,true,true
"std-stable-sort","Sorted",100,88,896,300,true,true
"std-stable-sort","Sorted",100,89,928,400,true,true
"std-stable-sort","Sorted",100,90,928,400,true,true
"std-stable-sort","Sorted",100,91,928,300,true,true
"std-stable-sort","Sorted",100,92,928,400,true,true
"std-stable-sort","Sorted",100,93,928,300,true,true
"std-stable-sort","Sorted",100,94,896,400,true,true
"std-stable-sort","Sorted",100,95,928,400,true,true
"std-stable-sort","Sorted",100,96,896,300,true,true
"std-stable-sort","Sorted",100,97,928,400,true,true
"std-stable-sort","Sorted",100,98,896,300,true,true
"std-stable-sort","Sorted",100,99,960,400,true,true
"bubble","Sorted",500,0,672,300,true,true
"bubble","Sorted",500,1,640,200,true,true
"bubble","Sorted",500,2,640,200,true,true
"bubble","Sorted",500,3,640,300,true,true
"bubble","Sorted",500,4,640,200,true,true
"bubble","Sorted",500,5,640,300,true,true
"bubble","Sorted",500,6,640,300,true,true
"bubble","Sorted",500,7,640,300,true,true
"bubble","Sorted",500,8,640,300,true,true
"bubble","Sorted",500,9,640,300,true,true
"bubble","Sorted",500,10,640,300,true,true
"bubble","Sorted",500,11,640,200,true,true
"bubble","Sorted",500,12,640,300,true,true
"bubble","Sorted",500,13,640,300,true,true
"bubble","Sorted",500,14,640,300,true,true
"bubble","Sorted",500,15,640,200,true,true
"bubble","Sorted",500,16,640,300,true,true
"bubble","Sorted",500,17,640,300,true,true
"bubble","Sorted",500,18,672,300,true,true
"bubble","Sorted",500,19,672,300,true,true
"bubble","Sorted",500,20,640,200,true,true
"bubble","Sorted",500,21,640,300,true,true
"bubble","Sorted",500,22,640,200,true,true
"bubble","Sorted",500,23,640,300,true,true
"bubble","Sorted",500,24,640,300,true,true
"bubble","Sorted",500,25,640,300,true,true
"bubble","Sorted",500,26,640,300,true,true
"bubble","Sorted",500,27,640,300,true,true
"bubble","Sorted",500,28,640,300,true,true
"bubble","Sorted",500,29,640,300,true,true
"bubble","Sorted",500,30,640,300,true,true
"bubble","Sorted",500,31,640,300,true,true
"bubble","Sorted",500,32,640,300,true,true
"bubble","Sorted",500,33,640,300,true,true
"bubble","Sorted",500,34,640,300,true,true
"bubble","Sorted",500,35,640,300,true,true
"bubble","Sorted",500,36,640,300,true,true
"bubble","Sorted",500,37,640,300,true,true
"bubble","Sorted",500,38,640,300,true,true
"bubble","Sorted",500,39,640,300,true,true
"bubble","Sorted",500,40,640,300,true,true
"bubble","Sorted",500,41,640,300,true,true
"bubble","Sorted",500,42,640,300,true,true
"bubble","Sorted",500,43,640,200,true,true
"bubble","Sorted",500,44,640,300,true,true
"bubble","Sorted",500,45,640,200,true,true
"bubble","Sorted",500,46,640,300,true,true
"bubble","Sorted",500,47,640,200,true,true
"bubble","Sorted",500,48,640,300,true,true
"bubble","Sorted",500,49,672,200,true,true
"bubble","Sorted",500,50,640,300,true,true
"bubble","Sorted",500,51,672,300,true,true
"bubble","Sorted",500,52,672,200,true,true
"bubble","Sorted",500,53,672,300,true,true
"bubble","Sorted",500,54,672,200,true,true
"bubble","Sorted",500,55,640,300,true,true
"bubble","Sorted",500,56,672,200,true,true
"bubble","Sorted",500,57,672,300,true,true
"bubble","Sorted",500,58,640,200,true,true
"bubble","Sorted",500,59,672,300,true,true
"bubble","Sorted",500,60,640,300,true,true
"bubble","Sorted",500,61,640,300,true,true
"bubble","Sorted",500,62,640,300,true,true
"bubble","Sorted",500,63,640,300,true,true
"bubble","Sorted",500,64,640,200,true,true
"bubble","Sorted",500,65,704,300,true,true
"bubble","Sorted",500,66,640,300,true,true
"bubble","Sorted",500,67,640,200,true,true
"bubble","Sorted",500,68,640,300,true,true
"bubble","Sorted",500,69,672,200,true,true
"bubble","Sorted",500,70,640,300,true,true
"bubble","Sorted",500,71,640,300,true,true
"bubble","Sorted",500,72,640,300,true,true
"bubble","Sorted",500,73,640,300,true,true
"bubble","Sorted",500,74,640,300,true,true
"bubble","Sorted",500,75,672,200,true,true
"bubble","Sorted",500,76,640,300,true,true
"bubble","Sorted",500,77,640,200,true,true
"bubble","Sorted",500,78,640,300,true,true
"bubble","Sorted",500,79,640,300,true,true
"bubble","Sorted",500,80,640,300,true,true
"bubble","Sorted",500,81,640,200,true,true
"bubble","Sorted",500,82,640,300,true,true
"bubble","Sorted",500,83,640,200,true,true
"bubble","Sorted",500,84,640,300,true,true
"bubble","Sorted",500,85,640,200,true,true
"bubble","Sorted",500,86,672,300,true,true
"bubble","Sorted",500,87,640,200,true,true
"bubble","Sorted",500,88,640,300,true,true
"bubble","Sorted",500,89,672,200,true,true
"bubble","Sorted",500,90,640,300,true,true
"bubble","Sorted",500,91,640,200,true,true
"bubble","Sorted",500,92,640,300,true,true
"bubble","Sorted",500,93,640,200,true,true
"bubble","Sorted",500,94,640,300,true,true
"bubble","Sorted",500,95,640,200,true,true
"bubble","Sorted",500,96,640,300,true,true
"bubble","Sorted",500,97,640,200,true,true
"bubble","Sorted",500,98,640,300,true,true
"bubble","Sorted",500,99,640,200,true,true
"insertion","Sorted",500,0,672,300,true,true
"insertion","Sorted",500,1,672,300,true,true
"insertion","Sorted",500,2,672,300,true,true
"insertion","Sorted",500,3,672,300,true,true
"insertion","Sorted",500,4,672,300,true,true
"insertion","Sorted",500,5,672,300,true,true
"insertion","Sorted",500,6,672,300,true,true
"insertion","Sorted",500,7,704,300,true,true
"insertion","Sorted",500,8,672,200,true,true
"insertion","Sorted",500,9,672,300,true,true
"insertion","Sorted",500,10,672,200,true,true
"insertion","Sorted",500,11,672,300,true,true
"insertion","Sorted",500,12,672,300,true,true
"insertion","Sorted",500,13,704,300,true,true
"insertion","Sorted",500,14,704,300,true,true
"insertion","Sorted",500,15,672,300,true,true
"insertion","Sorted",500,16,672,300,true,true
"insertion","Sorted",500,17,672,300,true,true
"insertion","Sorted",500,18,672,300,true,true
"insertion","Sorted",500,19,672,300,true,true
"insertion","Sorted",500,20,672,300,true,true
"insertion","Sorted",500,21,704,300,true,true
"insertion","Sorted",500,22,672,300,true,true
"insertion","Sorted",500,23,672,300,true,true
"insertion","Sorted",500,24,704,300,true,true
"insertion","Sorted",500,25,672,300,true,true
"insertion","Sorted",500,26,672,200,true,true
"insertion","Sorted",500,27,704,300,true,true
"insertion","Sorted",500,28,672,300,true,true
"insertion","Sorted",500,29,672,300,true,true
"insertion","Sorted",500,30,704,300,true,true
"insertion","Sorted",500,31,672,300,true,true
"insertion","Sorted",500,32,672,300,true,true
"insertion","Sorted",500,33,672,300,true,true
"insertion","Sorted",500,34,672,300,true,true
"insertion","Sorted",500,35,672,300,true,true
"insertion","Sorted",500,36,704,300,true,true
"insertion","Sorted",500,37,704,200,true,true
"insertion","Sorted",500,38,672,300,true,true
"insertion","Sorted",500,39,704,300,true,true
"insertion","Sorted",500,40,672,300,true,true
"insertion","Sorted",500,41,672,300,true,true
"insertion","Sorted",500,42,672,300,true,true
"insertion","Sorted",500,43,672,300,true,true
"insertion","Sorted",500,44,704,300,true,true
"insertion","Sorted",500,45,672,300,true,true
"insertion","Sorted",500,46,672,200,true,true
"insertion","Sorted",500,47,704,300,true,true
"insertion","Sorted",500,48,672,300,true,true
"insertion","Sorted",500,49,672,300,true,true
"insertion","Sorted",500,50,704,300,true,true
"insertion","Sorted",500,51,672,200,true,true
"insertion","Sorted",500,52,672,300,true,true
"insertion","Sorted",500,53,672,300,true,true
"insertion","Sorted",500,54,672,300,true,true
"insertion","Sorted",500,55,672,300,true,true
"insertion","Sorted",500,56,704,300,true,true
"insertion","Sorted",500,57,672,300,true,true
"insertion","Sorted",500,58,672,200,true,true
"insertion","Sorted",500,59,672,300,true,true
"insertion","Sorted",500,60,672,300,true,true
"insertion","Sorted",500,61,672,300,true,true
"insertion","Sorted",500,62,704,300,true,true
"insertion","Sorted",500,63,704,200,true,true
"insertion","Sorted",500,64,672,300,true,true
"insertion","Sorted",500,65,736,300,true,true
"insertion","Sorted",500,66,736,300,true,true
"insertion","Sorted",500,67,672,300,true,true
"insertion","Sorted",500,68,672,300,true,true
"insertion","Sorted",500,69,704,300,true,true
"insertion","Sorted",500,70,704,300,true,true
"insertion","Sorted",500,71,704,300,true,true
"insertion","Sorted",500,72,672,300,true,true
"insertion","Sorted",500,73,672,300,true,true
"insertion","Sorted",500,74,672,300,true,true
"insertion","Sorted",500,75,672,300,true,true
"insertion","Sorted",500,76,672,300,true,true
"insertion","Sorted",500,77,672,300,true,true
"insertion","Sorted",500,78,672,300,true,true
"insertion","Sorted",500,79,704,300,true,true
"insertion","Sorted",500,80,704,200,true,true
"insertion","Sorted",500,81,672,300,true,true
"insertion","Sorted",500,82,672,300,true,true
"insertion","Sorted",500,83,672,300,true,true
"insertion","Sorted",500,84,672,300,true,true
"insertion","Sorted",500,85,672,300,true,true
"insertion","Sorted",500,86,672,300,true,true
"insertion","Sorted",500,87,672,300,true,true
"insertion","Sorted",500,88,704,300,true,true
"insertion","Sorted",500,89,672,300,true,true
"insertion","Sorted",500,90,672,300,true,true
"insertion","Sorted",500,91,672,300,true,true
"insertion","Sorted",500,92,672,300,true,true
"insertion","Sorted",500,93,704,300,true,true
"insertion","Sorted",500,94,704,300,true,true
"insertion","Sorted",500,95,672,300,true,true
"insertion","Sorted",500,96,672,300,true,true
"insertion","Sorted",500,97,672,200,true,true
"insertion","Sorted",500,98,672,300,true,true
"insertion","Sorted",500,99,704,300,true,true
"selection","Sorted",500,0,117184,36800,true,true
"selection","Sorted",500,1,117216,36800,true,true
"selection","Sorted",500,2,117184,36800,true,true
"selection","Sorted",500,3,117184,36800,true,true
"selection","Sorted",500,4,117152,36800,true,true
"selection","Sorted",500,5,117184,36800,true,true
"selection","Sorted",500,6,117184,36700,true,true
"selection","Sorted",500,7,117216,36800,true,true
"selection","Sorted",500,8,117184,36800,true,true
"selection","Sorted",500,9,117184,36700,true,true
"selection","Sorted",500,10,117216,36800,true,true
"selection","Sorted",500,11,117184,36800,true,true
"selection","Sorted",500,12,117152,36700,true,true
"selection","Sorted",500,13,117216,36800,true,true
"selection","Sorted",500,14,130816,41100,true,true
"selection","Sorted",500,15,117824,37000,true,true
"selection","Sorted",500,16,117824,36900,true,true
"selection","Sorted",500,17,117792,36900,true,true
"selection","Sorted",500,18,117824,37000,true,true
"selection","Sorted",500,19,117824,37100,true,true
"selection","Sorted",500,20,117856,37100,true,true
"selection","Sorted",500,21,145504,45700,true,true
"selection","Sorted",500,22,117824,37000,true,true
"selection","Sorted",500,23,117856,37000,true,true
"selection","Sorted",500,24,117856,37000,true,true
"selection","Sorted",500,25,117856,37000,true,true
"selection","Sorted",500,26,126496,39800,true,true
"selection","Sorted",500,27,117824,37000,true,true
"selection","Sorted",500,28,117824,37000,true,true
"selection","Sorted",500,29,117856,37000,true,true
"selection","Sorted",500,30,117856,37100,true,true
"selection","Sorted",500,31,117856,37100,true,true
"selection","Sorted",500,32,117824,37000,true,true
"selection","Sorted",500,33,117824,36900,true,true
"selection","Sorted",500,34,117824,37000,true,true
"selection","Sorted",500,35,117856,37100,true,true
"selection","Sorted",500,36,117824,37000,true,true
"selection","Sorted",500,37,117856,37100,true,true
"selection","Sorted",500,38,117792,37100,true,true
"selection","Sorted",500,39,117824,37000,true,true
"selection","Sorted",500,40,117824,37000,true,true
"selection","Sorted",500,41,117824,37000,true,true
"selection","Sorted",500,42,117856,36900,true,true
"selection","Sorted",500,43,117824,37000,true,true
"selection","Sorted",500,44,117824,37000,true,true
"selection","Sorted",500,45,118272,37100,true,true
"selection","Sorted",500,46,117856,37000,true,true
"selection","Sorted",500,47,117824,36900,true,true
"selection","Sorted",500,48,143136,44900,true,true
"selection","Sorted",500,49,117824,36900,true,true
"selection","Sorted",500,50,117856,37200,true,true
"selection","Sorted",500,51,117824,37000,true,true
"selection","Sorted",500,52,117856,37000,true,true
"selection","Sorted",500,53,117824,36900,true,true
"selection","Sorted",500,54,117824,37000,true,true
"selection","Sorted",500,55,117824,37000,true,true
"selection","Sorted",500,56,117856,37000,true,true
"selection","Sorted",500,57,117856,37000,true,true
"selection","Sorted",500,58,117856,37000,true,true
"selection","Sorted",500,59,117824,36900,true,true
"selection","Sorted",500,60,117824,37000,true,true
"selection","Sorted",500,61,117824,37000,true,true
"selection","Sorted",500,62,117824,37000,true,true
"selection","Sorted",500,63,117824,37000,true,true
"selection","Sorted",500,64,117824,37000,true,true
"selection","Sorted",500,65,117824,37000,true,true
"selection","Sorted",500,66,117824,37000,true,true
"selection","Sorted",500,67,117824,37000,true,true
"selection","Sorted",500,68,117856,36900,true,true
"selection","Sorted",500,69,117856,37000,true,true
"selection","Sorted",500,70,117824,37000,true,true
"selection","Sorted",500,71,117824,37100,true,true
"selection","Sorted",500,72,117824,37100,true,true
"selection","Sorted",500,73,117824,37000,true,true
"selection","Sorted",500,74,141536,44400,true,true
"selection","Sorted",500,75,117856,37000,true,true
"selection","Sorted",500,76,117824,36900,true,true
"selection","Sorted",500,77,117824,37000,true,true
"selection","Sorted",500,78,117856,37100,true,true
"selection","Sorted",500,79,128352,40300,true,true
"selection","Sorted",500,80,117856,37000,true,true
"selection","Sorted",500,81,117856,37100,true,true
"selection","Sorted",500,82,117824,37100,true,true
"selection","Sorted",500,83,117824,37000,true,true
"selection","Sorted",500,84,117856,37000,true,true
"selection","Sorted",500,85,117824,37100,true,true
"selection","Sorted",500,86,117856,37100,true,true
"selection","Sorted",500,87,117824,37000,true,true
"selection","Sorted",500,88,117824,37100,true,true
"selection","Sorted",500,89,117824,37000,true,true
"selection","Sorted",500,90,117824,36900,true,true
"selection","Sorted",500,91,117856,37000,true,true
"selection","Sorted",500,92,117856,36900,true,true
"selection","Sorted",500,93,117824,37000,true,true
"selection","Sorted",500,94,117824,37000,true,true
"selection","Sorted",500,95,117824,37000,true,true
"selection","Sorted",500,96,117856,37000,true,true
"selection","Sorted",500,97,117856,37000,true,true
"selection","Sorted",500,98,117856,37000,true,true
"selection","Sorted",500,99,117824,36900,true,true
"merge","Sorted",500,0,12416,4000,true,true
"merge","Sorted",500,1,12512,4000,true,true
"merge","Sorted",500,2,12448,4000,true,true
"merge","Sorted",500,3,12576,4000,true,true
"merge","Sorted",500,4,12448,4000,true,true
"merge","Sorted",500,5,12576,4100,true,true
"merge","Sorted",500,6,12352,4000,true,true
"merge","Sorted",500,7,12512,4000,true,true
"merge","Sorted",500,8,12416,4000,true,true
"merge","Sorted",500,9,12608,4000,true,true
"merge","Sorted",500,10,12384,4000,true,true
"merge","Sorted",500,11,12576,4000,true,true
"merge","Sorted",500,12,12416,3900,true,true
"merge","Sorted",500,13,12544,4000,true,true
"merge","Sorted",500,14,12384,3900,true,true
"merge","Sorted",500,15,12544,4000,true,true
"merge","Sorted",500,16,12384,3900,true,true
"merge","Sorted",500,17,12544,4000,true,true
"merge","Sorted",500,18,12448,3900,true,true
"merge","Sorted",500,19,12512,4000,true,true
"merge","Sorted",500,20,12416,4000,true,true
"merge","Sorted",500,21,12544,4000,true,true
"merge","Sorted",500,22,12384,4000,true,true
"merge","Sorted",500,23,12544,4000,true,true
"merge","Sorted",500,24,12384,4000,true,true
"merge","Sorted",500,25,12576,4000,true,true
"merge","Sorted",500,26,12416,4000,true,true
"merge","Sorted",500,27,12544,4000,true,true
"merge","Sorted",500,28,12384,4000,true,true
"merge","Sorted",500,29,12544,4000,true,true
"merge","Sorted",500,30,12384,4000,true,true
"merge","Sorted",500,31,12576,4000,true,true
"merge","Sorted",500,32,12384,4000,true,true
"merge","Sorted",500,33,12544,4000,true,true
"merge","Sorted",500,34,12384,3900,true,true
"merge","Sorted",500,35,12480,3900,true,true
"merge","Sorted",500,36,12384,4000,true,true
"merge","Sorted",500,37,12576,4100,true,true
"merge","Sorted",500,38,12384,4000,true,true
"merge","Sorted",500,39,12608,4000,true,true
"merge","Sorted",500,40,12448,4000,true,true
"merge","Sorted",500,41,12480,4000,true,true
"merge","Sorted",500,42,12416,4000,true,true
"merge","Sorted",500,43,12544,4000,true,true
"merge","Sorted",500,44,12416,4000,true,true
"merge","Sorted",500,45,12576,4000,true,true
"merge","Sorted",500,46,12384,4000,true,true
"merge","Sorted",500,47,12544,4000,true,true
"merge","Sorted",500,48,12416,4000,true,true
"merge","Sorted",500,49,12480,3900,true,true
"merge","Sorted",500,50,12352,4000,true,true
"merge","Sorted",500,51,12480,4000,true,true
"merge","Sorted",500,52,12416,4000,true,true
"merge","Sorted",500,53,12544,4000,true,true
"merge","Sorted",500,54,12352,3900,true,true
"merge","Sorted",500,55,12512,4000,true,true
"merge","Sorted",500,56,12416,3900,true,true
"merge","Sorted",500,57,12480,4000,true,true
"merge","Sorted",500,58,12416,3900,true,true
"merge","Sorted",500,59,12544,4000,true,true
"merge","Sorted",500,60,12416,3900,true,true
"merge","Sorted",500,61,12544,4000,true,true
"merge","Sorted",500,62,12448,4000,true,true
"merge","Sorted",500,63,12544,4000,true,true
"merge","Sorted",500,64,12416,4000,true,true
"merge","Sorted",500,65,12416,3900,true,true
"merge","Sorted",500,66,12416,3900,true,true
"merge","Sorted",500,67,12448,3900,true,true
"merge","Sorted",500,68,12384,4000,true,true
"merge","Sorted",500,69,12416,4000,true,true
"merge","Sorted",500,70,12416,4000,true,true
"merge","Sorted",500,71,12384,3900,true,true
"merge","Sorted",500,72,12384,4000,true,true
"merge","Sorted",500,73,12416,3900,true,true
"merge","Sorted",500,74,12384,4000,true,true
"merge","Sorted",500,75,12384,3900,true,true
"merge","Sorted",500,76,12384,4000,true,true
"merge","Sorted",500,77,12416,4000,true,true
"merge","Sorted",500,78,12384,3900,true,true
"merge","Sorted",500,79,12416,4000,true,true
"merge","Sorted",500,80,12384,3900,true,true
"merge","Sorted",500,81,12384,4000,true,true
"merge","Sorted",500,82,12416,3900,true,true
"merge","Sorted",500,83,12384,3900,true,true
"merge","Sorted",500,84,12384,4000,true,true
"merge","Sorted",500,85,12384,3900,true,true
"merge","Sorted",500,86,12384,4000,true,true
"merge","Sorted",500,87,12384,3900,true,true
"merge","Sorted",500,88,12384,4000,true,true
"merge","Sorted",500,89,12384,3900,true,true
"merge","Sorted",500,90,12416,4000,true,true
"merge","Sorted",500,91,12384,4000,true,true
"merge","Sorted",500,92,12384,3900,true,true
"merge","Sorted",500,93,12384,4000,true,true
"merge","Sorted",500,94,12352,3900,true,true
"merge","Sorted",500,95,12352,4000,true,true
"merge","Sorted",500,96,12416,3900,true,true
"merge","Sorted",500,97,12384,4000,true,true
"merge","Sorted",500,98,12384,3900,true,true
"merge","Sorted",500,99,12384,3900,true,true
"quicksort","Sorted",500,0,5856,2000,true,true
"quicksort","Sorted",500,1,5920,1900,true,true
"quicksort","Sorted",500,2,5952,1900,true,true
"quicksort","Sorted",500,3,5888,1900,true,true
"quicksort","Sorted",500,4,5856,1900,true,true
"quicksort","Sorted",500,5,5888,1900,true,true
"quicksort","Sorted",500,6,5888,1900,true,true
"quicksort","Sorted",500,7,5856,1900,true,true
"quicksort","Sorted",500,8,5856,1900,true,true
"quicksort","Sorted",500,9,5920,2000,true,true
"quicksort","Sorted",500,10,5888,1900,true,true
"quicksort","Sorted",500,11,5856,1900,true,true
"quicksort","Sorted",500,12,5856,1900,true,true
"quicksort","Sorted",500,13,5824,2000,true,true
"quicksort","Sorted",500,14,5856,1900,true,true
"quicksort","Sorted",500,15,5856,1900,true,true
"quicksort","Sorted",500,16,5824,1900,true,true
"quicksort","Sorted",500,17,5888,1900,true,true
"quicksort","Sorted",500,18,5856,1900,true,true
"quicksort","Sorted",500,19,5856,1900,true,true
"quicksort","Sorted",500,20,5856,1900,true,true
"quicksort","Sorted",500,21,5856,1900,true,true
"quicksort","Sorted",500,22,5856,1900,true,true
"quicksort","Sorted",500,23,5888,1900,true,true
"quicksort","Sorted",500,24,5856,1900,true,true
"quicksort","Sorted",500,25,5888,1900,true,true
"quicksort","Sorted",500,26,5856,1900,true,true
"quicksort","Sorted",500,27,5856,1900,true,true
"quicksort","Sorted",500,28,5856,1900,true,true
"quicksort","Sorted",500,29,5888,1900,true,true
"quicksort","Sorted",500,30,5856,1900,true,true
"quicksort","Sorted",500,31,5824,1900,true,true
"quicksort","Sorted",500,32,5856,1900,true,true
"quicksort","Sorted",500,33,5920,1900,true,true
"quicksort","Sorted",500,34,5888,1900,true,true
"quicksort","Sorted",500,35,5856,1900,true,true
"quicksort","Sorted",500,36,5856,1900,true,true
"quicksort","Sorted",500,37,5888,1900,true,true
"quicksort","Sorted",500,38,5856,1900,true,true
"quicksort","Sorted",500,39,5856,1900,true,true
"quicksort","Sorted",500,40,5856,1900,true,true
"quicksort","Sorted",500,41,5856,1900,true,true
"quicksort","Sorted",500,42,5856,1900,true,true
"quicksort","Sorted",500,43,5856,2000,true,true
"quicksort","Sorted",500,44,5824,1900,true,true
"quicksort","Sorted",500,45,5856,1900,true,true
"quicksort","Sorted",500,46,5856,1900,true,true
"quicksort","Sorted",500,47,5824,1900,true,true
"quicksort","Sorted",500,48,5856,1900,true,true
"quicksort","Sorted",500,49,5856,1900,true,true
"quicksort","Sorted",500,50,5824,1900,true,true
"quicksort","Sorted",500,51,5856,1900,true,true
"quicksort","Sorted",500,52,5824,1900,true,true
"quicksort","Sorted",500,53,5856,1900,true,true
"quicksort","Sorted",500,54,5824,1900,true,true
"quicksort","Sorted",500,55,5856,1900,true,true
"quicksort","Sorted",500,56,5856,1900,true,true
"quicksort","Sorted",500,57,5856,1900,true,true
"quicksort","Sorted",500,58,5824,1900,true,true
"quicksort","Sorted",500,59,5856,1900,true,true
"quicksort","Sorted",500,60,5856,1900,true,true
"quicksort","Sorted",500,61,5856,1900,true,true
"quicksort","Sorted",500,62,5824,1900,true,true
"quicksort","Sorted",500,63,5824,1900,true,true
"quicksort","Sorted",500,64,5856,1900,true,true
"quicksort","Sorted",500,65,5984,1900,true,true
"quicksort","Sorted",500,66,5888,1900,true,true
"quicksort","Sorted",500,67,5888,1900,true,true
"quicksort","Sorted",500,68,5920,1900,true,true
"quicksort","Sorted",500,69,5920,1900,true,true
"quicksort","Sorted",500,70,5856,1900,true,true
"quicksort","Sorted",500,71,5856,1900,true,true
"quicksort","Sorted",500,72,5888,1900,true,true
"quicksort","Sorted",500,73,5856,1900,true,true
"quicksort","Sorted",500,74,5856,1900,true,true
"quicksort","Sorted",500,75,5888,1900,true,true
"quicksort","Sorted",500,76,5856,1900,true,true
"quicksort","Sorted",500,77,5856,1900,true,true
"quicksort","Sorted",500,78,5888,1900,true,true
"quicksort","Sorted",500,79,5856,1900,true,true
"quicksort","Sorted",500,80,5888,2000,true,true
"quicksort","Sorted",500,81,5920,1900,true,true
"quicksort","Sorted",500,82,5888,2000,true,true
"quicksort","Sorted",500,83,5856,2000,true,true
"quicksort","Sorted",500,84,5888,1900,true,true
"quicksort","Sorted",500,85,5888,1900,true,true
"quicksort","Sorted",500,86,5888,1900,true,true
"quicksort","Sorted",500,87,5920,1900,true,true
"quicksort","Sorted",500,88,5856,1900,true,true
"quicksort","Sorted",500,89,5856,1900,true,true
"quicksort","Sorted",500,90,5888,1900,true,true
"quicksort","Sorted",500,91,5888,1900,true,true
"quicksort","Sorted",500,92,5920,2000,true,true
"quicksort","Sorted",500,93,5920,1900,true,true
"quicksort","Sorted",500,94,5888,2000,true,true
"quicksort","Sorted",500,95,5856,2000,true,true
"quicksort","Sorted",500,96,5920,2000,true,true
"quicksort","Sorted",500,97,5888,2000,true,true
"quicksort","Sorted",500,98,5888,1900,true,true
"quicksort","Sorted",500,99,5856,1900,true,true
"heap","Sorted",500,0,13600,4300,true,true
"heap","Sorted",500,1,13632,4300,true,true
"heap","Sorted",500,2,13664,4300,true,true
"heap","Sorted",500,3,13600,4300,true,true
"heap","Sorted",500,4,24320,7700,true,true
"heap","Sorted",500,5,13568,4300,true,true
"heap","Sorted",500,6,13504,4300,true,true
"heap","Sorted",500,7,13632,4300,true,true
"heap","Sorted",500,8,13536,4300,true,true
"heap","Sorted",500,9,13632,4400,true,true
"heap","Sorted",500,10,13536,4300,true,true
"heap","Sorted",500,11,13536,4300,true,true
"heap","Sorted",500,12,13600,4300,true,true
"heap","Sorted",500,13,13472,4300,true,true
"heap","Sorted",500,14,13568,4300,true,true
"heap","Sorted",500,15,13664,4300,true,true
"heap","Sorted",500,16,13568,4300,true,true
"heap","Sorted",500,17,42944,13500,true,true
"heap","Sorted",500,18,13440,4300,true,true
"heap","Sorted",500,19,13440,4300,true,true
"heap","Sorted",500,20,13504,4300,true,true
"heap","Sorted",500,21,13408,4300,true,true
"heap","Sorted",500,22,13600,4400,true,true
"heap","Sorted",500,23,13568,4300,true,true
"heap","Sorted",500,24,13568,4300,true,true
"heap","Sorted",500,25,13536,4300,true,true
"heap","Sorted",500,26,13472,4300,true,true
"heap","Sorted",500,27,13472,4300,true,true
"heap","Sorted",500,28,13472,4300,true,true
"heap","Sorted",500,29,13536,4300,true,true
"heap","Sorted",500,30,13536,4400,true,true
"heap","Sorted",500,31,13536,4300,true,true
"heap","Sorted",500,32,13568,4300,true,true
"heap","Sorted",500,33,13568,4300,true,true
"heap","Sorted",500,34,13600,4300,true,true
"heap","Sorted",500,35,13440,4300,true,true
"heap","Sorted",500,36,13600,4300,true,true
"heap","Sorted",500,37,13568,4300,true,true
"heap","Sorted",500,38,13632,4300,true,true
"heap","Sorted",500,39,13536,4300,true,true
"heap","Sorted",500,40,13632,4300,true,true
"heap","Sorted",500,41,13504,4300,true,true
"heap","Sorted",500,42,13440,4300,true,true
"heap","Sorted",500,43,13600,4300,true,true
"heap","Sorted",500,44,13472,4300,true,true
"heap","Sorted",500,45,13440,4200,true,true
"heap","Sorted",500,46,13408,4300,true,true
"heap","Sorted",500,47,13408,4300,true,true
"heap","Sorted",500,48,13536,4400,true,true
"heap","Sorted",500,49,13568,4400,true,true
"heap","Sorted",500,50,13536,4300,true,true
"heap","Sorted",500,51,13568,4400,true,true
"heap","Sorted",500,52,13472,4300,true,true
"heap","Sorted",500,53,13600,4300,true,true
"heap","Sorted",500,54,13632,4400,true,true
"heap","Sorted",500,55,13504,4400,true,true
"heap","Sorted",500,56,13536,4300,true,true
"heap","Sorted",500,57,13536,4300,true,true
"heap","Sorted",500,58,13600,4300,true,true
"heap","Sorted",500,59,13568,4400,true,true
"heap","Sorted",500,60,13632,4400,true,true
"heap","Sorted",500,61,13536,4300,true,true
"heap","Sorted",500,62,13600,4400,true,true
"heap","Sorted",500,63,13600,4300,true,true
"heap","Sorted",500,64,13632,4300,true,true
"heap","Sorted",500,65,13504,4300,true,true
"heap","Sorted",500,66,13504,4300,true,true
"heap","Sorted",500,67,13472,4300,true,true
"heap","Sorted",500,68,13568,4300,true,true
"heap","Sorted",500,69,13568,4300,true,true
"heap","Sorted",500,70,13568,4300,true,true
"heap","Sorted",500,71,13504,4300,true,true
"heap","Sorted",500,72,13600,4300,true,true
"heap","Sorted",500,73,13504,4300,true,true
"heap","Sorted",500,74,13568,4300,true,true
"heap","Sorted",500,75,13600,4300,true,true
"heap","Sorted",500,76,13440,4300,true,true
"heap","Sorted",500,77,13504,4300,true,true
"heap","Sorted",500,78,13568,4300,true,true
"heap","Sorted",500,79,13568,4300,true,true
"heap","Sorted",500,80,13504,4300,true,true
"heap","Sorted",500,81,13408,4300,true,true
"heap","Sorted",500,82,13472,4300,true,true
"heap","Sorted",500,83,13536,4300,true,true
"heap","Sorted",500,84,13632,4400,true,true
"heap","Sorted",500,85,13472,4300,true,true
"heap","Sorted",500,86,13600,4400,true,true
"heap","Sorted",500,87,13472,4300,true,true
"heap","Sorted",500,88,13600,4300,true,true
"heap","Sorted",500,89,13600,4400,true,true
"heap","Sorted",500,90,13440,4300,true,true
"heap","Sorted",500,91,13536,4300,true,true
"heap","Sorted",500,92,13600,4300,true,true
"heap","Sorted",500,93,13536,4300,true,true
"heap","Sorted",500,94,13440,4300,true,true
"heap","Sorted",500,95,13504,4300,true,true
"heap","Sorted",500,96,13568,4400,true,true
"heap","Sorted",500,97,13536,4300,true,true
"heap","Sorted",500,98,13536,4400,true,true
"heap","Sorted",500,99,13472,4200,true,true
"std-sort","Sorted",500,0,4096,1400,true,true
"std-sort","Sorted",500,1,4064,1400,true,true
"std-sort","Sorted",500,2,4064,1400,true,true
"std-sort","Sorted",500,3,4096,1300,true,true
"std-sort","Sorted",500,4,4096,1300,true,true
"std-sort","Sorted",500,5,4064,1400,true,true
"std-sort","Sorted",500,6,4096,1300,true,true
"std-sort","Sorted",500,7,4128,1400,true,true
"std-sort","Sorted",500,8,4096,1300,true,true
"std-sort","Sorted",500,9,4096,1400,true,true
"std-sort","Sorted",500,10,4096,1400,true,true
"std-sort","Sorted",500,11,4032,1400,true,true
"std-sort","Sorted",500,12,4096,1400,true,true
"std-sort","Sorted",500,13,4096,1400,true,true
"std-sort","Sorted",500,14,4096,1400,true,true
"std-sort","Sorted",500,15,4096,1300,true,true
"std-sort","Sorted",500,16,4096,1400,true,true
"std-sort","Sorted",500,17,4064,1400,true,true
"std-sort","Sorted",500,18,4096,1400,true,true
"std-sort","Sorted",500,19,4096,1400,true,true
"std-sort","Sorted",500,20,4128,1400,true,true
"std-sort","Sorted",500,21,4064,1300,true,true
"std-sort","Sorted",500,22,4096,1400,true,true
"std-sort","Sorted",500,23,4096,1300,true,true
"std-sort","Sorted",500,24,4128,1400,true,true
"std-sort","Sorted",500,25,4064,1300,true,true
"std-sort","Sorted",500,26,4096,1300,true,true
"std-sort","Sorted",500,27,4128,1400,true,true
"std-sort","Sorted",500,28,4096,1400,true,true
"std-sort","Sorted",500,29,4064,1300,true,true
"std-sort","Sorted",500,30,4096,1400,true,true
"std-sort","Sorted",500,31,4096,1400,true,true
"std-sort","Sorted",500,32,4096,1400,true,true
"std-sort","Sorted",500,33,4096,1400,true,true
"std-sort","Sorted",500,34,4096,1400,true,true
"std-sort","Sorted",500,35,4000,1300,true,true
"std-sort","Sorted",500,36,4128,1400,true,true
"std-sort","Sorted",500,37,4128,1400,true,true
"std-sort","Sorted",500,38,4096,1300,true,true
"std-sort","Sorted",500,39,4096,1400,true,true
"std-sort","Sorted",500,40,4096,1300,true,true
"std-sort","Sorted",500,41,4096,1400,true,true
"std-sort","Sorted",500,42,4096,1400,true,true
"std-sort","Sorted",500,43,4128,1400,true,true
"std-sort","Sorted",500,44,4096,1400,true,true
"std-sort","Sorted",500,45,4096,1300,true,true
"std-sort","Sorted",500,46,4096,1400,true,true
"std-sort","Sorted",500,47,4096,1300,true,true
"std-sort","Sorted",500,48,4096,1300,true,true
"std-sort","Sorted",500,49,4096,1400,true,true
"std-sort","Sorted",500,50,4096,1300,true,true
"std-sort","Sorted",500,51,4096,1400,true,true
"std-sort","Sorted",500,52,4096,1400,true,true
"std-sort","Sorted",500,53,4128,1400,true,true
"std-sort","Sorted",500,54,4096,1400,true,true
"std-sort","Sorted",500,55,4096,1300,true,true
"std-sort","Sorted",500,56,4096,1400,true,true
"std-sort","Sorted",500,57,4096,1300,true,true
"std-sort","Sorted",500,58,4096,1400,true,true
"std-sort","Sorted",500,59,4032,1300,true,true
"std-sort","Sorted",500,60,4096,1400,true,true
"std-sort","Sorted",500,61,4128,1400,true,true
"std-sort","Sorted",500,62,4096,1400,true,true
"std-sort","Sorted",500,63,4064,1400,true,true
"std-sort","Sorted",500,64,4096,1400,true,true
"std-sort","Sorted",500,65,4128,1300,true,true
"std-sort","Sorted",500,66,4128,1400,true,true
"std-sort","Sorted",500,67,4128,1300,true,true
"std-sort","Sorted",500,68,4096,1300,true,true
"std-sort","Sorted",500,69,4096,1400,true,true
"std-sort","Sorted",500,70,4096,1300,true,true
"std-sort","Sorted",500,71,4032,1400,true,true
"std-sort","Sorted",500,72,4096,1400,true,true
"std-sort","Sorted",500,73,4096,1300,true,true
"std-sort","Sorted",500,74,4096,1400,true,true
"std-sort","Sorted",500,75,4000,1300,true,true
"std-sort","Sorted",500,76,4096,1300,true,true
"std-sort","Sorted",500,77,4096,1300,true,true
"std-sort","Sorted",500,78,4128,1400,true,true
"std-sort","Sorted",500,79,4096,1300,true,true
"std-sort","Sorted",500,80,4096,1300,true,true
"std-sort","Sorted",500,81,4128,1400,true,true
"std-sort","Sorted",500,82,4128,1300,true,true
"std-sort","Sorted",500,83,4096,1300,true,true
"std-sort","Sorted",500,84,4096,1300,true,true
"std-sort","Sorted",500,85,4096,1400,true,true
"std-sort","Sorted",500,86,4096,1400,true,true
"std-sort","Sorted",500,87,4096,1300,true,true
"std-sort","Sorted",500,88,4096,1400,true,true
"std-sort","Sorted",500,89,4064,1300,true,true
"std-sort","Sorted",500,90,4096,1300,true,true
"std-sort","Sorted",500,91,4128,1400,true,true
"std-sort","Sorted",500,92,4096,1300,true,true
"std-sort","Sorted",500,93,4064,1400,true,true
"std-sort","Sorted",500,94,4096,1400,true,true
"std-sort","Sorted",500,95,4128,1400,true,true
"std-sort","Sorted",500,96,4096,1400,true,true
"std-sort","Sorted",500,97,4064,1300,true,true
"std-sort","Sorted",500,98,4096,1400,true,true
"std-sort","Sorted",500,99,4096,1300,true,true
"std-stable-sort","Sorted",500,0,4832,1500,true,true
"std-stable-sort","Sorted",500,1,4864,1700,true,true
"std-stable-sort","Sorted",500,2,4864,1600,true,true
"std-stable-sort","Sorted",500,3,4864,1600,true,true
"std-stable-sort","Sorted",500,4,4864,1600,true,true
"std-stable-sort","Sorted",500,5,4896,1600,true,true
"std-stable-sort","Sorted",500,6,4864,1600,true,true
"std-stable-sort","Sorted",500,7,4864,1600,true,true
"std-stable-sort","Sorted",500,8,4864,1500,true,true
"std-stable-sort","Sorted",500,9,4896,1600,true,true
"std-stable-sort","Sorted",500,10,4864,1600,true,true
"std-stable-sort","Sorted",500,11,4864,1600,true,true
"std-stable-sort","Sorted",500,12,4864,1600,true,true
"std-stable-sort","Sorted",500,13,4864,1500,true,true
"std-stable-sort","Sorted",500,14,4864,1600,true,true
"std-stable-sort","Sorted",500,15,4864,1600,true,true
"std-stable-sort","Sorted",500,16,4864,1600,true,true
"std-stable-sort","Sorted",500,17,4864,1600,true,true
"std-stable-sort","Sorted",500,18,4864,1600,true,true
"std-stable-sort","Sorted",500,19,4864,1600,true,true
"std-stable-sort","Sorted",500,20,4864,1600,true,true
"std-stable-sort","Sorted",500,21,4864,1600,true,true
"std-stable-sort","Sorted",500,22,4864,1600,true,true
"std-stable-sort","Sorted",500,23,4864,1600,true,true
"std-stable-sort","Sorted",500,24,4864,1600,true,true
"std-stable-sort","Sorted",500,25,4896,1600,true,true
"std-stable-sort","Sorted",500,26,4864,1600,true,true
"std-stable-sort","Sorted",500,27,4864,1600,true,true
"std-stable-sort","Sorted",500,28,4864,1600,true,true
"std-stable-sort","Sorted",500,29,4864,1600,true,true
"std-stable-sort","Sorted",500,30,4864,1600,true,true
"std-stable-sort","Sorted",500,31,4864,1600,true,true
"std-stable-sort","Sorted",500,32,4864,1600,true,true
"std-stable-sort","Sorted",500,33,4960,1700,true,true
"std-stable-sort","Sorted",500,34,4864,1600,true,true
"std-stable-sort","Sorted",500,35,4896,1700,true,true
"std-stable-sort","Sorted",500,36,4864,1600,true,true
"std-stable-sort","Sorted",500,37,4864,1600,true,true
"std-stable-sort","Sorted",500,38,4864,1600,true,true
"std-stable-sort","Sorted",500,39,4864,1600,true,true
"std-stable-sort","Sorted",500,40,4864,1700,true,true
"std-stable-sort","Sorted",500,41,4896,1500,true,true
"std-stable-sort","Sorted",500,42,4864,1600,true,true
"std-stable-sort","Sorted",500,43,4864,1600,true,true
"std-stable-sort","Sorted",500,44,4864,1600,true,true
"std-stable-sort","Sorted",500,45,4864,1600,true,true
"std-stable-sort","Sorted",500,46,4864,1600,true,true
"std-stable-sort","Sorted",500,47,4896,1600,true,true
"std-stable-sort","Sorted",500,48,4864,1600,true,true
"std-stable-sort","Sorted",500,49,4864,1600,true,true
"std-stable-sort","Sorted",500,50,4864,1600,true,true
"std-stable-sort","Sorted",500,51,4896,1600,true,true
"std-stable-sort","Sorted",500,52,4864,1600,true,true
"std-stable-sort","Sorted",500,53,4864,1600,true,true
"std-stable-sort","Sorted",500,54,4896,1600,true,true
"std-stable-sort","Sorted",500,55,4864,1600,true,true
"std-stable-sort","Sorted",500,56,4864,1600,true,true
"std-stable-sort","Sorted",500,57,4864,1600,true,true
"std-stable-sort","Sorted",500,58,4864,1600,true,true
"std-stable-sort","Sorted",500,59,4864,1600,true,true
"std-stable-sort","Sorted",500,60,4864,1600,true,true
"std-stable-sort","Sorted",500,61,4864,1600,true,true
"std-stable-sort","Sorted",500,62,4832,1600,true,true
"std-stable-sort","Sorted",500,63,4864,1600,true,true
"std-stable-sort","Sorted",500,64,4832,1600,true,true
"std-stable-sort","Sorted",500,65,4960,1600,true,true
"std-stable-sort","Sorted",500,66,5024,1700,true,true
"std-stable-sort","Sorted",500,67,4960,1600,true,true
"std-stable-sort","Sorted",500,68,4960,1700,true,true
"std-stable-sort","Sorted",500,69,4928,1600,true,true
"std-stable-sort","Sorted",500,70,4928,1600,true,true
"std-stable-sort","Sorted",500,71,4896,1600,true,true
"std-stable-sort","Sorted",500,72,4928,1700,true,true
"std-stable-sort","Sorted",500,73,4864,1600,true,true
"std-stable-sort","Sorted",500,74,4928,1600,true,true
"std-stable-sort","Sorted",500,75,4928,1600,true,true
"std-stable-sort","Sorted",500,76,4928,1700,true,true
"std-stable-sort","Sorted",500,77,4896,1600,true,true
"std-stable-sort","Sorted",500,78,4928,1600,true,true
"std-stable-sort","Sorted",500,79,4896,1600,true,true
"std-stable-sort","Sorted",500,80,4960,1700,true,true
"std-stable-sort","Sorted",500,81,4896,1600,true,true
"std-stable-sort","Sorted",500,82,4896,1700,true,true
"std-stable-sort","Sorted",500,83,4896,1600,true,true
"std-stable-sort","Sorted",500,84,4896,1600,true,true
"std-stable-sort","Sorted",500,85,4928,1700,true,true
"std-stable-sort","Sorted",500,86,4928,1600,true,true
"std-stable-sort","Sorted",500,87,4896,1600,true,true
"std-stable-sort","Sorted",500,88,4928,1600,true,true
"std-stable-sort","Sorted",500,89,4896,1600,true,true
"std-stable-sort","Sorted",500,90,4928,1700,true,true
"std-stable-sort","Sorted",500,91,4960,1600,true,true
"std-stable-sort","Sorted",500,92,4928,1700,true,true
"std-stable-sort","Sorted",500,93,4896,1600,true,true
"std-stable-sort","Sorted",500,94,4896,1600,true,true
"std-stable-sort","Sorted",500,95,4896,1600,true,true
"std-stable-sort","Sorted",500,96,4960,1600,true,true
"std-stable-sort","Sorted",500,97,4896,1600,true,true
"std-stable-sort","Sorted",500,98,5152,1700,true,true
"std-stable-sort","Sorted",500,99,5248,1700,true,true
"bubble","Sorted",1000,0,1344,500,true,true
"bubble","Sorted",1000,1,1344,500,true,true
"bubble","Sorted",1000,2,1344,500,true,true
"bubble","Sorted",1000,3,1344,500,true,true
"bubble","Sorted",1000,4,1344,500,true,true
"bubble","Sorted",1000,5,1312,500,true,true
"bubble","Sorted",1000,6,1344,500,true,true
"bubble","Sorted",1000,7,1344,400,true,true
"bubble","Sorted",1000,8,1344,500,true,true
"bubble","Sorted",1000,9,1344,500,true,true
"bubble","Sorted",1000,10,1344,500,true,true
"bubble","Sorted",1000,11,1312,400,true,true
"bubble","Sorted",1000,12,1344,500,true,true
"bubble","Sorted",1000,13,1344,500,true,true
"bubble","Sorted",1000,14,1344,500,true,true
"bubble","Sorted",1000,15,1344,500,true,true
"bubble","Sorted",1000,16,1344,500,true,true
"bubble","Sorted",1000,17,1344,500,true,true
"bubble","Sorted",1000,18,1344,500,true,true
"bubble","Sorted",1000,19,1344,500,true,true
"bubble","Sorted",1000,20,1344,500,true,true
"bubble","Sorted",1000,21,1344,500,true,true
"bubble","Sorted",1000,22,1344,500,true,true
"bubble","Sorted",1000,23,1312,400,true,true
"bubble","Sorted",1000,24,1344,500,true,true
"bubble","Sorted",1000,25,1344,500,true,true
"bubble","Sorted",1000,26,1344,500,true,true
"bubble","Sorted",1000,27,1344,500,true,true
"bubble","Sorted",1000,28,1344,500,true,true
"bubble","Sorted",1000,29,1344,500,true,true
"bubble","Sorted",1000,30,1344,500,true,true
"bubble","Sorted",1000,31,1344,400,true,true
"bubble","Sorted",1000,32,1344,500,true,true
"bubble","Sorted",1000,33,1344,500,true,true
"bubble","Sorted",1000,34,1344,500,true,true
"bubble","Sorted",1000,35,1344,500,true,true
"bubble","Sorted",1000,36,1344,500,true,true
"bubble","Sorted",1000,37,1344,500,true,true
"bubble","Sorted",1000,38,1344,500,true,true
"bubble","Sorted",1000,39,1344,500,true,true
"bubble","Sorted",1000,40,1344,500,true,true
"bubble","Sorted",1000,41,1344,400,true,true
"bubble","Sorted",1000,42,1344,500,true,true
"bubble","Sorted",1000,43,1344,500,true,true
"bubble","Sorted",1000,44,1344,500,true,true
"bubble","Sorted",1000,45,1344,500,true,true
"bubble","Sorted",1000,46,1344,500,true,true
"bubble","Sorted",1000,47,1344,500,true,true
"bubble","Sorted",1000,48,1344,500,true,true
"bubble","Sorted",1000,49,1344,500,true,true
"bubble","Sorted",1000,50,1344,500,true,true
"bubble","Sorted",1000,51,1344,500,true,true
"bubble","Sorted",1000,52,1344,500,true,true
"bubble","Sorted",1000,53,1344,500,true,true
"bubble","Sorted",1000,54,1344,500,true,true
"bubble","Sorted",1000,55,1344,500,true,true
"bubble","Sorted",1000,56,1344,500,true,true
"bubble","Sorted",1000,57,1344,500,true,true
"bubble","Sorted",1000,58,1344,500,true,true
"bubble","Sorted",1000,59,1344,500,true,true
"bubble","Sorted",1000,60,1344,500,true,true
"bubble","Sorted",1000,61,1344,500,true,true
"bubble","Sorted",1000,62,1344,500,true,true
"bubble","Sorted",1000,63,1344,500,true,true
"bubble","Sorted",1000,64,1344,500,true,true
"bubble","Sorted",1000,65,1344,500,true,true
"bubble","Sorted",1000,66,1344,500,true,true
"bubble","Sorted",1000,67,1344,500,true,true
"bubble","Sorted",1000,68,1344,500,true,true
"bubble","Sorted",1000,69,1344,500,true,true
"bubble","Sorted",1000,70,1312,500,true,true
"bubble","Sorted",1000,71,1344,500,true,true
"bubble","Sorted",1000,72,1344,500,true,true
"bubble","Sorted",1000,73,1344,400,true,true
"bubble","Sorted",1000,74,1344,500,true,true
"bubble","Sorted",1000,75,1344,500,true,true
"bubble","Sorted",1000,76,1344,500,true,true
"bubble","Sorted",1000,77,1344,500,true,true
"bubble","Sorted",1000,78,1344,500,true,true
"bubble","Sorted",1000,79,1344,500,true,true
"bubble","Sorted",1000,80,1344,500,true,true
"bubble","Sorted",1000,81,1344,500,true,true
"bubble","Sorted",1000,82,1344,500,true,true
"bubble","Sorted",1000,83,1344,500,true,true
"bubble","Sorted",1000,84,1344,500,true,true
"bubble","Sorted",1000,85,1344,500,true,true
"bubble","Sorted",1000,86,1344,500,true,true
"bubble","Sorted",1000,87,1344,500,true,true
"bubble","Sorted",1000,88,1344,500,true,true
"bubble","Sorted",1000,89,1312,500,true,true
"bubble","Sorted",1000,90,29120,9200,true,true
"bubble","Sorted",1000,91,1344,500,true,true
"bubble","Sorted",1000,92,1312,500,true,true
"bubble","Sorted",1000,93,1344,500,true,true
"bubble","Sorted",1000,94,1344,500,true,true
"bubble","Sorted",1000,95,1344,500,true,true
"bubble","Sorted",1000,96,1344,500,true,true
"bubble","Sorted",1000,97,1344,500,true,true
"bubble","Sorted",1000,98,1344,500,true,true
"bubble","Sorted",1000,99,1344,500,true,true
"insertion","Sorted",1000,0,1376,500,true,true
"insertion","Sorted",1000,1,1376,500,true,true
"insertion","Sorted",1000,2,1376,500,true,true
"insertion","Sorted",1000,3,1376,600,true,true
"insertion","Sorted",1000,4,1376,500,true,true
"insertion","Sorted",1000,5,1376,500,true,true
"insertion","Sorted",1000,6,1376,500,true,true
"insertion","Sorted",1000,7,1376,500,true,true
"insertion","Sorted",1000,8,1376,500,true,true
"insertion","Sorted",1000,9,1376,500,true,true
"insertion","Sorted",1000,10,1376,600,true,true
"insertion","Sorted",1000,11,1376,500,true,true
"insertion","Sorted",1000,12,1376,500,true,true
"insertion","Sorted",1000,13,1376,500,true,true
"insertion","Sorted",1000,14,1376,500,true,true
"insertion","Sorted",1000,15,1376,500,true,true
"insertion","Sorted",1000,16,1376,500,true,true
"insertion","Sorted",1000,17,1376,500,true,true
"insertion","Sorted",1000,18,1376,500,true,true
"insertion","Sorted",1000,19,1376,500,true,true
"insertion","Sorted",1000,20,1376,500,true,true
"insertion","Sorted",1000,21,1376,500,true,true
"insertion","Sorted",1000,22,1376,500,true,true
"insertion","Sorted",1000,23,1376,500,true,true
"insertion","Sorted",1000,24,1376,500,true,true
"insertion","Sorted",1000,25,1376,500,true,true
"insertion","Sorted",1000,26,1376,500,true,true
"insertion","Sorted",1000,27,1376,500,true,true
"insertion","Sorted",1000,28,1376,500,true,true
"insertion","Sorted",1000,29,1376,500,true,true
"insertion","Sorted",1000,30,1376,500,true,true
"insertion","Sorted",1000,31,1376,500,true,true
"insertion","Sorted",1000,32,1376,500,true,true
"insertion","Sorted",1000,33,1408,500,true,true
"insertion","Sorted",1000,34,1376,500,true,true
"insertion","Sorted",1000,35,1376,500,true,true
"insertion","Sorted",1000,36,1376,500,true,true
"insertion","Sorted",1000,37,1376,500,true,true
"insertion","Sorted",1000,38,1376,500,true,true
"insertion","Sorted",1000,39,1376,600,true,true
"insertion","Sorted",1000,40,1376,500,true,true
"insertion","Sorted",1000,41,1376,500,true,true
"insertion","Sorted",1000,42,1376,500,true,true
"insertion","Sorted",1000,43,1376,500,true,true
"insertion","Sorted",1000,44,1376,500,true,true
"insertion","Sorted",1000,45,1376,500,true,true
"insertion","Sorted",1000,46,1376,500,true,true
"insertion","Sorted",1000,47,1376,500,true,true
"insertion","Sorted",1000,48,1376,500,true,true
"insertion","Sorted",1000,49,1376,500,true,true
"insertion","Sorted",1000,50,1376,500,true,true
"insertion","Sorted",1000,51,1376,500,true,true
"insertion","Sorted",1000,52,1376,500,true,true
"insertion","Sorted",1000,53,1376,500,true,true
"insertion","Sorted",1000,54,1376,500,true,true
"insertion","Sorted",1000,55,1376,600,true,true
"insertion","Sorted",1000,56,1376,500,true,true
"insertion","Sorted",1000,57,1376,500,true,true
"insertion","Sorted",1000,58,1376,500,true,true
"insertion","Sorted",1000,59,1376,500,true,true
"insertion","Sorted",1000,60,1376,500,true,true
"insertion","Sorted",1000,61,1376,500,true,true
"insertion","Sorted",1000,62,1408,500,true,true
"insertion","Sorted",1000,63,1376,500,true,true
"insertion","Sorted",1000,64,1376,500,true,true
"insertion","Sorted",1000,65,1376,500,true,true
"insertion","Sorted",1000,66,1376,500,true,true
"insertion","Sorted",1000,67,1376,500,true,true
"insertion","Sorted",1000,68,1376,500,true,true
"insertion","Sorted",1000,69,1376,600,true,true
"insertion","Sorted",1000,70,1376,600,true,true
"insertion","Sorted",1000,71,1376,500,true,true
"insertion","Sorted",1000,72,1376,500,true,true
"insertion","Sorted",1000,73,1376,500,true,true
"insertion","Sorted",1000,74,1376,500,true,true
"insertion","Sorted",1000,75,1376,500,true,true
"insertion","Sorted",1000,76,1376,500,true,true
"insertion","Sorted",1000,77,1376,500,true,true
"insertion","Sorted",1000,78,1376,500,true,true
"insertion","Sorted",1000,79,1376,600,true,true
"insertion","Sorted",1000,80,1376,500,true,true
"insertion","Sorted",1000,81,1376,500,true,true
"insertion","Sorted",1000,82,1376,500,true,true
"insertion","Sorted",1000,83,1376,500,true,true
"insertion","Sorted",1000,84,1376,500,true,true
"insertion","Sorted",1000,85,1376,600,true,true
"insertion","Sorted",1000,86,1376,500,true,true
"insertion","Sorted",1000,87,1376,500,true,true
"insertion","Sorted",1000,88,1376,500,true,true
"insertion","Sorted",1000,89,1376,500,true,true
"insertion","Sorted",1000,90,1376,500,true,true
"insertion","Sorted",1000,91,1376,500,true,true
"insertion","Sorted",1000,92,1376,500,true,true
"insertion","Sorted",1000,93,1376,500,true,true
"insertion","Sorted",1000,94,1376,500,true,true
"insertion","Sorted",1000,95,1376,500,true,true
"insertion","Sorted",1000,96,1376,500,true,true
"insertion","Sorted",1000,97,1376,500,true,true
"insertion","Sorted",1000,98,1376,500,true,true
"insertion","Sorted",1000,99,1376,600,true,true
"selection","Sorted",1000,0,451296,141400,true,true
"selection","Sorted",1000,1,449440,140800,true,true
"selection","Sorted",1000,2,451296,141300,true,true
"selection","Sorted",1000,3,449440,140800,true,true
"selection","Sorted",1000,4,451232,141400,true,true
"selection","Sorted",1000,5,449440,140800,true,true
"selection","Sorted",1000,6,476448,149200,true,true
"selection","Sorted",1000,7,449440,140800,true,true
"selection","Sorted",1000,8,451360,141400,true,true
"selection","Sorted",1000,9,451232,141500,true,true
"selection","Sorted",1000,10,451264,141400,true,true
"selection","Sorted",1000,11,461248,144600,true,true
"selection","Sorted",1000,12,451264,141400,true,true
"selection","Sorted",1000,13,476192,149200,true,true
"selection","Sorted",1000,14,451296,141400,true,true
"selection","Sorted",1000,15,451232,141300,true,true
"selection","Sorted",1000,16,451296,141400,true,true
"selection","Sorted",1000,17,451232,141500,true,true
"selection","Sorted",1000,18,451264,141400,true,true
"selection","Sorted",1000,19,451232,141400,true,true
"selection","Sorted",1000,20,475104,148900,true,true
"selection","Sorted",1000,21,451264,141400,true,true
"selection","Sorted",1000,22,451264,141400,true,true
"selection","Sorted",1000,23,461312,144600,true,true
"selection","Sorted",1000,24,451264,141300,true,true
"selection","Sorted",1000,25,451264,141400,true,true
"selection","Sorted",1000,26,451232,141400,true,true
"selection","Sorted",1000,27,474880,148800,true,true
"selection","Sorted",1000,28,451232,141400,true,true
"selection","Sorted",1000,29,451264,141400,true,true
"selection","Sorted",1000,30,451264,141300,true,true
"selection","Sorted",1000,31,466944,146200,true,true
"selection","Sorted",1000,32,451264,141300,true,true
"selection","Sorted",1000,33,451296,141400,true,true
"selection","Sorted",1000,34,606144,190000,true,true
"selection","Sorted",1000,35,451904,141600,true,true
"selection","Sorted",1000,36,451296,141300,true,true
"selection","Sorted",1000,37,463168,145100,true,true
"selection","Sorted",1000,38,451296,141400,true,true
"selection","Sorted",1000,39,451232,141400,true,true
"selection","Sorted",1000,40,451264,141500,true,true
"selection","Sorted",1000,41,483904,151600,true,true
"selection","Sorted",1000,42,451296,141400,true,true
"selection","Sorted",1000,43,451232,141300,true,true
"selection","Sorted",1000,44,451296,141300,true,true
"selection","Sorted",1000,45,451264,141300,true,true
"selection","Sorted",1000,46,451296,141400,true,true
"selection","Sorted",1000,47,451296,141400,true,true
"selection","Sorted",1000,48,479680,150300,true,true
"selection","Sorted",1000,49,451264,141400,true,true
"selection","Sorted",1000,50,451296,141400,true,true
"selection","Sorted",1000,51,505440,158300,true,true
"selection","Sorted",1000,52,451296,141400,true,true
"selection","Sorted",1000,53,451296,141300,true,true
"selection","Sorted",1000,54,451264,141400,true,true
"selection","Sorted",1000,55,478752,150000,true,true
"selection","Sorted",1000,56,451264,141300,true,true
"selection","Sorted",1000,57,451264,141400,true,true
"selection","Sorted",1000,58,451264,141400,true,true
"selection","Sorted",1000,59,451232,141400,true,true
"selection","Sorted",1000,60,451264,141400,true,true
"selection","Sorted",1000,61,451232,141400,true,true
"selection","Sorted",1000,62,477216,149600,true,true
"selection","Sorted",1000,63,451232,141400,true,true
"selection","Sorted",1000,64,451264,141300,true,true
"selection","Sorted",1000,65,460672,144300,true,true
"selection","Sorted",1000,66,451264,141400,true,true
"selection","Sorted",1000,67,451232,141300,true,true
"selection","Sorted",1000,68,451264,141300,true,true
"selection","Sorted",1000,69,475392,149000,true,true
"selection","Sorted",1000,70,451296,141400,true,true
"selection","Sorted",1000,71,451264,141400,true,true
"selection","Sorted",1000,72,451232,141400,true,true
"selection","Sorted",1000,73,451264,141400,true,true
"selection","Sorted",1000,74,451232,141300,true,true
"selection","Sorted",1000,75,451264,141400,true,true
"selection","Sorted",1000,76,475680,149000,true,true
"selection","Sorted",1000,77,456480,143000,true,true
"selection","Sorted",1000,78,451232,141400,true,true
"selection","Sorted",1000,79,451264,141300,true,true
"selection","Sorted",1000,80,451232,141300,true,true
"selection","Sorted",1000,81,451296,141300,true,true
"selection","Sorted",1000,82,451232,141300,true,true
"selection","Sorted",1000,83,475200,148800,true,true
"selection","Sorted",1000,84,451232,141300,true,true
"selection","Sorted",1000,85,451264,141300,true,true
"selection","Sorted",1000,86,451232,141300,true,true
"selection","Sorted",1000,87,451264,141400,true,true
"selection","Sorted",1000,88,451232,141500,true,true
"selection","Sorted",1000,89,461664,144900,true,true
"selection","Sorted",1000,90,475264,148900,true,true
"selection","Sorted",1000,91,451296,141500,true,true
"selection","Sorted",1000,92,451232,141600,true,true
"selection","Sorted",1000,93,451264,141600,true,true
"selection","Sorted",1000,94,451232,141300,true,true
"selection","Sorted",1000,95,451264,141400,true,true
"selection","Sorted",1000,96,451232,141400,true,true
"selection","Sorted",1000,97,451328,141400,true,true
"selection","Sorted",1000,98,451232,141400,true,true
"selection","Sorted",1000,99,451232,141400,true,true
"merge","Sorted",1000,0,26208,8300,true,true
"merge","Sorted",1000,1,25920,8200,true,true
"merge","Sorted",1000,2,26112,8300,true,true
"merge","Sorted",1000,3,26016,8300,true,true
"merge","Sorted",1000,4,26176,8300,true,true
"merge","Sorted",1000,5,26144,8300,true,true
"merge","Sorted",1000,6,25888,8200,true,true
"merge","Sorted",1000,7,26304,8300,true,true
"merge","Sorted",1000,8,26112,8300,true,true
"merge","Sorted",1000,9,26144,8200,true,true
"merge","Sorted",1000,10,26208,8300,true,true
"merge","Sorted",1000,11,25920,8200,true,true
"merge","Sorted",1000,12,26144,8300,true,true
"merge","Sorted",1000,13,26144,8200,true,true
"merge","Sorted",1000,14,26048,8200,true,true
"merge","Sorted",1000,15,26208,8300,true,true
"merge","Sorted",1000,16,25984,8200,true,true
"merge","Sorted",1000,17,26112,8300,true,true
"merge","Sorted",1000,18,26048,8300,true,true
"merge","Sorted",1000,19,26080,8300,true,true
"merge","Sorted",1000,20,26016,8200,true,true
"merge","Sorted",1000,21,26080,8200,true,true
"merge","Sorted",1000,22,25952,8200,true,true
"merge","Sorted",1000,23,26112,8200,true,true
"merge","Sorted",1000,24,25888,8200,true,true
"merge","Sorted",1000,25,26208,8300,true,true
"merge","Sorted",1000,26,26016,8200,true,true
"merge","Sorted",1000,27,26176,8300,true,true
"merge","Sorted",1000,28,26048,8200,true,true
"merge","Sorted",1000,29,26176,8200,true,true
"merge","Sorted",1000,30,26080,8200,true,true
"merge","Sorted",1000,31,25888,8200,true,true
"merge","Sorted",1000,32,26016,8200,true,true
"merge","Sorted",1000,33,36512,11500,true,true
"merge","Sorted",1000,34,26112,8300,true,true
"merge","Sorted",1000,35,25888,8200,true,true
"merge","Sorted",1000,36,26112,8300,true,true
"merge","Sorted",1000,37,25952,8300,true,true
"merge","Sorted",1000,38,26080,8300,true,true
"merge","Sorted",1000,39,26080,8300,true,true
"merge","Sorted",1000,40,26112,8200,true,true
"merge","Sorted",1000,41,26048,8200,true,true
"merge","Sorted",1000,42,26144,8200,true,true
"merge","Sorted",1000,43,54272,17000,true,true
"merge","Sorted",1000,44,26240,8300,true,true
"merge","Sorted",1000,45,26048,8300,true,true
"merge","Sorted",1000,46,26080,8200,true,true
"merge","Sorted",1000,47,26016,8200,true,true
"merge","Sorted",1000,48,26112,8200,true,true
"merge","Sorted",1000,49,26048,8200,true,true
"merge","Sorted",1000,50,26080,8300,true,true
"merge","Sorted",1000,51,26048,8300,true,true
"merge","Sorted",1000,52,26112,8300,true,true
"merge","Sorted",1000,53,26080,8200,true,true
"merge","Sorted",1000,54,26208,8300,true,true
"merge","Sorted",1000,55,25984,8200,true,true
"merge","Sorted",1000,56,26144,8200,true,true
"merge","Sorted",1000,57,26112,8200,true,true
"merge","Sorted",1000,58,26016,8200,true,true
"merge","Sorted",1000,59,26048,8300,true,true
"merge","Sorted",1000,60,26048,8300,true,true
"merge","Sorted",1000,61,26112,8200,true,true
"merge","Sorted",1000,62,25952,8200,true,true
"merge","Sorted",1000,63,26112,8300,true,true
"merge","Sorted",1000,64,25984,8200,true,true
"merge","Sorted",1000,65,26080,8200,true,true
"merge","Sorted",1000,66,26048,8200,true,true
"merge","Sorted",1000,67,26048,8300,true,true
"merge","Sorted",1000,68,26016,8200,true,true
"merge","Sorted",1000,69,26080,8200,true,true
"merge","Sorted",1000,70,25952,8200,true,true
"merge","Sorted",1000,71,26208,8300,true,true
"merge","Sorted",1000,72,26240,8300,true,true
"merge","Sorted",1000,73,26048,8200,true,true
"merge","Sorted",1000,74,26080,8300,true,true
"merge","Sorted",1000,75,26112,8300,true,true
"merge","Sorted",1000,76,25920,8200,true,true
"merge","Sorted",1000,77,26144,8200,true,true
"merge","Sorted",1000,78,26048,8200,true,true
"merge","Sorted",1000,79,25920,8200,true,true
"merge","Sorted",1000,80,26144,8200,true,true
"merge","Sorted",1000,81,26016,8200,true,true
"merge","Sorted",1000,82,26144,8300,true,true
"merge","Sorted",1000,83,25984,8200,true,true
"merge","Sorted",1000,84,26144,8300,true,true
"merge","Sorted",1000,85,26208,8300,true,true
"merge","Sorted",1000,86,25984,8200,true,true
"merge","Sorted",1000,87,26240,8300,true,true
"merge","Sorted",1000,88,26016,8200,true,true
"merge","Sorted",1000,89,26080,8300,true,true
"merge","Sorted",1000,90,26048,8200,true,true
"merge","Sorted",1000,91,26176,8200,true,true
"merge","Sorted",1000,92,25984,8200,true,true
"merge","Sorted",1000,93,26208,8200,true,true
"merge","Sorted",1000,94,26176,8300,true,true
"merge","Sorted",1000,95,26048,8200,true,true
"merge","Sorted",1000,96,26080,8200,true,true
"merge","Sorted",1000,97,25920,8200,true,true
"merge","Sorted",1000,98,26080,8300,true,true
"merge","Sorted",1000,99,26048,8200,true,true
"quicksort","Sorted",1000,0,12448,4000,true,true
"quicksort","Sorted",1000,1,12544,4000,true,true
"quicksort","Sorted",1000,2,12512,4000,true,true
"quicksort","Sorted",1000,3,12480,4000,true,true
"quicksort","Sorted",1000,4,12480,4000,true,true
"quicksort","Sorted",1000,5,12448,4000,true,true
"quicksort","Sorted",1000,6,12480,4000,true,true
"quicksort","Sorted",1000,7,12480,4000,true,true
"quicksort","Sorted",1000,8,12480,4000,true,true
"quicksort","Sorted",1000,9,12544,4000,true,true
"quicksort","Sorted",1000,10,12480,4000,true,true
"quicksort","Sorted",1000,11,12480,4000,true,true
"quicksort","Sorted",1000,12,12480,4000,true,true
"quicksort","Sorted",1000,13,12480,4000,true,true
"quicksort","Sorted",1000,14,12480,4000,true,true
"quicksort","Sorted",1000,15,12480,3900,true,true
"quicksort","Sorted",1000,16,12512,4000,true,true
"quicksort","Sorted",1000,17,12512,4000,true,true
"quicksort","Sorted",1000,18,12448,3900,true,true
"quicksort","Sorted",1000,19,12448,4000,true,true
"quicksort","Sorted",1000,20,12448,4000,true,true
"quicksort","Sorted",1000,21,12608,4100,true,true
"quicksort","Sorted",1000,22,12544,4000,true,true
"quicksort","Sorted",1000,23,12544,4000,true,true
"quicksort","Sorted",1000,24,12512,4000,true,true
"quicksort","Sorted",1000,25,12544,4100,true,true
"quicksort","Sorted",1000,26,12512,4000,true,true
"quicksort","Sorted",1000,27,12512,4000,true,true
"quicksort","Sorted",1000,28,12544,4000,true,true
"quicksort","Sorted",1000,29,12512,4000,true,true
"quicksort","Sorted",1000,30,12544,4000,true,true
"quicksort","Sorted",1000,31,12512,4000,true,true
"quicksort","Sorted",1000,32,12544,4000,true,true
"quicksort","Sorted",1000,33,12576,4100,true,true
"quicksort","Sorted",1000,34,12544,4000,true,true
"quicksort","Sorted",1000,35,12576,4100,true,true
"quicksort","Sorted",1000,36,12544,4000,true,true
"quicksort","Sorted",1000,37,12544,4000,true,true
"quicksort","Sorted",1000,38,12544,4000,true,true
"quicksort","Sorted",1000,39,12512,4000,true,true
"quicksort","Sorted",1000,40,12544,4000,true,true
"quicksort","Sorted",1000,41,12544,4000,true,true
"quicksort","Sorted",1000,42,12544,4000,true,true
"quicksort","Sorted",1000,43,12544,4100,true,true
"quicksort","Sorted",1000,44,12544,4000,true,true
"quicksort","Sorted",1000,45,12544,4000,true,true
"quicksort","Sorted",1000,46,12544,4000,true,true
"quicksort","Sorted",1000,47,12544,4000,true,true
"quicksort","Sorted",1000,48,12544,4000,true,true
"quicksort","Sorted",1000,49,12544,4000,true,true
"quicksort","Sorted",1000,50,12544,4000,true,true
"quicksort","Sorted",1000,51,12544,4000,true,true
"quicksort","Sorted",1000,52,12544,4000,true,true
"quicksort","Sorted",1000,53,12544,4000,true,true
"quicksort","Sorted",1000,54,12512,4000,true,true
"quicksort","Sorted",1000,55,12544,4000,true,true
"quicksort","Sorted",1000,56,12544,4000,true,true
"quicksort","Sorted",1000,57,12544,4000,true,true
"quicksort","Sorted",1000,58,12544,4000,true,true
"quicksort","Sorted",1000,59,12544,4000,true,true
"quicksort","Sorted",1000,60,12544,4000,true,true
"quicksort","Sorted",1000,61,12544,4000,true,true
"quicksort","Sorted",1000,62,12544,4000,true,true
"quicksort","Sorted",1000,63,12544,4000,true,true
"quicksort","Sorted",1000,64,12544,4000,true,true
"quicksort","Sorted",1000,65,12800,4100,true,true
"quicksort","Sorted",1000,66,12640,4100,true,true
"quicksort","Sorted",1000,67,12672,4100,true,true
"quicksort","Sorted",1000,68,12672,4000,true,true
"quicksort","Sorted",1000,69,12704,4000,true,true
"quicksort","Sorted",1000,70,12672,4000,true,true
"quicksort","Sorted",1000,71,12672,4100,true,true
"quicksort","Sorted",1000,72,12704,4100,true,true
"quicksort","Sorted",1000,73,12672,4100,true,true
"quicksort","Sorted",1000,74,12704,4100,true,true
"quicksort","Sorted",1000,75,12672,4000,true,true
"quicksort","Sorted",1000,76,12672,4000,true,true
"quicksort","Sorted",1000,77,12704,4000,true,true
"quicksort","Sorted",1000,78,12704,4000,true,true
"quicksort","Sorted",1000,79,12672,4100,true,true
"quicksort","Sorted",1000,80,12704,4100,true,true
"quicksort","Sorted",1000,81,12704,4100,true,true
"quicksort","Sorted",1000,82,12672,4100,true,true
"quicksort","Sorted",1000,83,12704,4100,true,true
"quicksort","Sorted",1000,84,42880,13500,true,true
"quicksort","Sorted",1000,85,13344,4300,true,true
"quicksort","Sorted",1000,86,12960,4200,true,true
"quicksort","Sorted",1000,87,12928,4100,true,true
"quicksort","Sorted",1000,88,12896,4100,true,true
"quicksort","Sorted",1000,89,12896,4100,true,true
"quicksort","Sorted",1000,90,12928,4100,true,true
"quicksort","Sorted",1000,91,12896,4200,true,true
"quicksort","Sorted",1000,92,12896,4100,true,true
"quicksort","Sorted",1000,93,12896,4100,true,true
"quicksort","Sorted",1000,94,12896,4100,true,true
"quicksort","Sorted",1000,95,12896,4100,true,true
"quicksort","Sorted",1000,96,12896,4100,true,true
"quicksort","Sorted",1000,97,12896,4100,true,true
"quicksort","Sorted",1000,98,12896,4100,true,true
"quicksort","Sorted",1000,99,12896,4200,true,true
"heap","Sorted",1000,0,28384,8900,true,true
"heap","Sorted",1000,1,28160,8900,true,true
"heap","Sorted",1000,2,28160,8900,true,true
"heap","Sorted",1000,3,28384,8900,true,true
"heap","Sorted",1000,4,28288,8900,true,true
"heap","Sorted",1000,5,28320,8900,true,true
"heap","Sorted",1000,6,28128,8800,true,true
"heap","Sorted",1000,7,28416,9000,true,true
"heap","Sorted",1000,8,28544,9000,true,true
"heap","Sorted",1000,9,28160,8900,true,true
"heap","Sorted",1000,10,28160,8900,true,true
"heap","Sorted",1000,11,28384,8900,true,true
"heap","Sorted",1000,12,28352,8900,true,true
"heap","Sorted",1000,13,28256,9000,true,true
"heap","Sorted",1000,14,28352,9000,true,true
"heap","Sorted",1000,15,28128,8900,true,true
"heap","Sorted",1000,16,28544,9000,true,true
"heap","Sorted",1000,17,28480,9000,true,true
"heap","Sorted",1000,18,28192,8900,true,true
"heap","Sorted",1000,19,28160,8900,true,true
"heap","Sorted",1000,20,28256,8900,true,true
"heap","Sorted",1000,21,28192,8900,true,true
"heap","Sorted",1000,22,28416,9000,true,true
"heap","Sorted",1000,23,28416,9000,true,true
"heap","Sorted",1000,24,28128,8900,true,true
"heap","Sorted",1000,25,28544,9000,true,true
"heap","Sorted",1000,26,28384,9000,true,true
"heap","Sorted",1000,27,28256,8900,true,true
"heap","Sorted",1000,28,28448,9000,true,true
"heap","Sorted",1000,29,28416,9000,true,true
"heap","Sorted",1000,30,28192,8900,true,true
"heap","Sorted",1000,31,28192,8900,true,true
"heap","Sorted",1000,32,28416,9000,true,true
"heap","Sorted",1000,33,28416,9000,true,true
"heap","Sorted",1000,34,38752,12300,true,true
"heap","Sorted",1000,35,28160,8800,true,true
"heap","Sorted",1000,36,28160,8900,true,true
"heap","Sorted",1000,37,28096,8900,true,true
"heap","Sorted",1000,38,28256,8900,true,true
"heap","Sorted",1000,39,28288,8900,true,true
"heap","Sorted",1000,40,28128,8900,true,true
"heap","Sorted",1000,41,28256,8900,true,true
"heap","Sorted",1000,42,28192,8900,true,true
"heap","Sorted",1000,43,28352,9000,true,true
"heap","Sorted",1000,44,28128,8900,true,true
"heap","Sorted",1000,45,27968,8800,true,true
"heap","Sorted",1000,46,28000,8900,true,true
"heap","Sorted",1000,47,28128,8900,true,true
"heap","Sorted",1000,48,28160,8900,true,true
"heap","Sorted",1000,49,28192,8900,true,true
"heap","Sorted",1000,50,28128,8900,true,true
"heap","Sorted",1000,51,28256,9000,true,true
"heap","Sorted",1000,52,28352,9000,true,true
"heap","Sorted",1000,53,28224,8900,true,true
"heap","Sorted",1000,54,28192,8800,true,true
"heap","Sorted",1000,55,28160,8900,true,true
"heap","Sorted",1000,56,28224,8900,true,true
"heap","Sorted",1000,57,28128,8900,true,true
"heap","Sorted",1000,58,28224,8900,true,true
"heap","Sorted",1000,59,28224,8900,true,true
"heap","Sorted",1000,60,28064,8900,true,true
"heap","Sorted",1000,61,28224,8900,true,true
"heap","Sorted",1000,62,28352,8900,true,true
"heap","Sorted",1000,63,28256,9000,true,true
"heap","Sorted",1000,64,28096,8900,true,true
"heap","Sorted",1000,65,28384,9000,true,true
"heap","Sorted",1000,66,28128,8900,true,true
"heap","Sorted",1000,67,28256,8900,true,true
"heap","Sorted",1000,68,28320,8900,true,true
"heap","Sorted",1000,69,28416,8900,true,true
"heap","Sorted",1000,70,57632,18100,true,true
"heap","Sorted",1000,71,28288,9000,true,true
"heap","Sorted",1000,72,28256,8900,true,true
"heap","Sorted",1000,73,28128,8900,true,true
"heap","Sorted",1000,74,28160,8900,true,true
"heap","Sorted",1000,75,28288,9000,true,true
"heap","Sorted",1000,76,28352,9000,true,true
"heap","Sorted",1000,77,28256,8900,true,true
"heap","Sorted",1000,78,28288,8900,true,true
"heap","Sorted",1000,79,28288,9000,true,true
"heap","Sorted",1000,80,27968,8800,true,true
"heap","Sorted",1000,81,28224,8900,true,true
"heap","Sorted",1000,82,28000,8900,true,true
"heap","Sorted",1000,83,28320,9000,true,true
"heap","Sorted",1000,84,28224,8900,true,true
"heap","Sorted",1000,85,28384,8900,true,true
"heap","Sorted",1000,86,28288,8900,true,true
"heap","Sorted",1000,87,28224,8900,true,true
"heap","Sorted",1000,88,28128,8900,true,true
"heap","Sorted",1000,89,28288,8900,true,true
"heap","Sorted",1000,90,27904,8800,true,true
"heap","Sorted",1000,91,28288,8900,true,true
"heap","Sorted",1000,92,28256,8900,true,true
"heap","Sorted",1000,93,28032,8900,true,true
"heap","Sorted",1000,94,28096,8800,true,true
"heap","Sorted",1000,95,28480,9000,true,true
"heap","Sorted",1000,96,28352,8900,true,true
"heap","Sorted",1000,97,28128,8900,true,true
"heap","Sorted",1000,98,28192,8900,true,true
"heap","Sorted",1000,99,28160,8900,true,true
"std-sort","Sorted",1000,0,9216,3000,true,true
"std-sort","Sorted",1000,1,9152,3000,true,true
"std-sort","Sorted",1000,2,9152,2900,true,true
"std-sort","Sorted",1000,3,9184,2900,true,true
"std-sort","Sorted",1000,4,9152,2900,true,true
"std-sort","Sorted",1000,5,9248,2900,true,true
"std-sort","Sorted",1000,6,9120,2900,true,true
"std-sort","Sorted",1000,7,9184,2900,true,true
"std-sort","Sorted",1000,8,9184,3000,true,true
"std-sort","Sorted",1000,9,9280,3000,true,true
"std-sort","Sorted",1000,10,9280,3000,true,true
"std-sort","Sorted",1000,11,9248,3000,true,true
"std-sort","Sorted",1000,12,9280,3000,true,true
"std-sort","Sorted",1000,13,9248,2900,true,true
"std-sort","Sorted",1000,14,9280,2900,true,true
"std-sort","Sorted",1000,15,9248,3000,true,true
"std-sort","Sorted",1000,16,9248,3000,true,true
"std-sort","Sorted",1000,17,9248,3000,true,true
"std-sort","Sorted",1000,18,9248,3000,true,true
"std-sort","Sorted",1000,19,9184,3000,true,true
"std-sort","Sorted",1000,20,9120,3000,true,true
"std-sort","Sorted",1000,21,9120,2900,true,true
"std-sort","Sorted",1000,22,9184,2900,true,true
"std-sort","Sorted",1000,23,9184,2900,true,true
"std-sort","Sorted",1000,24,9216,2900,true,true
"std-sort","Sorted",1000,25,9248,2900,true,true
"std-sort","Sorted",1000,26,9184,2900,true,true
"std-sort","Sorted",1000,27,9216,2900,true,true
"std-sort","Sorted",1000,28,9280,3000,true,true
"std-sort","Sorted",1000,29,9152,2900,true,true
"std-sort","Sorted",1000,30,9120,2900,true,true
"std-sort","Sorted",1000,31,9152,2900,true,true
"std-sort","Sorted",1000,32,9152,3000,true,true
"std-sort","Sorted",1000,33,9280,3000,true,true
"std-sort","Sorted",1000,34,9280,3000,true,true
"std-sort","Sorted",1000,35,9248,3000,true,true
"std-sort","Sorted",1000,36,9248,3000,true,true
"std-sort","Sorted",1000,37,9216,2900,true,true
"std-sort","Sorted",1000,38,9280,2900,true,true
"std-sort","Sorted",1000,39,9248,2900,true,true
"std-sort","Sorted",1000,40,9248,3000,true,true
"std-sort","Sorted",1000,41,9248,3000,true,true
"std-sort","Sorted",1000,42,9280,3000,true,true
"std-sort","Sorted",1000,43,9248,3000,true,true
"std-sort","Sorted",1000,44,9248,3000,true,true
"std-sort","Sorted",1000,45,9248,2900,true,true
"std-sort","Sorted",1000,46,9248,2900,true,true
"std-sort","Sorted",1000,47,9248,3000,true,true
"std-sort","Sorted",1000,48,9280,3000,true,true
"std-sort","Sorted",1000,49,9248,3000,true,true
"std-sort","Sorted",1000,50,9280,3000,true,true
"std-sort","Sorted",1000,51,9248,3000,true,true
"std-sort","Sorted",1000,52,9248,3000,true,true
"std-sort","Sorted",1000,53,9248,3000,true,true
"std-sort","Sorted",1000,54,9280,3000,true,true
"std-sort","Sorted",1000,55,9280,3000,true,true
"std-sort","Sorted",1000,56,9248,3000,true,true
"std-sort","Sorted",1000,57,9248,2900,true,true
"std-sort","Sorted",1000,58,9248,2900,true,true
"std-sort","Sorted",1000,59,9248,3000,true,true
"std-sort","Sorted",1000,60,9248,3000,true,true
"std-sort","Sorted",1000,61,9280,3000,true,true
"std-sort","Sorted",1000,62,9280,3000,true,true
"std-sort","Sorted",1000,63,9248,3000,true,true
"std-sort","Sorted",1000,64,9280,2900,true,true
"std-sort","Sorted",1000,65,9312,3000,true,true
"std-sort","Sorted",1000,66,9280,3000,true,true
"std-sort","Sorted",1000,67,9280,3000,true,true
"std-sort","Sorted",1000,68,9248,3000,true,true
"std-sort","Sorted",1000,69,9248,3000,true,true
"std-sort","Sorted",1000,70,9248,2900,true,true
"std-sort","Sorted",1000,71,9280,2900,true,true
"std-sort","Sorted",1000,72,9248,3000,true,true
"std-sort","Sorted",1000,73,9312,3000,true,true
"std-sort","Sorted",1000,74,9280,3000,true,true
"std-sort","Sorted",1000,75,9376,3100,true,true
"std-sort","Sorted",1000,76,9248,3000,true,true
"std-sort","Sorted",1000,77,9280,3000,true,true
"std-sort","Sorted",1000,78,9248,3000,true,true
"std-sort","Sorted",1000,79,9280,3000,true,true
"std-sort","Sorted",1000,80,9248,3000,true,true
"std-sort","Sorted",1000,81,9248,3000,true,true
"std-sort","Sorted",1000,82,9280,3000,true,true
"std-sort","Sorted",1000,83,9248,3000,true,true
"std-sort","Sorted",1000,84,9280,3000,true,true
"std-sort","Sorted",1000,85,9280,3000,true,true
"std-sort","Sorted",1000,86,9280,2900,true,true
"std-sort","Sorted",1000,87,9312,3000,true,true
"std-sort","Sorted",1000,88,9248,3000,true,true
"std-sort","Sorted",1000,89,9248,3000,true,true
"std-sort","Sorted",1000,90,9280,3000,true,true
"std-sort","Sorted",1000,91,9280,3000,true,true
"std-sort","Sorted",1000,92,9248,3000,true,true
"std-sort","Sorted",1000,93,9280,2900,true,true
"std-sort","Sorted",1000,94,9248,2900,true,true
"std-sort","Sorted",1000,95,9248,3000,true,true
"std-sort","Sorted",1000,96,9248,3000,true,true
"std-sort","Sorted",1000,97,9248,2900,true,true
"std-sort","Sorted",1000,98,9248,3000,true,true
"std-sort","Sorted",1000,99,9280,3000,true,true
"std-stable-sort","Sorted",1000,0,9344,3000,true,true
"std-stable-sort","Sorted",1000,1,9312,3000,true,true
"std-stable-sort","Sorted",1000,2,9344,3000,true,true
"std-stable-sort","Sorted",1000,3,9696,3100,true,true
"std-stable-sort","Sorted",1000,4,9344,3000,true,true
"std-stable-sort","Sorted",1000,5,9408,3100,true,true
"std-stable-sort","Sorted",1000,6,9344,3000,true,true
"std-stable-sort","Sorted",1000,7,9440,3000,true,true
"std-stable-sort","Sorted",1000,8,9376,3100,true,true
"std-stable-sort","Sorted",1000,9,9472,3000,true,true
"std-stable-sort","Sorted",1000,10,9504,3000,true,true
"std-stable-sort","Sorted",1000,11,9504,3100,true,true
"std-stable-sort","Sorted",1000,12,9440,3000,true,true
"std-stable-sort","Sorted",1000,13,9440,3000,true,true
"std-stable-sort","Sorted",1000,14,9568,3100,true,true
"std-stable-sort","Sorted",1000,15,9440,3000,true,true
"std-stable-sort","Sorted",1000,16,9504,3100,true,true
"std-stable-sort","Sorted",1000,17,9536,3100,true,true
"std-stable-sort","Sorted",1000,18,9472,3100,true,true
"std-stable-sort","Sorted",1000,19,9600,3100,true,true
"std-stable-sort","Sorted",1000,20,9472,3100,true,true
"std-stable-sort","Sorted",1000,21,9408,3000,true,true
"std-stable-sort","Sorted",1000,22,9664,3100,true,true
"std-stable-sort","Sorted",1000,23,9472,3100,true,true
"std-stable-sort","Sorted",1000,24,9504,3100,true,true
"std-stable-sort","Sorted",1000,25,9632,3100,true,true
"std-stable-sort","Sorted",1000,26,9536,3100,true,true
"std-stable-sort","Sorted",1000,27,9536,3100,true,true
"std-stable-sort","Sorted",1000,28,9472,3100,true,true
"std-stable-sort","Sorted",1000,29,9504,3100,true,true
"std-stable-sort","Sorted",1000,30,9312,3000,true,true
"std-stable-sort","Sorted",1000,31,9344,3000,true,true
"std-stable-sort","Sorted",1000,32,9472,3000,true,true
"std-stable-sort","Sorted",1000,33,9408,3000,true,true
"std-stable-sort","Sorted",1000,34,9504,3100,true,true
"std-stable-sort","Sorted",1000,35,9344,3000,true,true
"std-stable-sort","Sorted",1000,36,9312,3000,true,true
"std-stable-sort","Sorted",1000,37,9344,3100,true,true
"std-stable-sort","Sorted",1000,38,9376,3000,true,true
"std-stable-sort","Sorted",1000,39,9280,2900,true,true
"std-stable-sort","Sorted",1000,40,9408,3000,true,true
"std-stable-sort","Sorted",1000,41,9376,3100,true,true
"std-stable-sort","Sorted",1000,42,9440,3000,true,true
"std-stable-sort","Sorted",1000,43,9376,3000,true,true
"std-stable-sort","Sorted",1000,44,9344,3000,true,true
"std-stable-sort","Sorted",1000,45,9376,3000,true,true
"std-stable-sort","Sorted",1000,46,9312,3000,true,true
"std-stable-sort","Sorted",1000,47,9408,3000,true,true
"std-stable-sort","Sorted",1000,48,9312,3000,true,true
"std-stable-sort","Sorted",1000,49,9344,3000,true,true
"std-stable-sort","Sorted",1000,50,9312,3000,true,true
"std-stable-sort","Sorted",1000,51,9312,3000,true,true
"std-stable-sort","Sorted",1000,52,9440,3100,true,true
"std-stable-sort","Sorted",1000,53,9312,2900,true,true
"std-stable-sort","Sorted",1000,54,9440,3100,true,true
"std-stable-sort","Sorted",1000,55,40064,12600,true,true
"std-stable-sort","Sorted",1000,56,9760,3200,true,true
"std-stable-sort","Sorted",1000,57,9824,3200,true,true
"std-stable-sort","Sorted",1000,58,9696,3100,true,true
"std-stable-sort","Sorted",1000,59,9856,3100,true,true
"std-stable-sort","Sorted",1000,60,9728,3100,true,true
"std-stable-sort","Sorted",1000,61,9920,3100,true,true
"std-stable-sort","Sorted",1000,62,9632,3100,true,true
"std-stable-sort","Sorted",1000,63,9664,3100,true,true
"std-stable-sort","Sorted",1000,64,9888,3100,true,true
"std-stable-sort","Sorted",1000,65,9984,3200,true,true
"std-stable-sort","Sorted",1000,66,9792,3100,true,true
"std-stable-sort","Sorted",1000,67,9792,3100,true,true
"std-stable-sort","Sorted",1000,68,9728,3200,true,true
"std-stable-sort","Sorted",1000,69,9696,3100,true,true
"std-stable-sort","Sorted",1000,70,9728,3100,true,true
"std-stable-sort","Sorted",1000,71,9920,3200,true,true
"std-stable-sort","Sorted",1000,72,9664,3200,true,true
"std-stable-sort","Sorted",1000,73,9760,3100,true,true
"std-stable-sort","Sorted",1000,74,9696,3100,true,true
"std-stable-sort","Sorted",1000,75,9664,3100,true,true
"std-stable-sort","Sorted",1000,76,9696,3100,true,true
"std-stable-sort","Sorted",1000,77,9696,3100,true,true
"std-stable-sort","Sorted",1000,78,9664,3100,true,true
"std-stable-sort","Sorted",1000,79,9760,3200,true,true
"std-stable-sort","Sorted",1000,80,9728,3100,true,true
"std-stable-sort","Sorted",1000,81,9760,3200,true,true
"std-stable-sort","Sorted",1000,82,9728,3100,true,true
"std-stable-sort","Sorted",1000,83,9696,3100,true,true
"std-stable-sort","Sorted",1000,84,9760,3200,true,true
"std-stable-sort","Sorted",1000,85,9664,3100,true,true
"std-stable-sort","Sorted",1000,86,9664,3100,true,true
"std-stable-sort","Sorted",1000,87,9664,3100,true,true
"std-stable-sort","Sorted",1000,88,9664,3100,true,true
"std-stable-sort","Sorted",1000,89,9728,3100,true,true
"std-stable-sort","Sorted",1000,90,9760,3100,true,true
"std-stable-sort","Sorted",1000,91,9632,3100,true,true
"std-stable-sort","Sorted",1000,92,9728,3200,true,true
"std-stable-sort","Sorted",1000,93,9824,3200,true,true
"std-stable-sort","Sorted",1000,94,9760,3100,true,true
"std-stable-sort","Sorted",1000,95,9792,3100,true,true
"std-stable-sort","Sorted",1000,96,9728,3200,true,true
"std-stable-sort","Sorted",1000,97,9632,3100,true,true
"std-stable-sort","Sorted",1000,98,9728,3200,true,true
"std-stable-sort","Sorted",1000,99,9792,3200,true,true
"bubble","Sorted",5000,0,6848,2200,true,true
"bubble","Sorted",5000,1,6880,2300,true,true
"bubble","Sorted",5000,2,6880,2300,true,true
"bubble","Sorted",5000,3,6880,2200,true,true
"bubble","Sorted",5000,4,6848,2300,true,true
"bubble","Sorted",5000,5,6880,2200,true,true
"bubble","Sorted",5000,6,6880,2200,true,true
"bubble","Sorted",5000,7,6880,2300,true,true
"bubble","Sorted",5000,8,6880,2300,true,true
"bubble","Sorted",5000,9,6880,2200,true,true
"bubble","Sorted",5000,10,6880,2200,true,true
"bubble","Sorted",5000,11,6880,2200,true,true
"bubble","Sorted",5000,12,6880,2200,true,true
"bubble","Sorted",5000,13,6880,2200,true,true
"bubble","Sorted",5000,14,6880,2200,true,true
"bubble","Sorted",5000,15,6880,2200,true,true
"bubble","Sorted",5000,16,6880,2200,true,true
"bubble","Sorted",5000,17,6880,2200,true,true
"bubble","Sorted",5000,18,6848,2200,true,true
"bubble","Sorted",5000,19,6848,2200,true,true
"bubble","Sorted",5000,20,6848,2300,true,true
"bubble","Sorted",5000,21,6880,2200,true,true
"bubble","Sorted",5000,22,6880,2200,true,true
"bubble","Sorted",5000,23,6880,2200,true,true
"bubble","Sorted",5000,24,6880,2200,true,true
"bubble","Sorted",5000,25,6848,2200,true,true
"bubble","Sorted",5000,26,6848,2200,true,true
"bubble","Sorted",5000,27,6880,2200,true,true
"bubble","Sorted",5000,28,6880,2300,true,true
"bubble","Sorted",5000,29,6880,2300,true,true
"bubble","Sorted",5000,30,6880,2300,true,true
"bubble","Sorted",5000,31,6880,2300,true,true
"bubble","Sorted",5000,32,6880,2200,true,true
"bubble","Sorted",5000,33,6880,2200,true,true
"bubble","Sorted",5000,34,6848,2300,true,true
"bubble","Sorted",5000,35,6880,2300,true,true
"bubble","Sorted",5000,36,6880,2300,true,true
"bubble","Sorted",5000,37,6848,2200,true,true
"bubble","Sorted",5000,38,6880,2200,true,true
"bubble","Sorted",5000,39,6880,2200,true,true
"bubble","Sorted",5000,40,6880,2300,true,true
"bubble","Sorted",5000,41,6880,2200,true,true
"bubble","Sorted",5000,42,6880,2300,true,true
"bubble","Sorted",5000,43,6880,2200,true,true
"bubble","Sorted",5000,44,6880,2300,true,true
"bubble","Sorted",5000,45,6880,2200,true,true
"bubble","Sorted",5000,46,6880,2200,true,true
"bubble","Sorted",5000,47,6848,2200,true,true
"bubble","Sorted",5000,48,6880,2300,true,true
"bubble","Sorted",5000,49,6880,2300,true,true
"bubble","Sorted",5000,50,6880,2200,true,true
"bubble","Sorted",5000,51,6880,2300,true,true
"bubble","Sorted",5000,52,6848,2200,true,true
"bubble","Sorted",5000,53,6880,2200,true,true
"bubble","Sorted",5000,54,6880,2300,true,true
"bubble","Sorted",5000,55,6880,2200,true,true
"bubble","Sorted",5000,56,6880,2200,true,true
"bubble","Sorted",5000,57,6880,2300,true,true
"bubble","Sorted",5000,58,6848,2200,true,true
"bubble","Sorted",5000,59,6880,2300,true,true
"bubble","Sorted",5000,60,6880,2300,true,true
"bubble","Sorted",5000,61,6880,2300,true,true
"bubble","Sorted",5000,62,6880,2200,true,true
"bubble","Sorted",5000,63,6880,2300,true,true
"bubble","Sorted",5000,64,6880,2200,true,true
"bubble","Sorted",5000,65,6848,2200,true,true
"bubble","Sorted",5000,66,6848,2200,true,true
"bubble","Sorted",5000,67,6848,2200,true,true
"bubble","Sorted",5000,68,6880,2300,true,true
"bubble","Sorted",5000,69,6880,2200,true,true
"bubble","Sorted",5000,70,6880,2300,true,true
"bubble","Sorted",5000,71,6880,2200,true,true
"bubble","Sorted",5000,72,6880,2300,true,true
"bubble","Sorted",5000,73,6880,2300,true,true
"bubble","Sorted",5000,74,6848,2200,true,true
"bubble","Sorted",5000,75,6880,2200,true,true
"bubble","Sorted",5000,76,6880,2200,true,true
"bubble","Sorted",5000,77,6880,2200,true,true
"bubble","Sorted",5000,78,6880,2200,true,true
"bubble","Sorted",5000,79,6848,2200,true,true
"bubble","Sorted",5000,80,6880,2200,true,true
"bubble","Sorted",5000,81,6880,2200,true,true
"bubble","Sorted",5000,82,6880,2200,true,true
"bubble","Sorted",5000,83,15872,5000,true,true
"bubble","Sorted",5000,84,6880,2200,true,true
"bubble","Sorted",5000,85,6880,2200,true,true
"bubble","Sorted",5000,86,6880,2200,true,true
"bubble","Sorted",5000,87,6880,2200,true,true
"bubble","Sorted",5000,88,6880,2200,true,true
"bubble","Sorted",5000,89,6880,2200,true,true
"bubble","Sorted",5000,90,6880,2200,true,true
"bubble","Sorted",5000,91,6880,2200,true,true
"bubble","Sorted",5000,92,6848,2200,true,true
"bubble","Sorted",5000,93,6880,2200,true,true
"bubble","Sorted",5000,94,6880,2300,true,true
"bubble","Sorted",5000,95,6880,2300,true,true
"bubble","Sorted",5000,96,6880,2300,true,true
"bubble","Sorted",5000,97,6880,2300,true,true
"bubble","Sorted",5000,98,6880,2200,true,true
"bubble","Sorted",5000,99,6880,2200,true,true
"insertion","Sorted",5000,0,6912,2200,true,true
"insertion","Sorted",5000,1,6912,2300,true,true
"insertion","Sorted",5000,2,6912,2200,true,true
"insertion","Sorted",5000,3,6912,2300,true,true
"insertion","Sorted",5000,4,6912,2200,true,true
"insertion","Sorted",5000,5,6912,2200,true,true
"insertion","Sorted",5000,6,6912,2200,true,true
"insertion","Sorted",5000,7,6912,2300,true,true
"insertion","Sorted",5000,8,6944,2300,true,true
"insertion","Sorted",5000,9,6912,2200,true,true
"insertion","Sorted",5000,10,6912,2200,true,true
"insertion","Sorted",5000,11,6912,2200,true,true
"insertion","Sorted",5000,12,6912,2300,true,true
"insertion","Sorted",5000,13,6912,2300,true,true
"insertion","Sorted",5000,14,6912,2300,true,true
"insertion","Sorted",5000,15,6944,2300,true,true
"insertion","Sorted",5000,16,6912,2200,true,true
"insertion","Sorted",5000,17,6912,2200,true,true
"insertion","Sorted",5000,18,6912,2200,true,true
"insertion","Sorted",5000,19,6912,2200,true,true
"insertion","Sorted",5000,20,6912,2200,true,true
"insertion","Sorted",5000,21,6912,2200,true,true
"insertion","Sorted",5000,22,6912,2200,true,true
"insertion","Sorted",5000,23,6912,2200,true,true
"insertion","Sorted",5000,24,6912,2200,true,true
"insertion","Sorted",5000,25,6912,2200,true,true
"insertion","Sorted",5000,26,6912,2300,true,true
"insertion","Sorted",5000,27,6912,2200,true,true
"insertion","Sorted",5000,28,6912,2300,true,true
"insertion","Sorted",5000,29,6912,2200,true,true
"insertion","Sorted",5000,30,6912,2300,true,true
"insertion","Sorted",5000,31,6944,2300,true,true
"insertion","Sorted",5000,32,6912,2300,true,true
"insertion","Sorted",5000,33,6912,2300,true,true
"insertion","Sorted",5000,34,6912,2300,true,true
"insertion","Sorted",5000,35,6976,2200,true,true
"insertion","Sorted",5000,36,6912,2200,true,true
"insertion","Sorted",5000,37,6912,2200,true,true
"insertion","Sorted",5000,38,6912,2200,true,true
"insertion","Sorted",5000,39,6912,2200,true,true
"insertion","Sorted",5000,40,6912,2200,true,true
"insertion","Sorted",5000,41,6912,2200,true,true
"insertion","Sorted",5000,42,6912,2300,true,true
"insertion","Sorted",5000,43,6912,2200,true,true
"insertion","Sorted",5000,44,6912,2200,true,true
"insertion","Sorted",5000,45,6912,2200,true,true
"insertion","Sorted",5000,46,6912,2200,true,true
"insertion","Sorted",5000,47,6944,2200,true,true
"insertion","Sorted",5000,48,6912,2300,true,true
"insertion","Sorted",5000,49,6944,2200,true,true
"insertion","Sorted",5000,50,6944,2300,true,true
"insertion","Sorted",5000,51,6912,2300,true,true
"insertion","Sorted",5000,52,6912,2300,true,true
"insertion","Sorted",5000,53,6912,2200,true,true
"insertion","Sorted",5000,54,6912,2200,true,true
"insertion","Sorted",5000,55,6912,2200,true,true
"insertion","Sorted",5000,56,6912,2200,true,true
"insertion","Sorted",5000,57,6912,2200,true,true
"insertion","Sorted",5000,58,6912,2200,true,true
"insertion","Sorted",5000,59,6912,2200,true,true
"insertion","Sorted",5000,60,6944,2200,true,true
"insertion","Sorted",5000,61,6944,2300,true,true
"insertion","Sorted",5000,62,6944,2300,true,true
"insertion","Sorted",5000,63,6912,2300,true,true
"insertion","Sorted",5000,64,6912,2200,true,true
"insertion","Sorted",5000,65,6912,2300,true,true
"insertion","Sorted",5000,66,6912,2300,true,true
"insertion","Sorted",5000,67,6976,2300,true,true
"insertion","Sorted",5000,68,6912,2300,true,true
"insertion","Sorted",5000,69,6912,2300,true,true
"insertion","Sorted",5000,70,6912,2200,true,true
"insertion","Sorted",5000,71,6912,2200,true,true
"insertion","Sorted",5000,72,6912,2300,true,true
"insertion","Sorted",5000,73,6912,2300,true,true
"insertion","Sorted",5000,74,6944,2300,true,true
"insertion","Sorted",5000,75,6944,2200,true,true
"insertion","Sorted",5000,76,6912,2200,true,true
"insertion","Sorted",5000,77,6912,2200,true,true
"insertion","Sorted",5000,78,6912,2200,true,true
"insertion","Sorted",5000,79,6912,2300,true,true
"insertion","Sorted",5000,80,6944,2200,true,true
"insertion","Sorted",5000,81,6912,2200,true,true
"insertion","Sorted",5000,82,6944,2200,true,true
"insertion","Sorted",5000,83,6912,2300,true,true
"insertion","Sorted",5000,84,6912,2300,true,true
"insertion","Sorted",5000,85,6912,2200,true,true
"insertion","Sorted",5000,86,6912,2200,true,true
"insertion","Sorted",5000,87,6912,2200,true,true
"insertion","Sorted",5000,88,6944,2200,true,true
"insertion","Sorted",5000,89,6912,2200,true,true
"insertion","Sorted",5000,90,6912,2300,true,true
"insertion","Sorted",5000,91,6912,2300,true,true
"insertion","Sorted",5000,92,6912,2200,true,true
"insertion","Sorted",5000,93,6912,2200,true,true
"insertion","Sorted",5000,94,6912,2300,true,true
"insertion","Sorted",5000,95,6944,2300,true,true
"insertion","Sorted",5000,96,6912,2300,true,true
"insertion","Sorted",5000,97,6912,2200,true,true
"insertion","Sorted",5000,98,6912,2200,true,true
"insertion","Sorted",5000,99,6880,2300,true,true
"selection","Sorted",5000,0,11185216,3502600,true,true
"selection","Sorted",5000,1,10926240,3421200,true,true
"selection","Sorted",5000,2,10981344,3438400,true,true
"selection","Sorted",5000,3,10926880,3421500,true,true
"selection","Sorted",5000,4,11099520,3475600,true,true
"selection","Sorted",5000,5,10907264,3415300,true,true
"selection","Sorted",5000,6,10921088,3419600,true,true
"selection","Sorted",5000,7,11053152,3461000,true,true
"selection","Sorted",5000,8,10923712,3420700,true,true
"selection","Sorted",5000,9,11606304,3634800,true,true
"selection","Sorted",5000,10,10945792,3427400,true,true
"selection","Sorted",5000,11,10909184,3415800,true,true
"selection","Sorted",5000,12,10927872,3421700,true,true
"selection","Sorted",5000,13,11081664,3469900,true,true
"selection","Sorted",5000,14,11157408,3493600,true,true
"selection","Sorted",5000,15,10937248,3424600,true,true
"selection","Sorted",5000,16,10911680,3416800,true,true
"selection","Sorted",5000,17,10932832,3423300,true,true
"selection","Sorted",5000,18,10904576,3414400,true,true
"selection","Sorted",5000,19,11150912,3491600,true,true
"selection","Sorted",5000,20,11004064,3445700,true,true
"selection","Sorted",5000,21,10946240,3427600,true,true
"selection","Sorted",5000,22,10902112,3413800,true,true
"selection","Sorted",5000,23,10928256,3421800,true,true
"selection","Sorted",5000,24,11372768,3561600,true,true
"selection","Sorted",5000,25,11048768,3459700,true,true
"selection","Sorted",5000,26,10918528,3418800,true,true
"selection","Sorted",5000,27,10904160,3414400,true,true
"selection","Sorted",5000,28,11424928,3580500,true,true
"selection","Sorted",5000,29,11222720,3514100,true,true
"selection","Sorted",5000,30,10926368,3421400,true,true
"selection","Sorted",5000,31,10914400,3417600,true,true
"selection","Sorted",5000,32,10939200,3425400,true,true
"selection","Sorted",5000,33,11407744,3572100,true,true
"selection","Sorted",5000,34,10957664,3431100,true,true
"selection","Sorted",5000,35,10916512,3418200,true,true
"selection","Sorted",5000,36,10932352,3423100,true,true
"selection","Sorted",5000,37,10910784,3416500,true,true
"selection","Sorted",5000,38,11265152,3527300,true,true
"selection","Sorted",5000,39,11069184,3466100,true,true
"selection","Sorted",5000,40,10949056,3428500,true,true
"selection","Sorted",5000,41,10906560,3415200,true,true
"selection","Sorted",5000,42,10913120,3417200,true,true
"selection","Sorted",5000,43,11241856,3520900,true,true
"selection","Sorted",5000,44,10960480,3432100,true,true
"selection","Sorted",5000,45,10938400,3425100,true,true
"selection","Sorted",5000,46,10911520,3416800,true,true
"selection","Sorted",5000,47,10933888,3423800,true,true
"selection","Sorted",5000,48,11064160,3464800,true,true
"selection","Sorted",5000,49,10916384,3418300,true,true
"selection","Sorted",5000,50,10947040,3427800,true,true
"selection","Sorted",5000,51,10904512,3414400,true,true
"selection","Sorted",5000,52,11051968,3460500,true,true
"selection","Sorted",5000,53,10872192,3404200,true,true
"selection","Sorted",5000,54,10942560,3426300,true,true
"selection","Sorted",5000,55,10912576,3417100,true,true
"selection","Sorted",5000,56,10914080,3417500,true,true
"selection","Sorted",5000,57,11431104,3580100,true,true
"selection","Sorted",5000,58,11051040,3460200,true,true
"selection","Sorted",5000,59,10927456,3421700,true,true
"selection","Sorted",5000,60,10911904,3416900,true,true
"selection","Sorted",5000,61,10930240,3422700,true,true
"selection","Sorted",5000,62,11414528,3574400,true,true
"selection","Sorted",5000,63,10955904,3430600,true,true
"selection","Sorted",5000,64,10961440,3432300,true,true
"selection","Sorted",5000,65,10943168,3426500,true,true
"selection","Sorted",5000,66,10924416,3420700,true,true
"selection","Sorted",5000,67,11117120,3481300,true,true
"selection","Sorted",5000,68,10975616,3436800,true,true
"selection","Sorted",5000,69,10909312,3416100,true,true
"selection","Sorted",5000,70,11058656,3462800,true,true
"selection","Sorted",5000,71,10911072,3416500,true,true
"selection","Sorted",5000,72,13486591,4224800,true,true
"selection","Sorted",5000,73,10869056,3403300,true,true
"selection","Sorted",5000,74,11259104,3525800,true,true
"selection","Sorted",5000,75,10972864,3435800,true,true
"selection","Sorted",5000,76,11977665,3750900,true,true
"selection","Sorted",5000,77,15271040,4781600,true,true
"selection","Sorted",5000,78,10764448,3370600,true,true
"selection","Sorted",5000,79,10816992,3387200,true,true
"selection","Sorted",5000,80,10867008,3402700,true,true
"selection","Sorted",5000,81,10878688,3406300,true,true
"selection","Sorted",5000,82,10881120,3407300,true,true
"selection","Sorted",5000,83,10917504,3418500,true,true
"selection","Sorted",5000,84,10841920,3394800,true,true
"selection","Sorted",5000,85,10889472,3409700,true,true
"selection","Sorted",5000,86,11360000,3557300,true,true
"selection","Sorted",5000,87,11010208,3447500,true,true
"selection","Sorted",5000,88,10909632,3416200,true,true
"selection","Sorted",5000,89,10924544,3420700,true,true
"selection","Sorted",5000,90,10917248,3418300,true,true
"selection","Sorted",5000,91,10915168,3417700,true,true
"selection","Sorted",5000,92,10852448,3398100,true,true
"selection","Sorted",5000,93,10848064,3396800,true,true
"selection","Sorted",5000,94,10836864,3393200,true,true
"selection","Sorted",5000,95,10586560,3314900,true,true
"selection","Sorted",5000,96,10539488,3300100,true,true
"selection","Sorted",5000,97,10557056,3305800,true,true
"selection","Sorted",5000,98,10477376,3280600,true,true
"selection","Sorted",5000,99,10503296,3288800,true,true
"merge","Sorted",5000,0,138656,43500,true,true
"merge","Sorted",5000,1,138464,43400,true,true
"merge","Sorted",5000,2,138752,43600,true,true
"merge","Sorted",5000,3,138304,43400,true,true
"merge","Sorted",5000,4,138912,43500,true,true
"merge","Sorted",5000,5,167744,52700,true,true
"merge","Sorted",5000,6,138720,43500,true,true
"merge","Sorted",5000,7,138240,43300,true,true
"merge","Sorted",5000,8,138688,43500,true,true
"merge","Sorted",5000,9,138432,43600,true,true
"merge","Sorted",5000,10,138720,43800,true,true
"merge","Sorted",5000,11,138144,43400,true,true
"merge","Sorted",5000,12,138816,43500,true,true
"merge","Sorted",5000,13,157408,49400,true,true
"merge","Sorted",5000,14,253312,79500,true,true
"merge","Sorted",5000,15,171328,53800,true,true
"merge","Sorted",5000,16,169216,53100,true,true
"merge","Sorted",5000,17,188064,59000,true,true
"merge","Sorted",5000,18,154656,48500,true,true
"merge","Sorted",5000,19,152384,47900,true,true
"merge","Sorted",5000,20,154592,48500,true,true
"merge","Sorted",5000,21,170400,53400,true,true
"merge","Sorted",5000,22,139488,43800,true,true
"merge","Sorted",5000,23,138368,43400,true,true
"merge","Sorted",5000,24,181440,56900,true,true
"merge","Sorted",5000,25,138272,43600,true,true
"merge","Sorted",5000,26,138784,43600,true,true
"merge","Sorted",5000,27,150720,47200,true,true
"merge","Sorted",5000,28,137760,43300,true,true
"merge","Sorted",5000,29,137152,43200,true,true
"merge","Sorted",5000,30,138304,43300,true,true
"merge","Sorted",5000,31,137312,43100,true,true
"merge","Sorted",5000,32,138496,43500,true,true
"merge","Sorted",5000,33,137280,43100,true,true
"merge","Sorted",5000,34,138112,43300,true,true
"merge","Sorted",5000,35,137280,43100,true,true
"merge","Sorted",5000,36,138080,43300,true,true
"merge","Sorted",5000,37,137408,43100,true,true
"merge","Sorted",5000,38,138272,43400,true,true
"merge","Sorted",5000,39,137312,43000,true,true
"merge","Sorted",5000,40,138112,43400,true,true
"merge","Sorted",5000,41,137568,43200,true,true
"merge","Sorted",5000,42,138560,43500,true,true
"merge","Sorted",5000,43,137312,43000,true,true
"merge","Sorted",5000,44,138080,43400,true,true
"merge","Sorted",5000,45,165952,52100,true,true
"merge","Sorted",5000,46,137856,43200,true,true
"merge","Sorted",5000,47,137248,43000,true,true
"merge","Sorted",5000,48,138208,43400,true,true
"merge","Sorted",5000,49,137152,43000,true,true
"merge","Sorted",5000,50,151744,47600,true,true
"merge","Sorted",5000,51,138816,43500,true,true
"merge","Sorted",5000,52,139392,43700,true,true
"merge","Sorted",5000,53,138688,43500,true,true
"merge","Sorted",5000,54,139680,43800,true,true
"merge","Sorted",5000,55,138720,43500,true,true
"merge","Sorted",5000,56,139520,43700,true,true
"merge","Sorted",5000,57,139136,43600,true,true
"merge","Sorted",5000,58,139648,43800,true,true
"merge","Sorted",5000,59,147648,46300,true,true
"merge","Sorted",5000,60,139456,43800,true,true
"merge","Sorted",5000,61,138880,43500,true,true
"merge","Sorted",5000,62,139648,43800,true,true
"merge","Sorted",5000,63,138688,43500,true,true
"merge","Sorted",5000,64,139648,43900,true,true
"merge","Sorted",5000,65,138848,43500,true,true
"merge","Sorted",5000,66,139360,43800,true,true
"merge","Sorted",5000,67,166048,52100,true,true
"merge","Sorted",5000,68,139488,43700,true,true
"merge","Sorted",5000,69,138848,43500,true,true
"merge","Sorted",5000,70,139360,43700,true,true
"merge","Sorted",5000,71,138848,43500,true,true
"merge","Sorted",5000,72,139616,43800,true,true
"merge","Sorted",5000,73,138944,43600,true,true
"merge","Sorted",5000,74,139904,43900,true,true
"merge","Sorted",5000,75,139136,43600,true,true
"merge","Sorted",5000,76,153984,48300,true,true
"merge","Sorted",5000,77,141088,44300,true,true
"merge","Sorted",5000,78,141728,44500,true,true
"merge","Sorted",5000,79,141184,44300,true,true
"merge","Sorted",5000,80,141984,44600,true,true
"merge","Sorted",5000,81,140928,44200,true,true
"merge","Sorted",5000,82,141600,44400,true,true
"merge","Sorted",5000,83,141088,44300,true,true
"merge","Sorted",5000,84,141728,44500,true,true
"merge","Sorted",5000,85,140960,44300,true,true
"merge","Sorted",5000,86,141536,44400,true,true
"merge","Sorted",5000,87,141088,44300,true,true
"merge","Sorted",5000,88,170624,53500,true,true
"merge","Sorted",5000,89,140960,44200,true,true
"merge","Sorted",5000,90,141760,44500,true,true
"merge","Sorted",5000,91,141280,44300,true,true
"merge","Sorted",5000,92,141760,44500,true,true
"merge","Sorted",5000,93,141120,44300,true,true
"merge","Sorted",5000,94,141920,44500,true,true
"merge","Sorted",5000,95,141088,44200,true,true
"merge","Sorted",5000,96,141632,44500,true,true
"merge","Sorted",5000,97,140960,44200,true,true
"merge","Sorted",5000,98,141696,44400,true,true
"merge","Sorted",5000,99,140992,44300,true,true
"quicksort","Sorted",5000,0,80512,25300,true,true
"quicksort","Sorted",5000,1,80736,25300,true,true
"quicksort","Sorted",5000,2,80256,25200,true,true
"quicksort","Sorted",5000,3,80352,25200,true,true
"quicksort","Sorted",5000,4,80192,25200,true,true
"quicksort","Sorted",5000,5,80448,25300,true,true
"quicksort","Sorted",5000,6,80224,25200,true,true
"quicksort","Sorted",5000,7,80192,25200,true,true
"quicksort","Sorted",5000,8,80128,25200,true,true
"quicksort","Sorted",5000,9,80608,25300,true,true
"quicksort","Sorted",5000,10,80416,25300,true,true
"quicksort","Sorted",5000,11,80416,25300,true,true
"quicksort","Sorted",5000,12,80320,25200,true,true
"quicksort","Sorted",5000,13,80224,25200,true,true
"quicksort","Sorted",5000,14,80352,25200,true,true
"quicksort","Sorted",5000,15,80384,25200,true,true
"quicksort","Sorted",5000,16,80352,25200,true,true
"quicksort","Sorted",5000,17,80352,25200,true,true
"quicksort","Sorted",5000,18,80416,25300,true,true
"quicksort","Sorted",5000,19,80352,25200,true,true
"quicksort","Sorted",5000,20,80320,25200,true,true
"quicksort","Sorted",5000,21,80352,25200,true,true
"quicksort","Sorted",5000,22,80224,25200,true,true
"quicksort","Sorted",5000,23,80288,25300,true,true
"quicksort","Sorted",5000,24,80256,25200,true,true
"quicksort","Sorted",5000,25,80576,25300,true,true
"quicksort","Sorted",5000,26,93088,29200,true,true
"quicksort","Sorted",5000,27,79904,25100,true,true
"quicksort","Sorted",5000,28,79904,25100,true,true
"quicksort","Sorted",5000,29,79904,25100,true,true
"quicksort","Sorted",5000,30,79808,25000,true,true
"quicksort","Sorted",5000,31,80000,25100,true,true
"quicksort","Sorted",5000,32,108576,34100,true,true
"quicksort","Sorted",5000,33,79264,24900,true,true
"quicksort","Sorted",5000,34,79200,25100,true,true
"quicksort","Sorted",5000,35,79296,24900,true,true
"quicksort","Sorted",5000,36,79264,24900,true,true
"quicksort","Sorted",5000,37,79232,24800,true,true
"quicksort","Sorted",5000,38,79200,24900,true,true
"quicksort","Sorted",5000,39,79200,24900,true,true
"quicksort","Sorted",5000,40,79136,24800,true,true
"quicksort","Sorted",5000,41,79168,24800,true,true
"quicksort","Sorted",5000,42,79168,24800,true,true
"quicksort","Sorted",5000,43,79136,24900,true,true
"quicksort","Sorted",5000,44,79200,25100,true,true
"quicksort","Sorted",5000,45,79168,24900,true,true
"quicksort","Sorted",5000,46,79200,24900,true,true
"quicksort","Sorted",5000,47,79232,24900,true,true
"quicksort","Sorted",5000,48,79168,24900,true,true
"quicksort","Sorted",5000,49,79136,24900,true,true
"quicksort","Sorted",5000,50,79104,24800,true,true
"quicksort","Sorted",5000,51,79104,24900,true,true
"quicksort","Sorted",5000,52,79104,24800,true,true
"quicksort","Sorted",5000,53,79136,24800,true,true
"quicksort","Sorted",5000,54,79200,24800,true,true
"quicksort","Sorted",5000,55,88608,27800,true,true
"quicksort","Sorted",5000,56,80160,25300,true,true
"quicksort","Sorted",5000,57,80128,25100,true,true
"quicksort","Sorted",5000,58,80032,25100,true,true
"quicksort","Sorted",5000,59,80000,25100,true,true
"quicksort","Sorted",5000,60,79936,25100,true,true
"quicksort","Sorted",5000,61,80096,25100,true,true
"quicksort","Sorted",5000,62,80032,25100,true,true
"quicksort","Sorted",5000,63,79936,25100,true,true
"quicksort","Sorted",5000,64,79936,25100,true,true
"quicksort","Sorted",5000,65,80160,25100,true,true
"quicksort","Sorted",5000,66,80160,25200,true,true
"quicksort","Sorted",5000,67,79968,25100,true,true
"quicksort","Sorted",5000,68,108992,34200,true,true
"quicksort","Sorted",5000,69,91712,28800,true,true
"quicksort","Sorted",5000,70,77696,24400,true,true
"quicksort","Sorted",5000,71,77664,24400,true,true
"quicksort","Sorted",5000,72,77376,24300,true,true
"quicksort","Sorted",5000,73,77408,24300,true,true
"quicksort","Sorted",5000,74,77280,24300,true,true
"quicksort","Sorted",5000,75,77312,24300,true,true
"quicksort","Sorted",5000,76,77248,24300,true,true
"quicksort","Sorted",5000,77,77312,24200,true,true
"quicksort","Sorted",5000,78,77312,24300,true,true
"quicksort","Sorted",5000,79,77376,24300,true,true
"quicksort","Sorted",5000,80,77280,24300,true,true
"quicksort","Sorted",5000,81,77312,24200,true,true
"quicksort","Sorted",5000,82,77344,24300,true,true
"quicksort","Sorted",5000,83,77280,24200,true,true
"quicksort","Sorted",5000,84,77344,24300,true,true
"quicksort","Sorted",5000,85,77312,24200,true,true
"quicksort","Sorted",5000,86,77280,24300,true,true
"quicksort","Sorted",5000,87,77312,24200,true,true
"quicksort","Sorted",5000,88,77248,24300,true,true
"quicksort","Sorted",5000,89,77408,24400,true,true
"quicksort","Sorted",5000,90,77312,24300,true,true
"quicksort","Sorted",5000,91,77344,24300,true,true
"quicksort","Sorted",5000,92,77312,24300,true,true
"quicksort","Sorted",5000,93,77280,24300,true,true
"quicksort","Sorted",5000,94,77440,24300,true,true
"quicksort","Sorted",5000,95,77408,24300,true,true
"quicksort","Sorted",5000,96,77376,24300,true,true
"quicksort","Sorted",5000,97,77440,24300,true,true
"quicksort","Sorted",5000,98,77440,24400,true,true
"quicksort","Sorted",5000,99,77344,24300,true,true
"heap","Sorted",5000,0,301216,94400,true,true
"heap","Sorted",5000,1,297920,93400,true,true
"heap","Sorted",5000,2,294720,92400,true,true
"heap","Sorted",5000,3,290592,91000,true,true
"heap","Sorted",5000,4,314784,98900,true,true
"heap","Sorted",5000,5,287456,90000,true,true
"heap","Sorted",5000,6,285024,89300,true,true
"heap","Sorted",5000,7,281824,88300,true,true
"heap","Sorted",5000,8,310112,97200,true,true
"heap","Sorted",5000,9,277376,86900,true,true
"heap","Sorted",5000,10,272960,85600,true,true
"heap","Sorted",5000,11,269504,84500,true,true
"heap","Sorted",5000,12,267424,83800,true,true
"heap","Sorted",5000,13,263680,82600,true,true
"heap","Sorted",5000,14,259552,81300,true,true
"heap","Sorted",5000,15,257056,80600,true,true
"heap","Sorted",5000,16,255168,80000,true,true
"heap","Sorted",5000,17,265920,83300,true,true
"heap","Sorted",5000,18,252864,79300,true,true
"heap","Sorted",5000,19,278016,87200,true,true
"heap","Sorted",5000,20,247200,77600,true,true
"heap","Sorted",5000,21,244672,76600,true,true
"heap","Sorted",5000,22,243776,76500,true,true
"heap","Sorted",5000,23,241120,75600,true,true
"heap","Sorted",5000,24,246528,77300,true,true
"heap","Sorted",5000,25,239488,75100,true,true
"heap","Sorted",5000,26,236608,74200,true,true
"heap","Sorted",5000,27,235584,73900,true,true
"heap","Sorted",5000,28,235264,73800,true,true
"heap","Sorted",5000,29,234912,73600,true,true
"heap","Sorted",5000,30,234784,73600,true,true
"heap","Sorted",5000,31,233568,73200,true,true
"heap","Sorted",5000,32,276992,86800,true,true
"heap","Sorted",5000,33,238208,74700,true,true
"heap","Sorted",5000,34,237536,74500,true,true
"heap","Sorted",5000,35,236832,74300,true,true
"heap","Sorted",5000,36,236736,74200,true,true
"heap","Sorted",5000,37,235200,73700,true,true
"heap","Sorted",5000,38,235168,73700,true,true
"heap","Sorted",5000,39,234848,73600,true,true
"heap","Sorted",5000,40,236064,74000,true,true
"heap","Sorted",5000,41,236128,74000,true,true
"heap","Sorted",5000,42,234976,73600,true,true
"heap","Sorted",5000,43,235104,73700,true,true
"heap","Sorted",5000,44,235360,73800,true,true
"heap","Sorted",5000,45,264448,82900,true,true
"heap","Sorted",5000,46,234688,73600,true,true
"heap","Sorted",5000,47,240960,75500,true,true
"heap","Sorted",5000,48,248704,77900,true,true
"heap","Sorted",5000,49,234144,73400,true,true
"heap","Sorted",5000,50,233376,73200,true,true
"heap","Sorted",5000,51,233376,73100,true,true
"heap","Sorted",5000,52,234144,73300,true,true
"heap","Sorted",5000,53,232672,72900,true,true
"heap","Sorted",5000,54,232384,72800,true,true
"heap","Sorted",5000,55,231808,72600,true,true
"heap","Sorted",5000,56,233088,73100,true,true
"heap","Sorted",5000,57,232832,73000,true,true
"heap","Sorted",5000,58,262816,82400,true,true
"heap","Sorted",5000,59,233120,73000,true,true
"heap","Sorted",5000,60,232576,72900,true,true
"heap","Sorted",5000,61,232320,72800,true,true
"heap","Sorted",5000,62,233152,73100,true,true
"heap","Sorted",5000,63,231872,72600,true,true
"heap","Sorted",5000,64,243008,76200,true,true
"heap","Sorted",5000,65,228096,71500,true,true
"heap","Sorted",5000,66,228640,71600,true,true
"heap","Sorted",5000,67,228416,71600,true,true
"heap","Sorted",5000,68,228960,71800,true,true
"heap","Sorted",5000,69,238496,74700,true,true
"heap","Sorted",5000,70,228960,71800,true,true
"heap","Sorted",5000,71,256960,80600,true,true
"heap","Sorted",5000,72,228096,71500,true,true
"heap","Sorted",5000,73,228352,71600,true,true
"heap","Sorted",5000,74,228256,71500,true,true
"heap","Sorted",5000,75,229056,71800,true,true
"heap","Sorted",5000,76,231808,72700,true,true
"heap","Sorted",5000,77,229472,71900,true,true
"heap","Sorted",5000,78,441120,138200,true,true
"heap","Sorted",5000,79,281920,88400,true,true
"heap","Sorted",5000,80,282016,88500,true,true
"heap","Sorted",5000,81,258496,81000,true,true
"heap","Sorted",5000,82,254400,79800,true,true
"heap","Sorted",5000,83,293568,92000,true,true
"heap","Sorted",5000,84,248832,78500,true,true
"heap","Sorted",5000,85,247296,77500,true,true
"heap","Sorted",5000,86,246016,77100,true,true
"heap","Sorted",5000,87,243680,76300,true,true
"heap","Sorted",5000,88,243520,76300,true,true
"heap","Sorted",5000,89,242912,76100,true,true
"heap","Sorted",5000,90,240480,75400,true,true
"heap","Sorted",5000,91,238624,74800,true,true
"heap","Sorted",5000,92,238880,74900,true,true
"heap","Sorted",5000,93,236672,74100,true,true
"heap","Sorted",5000,94,259520,81300,true,true
"heap","Sorted",5000,95,280928,88100,true,true
"heap","Sorted",5000,96,235808,73900,true,true
"heap","Sorted",5000,97,235808,73900,true,true
"heap","Sorted",5000,98,233504,73200,true,true
"heap","Sorted",5000,99,233280,73100,true,true
"std-sort","Sorted",5000,0,61536,19300,true,true
"std-sort","Sorted",5000,1,61568,19300,true,true
"std-sort","Sorted",5000,2,61504,19300,true,true
"std-sort","Sorted",5000,3,61536,19400,true,true
"std-sort","Sorted",5000,4,61504,19400,true,true
"std-sort","Sorted",5000,5,61536,19300,true,true
"std-sort","Sorted",5000,6,61568,19400,true,true
"std-sort","Sorted",5000,7,61440,19300,true,true
"std-sort","Sorted",5000,8,61536,19300,true,true
"std-sort","Sorted",5000,9,60800,19200,true,true
"std-sort","Sorted",5000,10,109120,34200,true,true
"std-sort","Sorted",5000,11,61088,19200,true,true
"std-sort","Sorted",5000,12,62208,19500,true,true
"std-sort","Sorted",5000,13,61824,19400,true,true
"std-sort","Sorted",5000,14,62112,19500,true,true
"std-sort","Sorted",5000,15,61824,19500,true,true
"std-sort","Sorted",5000,16,61952,19500,true,true
"std-sort","Sorted",5000,17,61856,19400,true,true
"std-sort","Sorted",5000,18,62432,19600,true,true
"std-sort","Sorted",5000,19,61888,19500,true,true
"std-sort","Sorted",5000,20,61824,19400,true,true
"std-sort","Sorted",5000,21,61792,19400,true,true
"std-sort","Sorted",5000,22,61888,19700,true,true
"std-sort","Sorted",5000,23,61888,19500,true,true
"std-sort","Sorted",5000,24,61856,19400,true,true
"std-sort","Sorted",5000,25,61952,19400,true,true
"std-sort","Sorted",5000,26,61792,19400,true,true
"std-sort","Sorted",5000,27,61888,19500,true,true
"std-sort","Sorted",5000,28,61952,19500,true,true
"std-sort","Sorted",5000,29,61856,19500,true,true
"std-sort","Sorted",5000,30,61856,19400,true,true
"std-sort","Sorted",5000,31,61888,19400,true,true
"std-sort","Sorted",5000,32,62240,19500,true,true
"std-sort","Sorted",5000,33,61824,19500,true,true
"std-sort","Sorted",5000,34,61856,19500,true,true
"std-sort","Sorted",5000,35,61856,19400,true,true
"std-sort","Sorted",5000,36,61920,19500,true,true
"std-sort","Sorted",5000,37,61792,19400,true,true
"std-sort","Sorted",5000,38,61792,19400,true,true
"std-sort","Sorted",5000,39,61856,19500,true,true
"std-sort","Sorted",5000,40,61824,19400,true,true
"std-sort","Sorted",5000,41,61760,19400,true,true
"std-sort","Sorted",5000,42,61888,19500,true,true
"std-sort","Sorted",5000,43,61888,19500,true,true
"std-sort","Sorted",5000,44,62112,19500,true,true
"std-sort","Sorted",5000,45,61792,19400,true,true
"std-sort","Sorted",5000,46,61824,19500,true,true
"std-sort","Sorted",5000,47,61824,19400,true,true
"std-sort","Sorted",5000,48,61888,19400,true,true
"std-sort","Sorted",5000,49,71488,22400,true,true
"std-sort","Sorted",5000,50,61184,19200,true,true
"std-sort","Sorted",5000,51,61920,19400,true,true
"std-sort","Sorted",5000,52,61888,19400,true,true
"std-sort","Sorted",5000,53,61856,19400,true,true
"std-sort","Sorted",5000,54,61952,19500,true,true
"std-sort","Sorted",5000,55,92096,28900,true,true
"std-sort","Sorted",5000,56,61088,19200,true,true
"std-sort","Sorted",5000,57,61824,19500,true,true
"std-sort","Sorted",5000,58,61856,19400,true,true
"std-sort","Sorted",5000,59,61952,19400,true,true
"std-sort","Sorted",5000,60,61888,19400,true,true
"std-sort","Sorted",5000,61,61888,19400,true,true
"std-sort","Sorted",5000,62,61952,19400,true,true
"std-sort","Sorted",5000,63,61920,19400,true,true
"std-sort","Sorted",5000,64,62016,19400,true,true
"std-sort","Sorted",5000,65,70528,22200,true,true
"std-sort","Sorted",5000,66,61536,19300,true,true
"std-sort","Sorted",5000,67,61568,19300,true,true
"std-sort","Sorted",5000,68,62880,19800,true,true
"std-sort","Sorted",5000,69,61536,19300,true,true
"std-sort","Sorted",5000,70,61568,19400,true,true
"std-sort","Sorted",5000,71,61920,19500,true,true
"std-sort","Sorted",5000,72,61504,19300,true,true
"std-sort","Sorted",5000,73,61504,19400,true,true
"std-sort","Sorted",5000,74,61536,19300,true,true
"std-sort","Sorted",5000,75,61536,19400,true,true
"std-sort","Sorted",5000,76,61504,19400,true,true
"std-sort","Sorted",5000,77,61600,19300,true,true
"std-sort","Sorted",5000,78,61536,19400,true,true
"std-sort","Sorted",5000,79,61600,19400,true,true
"std-sort","Sorted",5000,80,61568,19300,true,true
"std-sort","Sorted",5000,81,61504,19300,true,true
"std-sort","Sorted",5000,82,62176,19500,true,true
"std-sort","Sorted",5000,83,61568,19400,true,true
"std-sort","Sorted",5000,84,61792,19400,true,true
"std-sort","Sorted",5000,85,61504,19300,true,true
"std-sort","Sorted",5000,86,61504,19300,true,true
"std-sort","Sorted",5000,87,61504,19300,true,true
"std-sort","Sorted",5000,88,61600,19300,true,true
"std-sort","Sorted",5000,89,61600,19300,true,true
"std-sort","Sorted",5000,90,61792,19400,true,true
"std-sort","Sorted",5000,91,61632,19400,true,true
"std-sort","Sorted",5000,92,61568,19400,true,true
"std-sort","Sorted",5000,93,61536,19300,true,true
"std-sort","Sorted",5000,94,61568,19400,true,true
"std-sort","Sorted",5000,95,61504,19400,true,true
"std-sort","Sorted",5000,96,61536,19300,true,true
"std-sort","Sorted",5000,97,61664,19300,true,true
"std-sort","Sorted",5000,98,61568,19400,true,true
"std-sort","Sorted",5000,99,61536,19300,true,true
"std-stable-sort","Sorted",5000,0,52512,16500,true,true
"std-stable-sort","Sorted",5000,1,52704,16500,true,true
"std-stable-sort","Sorted",5000,2,52928,16700,true,true
"std-stable-sort","Sorted",5000,3,65664,20600,true,true
"std-stable-sort","Sorted",5000,4,52320,16500,true,true
"std-stable-sort","Sorted",5000,5,52288,16400,true,true
"std-stable-sort","Sorted",5000,6,52288,16400,true,true
"std-stable-sort","Sorted",5000,7,52224,16400,true,true
"std-stable-sort","Sorted",5000,8,52256,16500,true,true
"std-stable-sort","Sorted",5000,9,52416,16500,true,true
"std-stable-sort","Sorted",5000,10,52256,16400,true,true
"std-stable-sort","Sorted",5000,11,52352,16500,true,true
"std-stable-sort","Sorted",5000,12,52288,16500,true,true
"std-stable-sort","Sorted",5000,13,52352,16500,true,true
"std-stable-sort","Sorted",5000,14,52224,16400,true,true
"std-stable-sort","Sorted",5000,15,52352,16400,true,true
"std-stable-sort","Sorted",5000,16,52224,16400,true,true
"std-stable-sort","Sorted",5000,17,52288,16400,true,true
"std-stable-sort","Sorted",5000,18,52320,16500,true,true
"std-stable-sort","Sorted",5000,19,52288,16500,true,true
"std-stable-sort","Sorted",5000,20,52320,16500,true,true
"std-stable-sort","Sorted",5000,21,52256,16400,true,true
"std-stable-sort","Sorted",5000,22,52288,16400,true,true
"std-stable-sort","Sorted",5000,23,52320,16500,true,true
"std-stable-sort","Sorted",5000,24,52224,16500,true,true
"std-stable-sort","Sorted",5000,25,52320,16400,true,true
"std-stable-sort","Sorted",5000,26,65504,20600,true,true
"std-stable-sort","Sorted",5000,27,50944,16000,true,true
"std-stable-sort","Sorted",5000,28,52416,16400,true,true
"std-stable-sort","Sorted",5000,29,52384,16400,true,true
"std-stable-sort","Sorted",5000,30,52256,16400,true,true
"std-stable-sort","Sorted",5000,31,52256,16400,true,true
"std-stable-sort","Sorted",5000,32,79968,25100,true,true
"std-stable-sort","Sorted",5000,33,51264,16100,true,true
"std-stable-sort","Sorted",5000,34,52352,16500,true,true
"std-stable-sort","Sorted",5000,35,52256,16500,true,true
"std-stable-sort","Sorted",5000,36,52320,16500,true,true
"std-stable-sort","Sorted",5000,37,52224,16400,true,true
"std-stable-sort","Sorted",5000,38,52256,16500,true,true
"std-stable-sort","Sorted",5000,39,52288,16400,true,true
"std-stable-sort","Sorted",5000,40,52256,16400,true,true
"std-stable-sort","Sorted",5000,41,52288,16400,true,true
"std-stable-sort","Sorted",5000,42,52256,16400,true,true
"std-stable-sort","Sorted",5000,43,52352,16500,true,true
"std-stable-sort","Sorted",5000,44,52288,16500,true,true
"std-stable-sort","Sorted",5000,45,52288,16400,true,true
"std-stable-sort","Sorted",5000,46,52320,16400,true,true
"std-stable-sort","Sorted",5000,47,52256,16500,true,true
"std-stable-sort","Sorted",5000,48,52320,16500,true,true
"std-stable-sort","Sorted",5000,49,52320,16400,true,true
"std-stable-sort","Sorted",5000,50,52256,16400,true,true
"std-stable-sort","Sorted",5000,51,52288,16500,true,true
"std-stable-sort","Sorted",5000,52,52224,16400,true,true
"std-stable-sort","Sorted",5000,53,52352,16500,true,true
"std-stable-sort","Sorted",5000,54,52288,16400,true,true
"std-stable-sort","Sorted",5000,55,52288,16500,true,true
"std-stable-sort","Sorted",5000,56,52320,16400,true,true
"std-stable-sort","Sorted",5000,57,52256,16400,true,true
"std-stable-sort","Sorted",5000,58,52320,16500,true,true
"std-stable-sort","Sorted",5000,59,52192,16400,true,true
"std-stable-sort","Sorted",5000,60,52576,16500,true,true
"std-stable-sort","Sorted",5000,61,52224,16500,true,true
"std-stable-sort","Sorted",5000,62,53024,16600,true,true
"std-stable-sort","Sorted",5000,63,52288,16400,true,true
"std-stable-sort","Sorted",5000,64,52224,16400,true,true
"std-stable-sort","Sorted",5000,65,52576,16600,true,true
"std-stable-sort","Sorted",5000,66,65472,20500,true,true
"std-stable-sort","Sorted",5000,67,52096,16300,true,true
"std-stable-sort","Sorted",5000,68,52000,16400,true,true
"std-stable-sort","Sorted",5000,69,52000,16400,true,true
"std-stable-sort","Sorted",5000,70,52160,16500,true,true
"std-stable-sort","Sorted",5000,71,52096,16400,true,true
"std-stable-sort","Sorted",5000,72,52064,16400,true,true
"std-stable-sort","Sorted",5000,73,52096,16400,true,true
"std-stable-sort","Sorted",5000,74,51968,16400,true,true
"std-stable-sort","Sorted",5000,75,52096,16300,true,true
"std-stable-sort","Sorted",5000,76,52416,16500,true,true
"std-stable-sort","Sorted",5000,77,52000,16400,true,true
"std-stable-sort","Sorted",5000,78,52032,16300,true,true
"std-stable-sort","Sorted",5000,79,52032,16400,true,true
"std-stable-sort","Sorted",5000,80,52000,16400,true,true
"std-stable-sort","Sorted",5000,81,52096,16400,true,true
"std-stable-sort","Sorted",5000,82,51968,16300,true,true
"std-stable-sort","Sorted",5000,83,52096,16400,true,true
"std-stable-sort","Sorted",5000,84,84576,26600,true,true
"std-stable-sort","Sorted",5000,85,52096,16400,true,true
"std-stable-sort","Sorted",5000,86,52160,16400,true,true
"std-stable-sort","Sorted",5000,87,52032,16400,true,true
"std-stable-sort","Sorted",5000,88,52096,16400,true,true
"std-stable-sort","Sorted",5000,89,52096,16400,true,true
"std-stable-sort","Sorted",5000,90,52064,16400,true,true
"std-stable-sort","Sorted",5000,91,52096,16300,true,true
"std-stable-sort","Sorted",5000,92,51968,16400,true,true
"std-stable-sort","Sorted",5000,93,52096,16400,true,true
"std-stable-sort","Sorted",5000,94,51968,16300,true,true
"std-stable-sort","Sorted",5000,95,52064,16400,true,true
"std-stable-sort","Sorted",5000,96,52032,16400,true,true
"std-stable-sort","Sorted",5000,97,52032,16300,true,true
"std-stable-sort","Sorted",5000,98,52032,16300,true,true
"std-stable-sort","Sorted",5000,99,52032,16400,true,true
"bubble","Sorted",10000,0,13376,4300,true,true
"bubble","Sorted",10000,1,13376,4300,true,true
"bubble","Sorted",10000,2,13376,4300,true,true
"bubble","Sorted",10000,3,13376,4300,true,true
"bubble","Sorted",10000,4,13344,4200,true,true
"bubble","Sorted",10000,5,13344,4300,true,true
"bubble","Sorted",10000,6,13376,4300,true,true
"bubble","Sorted",10000,7,13376,4200,true,true
"bubble","Sorted",10000,8,13376,4200,true,true
"bubble","Sorted",10000,9,13344,4300,true,true
"bubble","Sorted",10000,10,13344,4200,true,true
"bubble","Sorted",10000,11,13376,4200,true,true
"bubble","Sorted",10000,12,13344,4200,true,true
"bubble","Sorted",10000,13,13376,4300,true,true
"bubble","Sorted",10000,14,13376,4300,true,true
"bubble","Sorted",10000,15,13376,4300,true,true
"bubble","Sorted",10000,16,13344,4300,true,true
"bubble","Sorted",10000,17,13344,4300,true,true
"bubble","Sorted",10000,18,13344,4300,true,true
"bubble","Sorted",10000,19,13376,4300,true,true
"bubble","Sorted",10000,20,13376,4200,true,true
"bubble","Sorted",10000,21,13376,4300,true,true
"bubble","Sorted",10000,22,13344,4200,true,true
"bubble","Sorted",10000,23,13344,4200,true,true
"bubble","Sorted",10000,24,13376,4200,true,true
"bubble","Sorted",10000,25,13376,4300,true,true
"bubble","Sorted",10000,26,13344,4300,true,true
"bubble","Sorted",10000,27,13344,4300,true,true
"bubble","Sorted",10000,28,13376,4300,true,true
"bubble","Sorted",10000,29,13376,4200,true,true
"bubble","Sorted",10000,30,13376,4200,true,true
"bubble","Sorted",10000,31,13376,4200,true,true
"bubble","Sorted",10000,32,13376,4200,true,true
"bubble","Sorted",10000,33,13344,4300,true,true
"bubble","Sorted",10000,34,13344,4300,true,true
"bubble","Sorted",10000,35,13344,4300,true,true
"bubble","Sorted",10000,36,13344,4300,true,true
"bubble","Sorted",10000,37,13344,4300,true,true
"bubble","Sorted",10000,38,13376,4200,true,true
"bubble","Sorted",10000,39,13376,4200,true,true
"bubble","Sorted",10000,40,16000,5100,true,true
"bubble","Sorted",10000,41,13664,4300,true,true
"bubble","Sorted",10000,42,13664,4300,true,true
"bubble","Sorted",10000,43,13632,4300,true,true
"bubble","Sorted",10000,44,13664,4300,true,true
"bubble","Sorted",10000,45,13664,4300,true,true
"bubble","Sorted",10000,46,22528,7100,true,true
"bubble","Sorted",10000,47,13632,4300,true,true
"bubble","Sorted",10000,48,13664,4300,true,true
"bubble","Sorted",10000,49,13664,4300,true,true
"bubble","Sorted",10000,50,13632,4300,true,true
"bubble","Sorted",10000,51,13664,4300,true,true
"bubble","Sorted",10000,52,13664,4300,true,true
"bubble","Sorted",10000,53,13632,4400,true,true
"bubble","Sorted",10000,54,13664,4300,true,true
"bubble","Sorted",10000,55,13664,4300,true,true
"bubble","Sorted",10000,56,13632,4300,true,true
"bubble","Sorted",10000,57,13632,4300,true,true
"bubble","Sorted",10000,58,13632,4300,true,true
"bubble","Sorted",10000,59,13632,4400,true,true
"bubble","Sorted",10000,60,13632,4300,true,true
"bubble","Sorted",10000,61,13664,4400,true,true
"bubble","Sorted",10000,62,13664,4400,true,true
"bubble","Sorted",10000,63,13664,4400,true,true
"bubble","Sorted",10000,64,13632,4300,true,true
"bubble","Sorted",10000,65,13632,4400,true,true
"bubble","Sorted",10000,66,13664,4400,true,true
"bubble","Sorted",10000,67,13632,4300,true,true
"bubble","Sorted",10000,68,13632,4400,true,true
"bubble","Sorted",10000,69,13664,4300,true,true
"bubble","Sorted",10000,70,13664,4300,true,true
"bubble","Sorted",10000,71,13632,4400,true,true
"bubble","Sorted",10000,72,13664,4300,true,true
"bubble","Sorted",10000,73,13664,4400,true,true
"bubble","Sorted",10000,74,13664,4300,true,true
"bubble","Sorted",10000,75,13664,4400,true,true
"bubble","Sorted",10000,76,13664,4400,true,true
"bubble","Sorted",10000,77,13632,4300,true,true
"bubble","Sorted",10000,78,13632,4300,true,true
"bubble","Sorted",10000,79,13664,4400,true,true
"bubble","Sorted",10000,80,13664,4400,true,true
"bubble","Sorted",10000,81,13664,4400,true,true
"bubble","Sorted",10000,82,13664,4400,true,true
"bubble","Sorted",10000,83,13664,4400,true,true
"bubble","Sorted",10000,84,13632,4400,true,true
"bubble","Sorted",10000,85,13632,4400,true,true
"bubble","Sorted",10000,86,13664,4400,true,true
"bubble","Sorted",10000,87,13664,4400,true,true
"bubble","Sorted",10000,88,13632,4400,true,true
"bubble","Sorted",10000,89,13632,4400,true,true
"bubble","Sorted",10000,90,13664,4400,true,true
"bubble","Sorted",10000,91,13632,4400,true,true
"bubble","Sorted",10000,92,13664,4400,true,true
"bubble","Sorted",10000,93,13664,4400,true,true
"bubble","Sorted",10000,94,13664,4400,true,true
"bubble","Sorted",10000,95,13632,4400,true,true
"bubble","Sorted",10000,96,13664,4400,true,true
"bubble","Sorted",10000,97,13664,4400,true,true
"bubble","Sorted",10000,98,13664,4400,true,true
"bubble","Sorted",10000,99,13632,4400,true,true
"insertion","Sorted",10000,0,13728,4400,true,true
"insertion","Sorted",10000,1,13728,4300,true,true
"insertion","Sorted",10000,2,13728,4300,true,true
"insertion","Sorted",10000,3,13728,4400,true,true
"insertion","Sorted",10000,4,13696,4400,true,true
"insertion","Sorted",10000,5,13728,4400,true,true
"insertion","Sorted",10000,6,13728,4300,true,true
"insertion","Sorted",10000,7,13696,4400,true,true
"insertion","Sorted",10000,8,13728,4400,true,true
"insertion","Sorted",10000,9,13728,4300,true,true
"insertion","Sorted",10000,10,13696,4300,true,true
"insertion","Sorted",10000,11,13696,4400,true,true
"insertion","Sorted",10000,12,13728,4400,true,true
"insertion","Sorted",10000,13,13696,4300,true,true
"insertion","Sorted",10000,14,13728,4400,true,true
"insertion","Sorted",10000,15,13728,4400,true,true
"insertion","Sorted",10000,16,13728,4400,true,true
"insertion","Sorted",10000,17,13696,4400,true,true
"insertion","Sorted",10000,18,13728,4300,true,true
"insertion","Sorted",10000,19,13728,4400,true,true
"insertion","Sorted",10000,20,13728,4400,true,true
"insertion","Sorted",10000,21,13728,4300,true,true
"insertion","Sorted",10000,22,13728,4400,true,true
"insertion","Sorted",10000,23,13728,4400,true,true
"insertion","Sorted",10000,24,13728,4300,true,true
"insertion","Sorted",10000,25,13728,4300,true,true
"insertion","Sorted",10000,26,13728,4300,true,true
"insertion","Sorted",10000,27,13728,4300,true,true
"insertion","Sorted",10000,28,13696,4300,true,true
"insertion","Sorted",10000,29,13728,4400,true,true
"insertion","Sorted",10000,30,13728,4400,true,true
"insertion","Sorted",10000,31,13696,4300,true,true
"insertion","Sorted",10000,32,13728,4300,true,true
"insertion","Sorted",10000,33,13728,4400,true,true
"insertion","Sorted",10000,34,13728,4400,true,true
"insertion","Sorted",10000,35,13728,4300,true,true
"insertion","Sorted",10000,36,13728,4400,true,true
"insertion","Sorted",10000,37,13696,4400,true,true
"insertion","Sorted",10000,38,13696,4400,true,true
"insertion","Sorted",10000,39,13728,4300,true,true
"insertion","Sorted",10000,40,13728,4400,true,true
"insertion","Sorted",10000,41,13728,4400,true,true
"insertion","Sorted",10000,42,13728,4400,true,true
"insertion","Sorted",10000,43,13728,4400,true,true
"insertion","Sorted",10000,44,13728,4300,true,true
"insertion","Sorted",10000,45,13728,4400,true,true
"insertion","Sorted",10000,46,13728,4400,true,true
"insertion","Sorted",10000,47,13728,4400,true,true
"insertion","Sorted",10000,48,13696,4300,true,true
"insertion","Sorted",10000,49,13696,4400,true,true
"insertion","Sorted",10000,50,13728,4400,true,true
"insertion","Sorted",10000,51,13696,4400,true,true
"insertion","Sorted",10000,52,41888,13200,true,true
"insertion","Sorted",10000,53,21888,6900,true,true
"insertion","Sorted",10000,54,13792,4400,true,true
"insertion","Sorted",10000,55,13792,4400,true,true
"insertion","Sorted",10000,56,13824,4400,true,true
"insertion","Sorted",10000,57,13792,4400,true,true
"insertion","Sorted",10000,58,13760,4400,true,true
"insertion","Sorted",10000,59,13824,4400,true,true
"insertion","Sorted",10000,60,13792,4400,true,true
"insertion","Sorted",10000,61,13792,4400,true,true
"insertion","Sorted",10000,62,13792,4300,true,true
"insertion","Sorted",10000,63,13792,4400,true,true
"insertion","Sorted",10000,64,13792,4400,true,true
"insertion","Sorted",10000,65,13760,4400,true,true
"insertion","Sorted",10000,66,13792,4400,true,true
"insertion","Sorted",10000,67,13792,4300,true,true
"insertion","Sorted",10000,68,13792,4400,true,true
"insertion","Sorted",10000,69,13792,4400,true,true
"insertion","Sorted",10000,70,13792,4400,true,true
"insertion","Sorted",10000,71,13760,4400,true,true
"insertion","Sorted",10000,72,13792,4400,true,true
"insertion","Sorted",10000,73,13792,4400,true,true
"insertion","Sorted",10000,74,13792,4400,true,true
"insertion","Sorted",10000,75,13792,4400,true,true
"insertion","Sorted",10000,76,13792,4400,true,true
"insertion","Sorted",10000,77,13792,4400,true,true
"insertion","Sorted",10000,78,13792,4400,true,true
"insertion","Sorted",10000,79,13792,4400,true,true
"insertion","Sorted",10000,80,13792,4400,true,true
"insertion","Sorted",10000,81,13792,4400,true,true
"insertion","Sorted",10000,82,13760,4400,true,true
"insertion","Sorted",10000,83,13824,4400,true,true
"insertion","Sorted",10000,84,13792,4400,true,true
"insertion","Sorted",10000,85,13792,4400,true,true
"insertion","Sorted",10000,86,13792,4400,true,true
"insertion","Sorted",10000,87,13792,4400,true,true
"insertion","Sorted",10000,88,13760,4400,true,true
"insertion","Sorted",10000,89,13792,4400,true,true
"insertion","Sorted",10000,90,13792,4400,true,true
"insertion","Sorted",10000,91,13792,4400,true,true
"insertion","Sorted",10000,92,13792,4400,true,true
"insertion","Sorted",10000,93,13792,4400,true,true
"insertion","Sorted",10000,94,13792,4400,true,true
"insertion","Sorted",10000,95,13792,4400,true,true
"insertion","Sorted",10000,96,13792,4400,true,true
"insertion","Sorted",10000,97,13792,4400,true,true
"insertion","Sorted",10000,98,13792,4400,true,true
"insertion","Sorted",10000,99,13792,4400,true,true
"selection","Sorted",10000,0,42134400,13192900,true,true
"selection","Sorted",10000,1,43765728,13704300,true,true
"selection","Sorted",10000,2,42013312,13155000,true,true
"selection","Sorted",10000,3,44484755,13929200,true,true
"selection","Sorted",10000,4,41340896,12944400,true,true
"selection","Sorted",10000,5,41311808,12935400,true,true
"selection","Sorted",10000,6,41503936,12995400,true,true
"selection","Sorted",10000,7,41592896,13023200,true,true
"selection","Sorted",10000,8,41615232,13030300,true,true
"selection","Sorted",10000,9,42057376,13168700,true,true
"selection","Sorted",10000,10,42551840,13323800,true,true
"selection","Sorted",10000,11,42802016,13401800,true,true
"selection","Sorted",10000,12,43552192,13636700,true,true
"selection","Sorted",10000,13,42962080,13451900,true,true
"selection","Sorted",10000,14,42719264,13375900,true,true
"selection","Sorted",10000,15,43120288,13501500,true,true
"selection","Sorted",10000,16,43033504,13474300,true,true
"selection","Sorted",10000,17,42912608,13436500,true,true
"selection","Sorted",10000,18,42569664,13329200,true,true
"selection","Sorted",10000,19,43305664,13559500,true,true
"selection","Sorted",10000,20,44349344,13886900,true,true
"selection","Sorted",10000,21,51462880,16114600,true,true
"selection","Sorted",10000,22,47089708,14744800,true,true
"selection","Sorted",10000,23,43587425,13650000,true,true
"selection","Sorted",10000,24,43316480,13563300,true,true
"selection","Sorted",10000,25,43509408,13624000,true,true
"selection","Sorted",10000,26,43937440,13759200,true,true
"selection","Sorted",10000,27,43525664,13629000,true,true
"selection","Sorted",10000,28,43215808,13531300,true,true
"selection","Sorted",10000,29,43696288,13682700,true,true
"selection","Sorted",10000,30,43787712,13711200,true,true
"selection","Sorted",10000,31,43644224,13665700,true,true
"selection","Sorted",10000,32,43291680,13555200,true,true
"selection","Sorted",10000,33,43668288,13673200,true,true
"selection","Sorted",10000,34,43350976,13573800,true,true
"selection","Sorted",10000,35,43315488,13562700,true,true
"selection","Sorted",10000,36,44508576,13937100,true,true
"selection","Sorted",10000,37,42891616,13430000,true,true
"selection","Sorted",10000,38,42660512,13357800,true,true
"selection","Sorted",10000,39,42500288,13307300,true,true
"selection","Sorted",10000,40,42320832,13251100,true,true
"selection","Sorted",10000,41,42242368,13226500,true,true
"selection","Sorted",10000,42,42191680,13210900,true,true
"selection","Sorted",10000,43,42112560,13186700,true,true
"selection","Sorted",10000,44,41846784,13102700,true,true
"selection","Sorted",10000,45,45276000,14176800,true,true
"selection","Sorted",10000,46,42538912,13320600,true,true
"selection","Sorted",10000,47,41979264,13144300,true,true
"selection","Sorted",10000,48,42034048,13161400,true,true
"selection","Sorted",10000,49,42051840,13167000,true,true
"selection","Sorted",10000,50,42137312,13193600,true,true
"selection","Sorted",10000,51,42118688,13187800,true,true
"selection","Sorted",10000,52,42308800,13247300,true,true
"selection","Sorted",10000,53,42352736,13261200,true,true
"selection","Sorted",10000,54,42125536,13189900,true,true
"selection","Sorted",10000,55,42181728,13207900,true,true
"selection","Sorted",10000,56,41976096,13143100,true,true
"selection","Sorted",10000,57,42122720,13189400,true,true
"selection","Sorted",10000,58,42211008,13216800,true,true
"selection","Sorted",10000,59,42143360,13195900,true,true
"selection","Sorted",10000,60,42030912,13160500,true,true
"selection","Sorted",10000,61,42179584,13206900,true,true
"selection","Sorted",10000,62,42132704,13192300,true,true
"selection","Sorted",10000,63,42506656,13310200,true,true
"selection","Sorted",10000,64,42450592,13292000,true,true
"selection","Sorted",10000,65,42194176,13211500,true,true
"selection","Sorted",10000,66,42226240,13221700,true,true
"selection","Sorted",10000,67,42240512,13226100,true,true
"selection","Sorted",10000,68,42410304,13279400,true,true
"selection","Sorted",10000,69,42351168,13260800,true,true
"selection","Sorted",10000,70,42522080,13314300,true,true
"selection","Sorted",10000,71,42301984,13245300,true,true
"selection","Sorted",10000,72,42514080,13311800,true,true
"selection","Sorted",10000,73,42721696,13377100,true,true
"selection","Sorted",10000,74,42512928,13311300,true,true
"selection","Sorted",10000,75,42681760,13364200,true,true
"selection","Sorted",10000,76,42928128,13441600,true,true
"selection","Sorted",10000,77,42664672,13359000,true,true
"selection","Sorted",10000,78,42809280,13404400,true,true
"selection","Sorted",10000,79,42656704,13356600,true,true
"selection","Sorted",10000,80,42506048,13309500,true,true
"selection","Sorted",10000,81,42602560,13339400,true,true
"selection","Sorted",10000,82,42476032,13299900,true,true
"selection","Sorted",10000,83,42554336,13324400,true,true
"selection","Sorted",10000,84,42471520,13298600,true,true
"selection","Sorted",10000,85,42766528,13391000,true,true
"selection","Sorted",10000,86,42539424,13319700,true,true
"selection","Sorted",10000,87,42457664,13294100,true,true
"selection","Sorted",10000,88,42693408,13367900,true,true
"selection","Sorted",10000,89,42470944,13298200,true,true
"selection","Sorted",10000,90,42520384,13313600,true,true
"selection","Sorted",10000,91,42569568,13329200,true,true
"selection","Sorted",10000,92,42432096,13286200,true,true
"selection","Sorted",10000,93,42455264,13293300,true,true
"selection","Sorted",10000,94,42826704,13409900,true,true
"selection","Sorted",10000,95,42572352,13330100,true,true
"selection","Sorted",10000,96,42500960,13307600,true,true
"selection","Sorted",10000,97,42540928,13320200,true,true
"selection","Sorted",10000,98,42505856,13309300,true,true
"selection","Sorted",10000,99,42506784,13309400,true,true
"merge","Sorted",10000,0,286016,89600,true,true
"merge","Sorted",10000,1,289920,90900,true,true
"merge","Sorted",10000,2,309376,97000,true,true
"merge","Sorted",10000,3,292544,91700,true,true
"merge","Sorted",10000,4,292032,91600,true,true
"merge","Sorted",10000,5,292512,91700,true,true
"merge","Sorted",10000,6,288960,90600,true,true
"merge","Sorted",10000,7,321376,100800,true,true
"merge","Sorted",10000,8,292736,91700,true,true
"merge","Sorted",10000,9,289568,90700,true,true
"merge","Sorted",10000,10,288864,90600,true,true
"merge","Sorted",10000,11,293376,91900,true,true
"merge","Sorted",10000,12,298240,93500,true,true
"merge","Sorted",10000,13,288736,90500,true,true
"merge","Sorted",10000,14,288928,90600,true,true
"merge","Sorted",10000,15,288864,90600,true,true
"merge","Sorted",10000,16,295264,92500,true,true
"merge","Sorted",10000,17,321472,100700,true,true
"merge","Sorted",10000,18,288896,90600,true,true
"merge","Sorted",10000,19,292352,91600,true,true
"merge","Sorted",10000,20,292128,91600,true,true
"merge","Sorted",10000,21,289376,90700,true,true
"merge","Sorted",10000,22,292512,91700,true,true
"merge","Sorted",10000,23,303264,95000,true,true
"merge","Sorted",10000,24,289024,90600,true,true
"merge","Sorted",10000,25,288960,90600,true,true
"merge","Sorted",10000,26,306400,96000,true,true
"merge","Sorted",10000,27,294048,92100,true,true
"merge","Sorted",10000,28,322816,101100,true,true
"merge","Sorted",10000,29,293920,92100,true,true
"merge","Sorted",10000,30,294016,92100,true,true
"merge","Sorted",10000,31,293728,92100,true,true
"merge","Sorted",10000,32,293760,92000,true,true
"merge","Sorted",10000,33,297344,93200,true,true
"merge","Sorted",10000,34,296736,93000,true,true
"merge","Sorted",10000,35,294208,92200,true,true
"merge","Sorted",10000,36,293696,92100,true,true
"merge","Sorted",10000,37,297376,93200,true,true
"merge","Sorted",10000,38,324832,101800,true,true
"merge","Sorted",10000,39,297120,93100,true,true
"merge","Sorted",10000,40,297280,93200,true,true
"merge","Sorted",10000,41,293888,92100,true,true
"merge","Sorted",10000,42,294016,92100,true,true
"merge","Sorted",10000,43,304864,95600,true,true
"merge","Sorted",10000,44,297312,93200,true,true
"merge","Sorted",10000,45,294112,92200,true,true
"merge","Sorted",10000,46,294016,92200,true,true
"merge","Sorted",10000,47,293824,92100,true,true
"merge","Sorted",10000,48,324832,101900,true,true
"merge","Sorted",10000,49,293792,92100,true,true
"merge","Sorted",10000,50,296992,93100,true,true
"merge","Sorted",10000,51,305664,95800,true,true
"merge","Sorted",10000,52,298272,93500,true,true
"merge","Sorted",10000,53,292416,91700,true,true
"merge","Sorted",10000,54,291840,91500,true,true
"merge","Sorted",10000,55,292352,91700,true,true
"merge","Sorted",10000,56,292160,91500,true,true
"merge","Sorted",10000,57,292992,91800,true,true
"merge","Sorted",10000,58,322272,101000,true,true
"merge","Sorted",10000,59,298688,93600,true,true
"merge","Sorted",10000,60,295072,92500,true,true
"merge","Sorted",10000,61,304192,95300,true,true
"merge","Sorted",10000,62,292384,91800,true,true
"merge","Sorted",10000,63,296640,93000,true,true
"merge","Sorted",10000,64,291840,91400,true,true
"merge","Sorted",10000,65,296352,92900,true,true
"merge","Sorted",10000,66,294688,92400,true,true
"merge","Sorted",10000,67,298368,93600,true,true
"merge","Sorted",10000,68,323744,101500,true,true
"merge","Sorted",10000,69,291968,91500,true,true
"merge","Sorted",10000,70,292192,91600,true,true
"merge","Sorted",10000,71,295968,92700,true,true
"merge","Sorted",10000,72,292032,91600,true,true
"merge","Sorted",10000,73,296096,92800,true,true
"merge","Sorted",10000,74,295552,92600,true,true
"merge","Sorted",10000,75,292160,91600,true,true
"merge","Sorted",10000,76,301184,94400,true,true
"merge","Sorted",10000,77,295296,92500,true,true
"merge","Sorted",10000,78,321376,100700,true,true
"merge","Sorted",10000,79,299040,93800,true,true
"merge","Sorted",10000,80,292480,91600,true,true
"merge","Sorted",10000,81,308640,96800,true,true
"merge","Sorted",10000,82,292480,91600,true,true
"merge","Sorted",10000,83,303616,95100,true,true
"merge","Sorted",10000,84,295392,92700,true,true
"merge","Sorted",10000,85,295648,92700,true,true
"merge","Sorted",10000,86,292384,91700,true,true
"merge","Sorted",10000,87,292736,91800,true,true
"merge","Sorted",10000,88,304064,95300,true,true
"merge","Sorted",10000,89,326912,102500,true,true
"merge","Sorted",10000,90,297984,93400,true,true
"merge","Sorted",10000,91,293056,91800,true,true
"merge","Sorted",10000,92,297440,93200,true,true
"merge","Sorted",10000,93,295520,92600,true,true
"merge","Sorted",10000,94,292032,91500,true,true
"merge","Sorted",10000,95,292256,91600,true,true
"merge","Sorted",10000,96,293024,91900,true,true
"merge","Sorted",10000,97,300384,94100,true,true
"merge","Sorted",10000,98,295072,92500,true,true
"merge","Sorted",10000,99,329376,103200,true,true
"quicksort","Sorted",10000,0,177888,55800,true,true
"quicksort","Sorted",10000,1,174144,54600,true,true
"quicksort","Sorted",10000,2,176736,55500,true,true
"quicksort","Sorted",10000,3,175488,55100,true,true
"quicksort","Sorted",10000,4,176672,55400,true,true
"quicksort","Sorted",10000,5,173408,54400,true,true
"quicksort","Sorted",10000,6,176448,55400,true,true
"quicksort","Sorted",10000,7,175616,55100,true,true
"quicksort","Sorted",10000,8,183232,57500,true,true
"quicksort","Sorted",10000,9,176992,55500,true,true
"quicksort","Sorted",10000,10,175040,54900,true,true
"quicksort","Sorted",10000,11,176992,55500,true,true
"quicksort","Sorted",10000,12,202304,63400,true,true
"quicksort","Sorted",10000,13,172928,54300,true,true
"quicksort","Sorted",10000,14,175744,55400,true,true
"quicksort","Sorted",10000,15,170848,53600,true,true
"quicksort","Sorted",10000,16,171616,53800,true,true
"quicksort","Sorted",10000,17,171488,53800,true,true
"quicksort","Sorted",10000,18,171680,53800,true,true
"quicksort","Sorted",10000,19,175392,55100,true,true
"quicksort","Sorted",10000,20,186208,58500,true,true
"quicksort","Sorted",10000,21,168896,53000,true,true
"quicksort","Sorted",10000,22,173376,54500,true,true
"quicksort","Sorted",10000,23,170880,53700,true,true
"quicksort","Sorted",10000,24,167520,52500,true,true
"quicksort","Sorted",10000,25,171168,53700,true,true
"quicksort","Sorted",10000,26,167808,52700,true,true
"quicksort","Sorted",10000,27,167936,52700,true,true
"quicksort","Sorted",10000,28,197216,61900,true,true
"quicksort","Sorted",10000,29,167392,52500,true,true
"quicksort","Sorted",10000,30,167200,52400,true,true
"quicksort","Sorted",10000,31,167488,52500,true,true
"quicksort","Sorted",10000,32,167424,52500,true,true
"quicksort","Sorted",10000,33,173312,54400,true,true
"quicksort","Sorted",10000,34,171136,53800,true,true
"quicksort","Sorted",10000,35,166976,52300,true,true
"quicksort","Sorted",10000,36,166976,52400,true,true
"quicksort","Sorted",10000,37,169376,53200,true,true
"quicksort","Sorted",10000,38,169024,53000,true,true
"quicksort","Sorted",10000,39,169280,53100,true,true
"quicksort","Sorted",10000,40,180960,56700,true,true
"quicksort","Sorted",10000,41,166432,52200,true,true
"quicksort","Sorted",10000,42,176096,55300,true,true
"quicksort","Sorted",10000,43,166784,52300,true,true
"quicksort","Sorted",10000,44,166944,52400,true,true
"quicksort","Sorted",10000,45,198496,62300,true,true
"quicksort","Sorted",10000,46,164928,51700,true,true
"quicksort","Sorted",10000,47,164512,51600,true,true
"quicksort","Sorted",10000,48,249024,78100,true,true
"quicksort","Sorted",10000,49,219040,68700,true,true
"quicksort","Sorted",10000,50,173152,54300,true,true
"quicksort","Sorted",10000,51,166272,52200,true,true
"quicksort","Sorted",10000,52,166112,52100,true,true
"quicksort","Sorted",10000,53,166112,52000,true,true
"quicksort","Sorted",10000,54,170336,53400,true,true
"quicksort","Sorted",10000,55,164704,51700,true,true
"quicksort","Sorted",10000,56,164448,51600,true,true
"quicksort","Sorted",10000,57,167520,52600,true,true
"quicksort","Sorted",10000,58,169376,53200,true,true
"quicksort","Sorted",10000,59,165728,52000,true,true
"quicksort","Sorted",10000,60,172448,54100,true,true
"quicksort","Sorted",10000,61,168128,52800,true,true
"quicksort","Sorted",10000,62,171136,53800,true,true
"quicksort","Sorted",10000,63,170816,53500,true,true
"quicksort","Sorted",10000,64,174624,54800,true,true
"quicksort","Sorted",10000,65,168832,52900,true,true
"quicksort","Sorted",10000,66,168768,52900,true,true
"quicksort","Sorted",10000,67,168576,52800,true,true
"quicksort","Sorted",10000,68,171712,53900,true,true
"quicksort","Sorted",10000,69,171072,53700,true,true
"quicksort","Sorted",10000,70,178368,56000,true,true
"quicksort","Sorted",10000,71,166048,52100,true,true
"quicksort","Sorted",10000,72,166048,52100,true,true
"quicksort","Sorted",10000,73,170112,53400,true,true
"quicksort","Sorted",10000,74,170688,53500,true,true
"quicksort","Sorted",10000,75,183072,57500,true,true
"quicksort","Sorted",10000,76,169184,53000,true,true
"quicksort","Sorted",10000,77,168640,53100,true,true
"quicksort","Sorted",10000,78,168896,53000,true,true
"quicksort","Sorted",10000,79,203648,63800,true,true
"quicksort","Sorted",10000,80,185536,58200,true,true
"quicksort","Sorted",10000,81,172736,54200,true,true
"quicksort","Sorted",10000,82,172960,54300,true,true
"quicksort","Sorted",10000,83,186208,58400,true,true
"quicksort","Sorted",10000,84,171264,53700,true,true
"quicksort","Sorted",10000,85,171712,53900,true,true
"quicksort","Sorted",10000,86,171424,53800,true,true
"quicksort","Sorted",10000,87,171424,53800,true,true
"quicksort","Sorted",10000,88,175040,54900,true,true
"quicksort","Sorted",10000,89,172672,54200,true,true
"quicksort","Sorted",10000,90,175872,55200,true,true
"quicksort","Sorted",10000,91,173056,54200,true,true
"quicksort","Sorted",10000,92,175936,55200,true,true
"quicksort","Sorted",10000,93,171200,53700,true,true
"quicksort","Sorted",10000,94,171104,53700,true,true
"quicksort","Sorted",10000,95,171264,53700,true,true
"quicksort","Sorted",10000,96,212864,66700,true,true
"quicksort","Sorted",10000,97,179872,56400,true,true
"quicksort","Sorted",10000,98,178688,56100,true,true
"quicksort","Sorted",10000,99,170624,53500,true,true
"heap","Sorted",10000,0,979168,306700,true,true
"heap","Sorted",10000,1,1023392,320600,true,true
"heap","Sorted",10000,2,968512,303400,true,true
"heap","Sorted",10000,3,980832,307200,true,true
"heap","Sorted",10000,4,968992,303500,true,true
"heap","Sorted",10000,5,998848,312900,true,true
"heap","Sorted",10000,6,967168,303000,true,true
"heap","Sorted",10000,7,984416,308300,true,true
"heap","Sorted",10000,8,980416,307200,true,true
"heap","Sorted",10000,9,955872,299500,true,true
"heap","Sorted",10000,10,940832,294700,true,true
"heap","Sorted",10000,11,985088,308600,true,true
"heap","Sorted",10000,12,937216,293600,true,true
"heap","Sorted",10000,13,947840,296900,true,true
"heap","Sorted",10000,14,979776,306900,true,true
"heap","Sorted",10000,15,966656,302800,true,true
"heap","Sorted",10000,16,958592,300300,true,true
"heap","Sorted",10000,17,967328,303000,true,true
"heap","Sorted",10000,18,1004800,314800,true,true
"heap","Sorted",10000,19,988640,309700,true,true
"heap","Sorted",10000,20,998624,312800,true,true
"heap","Sorted",10000,21,1033152,323800,true,true
"heap","Sorted",10000,22,962528,301500,true,true
"heap","Sorted",10000,23,955904,299400,true,true
"heap","Sorted",10000,24,993280,311200,true,true
"heap","Sorted",10000,25,956928,299800,true,true
"heap","Sorted",10000,26,978208,306400,true,true
"heap","Sorted",10000,27,975296,305500,true,true
"heap","Sorted",10000,28,939552,294300,true,true
"heap","Sorted",10000,29,939936,294400,true,true
"heap","Sorted",10000,30,961312,301100,true,true
"heap","Sorted",10000,31,937504,293700,true,true
"heap","Sorted",10000,32,943872,295700,true,true
"heap","Sorted",10000,33,933504,292400,true,true
"heap","Sorted",10000,34,984480,308300,true,true
"heap","Sorted",10000,35,964480,302100,true,true
"heap","Sorted",10000,36,956224,299500,true,true
"heap","Sorted",10000,37,991680,310700,true,true
"heap","Sorted",10000,38,976800,306000,true,true
"heap","Sorted",10000,39,963264,301800,true,true
"heap","Sorted",10000,40,979008,306700,true,true
"heap","Sorted",10000,41,961376,301200,true,true
"heap","Sorted",10000,42,954912,299100,true,true
"heap","Sorted",10000,43,970080,303900,true,true
"heap","Sorted",10000,44,962656,301500,true,true
"heap","Sorted",10000,45,961408,301200,true,true
"heap","Sorted",10000,46,948608,297100,true,true
"heap","Sorted",10000,47,1020736,319700,true,true
"heap","Sorted",10000,48,953152,298600,true,true
"heap","Sorted",10000,49,950400,297700,true,true
"heap","Sorted",10000,50,987936,309500,true,true
"heap","Sorted",10000,51,954624,299100,true,true
"heap","Sorted",10000,52,953760,298800,true,true
"heap","Sorted",10000,53,998112,312800,true,true
"heap","Sorted",10000,54,952000,298400,true,true
"heap","Sorted",10000,55,1138624,356700,true,true
"heap","Sorted",10000,56,985568,308800,true,true
"heap","Sorted",10000,57,964672,302200,true,true
"heap","Sorted",10000,58,978496,306500,true,true
"heap","Sorted",10000,59,983232,308200,true,true
"heap","Sorted",10000,60,953472,298700,true,true
"heap","Sorted",10000,61,956896,299700,true,true
"heap","Sorted",10000,62,942112,295100,true,true
"heap","Sorted",10000,63,971520,304300,true,true
"heap","Sorted",10000,64,958432,300300,true,true
"heap","Sorted",10000,65,938976,294100,true,true
"heap","Sorted",10000,66,971552,304300,true,true
"heap","Sorted",10000,67,944544,295900,true,true
"heap","Sorted",10000,68,942432,295300,true,true
"heap","Sorted",10000,69,993696,311300,true,true
"heap","Sorted",10000,70,975136,305400,true,true
"heap","Sorted",10000,71,960192,300800,true,true
"heap","Sorted",10000,72,1064000,333300,true,true
"heap","Sorted",10000,73,946720,296700,true,true
"heap","Sorted",10000,74,982080,307600,true,true
"heap","Sorted",10000,75,964832,302300,true,true
"heap","Sorted",10000,76,1014272,317800,true,true
"heap","Sorted",10000,77,967040,303000,true,true
"heap","Sorted",10000,78,957536,299900,true,true
"heap","Sorted",10000,79,987808,309500,true,true
"heap","Sorted",10000,80,959232,300500,true,true
"heap","Sorted",10000,81,954144,298900,true,true
"heap","Sorted",10000,82,985504,308800,true,true
"heap","Sorted",10000,83,938208,293800,true,true
"heap","Sorted",10000,84,960032,300800,true,true
"heap","Sorted",10000,85,980288,307100,true,true
"heap","Sorted",10000,86,943744,295700,true,true
"heap","Sorted",10000,87,943456,295500,true,true
"heap","Sorted",10000,88,944160,295700,true,true
"heap","Sorted",10000,89,983072,308000,true,true
"heap","Sorted",10000,90,947648,296800,true,true
"heap","Sorted",10000,91,979008,306900,true,true
"heap","Sorted",10000,92,990144,310100,true,true
"heap","Sorted",10000,93,1043936,327100,true,true
"heap","Sorted",10000,94,1062592,332900,true,true
"heap","Sorted",10000,95,1205472,377900,true,true
"heap","Sorted",10000,96,1276480,399900,true,true
"heap","Sorted",10000,97,1279616,401100,true,true
"heap","Sorted",10000,98,978528,306600,true,true
"heap","Sorted",10000,99,996448,312100,true,true
"std-sort","Sorted",10000,0,134368,42200,true,true
"std-sort","Sorted",10000,1,133760,42000,true,true
"std-sort","Sorted",10000,2,133760,41900,true,true
"std-sort","Sorted",10000,3,137920,43200,true,true
"std-sort","Sorted",10000,4,138496,43600,true,true
"std-sort","Sorted",10000,5,134144,42100,true,true
"std-sort","Sorted",10000,6,138336,43500,true,true
"std-sort","Sorted",10000,7,134752,42300,true,true
"std-sort","Sorted",10000,8,142112,44600,true,true
"std-sort","Sorted",10000,9,135936,42700,true,true
"std-sort","Sorted",10000,10,140064,44000,true,true
"std-sort","Sorted",10000,11,138720,43600,true,true
"std-sort","Sorted",10000,12,137792,43200,true,true
"std-sort","Sorted",10000,13,133792,42000,true,true
"std-sort","Sorted",10000,14,139200,43700,true,true
"std-sort","Sorted",10000,15,139328,43800,true,true
"std-sort","Sorted",10000,16,143584,45100,true,true
"std-sort","Sorted",10000,17,1122240,352400,true,true
"std-sort","Sorted",10000,18,1224544,384300,true,true
"std-sort","Sorted",10000,19,1253792,393400,true,true
"std-sort","Sorted",10000,20,980320,307400,true,true
"std-sort","Sorted",10000,21,135712,42600,true,true
"std-sort","Sorted",10000,22,135712,42600,true,true
"std-sort","Sorted",10000,23,135584,42600,true,true
"std-sort","Sorted",10000,24,135488,42500,true,true
"std-sort","Sorted",10000,25,135616,42600,true,true
"std-sort","Sorted",10000,26,141728,44500,true,true
"std-sort","Sorted",10000,27,178208,55900,true,true
"std-sort","Sorted",10000,28,141536,44500,true,true
"std-sort","Sorted",10000,29,137376,43100,true,true
"std-sort","Sorted",10000,30,135904,42600,true,true
"std-sort","Sorted",10000,31,135648,42600,true,true
"std-sort","Sorted",10000,32,135776,42600,true,true
"std-sort","Sorted",10000,33,135744,42600,true,true
"std-sort","Sorted",10000,34,135488,42500,true,true
"std-sort","Sorted",10000,35,167776,52600,true,true
"std-sort","Sorted",10000,36,135968,42700,true,true
"std-sort","Sorted",10000,37,135808,42700,true,true
"std-sort","Sorted",10000,38,135616,42600,true,true
"std-sort","Sorted",10000,39,135584,42500,true,true
"std-sort","Sorted",10000,40,135584,42500,true,true
"std-sort","Sorted",10000,41,135584,42500,true,true
"std-sort","Sorted",10000,42,135584,42600,true,true
"std-sort","Sorted",10000,43,135552,42500,true,true
"std-sort","Sorted",10000,44,135808,42600,true,true
"std-sort","Sorted",10000,45,135904,42700,true,true
"std-sort","Sorted",10000,46,140768,44200,true,true
"std-sort","Sorted",10000,47,136096,42700,true,true
"std-sort","Sorted",10000,48,141056,44300,true,true
"std-sort","Sorted",10000,49,141344,44400,true,true
"std-sort","Sorted",10000,50,141024,44300,true,true
"std-sort","Sorted",10000,51,150048,47100,true,true
"std-sort","Sorted",10000,52,135808,42600,true,true
"std-sort","Sorted",10000,53,135648,42600,true,true
"std-sort","Sorted",10000,54,135744,42600,true,true
"std-sort","Sorted",10000,55,135648,42500,true,true
"std-sort","Sorted",10000,56,167360,52500,true,true
"std-sort","Sorted",10000,57,136256,42800,true,true
"std-sort","Sorted",10000,58,136000,42800,true,true
"std-sort","Sorted",10000,59,135712,42600,true,true
"std-sort","Sorted",10000,60,135776,42600,true,true
"std-sort","Sorted",10000,61,135648,42500,true,true
"std-sort","Sorted",10000,62,135744,42600,true,true
"std-sort","Sorted",10000,63,135744,42600,true,true
"std-sort","Sorted",10000,64,136032,42700,true,true
"std-sort","Sorted",10000,65,136192,42900,true,true
"std-sort","Sorted",10000,66,136160,42800,true,true
"std-sort","Sorted",10000,67,135776,42600,true,true
"std-sort","Sorted",10000,68,135712,42600,true,true
"std-sort","Sorted",10000,69,135712,42600,true,true
"std-sort","Sorted",10000,70,140768,44200,true,true
"std-sort","Sorted",10000,71,135776,42600,true,true
"std-sort","Sorted",10000,72,142336,44700,true,true
"std-sort","Sorted",10000,73,136672,42900,true,true
"std-sort","Sorted",10000,74,142176,44600,true,true
"std-sort","Sorted",10000,75,135872,42700,true,true
"std-sort","Sorted",10000,76,135520,42500,true,true
"std-sort","Sorted",10000,77,137792,43300,true,true
"std-sort","Sorted",10000,78,137504,43200,true,true
"std-sort","Sorted",10000,79,135776,42600,true,true
"std-sort","Sorted",10000,80,141120,44500,true,true
"std-sort","Sorted",10000,81,136416,42800,true,true
"std-sort","Sorted",10000,82,136416,42800,true,true
"std-sort","Sorted",10000,83,136256,42800,true,true
"std-sort","Sorted",10000,84,136352,42800,true,true
"std-sort","Sorted",10000,85,135904,42600,true,true
"std-sort","Sorted",10000,86,135872,42600,true,true
"std-sort","Sorted",10000,87,135872,42600,true,true
"std-sort","Sorted",10000,88,142208,44600,true,true
"std-sort","Sorted",10000,89,136096,42700,true,true
"std-sort","Sorted",10000,90,136000,42700,true,true
"std-sort","Sorted",10000,91,135904,42600,true,true
"std-sort","Sorted",10000,92,148544,46600,true,true
"std-sort","Sorted",10000,93,136096,42700,true,true
"std-sort","Sorted",10000,94,141024,44300,true,true
"std-sort","Sorted",10000,95,139584,43800,true,true
"std-sort","Sorted",10000,96,136128,42700,true,true
"std-sort","Sorted",10000,97,173440,54400,true,true
"std-sort","Sorted",10000,98,135744,42600,true,true
"std-sort","Sorted",10000,99,135744,42600,true,true
"std-stable-sort","Sorted",10000,0,114048,35800,true,true
"std-stable-sort","Sorted",10000,1,114560,36000,true,true
"std-stable-sort","Sorted",10000,2,114624,36000,true,true
"std-stable-sort","Sorted",10000,3,109984,34500,true,true
"std-stable-sort","Sorted",10000,4,110304,34600,true,true
"std-stable-sort","Sorted",10000,5,113856,35700,true,true
"std-stable-sort","Sorted",10000,6,113984,35800,true,true
"std-stable-sort","Sorted",10000,7,113984,35800,true,true
"std-stable-sort","Sorted",10000,8,114016,35800,true,true
"std-stable-sort","Sorted",10000,9,110016,34500,true,true
"std-stable-sort","Sorted",10000,10,114080,35800,true,true
"std-stable-sort","Sorted",10000,11,113888,35700,true,true
"std-stable-sort","Sorted",10000,12,113984,35700,true,true
"std-stable-sort","Sorted",10000,13,113856,35700,true,true
"std-stable-sort","Sorted",10000,14,114080,35800,true,true
"std-stable-sort","Sorted",10000,15,113888,35800,true,true
"std-stable-sort","Sorted",10000,16,114080,35800,true,true
"std-stable-sort","Sorted",10000,17,113984,35800,true,true
"std-stable-sort","Sorted",10000,18,113952,35800,true,true
"std-stable-sort","Sorted",10000,19,113952,35700,true,true
"std-stable-sort","Sorted",10000,20,125152,39300,true,true
"std-stable-sort","Sorted",10000,21,109824,34500,true,true
"std-stable-sort","Sorted",10000,22,114112,35800,true,true
"std-stable-sort","Sorted",10000,23,113920,35700,true,true
"std-stable-sort","Sorted",10000,24,113984,35800,true,true
"std-stable-sort","Sorted",10000,25,113920,35800,true,true
"std-stable-sort","Sorted",10000,26,155552,48800,true,true
"std-stable-sort","Sorted",10000,27,114016,35800,true,true
"std-stable-sort","Sorted",10000,28,114048,35800,true,true
"std-stable-sort","Sorted",10000,29,113184,35600,true,true
"std-stable-sort","Sorted",10000,30,120224,37800,true,true
"std-stable-sort","Sorted",10000,31,110176,34600,true,true
"std-stable-sort","Sorted",10000,32,114080,35800,true,true
"std-stable-sort","Sorted",10000,33,113952,35800,true,true
"std-stable-sort","Sorted",10000,34,116544,36600,true,true
"std-stable-sort","Sorted",10000,35,114624,35900,true,true
"std-stable-sort","Sorted",10000,36,127296,40000,true,true
"std-stable-sort","Sorted",10000,37,113280,35500,true,true
"std-stable-sort","Sorted",10000,38,113440,35600,true,true
"std-stable-sort","Sorted",10000,39,113312,51800,true,true
"std-stable-sort","Sorted",10000,40,113504,35600,true,true
"std-stable-sort","Sorted",10000,41,116000,36400,true,true
"std-stable-sort","Sorted",10000,42,113536,35600,true,true
"std-stable-sort","Sorted",10000,43,114784,36000,true,true
"std-stable-sort","Sorted",10000,44,113408,35600,true,true
"std-stable-sort","Sorted",10000,45,113536,35600,true,true
"std-stable-sort","Sorted",10000,46,113440,35600,true,true
"std-stable-sort","Sorted",10000,47,113280,35500,true,true
"std-stable-sort","Sorted",10000,48,109632,34400,true,true
"std-stable-sort","Sorted",10000,49,116544,36600,true,true
"std-stable-sort","Sorted",10000,50,140000,43900,true,true
"std-stable-sort","Sorted",10000,51,113440,35600,true,true
"std-stable-sort","Sorted",10000,52,109440,34300,true,true
"std-stable-sort","Sorted",10000,53,115136,36200,true,true
"std-stable-sort","Sorted",10000,54,113440,35600,true,true
"std-stable-sort","Sorted",10000,55,113312,35600,true,true
"std-stable-sort","Sorted",10000,56,113344,35600,true,true
"std-stable-sort","Sorted",10000,57,116256,36400,true,true
"std-stable-sort","Sorted",10000,58,114432,35900,true,true
"std-stable-sort","Sorted",10000,59,109216,34300,true,true
"std-stable-sort","Sorted",10000,60,113440,35600,true,true
"std-stable-sort","Sorted",10000,61,113312,35600,true,true
"std-stable-sort","Sorted",10000,62,132384,41600,true,true
"std-stable-sort","Sorted",10000,63,112896,35500,true,true
"std-stable-sort","Sorted",10000,64,110016,34500,true,true
"std-stable-sort","Sorted",10000,65,113984,35800,true,true
"std-stable-sort","Sorted",10000,66,113504,35700,true,true
"std-stable-sort","Sorted",10000,67,113696,35700,true,true
"std-stable-sort","Sorted",10000,68,117536,36900,true,true
"std-stable-sort","Sorted",10000,69,109984,34500,true,true
"std-stable-sort","Sorted",10000,70,114080,35800,true,true
"std-stable-sort","Sorted",10000,71,113792,35700,true,true
"std-stable-sort","Sorted",10000,72,114048,35800,true,true
"std-stable-sort","Sorted",10000,73,115136,36200,true,true
"std-stable-sort","Sorted",10000,74,144800,45400,true,true
"std-stable-sort","Sorted",10000,75,116704,36600,true,true
"std-stable-sort","Sorted",10000,76,110176,34500,true,true
"std-stable-sort","Sorted",10000,77,113376,35600,true,true
"std-stable-sort","Sorted",10000,78,113920,35700,true,true
"std-stable-sort","Sorted",10000,79,113952,35700,true,true
"std-stable-sort","Sorted",10000,80,113632,35700,true,true
"std-stable-sort","Sorted",10000,81,115360,36200,true,true
"std-stable-sort","Sorted",10000,82,114048,35800,true,true
"std-stable-sort","Sorted",10000,83,113952,35800,true,true
"std-stable-sort","Sorted",10000,84,114048,35800,true,true
"std-stable-sort","Sorted",10000,85,113920,35800,true,true
"std-stable-sort","Sorted",10000,86,114080,35800,true,true
"std-stable-sort","Sorted",10000,87,113504,35700,true,true
"std-stable-sort","Sorted",10000,88,116256,36500,true,true
"std-stable-sort","Sorted",10000,89,115584,36300,true,true
"std-stable-sort","Sorted",10000,90,114176,35800,true,true
"std-stable-sort","Sorted",10000,91,114112,35800,true,true
"std-stable-sort","Sorted",10000,92,128224,40300,true,true
"std-stable-sort","Sorted",10000,93,113280,35500,true,true
"std-stable-sort","Sorted",10000,94,117088,36700,true,true
"std-stable-sort","Sorted",10000,95,113376,35600,true,true
"std-stable-sort","Sorted",10000,96,117344,36900,true,true
"std-stable-sort","Sorted",10000,97,113280,35600,true,true
"std-stable-sort","Sorted",10000,98,142560,44700,true,true
"std-stable-sort","Sorted",10000,99,113408,35600,true,true
"bubble","Reverse",100,0,8832,2800,true,true
"bubble","Reverse",100,1,8704,2800,true,true
"bubble","Reverse",100,2,8864,2900,true,true
"bubble","Reverse",100,3,8928,2900,true,true
"bubble","Reverse",100,4,8896,2800,true,true
"bubble","Reverse",100,5,8864,2900,true,true
"bubble","Reverse",100,6,8800,2800,true,true
"bubble","Reverse",100,7,8864,2900,true,true
"bubble","Reverse",100,8,9056,3000,true,true
"bubble","Reverse",100,9,7232,2300,true,true
"bubble","Reverse",100,10,8064,2600,true,true
"bubble","Reverse",100,11,8672,2800,true,true
"bubble","Reverse",100,12,8864,2900,true,true
"bubble","Reverse",100,13,8896,2800,true,true
"bubble","Reverse",100,14,8832,2900,true,true
"bubble","Reverse",100,15,8864,2800,true,true
"bubble","Reverse",100,16,8896,2800,true,true
"bubble","Reverse",100,17,8768,2800,true,true
"bubble","Reverse",100,18,8832,2800,true,true
"bubble","Reverse",100,19,8800,2800,true,true
"bubble","Reverse",100,20,8896,2900,true,true
"bubble","Reverse",100,21,8864,2900,true,true
"bubble","Reverse",100,22,8832,2800,true,true
"bubble","Reverse",100,23,8832,2900,true,true
"bubble","Reverse",100,24,8896,2900,true,true
"bubble","Reverse",100,25,8832,2800,true,true
"bubble","Reverse",100,26,8896,2900,true,true
"bubble","Reverse",100,27,8832,2800,true,true
"bubble","Reverse",100,28,8832,2800,true,true
"bubble","Reverse",100,29,8800,2800,true,true
"bubble","Reverse",100,30,8800,2800,true,true
"bubble","Reverse",100,31,8896,2900,true,true
"bubble","Reverse",100,32,8832,2800,true,true
"bubble","Reverse",100,33,8832,2800,true,true
"bubble","Reverse",100,34,8832,2800,true,true
"bubble","Reverse",100,35,11680,3800,true,true
"bubble","Reverse",100,36,8960,2800,true,true
"bubble","Reverse",100,37,8960,2800,true,true
"bubble","Reverse",100,38,8928,2900,true,true
"bubble","Reverse",100,39,8896,2900,true,true
"bubble","Reverse",100,40,8864,2800,true,true
"bubble","Reverse",100,41,8864,2900,true,true
"bubble","Reverse",100,42,8832,2800,true,true
"bubble","Reverse",100,43,8832,2800,true,true
"bubble","Reverse",100,44,11584,3800,true,true
"bubble","Reverse",100,45,8832,2900,true,true
"bubble","Reverse",100,46,8864,2800,true,true
"bubble","Reverse",100,47,8768,2900,true,true
"bubble","Reverse",100,48,8896,2900,true,true
"bubble","Reverse",100,49,8800,2800,true,true
"bubble","Reverse",100,50,8896,2800,true,true
"bubble","Reverse",100,51,8800,2900,true,true
"bubble","Reverse",100,52,8896,2800,true,true
"bubble","Reverse",100,53,8800,2800,true,true
"bubble","Reverse",100,54,8800,2900,true,true
"bubble","Reverse",100,55,8896,2800,true,true
"bubble","Reverse",100,56,8832,2800,true,true
"bubble","Reverse",100,57,8768,2800,true,true
"bubble","Reverse",100,58,8832,2900,true,true
"bubble","Reverse",100,59,8896,2800,true,true
"bubble","Reverse",100,60,8864,2900,true,true
"bubble","Reverse",100,61,8864,2900,true,true
"bubble","Reverse",100,62,11168,3600,true,true
"bubble","Reverse",100,63,7840,2500,true,true
"bubble","Reverse",100,64,8448,2700,true,true
"bubble","Reverse",100,65,10816,3500,true,true
"bubble","Reverse",100,66,8192,2600,true,true
"bubble","Reverse",100,67,8160,2700,true,true
"bubble","Reverse",100,68,8224,2600,true,true
"bubble","Reverse",100,69,8064,2600,true,true
"bubble","Reverse",100,70,8192,2600,true,true
"bubble","Reverse",100,71,8192,2600,true,true
"bubble","Reverse",100,72,8096,2600,true,true
"bubble","Reverse",100,73,8096,2600,true,true
"bubble","Reverse",100,74,8160,2600,true,true
"bubble","Reverse",100,75,8192,2700,true,true
"bubble","Reverse",100,76,8224,2600,true,true
"bubble","Reverse",100,77,8192,2600,true,true
"bubble","Reverse",100,78,8224,2700,true,true
"bubble","Reverse",100,79,8128,2700,true,true
"bubble","Reverse",100,80,8288,2700,true,true
"bubble","Reverse",100,81,8224,2700,true,true
"bubble","Reverse",100,82,8224,2700,true,true
"bubble","Reverse",100,83,8256,2600,true,true
"bubble","Reverse",100,84,8288,2700,true,true
"bubble","Reverse",100,85,8224,2600,true,true
"bubble","Reverse",100,86,8256,2700,true,true
"bubble","Reverse",100,87,8160,2600,true,true
"bubble","Reverse",100,88,8320,2600,true,true
"bubble","Reverse",100,89,8192,2600,true,true
"bubble","Reverse",100,90,8288,2700,true,true
"bubble","Reverse",100,91,8224,2700,true,true
"bubble","Reverse",100,92,8160,2700,true,true
"bubble","Reverse",100,93,8160,2700,true,true
"bubble","Reverse",100,94,8192,2600,true,true
"bubble","Reverse",100,95,8160,2700,true,true
"bubble","Reverse",100,96,8192,2700,true,true
"bubble","Reverse",100,97,8160,2700,true,true
"bubble","Reverse",100,98,8224,2700,true,true
"bubble","Reverse",100,99,8160,2600,true,true
"insertion","Reverse",100,0,4768,1600,true,true
"insertion","Reverse",100,1,4768,1600,true,true
"insertion","Reverse",100,2,4832,1500,true,true
"insertion","Reverse",100,3,4768,1500,true,true
"insertion","Reverse",100,4,4768,1600,true,true
"insertion","Reverse",100,5,4768,1600,true,true
"insertion","Reverse",100,6,4768,1600,true,true
"insertion","Reverse",100,7,4800,1600,true,true
"insertion","Reverse",100,8,4768,1500,true,true
"insertion","Reverse",100,9,4768,1600,true,true
"insertion","Reverse",100,10,4768,1600,true,true
"insertion","Reverse",100,11,4768,1600,true,true
"insertion","Reverse",100,12,4768,1600,true,true
"insertion","Reverse",100,13,4768,1600,true,true
"insertion","Reverse",100,14,4800,1600,true,true
"insertion","Reverse",100,15,4800,1600,true,true
"insertion","Reverse",100,16,4768,1600,true,true
"insertion","Reverse",100,17,4800,1600,true,true
"insertion","Reverse",100,18,4768,1600,true,true
"insertion","Reverse",100,19,4768,1600,true,true
"insertion","Reverse",100,20,4768,1600,true,true
"insertion","Reverse",100,21,4768,1600,true,true
"insertion","Reverse",100,22,4768,1600,true,true
"insertion","Reverse",100,23,4768,1600,true,true
"insertion","Reverse",100,24,4768,1600,true,true
"insertion","Reverse",100,25,4768,1600,true,true
"insertion","Reverse",100,26,4768,1600,true,true
"insertion","Reverse",100,27,4768,1600,true,true
"insertion","Reverse",100,28,4768,1500,true,true
"insertion","Reverse",100,29,4768,1500,true,true
"insertion","Reverse",100,30,8160,2600,true,true
"insertion","Reverse",100,31,4768,1600,true,true
"insertion","Reverse",100,32,4768,1600,true,true
"insertion","Reverse",100,33,4768,1600,true,true
"insertion","Reverse",100,34,4768,1600,true,true
"insertion","Reverse",100,35,4768,1600,true,true
"insertion","Reverse",100,36,4768,1600,true,true
"insertion","Reverse",100,37,4768,1600,true,true
"insertion","Reverse",100,38,4768,1600,true,true
"insertion","Reverse",100,39,4768,1600,true,true
"insertion","Reverse",100,40,4768,1600,true,true
"insertion","Reverse",100,41,4768,1800,true,true
"insertion","Reverse",100,42,4768,1800,true,true
"insertion","Reverse",100,43,4768,1700,true,true
"insertion","Reverse",100,44,4768,1600,true,true
"insertion","Reverse",100,45,4768,1600,true,true
"insertion","Reverse",100,46,4768,1600,true,true
"insertion","Reverse",100,47,4768,1500,true,true
"insertion","Reverse",100,48,4768,1500,true,true
"insertion","Reverse",100,49,4768,1600,true,true
"insertion","Reverse",100,50,4768,1600,true,true
"insertion","Reverse",100,51,4768,1600,true,true
"insertion","Reverse",100,52,4768,1600,true,true
"insertion","Reverse",100,53,4768,1600,true,true
"insertion","Reverse",100,54,4768,1600,true,true
"insertion","Reverse",100,55,4768,1600,true,true
"insertion","Reverse",100,56,4768,1600,true,true
"insertion","Reverse",100,57,4768,1600,true,true
"insertion","Reverse",100,58,4768,1600,true,true
"insertion","Reverse",100,59,4768,1500,true,true
"insertion","Reverse",100,60,4736,1600,true,true
"insertion","Reverse",100,61,4768,1700,true,true
"insertion","Reverse",100,62,4768,1600,true,true
"insertion","Reverse",100,63,4768,1500,true,true
"insertion","Reverse",100,64,4768,1500,true,true
"insertion","Reverse",100,65,4768,1600,true,true
"insertion","Reverse",100,66,4768,1600,true,true
"insertion","Reverse",100,67,4768,1600,true,true
"insertion","Reverse",100,68,4768,1600,true,true
"insertion","Reverse",100,69,4768,1600,true,true
"insertion","Reverse",100,70,4800,1600,true,true
"insertion","Reverse",100,71,4768,1600,true,true
"insertion","Reverse",100,72,4768,1600,true,true
"insertion","Reverse",100,73,4768,1600,true,true
"insertion","Reverse",100,74,4768,1600,true,true
"insertion","Reverse",100,75,4768,1600,true,true
"insertion","Reverse",100,76,4768,1500,true,true
"insertion","Reverse",100,77,4768,1600,true,true
"insertion","Reverse",100,78,4800,1600,true,true
"insertion","Reverse",100,79,4768,1500,true,true
"insertion","Reverse",100,80,4768,1600,true,true
"insertion","Reverse",100,81,4768,1600,true,true
"insertion","Reverse",100,82,4768,1600,true,true
"insertion","Reverse",100,83,4768,1600,true,true
"insertion","Reverse",100,84,4768,1600,true,true
"insertion","Reverse",100,85,4768,1600,true,true
"insertion","Reverse",100,86,7712,2500,true,true
"insertion","Reverse",100,87,4768,1600,true,true
"insertion","Reverse",100,88,4736,1500,true,true
"insertion","Reverse",100,89,4768,1600,true,true
"insertion","Reverse",100,90,4768,1600,true,true
"insertion","Reverse",100,91,4768,1600,true,true
"insertion","Reverse",100,92,4768,1600,true,true
"insertion","Reverse",100,93,4928,1600,true,true
"insertion","Reverse",100,94,4800,1600,true,true
"insertion","Reverse",100,95,4768,1600,true,true
"insertion","Reverse",100,96,4800,1600,true,true
"insertion","Reverse",100,97,4800,1600,true,true
"insertion","Reverse",100,98,4768,1600,true,true
"insertion","Reverse",100,99,4768,1600,true,true
"selection","Reverse",100,0,6080,2000,true,true
"selection","Reverse",100,1,6048,1900,true,true
"selection","Reverse",100,2,9152,3000,true,true
"selection","Reverse",100,3,6080,2000,true,true
"selection","Reverse",100,4,6080,1900,true,true
"selection","Reverse",100,5,6080,2000,true,true
"selection","Reverse",100,6,6080,2000,true,true
"selection","Reverse",100,7,6080,2000,true,true
"selection","Reverse",100,8,6080,2000,true,true
"selection","Reverse",100,9,6080,2000,true,true
"selection","Reverse",100,10,6048,2000,true,true
"selection","Reverse",100,11,6048,2000,true,true
"selection","Reverse",100,12,6048,2000,true,true
"selection","Reverse",100,13,6080,2100,true,true
"selection","Reverse",100,14,9536,3300,true,true
"selection","Reverse",100,15,6368,2100,true,true
"selection","Reverse",100,16,5920,1900,true,true
"selection","Reverse",100,17,5856,1900,true,true
"selection","Reverse",100,18,5792,1900,true,true
"selection","Reverse",100,19,5824,1900,true,true
"selection","Reverse",100,20,5824,1900,true,true
"selection","Reverse",100,21,5824,1900,true,true
"selection","Reverse",100,22,5824,2000,true,true
"selection","Reverse",100,23,5792,1900,true,true
"selection","Reverse",100,24,5856,2000,true,true
"selection","Reverse",100,25,5824,1900,true,true
"selection","Reverse",100,26,5824,1900,true,true
"selection","Reverse",100,27,5824,1900,true,true
"selection","Reverse",100,28,5824,1900,true,true
"selection","Reverse",100,29,5792,1900,true,true
"selection","Reverse",100,30,5792,1900,true,true
"selection","Reverse",100,31,5824,1900,true,true
"selection","Reverse",100,32,5824,1900,true,true
"selection","Reverse",100,33,5824,1900,true,true
"selection","Reverse",100,34,5824,1900,true,true
"selection","Reverse",100,35,5824,1900,true,true
"selection","Reverse",100,36,5824,1900,true,true
"selection","Reverse",100,37,5824,1900,true,true
"selection","Reverse",100,38,5824,1900,true,true
"selection","Reverse",100,39,5824,1900,true,true
"selection","Reverse",100,40,5824,1900,true,true
"selection","Reverse",100,41,5824,1900,true,true
"selection","Reverse",100,42,5824,1900,true,true
"selection","Reverse",100,43,5824,1900,true,true
"selection","Reverse",100,44,5856,1900,true,true
"selection","Reverse",100,45,5792,1900,true,true
"selection","Reverse",100,46,7616,2500,true,true
"selection","Reverse",100,47,7584,2500,true,true
"selection","Reverse",100,48,7456,2400,true,true
"selection","Reverse",100,49,7456,2500,true,true
"selection","Reverse",100,50,7360,2400,true,true
"selection","Reverse",100,51,7360,2400,true,true
"selection","Reverse",100,52,7360,2400,true,true
"selection","Reverse",100,53,7392,2400,true,true
"selection","Reverse",100,54,7296,2400,true,true
"selection","Reverse",100,55,7328,2400,true,true
"selection","Reverse",100,56,7328,2400,true,true
"selection","Reverse",100,57,7328,2400,true,true
"selection","Reverse",100,58,7360,2500,true,true
"selection","Reverse",100,59,7392,2400,true,true
"selection","Reverse",100,60,7360,2400,true,true
"selection","Reverse",100,61,7328,2400,true,true
"selection","Reverse",100,62,7328,2400,true,true
"selection","Reverse",100,63,7360,2400,true,true
"selection","Reverse",100,64,7296,2400,true,true
"selection","Reverse",100,65,7360,2400,true,true
"selection","Reverse",100,66,7360,2400,true,true
"selection","Reverse",100,67,7296,2400,true,true
"selection","Reverse",100,68,7296,2300,true,true
"selection","Reverse",100,69,7296,2400,true,true
"selection","Reverse",100,70,7328,2400,true,true
"selection","Reverse",100,71,7328,2500,true,true
"selection","Reverse",100,72,7296,2400,true,true
"selection","Reverse",100,73,7328,2400,true,true
"selection","Reverse",100,74,7296,2400,true,true
"selection","Reverse",100,75,7328,2300,true,true
"selection","Reverse",100,76,7296,2300,true,true
"selection","Reverse",100,77,7296,2300,true,true
"selection","Reverse",100,78,7296,2400,true,true
"selection","Reverse",100,79,7296,2400,true,true
"selection","Reverse",100,80,7296,2400,true,true
"selection","Reverse",100,81,7296,2400,true,true
"selection","Reverse",100,82,7296,2300,true,true
"selection","Reverse",100,83,7296,2300,true,true
"selection","Reverse",100,84,7296,2300,true,true
"selection","Reverse",100,85,7296,2300,true,true
"selection","Reverse",100,86,7328,2300,true,true
"selection","Reverse",100,87,7296,2400,true,true
"selection","Reverse",100,88,7328,2400,true,true
"selection","Reverse",100,89,7296,2400,true,true
"selection","Reverse",100,90,7296,2400,true,true
"selection","Reverse",100,91,7296,2400,true,true
"selection","Reverse",100,92,7296,2300,true,true
"selection","Reverse",100,93,7296,2300,true,true
"selection","Reverse",100,94,7296,2400,true,true
"selection","Reverse",100,95,7328,2300,true,true
"selection","Reverse",100,96,7328,2400,true,true
"selection","Reverse",100,97,7296,2400,true,true
"selection","Reverse",100,98,7328,2400,true,true
"selection","Reverse",100,99,7328,2400,true,true
"merge","Reverse",100,0,2528,900,true,true
"merge","Reverse",100,1,2432,800,true,true
"merge","Reverse",100,2,2368,800,true,true
"merge","Reverse",100,3,2464,900,true,true
"merge","Reverse",100,4,2368,800,true,true
"merge","Reverse",100,5,2400,800,true,true
"merge","Reverse",100,6,2400,900,true,true
"merge","Reverse",100,7,2432,800,true,true
"merge","Reverse",100,8,2368,800,true,true
"merge","Reverse",100,9,2496,900,true,true
"merge","Reverse",100,10,2464,800,true,true
"merge","Reverse",100,11,2368,800,true,true
"merge","Reverse",100,12,2496,900,true,true
"merge","Reverse",100,13,2432,800,true,true
"merge","Reverse",100,14,2400,800,true,true
"merge","Reverse",100,15,2432,800,true,true
"merge","Reverse",100,16,2368,900,true,true
"merge","Reverse",100,17,2368,900,true,true
"merge","Reverse",100,18,2400,800,true,true
"merge","Reverse",100,19,2400,800,true,true
"merge","Reverse",100,20,2528,900,true,true
"merge","Reverse",100,21,2368,900,true,true
"merge","Reverse",100,22,2400,1000,true,true
"merge","Reverse",100,23,2560,900,true,true
"merge","Reverse",100,24,2432,900,true,true
"merge","Reverse",100,25,2560,900,true,true
"merge","Reverse",100,26,2400,900,true,true
"merge","Reverse",100,27,2560,900,true,true
"merge","Reverse",100,28,2400,800,true,true
"merge","Reverse",100,29,2432,800,true,true
"merge","Reverse",100,30,2464,900,true,true
"merge","Reverse",100,31,2432,900,true,true
"merge","Reverse",100,32,2496,900,true,true
"merge","Reverse",100,33,2400,800,true,true
"merge","Reverse",100,34,2464,800,true,true
"merge","Reverse",100,35,2432,900,true,true
"merge","Reverse",100,36,2432,800,true,true
"merge","Reverse",100,37,2528,800,true,true
"merge","Reverse",100,38,2400,800,true,true
"merge","Reverse",100,39,2464,900,true,true
"merge","Reverse",100,40,2400,800,true,true
"merge","Reverse",100,41,2368,800,true,true
"merge","Reverse",100,42,2400,800,true,true
"merge","Reverse",100,43,2496,800,true,true
"merge","Reverse",100,44,2432,800,true,true
"merge","Reverse",100,45,2400,800,true,true
"merge","Reverse",100,46,2400,800,true,true
"merge","Reverse",100,47,2560,900,true,true
"merge","Reverse",100,48,2432,900,true,true
"merge","Reverse",100,49,2400,800,true,true
"merge","Reverse",100,50,2464,800,true,true
"merge","Reverse",100,51,2432,900,true,true
"merge","Reverse",100,52,6496,2200,true,true
"merge","Reverse",100,53,2432,800,true,true
"merge","Reverse",100,54,2400,900,true,true
"merge","Reverse",100,55,2464,900,true,true
"merge","Reverse",100,56,2560,900,true,true
"merge","Reverse",100,57,2464,800,true,true
"merge","Reverse",100,58,2464,800,true,true
"merge","Reverse",100,59,2400,900,true,true
"merge","Reverse",100,60,2368,800,true,true
"merge","Reverse",100,61,2432,800,true,true
"merge","Reverse",100,62,2496,900,true,true
"merge","Reverse",100,63,2432,900,true,true
"merge","Reverse",100,64,2400,1700,true,true
"merge","Reverse",100,65,2560,800,true,true
"merge","Reverse",100,66,2464,800,true,true
"merge","Reverse",100,67,2432,800,true,true
"merge","Reverse",100,68,2560,900,true,true
"merge","Reverse",100,69,2464,900,true,true
"merge","Reverse",100,70,2528,900,true,true
"merge","Reverse",100,71,2336,800,true,true
"merge","Reverse",100,72,2400,800,true,true
"merge","Reverse",100,73,2400,800,true,true
"merge","Reverse",100,74,2400,800,true,true
"merge","Reverse",100,75,2496,900,true,true
"merge","Reverse",100,76,2368,900,true,true
"merge","Reverse",100,77,2528,900,true,true
"merge","Reverse",100,78,2400,800,true,true
"merge","Reverse",100,79,2432,900,true,true
"merge","Reverse",100,80,2592,900,true,true
"merge","Reverse",100,81,2400,900,true,true
"merge","Reverse",100,82,2464,900,true,true
"merge","Reverse",100,83,2496,900,true,true
"merge","Reverse",100,84,2400,800,true,true
"merge","Reverse",100,85,2528,800,true,true
"merge","Reverse",100,86,2400,800,true,true
"merge","Reverse",100,87,2368,800,true,true
"merge","Reverse",100,88,2528,800,true,true
"merge","Reverse",100,89,2400,800,true,true
"merge","Reverse",100,90,2624,900,true,true
"merge","Reverse",100,91,2464,800,true,true
"merge","Reverse",100,92,2496,800,true,true
"merge","Reverse",100,93,2496,800,true,true
"merge","Reverse",100,94,2432,800,true,true
"merge","Reverse",100,95,2464,900,true,true
"merge","Reverse",100,96,2400,800,true,true
"merge","Reverse",100,97,2528,800,true,true
"merge","Reverse",100,98,2432,900,true,true
"merge","Reverse",100,99,2464,800,true,true
"quicksort","Reverse",100,0,896,400,true,true
"quicksort","Reverse",100,1,928,400,true,true
"quicksort","Reverse",100,2,960,400,true,true
"quicksort","Reverse",100,3,960,400,true,true
"quicksort","Reverse",100,4,928,300,true,true
"quicksort","Reverse",100,5,928,400,true,true
"quicksort","Reverse",100,6,928,300,true,true
"quicksort","Reverse",100,7,928,400,true,true
"quicksort","Reverse",100,8,928,400,true,true
"quicksort","Reverse",100,9,960,400,true,true
"quicksort","Reverse",100,10,896,400,true,true
"quicksort","Reverse",100,11,896,400,true,true
"quicksort","Reverse",100,12,928,400,true,true
"quicksort","Reverse",100,13,896,400,true,true
"quicksort","Reverse",100,14,928,400,true,true
"quicksort","Reverse",100,15,896,400,true,true
"quicksort","Reverse",100,16,928,400,true,true
"quicksort","Reverse",100,17,992,500,true,true
"quicksort","Reverse",100,18,928,400,true,true
"quicksort","Reverse",100,19,928,400,true,true
"quicksort","Reverse",100,20,928,500,true,true
"quicksort","Reverse",100,21,928,400,true,true
"quicksort","Reverse",100,22,928,500,true,true
"quicksort","Reverse",100,23,928,400,true,true
"quicksort","Reverse",100,24,928,300,true,true
"quicksort","Reverse",100,25,928,300,true,true
"quicksort","Reverse",100,26,928,300,true,true
"quicksort","Reverse",100,27,928,300,true,true
"quicksort","Reverse",100,28,896,400,true,true
"quicksort","Reverse",100,29,896,400,true,true
"quicksort","Reverse",100,30,928,400,true,true
"quicksort","Reverse",100,31,928,400,true,true
"quicksort","Reverse",100,32,928,400,true,true
"quicksort","Reverse",100,33,960,400,true,true
"quicksort","Reverse",100,34,928,400,true,true
"quicksort","Reverse",100,35,928,400,true,true
"quicksort","Reverse",100,36,928,400,true,true
"quicksort","Reverse",100,37,928,400,true,true
"quicksort","Reverse",100,38,928,300,true,true
"quicksort","Reverse",100,39,928,300,true,true
"quicksort","Reverse",100,40,928,300,true,true
"quicksort","Reverse",100,41,928,300,true,true
"quicksort","Reverse",100,42,928,400,true,true
"quicksort","Reverse",100,43,928,300,true,true
"quicksort","Reverse",100,44,928,300,true,true
"quicksort","Reverse",100,45,896,300,true,true
"quicksort","Reverse",100,46,928,400,true,true
"quicksort","Reverse",100,47,928,400,true,true
"quicksort","Reverse",100,48,1088,400,true,true
"quicksort","Reverse",100,49,960,300,true,true
"quicksort","Reverse",100,50,960,400,true,true
"quicksort","Reverse",100,51,960,400,true,true
"quicksort","Reverse",100,52,992,400,true,true
"quicksort","Reverse",100,53,960,400,true,true
"quicksort","Reverse",100,54,992,600,true,true
"quicksort","Reverse",100,55,992,400,true,true
"quicksort","Reverse",100,56,960,400,true,true
"quicksort","Reverse",100,57,992,400,true,true
"quicksort","Reverse",100,58,960,400,true,true
"quicksort","Reverse",100,59,960,400,true,true
"quicksort","Reverse",100,60,992,400,true,true
"quicksort","Reverse",100,61,992,500,true,true
"quicksort","Reverse",100,62,960,400,true,true
"quicksort","Reverse",100,63,992,400,true,true
"quicksort","Reverse",100,64,960,400,true,true
"quicksort","Reverse",100,65,1056,400,true,true
"quicksort","Reverse",100,66,960,400,true,true
"quicksort","Reverse",100,67,992,400,true,true
"quicksort","Reverse",100,68,960,400,true,true
"quicksort","Reverse",100,69,960,400,true,true
"quicksort","Reverse",100,70,960,400,true,true
"quicksort","Reverse",100,71,960,400,true,true
"quicksort","Reverse",100,72,992,400,true,true
"quicksort","Reverse",100,73,960,400,true,true
"quicksort","Reverse",100,74,960,400,true,true
"quicksort","Reverse",100,75,960,400,true,true
"quicksort","Reverse",100,76,960,400,true,true
"quicksort","Reverse",100,77,960,400,true,true
"quicksort","Reverse",100,78,960,400,true,true
"quicksort","Reverse",100,79,992,400,true,true
"quicksort","Reverse",100,80,960,400,true,true
"quicksort","Reverse",100,81,960,300,true,true
"quicksort","Reverse",100,82,960,300,true,true
"quicksort","Reverse",100,83,960,300,true,true
"quicksort","Reverse",100,84,992,300,true,true
"quicksort","Reverse",100,85,960,300,true,true
"quicksort","Reverse",100,86,960,400,true,true
"quicksort","Reverse",100,87,960,400,true,true
"quicksort","Reverse",100,88,960,400,true,true
"quicksort","Reverse",100,89,960,400,true,true
"quicksort","Reverse",100,90,960,400,true,true
"quicksort","Reverse",100,91,992,400,true,true
"quicksort","Reverse",100,92,960,400,true,true
"quicksort","Reverse",100,93,960,400,true,true
"quicksort","Reverse",100,94,960,400,true,true
"quicksort","Reverse",100,95,960,400,true,true
"quicksort","Reverse",100,96,960,400,true,true
"quicksort","Reverse",100,97,960,300,true,true
"quicksort","Reverse",100,98,960,300,true,true
"quicksort","Reverse",100,99,960,300,true,true
"heap","Reverse",100,0,2144,700,true,true
"heap","Reverse",100,1,2176,800,true,true
"heap","Reverse",100,2,2208,800,true,true
"heap","Reverse",100,3,2176,900,true,true
"heap","Reverse",100,4,2144,700,true,true
"heap","Reverse",100,5,2144,800,true,true
"heap","Reverse",100,6,2176,800,true,true
"heap","Reverse",100,7,2144,800,true,true
"heap","Reverse",100,8,2112,800,true,true
"heap","Reverse",100,9,2144,800,true,true
"heap","Reverse",100,10,2208,800,true,true
"heap","Reverse",100,11,2208,800,true,true
"heap","Reverse",100,12,2112,700,true,true
"heap","Reverse",100,13,2144,900,true,true
"heap","Reverse",100,14,2208,800,true,true
"heap","Reverse",100,15,2144,800,true,true
"heap","Reverse",100,16,2176,800,true,true
"heap","Reverse",100,17,2176,800,true,true
"heap","Reverse",100,18,2208,800,true,true
"heap","Reverse",100,19,2176,700,true,true
"heap","Reverse",100,20,2112,800,true,true
"heap","Reverse",100,21,2144,700,true,true
"heap","Reverse",100,22,2144,800,true,true
"heap","Reverse",100,23,2144,800,true,true
"heap","Reverse",100,24,2176,800,true,true
"heap","Reverse",100,25,2112,800,true,true
"heap","Reverse",100,26,2144,700,true,true
"heap","Reverse",100,27,2208,700,true,true
"heap","Reverse",100,28,2112,700,true,true
"heap","Reverse",100,29,2112,800,true,true
"heap","Reverse",100,30,2112,700,true,true
"heap","Reverse",100,31,2144,700,true,true
"heap","Reverse",100,32,2144,800,true,true
"heap","Reverse",100,33,2176,700,true,true
"heap","Reverse",100,34,2112,700,true,true
"heap","Reverse",100,35,2208,800,true,true
"heap","Reverse",100,36,2144,800,true,true
"heap","Reverse",100,37,2144,700,true,true
"heap","Reverse",100,38,2112,700,true,true
"heap","Reverse",100,39,2080,800,true,true
"heap","Reverse",100,40,2080,700,true,true
"heap","Reverse",100,41,2112,700,true,true
"heap","Reverse",100,42,2144,800,true,true
"heap","Reverse",100,43,2080,700,true,true
"heap","Reverse",100,44,2176,700,true,true
"heap","Reverse",100,45,2208,800,true,true
"heap","Reverse",100,46,2176,800,true,true
"heap","Reverse",100,47,2112,700,true,true
"heap","Reverse",100,48,1984,700,true,true
"heap","Reverse",100,49,2048,700,true,true
"heap","Reverse",100,50,2144,800,true,true
"heap","Reverse",100,51,2144,800,true,true
"heap","Reverse",100,52,2080,800,true,true
"heap","Reverse",100,53,2144,800,true,true
"heap","Reverse",100,54,2144,800,true,true
"heap","Reverse",100,55,2144,700,true,true
"heap","Reverse",100,56,2112,900,true,true
"heap","Reverse",100,57,2112,700,true,true
"heap","Reverse",100,58,2144,800,true,true
"heap","Reverse",100,59,2080,800,true,true
"heap","Reverse",100,60,2080,800,true,true
"heap","Reverse",100,61,2112,800,true,true
"heap","Reverse",100,62,2112,800,true,true
"heap","Reverse",100,63,2144,700,true,true
"heap","Reverse",100,64,2144,800,true,true
"heap","Reverse",100,65,2272,800,true,true
"heap","Reverse",100,66,2208,800,true,true
"heap","Reverse",100,67,2176,800,true,true
"heap","Reverse",100,68,2112,700,true,true
"heap","Reverse",100,69,2144,700,true,true
"heap","Reverse",100,70,2208,900,true,true
"heap","Reverse",100,71,2144,800,true,true
"heap","Reverse",100,72,2144,800,true,true
"heap","Reverse",100,73,2112,800,true,true
"heap","Reverse",100,74,2112,800,true,true
"heap","Reverse",100,75,2176,800,true,true
"heap","Reverse",100,76,2112,800,true,true
"heap","Reverse",100,77,2176,700,true,true
"heap","Reverse",100,78,2144,700,true,true
"heap","Reverse",100,79,2144,800,true,true
"heap","Reverse",100,80,2112,700,true,true
"heap","Reverse",100,81,2048,700,true,true
"heap","Reverse",100,82,2112,800,true,true
"heap","Reverse",100,83,2112,700,true,true
"heap","Reverse",100,84,2144,700,true,true
"heap","Reverse",100,85,2144,800,true,true
"heap","Reverse",100,86,2144,700,true,true
"heap","Reverse",100,87,2112,700,true,true
"heap","Reverse",100,88,2176,800,true,true
"heap","Reverse",100,89,2112,800,true,true
"heap","Reverse",100,90,2112,700,true,true
"heap","Reverse",100,91,2080,800,true,true
"heap","Reverse",100,92,2144,700,true,true
"heap","Reverse",100,93,2048,700,true,true
"heap","Reverse",100,94,2144,800,true,true
"heap","Reverse",100,95,2144,700,true,true
"heap","Reverse",100,96,2144,700,true,true
"heap","Reverse",100,97,2112,800,true,true
"heap","Reverse",100,98,2144,800,true,true
"heap","Reverse",100,99,2080,700,true,true
"std-sort","Reverse",100,0,448,200,true,true
"std-sort","Reverse",100,1,480,300,true,true
"std-sort","Reverse",100,2,416,200,true,true
"std-sort","Reverse",100,3,448,200,true,true
"std-sort","Reverse",100,4,448,200,true,true
"std-sort","Reverse",100,5,448,200,true,true
"std-sort","Reverse",100,6,448,200,true,true
"std-sort","Reverse",100,7,512,200,true,true
"std-sort","Reverse",100,8,512,200,true,true
"std-sort","Reverse",100,9,480,300,true,true
"std-sort","Reverse",100,10,480,300,true,true
"std-sort","Reverse",100,11,480,300,true,true
"std-sort","Reverse",100,12,512,300,true,true
"std-sort","Reverse",100,13,480,300,true,true
"std-sort","Reverse",100,14,480,300,true,true
"std-sort","Reverse",100,15,480,300,true,true
"std-sort","Reverse",100,16,480,300,true,true
"std-sort","Reverse",100,17,544,300,true,true
"std-sort","Reverse",100,18,512,300,true,true
"std-sort","Reverse",100,19,512,200,true,true
"std-sort","Reverse",100,20,512,200,true,true
"std-sort","Reverse",100,21,512,300,true,true
"std-sort","Reverse",100,22,480,200,true,true
"std-sort","Reverse",100,23,480,200,true,true
"std-sort","Reverse",100,24,512,300,true,true
"std-sort","Reverse",100,25,512,200,true,true
"std-sort","Reverse",100,26,480,300,true,true
"std-sort","Reverse",100,27,480,200,true,true
"std-sort","Reverse",100,28,512,200,true,true
"std-sort","Reverse",100,29,512,300,true,true
"std-sort","Reverse",100,30,512,200,true,true
"std-sort","Reverse",100,31,512,300,true,true
"std-sort","Reverse",100,32,512,200,true,true
"std-sort","Reverse",100,33,512,300,true,true
"std-sort","Reverse",100,34,480,200,true,true
"std-sort","Reverse",100,35,512,200,true,true
"std-sort","Reverse",100,36,480,300,true,true
"std-sort","Reverse",100,37,480,200,true,true
"std-sort","Reverse",100,38,512,300,true,true
"std-sort","Reverse",100,39,512,200,true,true
"std-sort","Reverse",100,40,512,200,true,true
"std-sort","Reverse",100,41,512,300,true,true
"std-sort","Reverse",100,42,512,200,true,true
"std-sort","Reverse",100,43,480,300,true,true
"std-sort","Reverse",100,44,512,200,true,true
"std-sort","Reverse",100,45,480,200,true,true
"std-sort","Reverse",100,46,480,200,true,true
"std-sort","Reverse",100,47,512,200,true,true
"std-sort","Reverse",100,48,480,200,true,true
"std-sort","Reverse",100,49,480,200,true,true
"std-sort","Reverse",100,50,512,300,true,true
"std-sort","Reverse",100,51,480,200,true,true
"std-sort","Reverse",100,52,512,200,true,true
"std-sort","Reverse",100,53,512,300,true,true
"std-sort","Reverse",100,54,3552,1300,true,true
"std-sort","Reverse",100,55,576,200,true,true
"std-sort","Reverse",100,56,512,300,true,true
"std-sort","Reverse",100,57,480,200,true,true
"std-sort","Reverse",100,58,480,200,true,true
"std-sort","Reverse",100,59,512,200,true,true
"std-sort","Reverse",100,60,512,300,true,true
"std-sort","Reverse",100,61,480,400,true,true
"std-sort","Reverse",100,62,512,300,true,true
"std-sort","Reverse",100,63,480,300,true,true
"std-sort","Reverse",100,64,512,200,true,true
"std-sort","Reverse",100,65,544,200,true,true
"std-sort","Reverse",100,66,448,300,true,true
"std-sort","Reverse",100,67,480,200,true,true
"std-sort","Reverse",100,68,448,200,true,true
"std-sort","Reverse",100,69,480,300,true,true
"std-sort","Reverse",100,70,448,200,true,true
"std-sort","Reverse",100,71,480,300,true,true
"std-sort","Reverse",100,72,448,200,true,true
"std-sort","Reverse",100,73,512,200,true,true
"std-sort","Reverse",100,74,448,300,true,true
"std-sort","Reverse",100,75,480,300,true,true
"std-sort","Reverse",100,76,480,200,true,true
"std-sort","Reverse",100,77,544,300,true,true
"std-sort","Reverse",100,78,480,200,true,true
"std-sort","Reverse",100,79,480,200,true,true
"std-sort","Reverse",100,80,480,200,true,true
"std-sort","Reverse",100,81,512,200,true,true
"std-sort","Reverse",100,82,544,300,true,true
"std-sort","Reverse",100,83,480,200,true,true
"std-sort","Reverse",100,84,480,200,true,true
"std-sort","Reverse",100,85,480,200,true,true
"std-sort","Reverse",100,86,768,300,true,true
"std-sort","Reverse",100,87,864,300,true,true
"std-sort","Reverse",100,88,896,300,true,true
"std-sort","Reverse",100,89,992,400,true,true
"std-sort","Reverse",100,90,928,300,true,true
"std-sort","Reverse",100,91,864,400,true,true
"std-sort","Reverse",100,92,1760,600,true,true
"std-sort","Reverse",100,93,864,400,true,true
"std-sort","Reverse",100,94,896,400,true,true
"std-sort","Reverse",100,95,960,400,true,true
"std-sort","Reverse",100,96,1216,500,true,true
"std-sort","Reverse",100,97,1216,500,true,true
"std-sort","Reverse",100,98,960,500,true,true
"std-sort","Reverse",100,99,1568,600,true,true
"std-stable-sort","Reverse",100,0,2432,800,true,true
"std-stable-sort","Reverse",100,1,2176,800,true,true
"std-stable-sort","Reverse",100,2,2080,700,true,true
"std-stable-sort","Reverse",100,3,2208,800,true,true
"std-stable-sort","Reverse",100,4,2496,900,true,true
"std-stable-sort","Reverse",100,5,2240,800,true,true
"std-stable-sort","Reverse",100,6,2240,800,true,true
"std-stable-sort","Reverse",100,7,2176,800,true,true
"std-stable-sort","Reverse",100,8,2400,800,true,true
"std-stable-sort","Reverse",100,9,3200,1100,true,true
"std-stable-sort","Reverse",100,10,2624,900,true,true
"std-stable-sort","Reverse",100,11,2528,900,true,true
"std-stable-sort","Reverse",100,12,2464,900,true,true
"std-stable-sort","Reverse",100,13,2624,900,true,true
"std-stable-sort","Reverse",100,14,3200,1400,true,true
"std-stable-sort","Reverse",100,15,2784,1000,true,true
"std-stable-sort","Reverse",100,16,2784,900,true,true
"std-stable-sort","Reverse",100,17,3616,1200,true,true
"std-stable-sort","Reverse",100,18,2752,900,true,true
"std-stable-sort","Reverse",100,19,2368,800,true,true
"std-stable-sort","Reverse",100,20,2560,900,true,true
"std-stable-sort","Reverse",100,21,2720,900,true,true
"std-stable-sort","Reverse",100,22,2432,800,true,true
"std-stable-sort","Reverse",100,23,2368,800,true,true
"std-stable-sort","Reverse",100,24,2496,800,true,true
"std-stable-sort","Reverse",100,25,2240,700,true,true
"std-stable-sort","Reverse",100,26,2240,800,true,true
"std-stable-sort","Reverse",100,27,2240,800,true,true
"std-stable-sort","Reverse",100,28,2784,900,true,true
"std-stable-sort","Reverse",100,29,2688,900,true,true
"std-stable-sort","Reverse",100,30,2720,900,true,true
"std-stable-sort","Reverse",100,31,2528,900,true,true
"std-stable-sort","Reverse",100,32,2944,1000,true,true
"std-stable-sort","Reverse",100,33,4032,1300,true,true
"std-stable-sort","Reverse",100,34,2848,1000,true,true
"std-stable-sort","Reverse",100,35,2656,900,true,true
"std-stable-sort","Reverse",100,36,2624,900,true,true
"std-stable-sort","Reverse",100,37,2912,1000,true,true
"std-stable-sort","Reverse",100,38,3616,8900,true,true
"std-stable-sort","Reverse",100,39,2912,1000,true,true
"std-stable-sort","Reverse",100,40,2656,900,true,true
"std-stable-sort","Reverse",100,41,4960,1600,true,true
"std-stable-sort","Reverse",100,42,2784,1000,true,true
"std-stable-sort","Reverse",100,43,2848,900,true,true
"std-stable-sort","Reverse",100,44,2688,900,true,true
"std-stable-sort","Reverse",100,45,2720,900,true,true
"std-stable-sort","Reverse",100,46,2624,900,true,true
"std-stable-sort","Reverse",100,47,2720,900,true,true
"std-stable-sort","Reverse",100,48,2720,1000,true,true
"std-stable-sort","Reverse",100,49,2560,900,true,true
"std-stable-sort","Reverse",100,50,2816,900,true,true
"std-stable-sort","Reverse",100,51,8416,2700,true,true
"std-stable-sort","Reverse",100,52,3360,1100,true,true
"std-stable-sort","Reverse",100,53,3264,1100,true,true
"std-stable-sort","Reverse",100,54,3200,1100,true,true
"std-stable-sort","Reverse",100,55,2976,1000,true,true
"std-stable-sort","Reverse",100,56,2944,1000,true,true
"std-stable-sort","Reverse",100,57,3072,1000,true,true
"std-stable-sort","Reverse",100,58,2624,900,true,true
"std-stable-sort","Reverse",100,59,2208,700,true,true
"std-stable-sort","Reverse",100,60,2240,800,true,true
"std-stable-sort","Reverse",100,61,2240,800,true,true
"std-stable-sort","Reverse",100,62,2240,800,true,true
"std-stable-sort","Reverse",100,63,2208,700,true,true
"std-stable-sort","Reverse",100,64,1792,600,true,true
"std-stable-sort","Reverse",100,65,1952,600,true,true
"std-stable-sort","Reverse",100,66,1824,600,true,true
"std-stable-sort","Reverse",100,67,1760,600,true,true
"std-stable-sort","Reverse",100,68,1792,600,true,true
"std-stable-sort","Reverse",100,69,1760,700,true,true
"std-stable-sort","Reverse",100,70,1760,700,true,true
"std-stable-sort","Reverse",100,71,1792,800,true,true
"std-stable-sort","Reverse",100,72,1792,900,true,true
"std-stable-sort","Reverse",100,73,1760,1100,true,true
"std-stable-sort","Reverse",100,74,1728,800,true,true
"std-stable-sort","Reverse",100,75,1760,600,true,true
"std-stable-sort","Reverse",100,76,1760,800,true,true
"std-stable-sort","Reverse",100,77,1760,900,true,true
"std-stable-sort","Reverse",100,78,1760,600,true,true
"std-stable-sort","Reverse",100,79,1760,600,true,true
"std-stable-sort","Reverse",100,80,1760,700,true,true
"std-stable-sort","Reverse",100,81,1760,600,true,true
"std-stable-sort","Reverse",100,82,1760,600,true,true
"std-stable-sort","Reverse",100,83,1760,700,true,true
"std-stable-sort","Reverse",100,84,1760,600,true,true
"std-stable-sort","Reverse",100,85,1760,600,true,true
"std-stable-sort","Reverse",100,86,1760,600,true,true
"std-stable-sort","Reverse",100,87,1760,600,true,true
"std-stable-sort","Reverse",100,88,1728,700,true,true
"std-stable-sort","Reverse",100,89,1760,600,true,true
"std-stable-sort","Reverse",100,90,1760,600,true,true
"std-stable-sort","Reverse",100,91,1760,700,true,true
"std-stable-sort","Reverse",100,92,1760,600,true,true
"std-stable-sort","Reverse",100,93,1760,600,true,true
"std-stable-sort","Reverse",100,94,1760,700,true,true
"std-stable-sort","Reverse",100,95,1760,600,true,true
"std-stable-sort","Reverse",100,96,1760,600,true,true
"std-stable-sort","Reverse",100,97,1760,600,true,true
"std-stable-sort","Reverse",100,98,1760,600,true,true
"std-stable-sort","Reverse",100,99,1760,700,true,true
"bubble","Reverse",500,0,175232,55000,true,true
"bubble","Reverse",500,1,221472,69400,true,true
"bubble","Reverse",500,2,175552,55000,true,true
"bubble","Reverse",500,3,179040,56200,true,true
"bubble","Reverse",500,4,175296,55000,true,true
"bubble","Reverse",500,5,176000,55200,true,true
"bubble","Reverse",500,6,175968,55100,true,true
"bubble","Reverse",500,7,179104,56100,true,true
"bubble","Reverse",500,8,178816,56100,true,true
"bubble","Reverse",500,9,175328,55000,true,true
"bubble","Reverse",500,10,178464,56000,true,true
"bubble","Reverse",500,11,178752,56100,true,true
"bubble","Reverse",500,12,176064,55100,true,true
"bubble","Reverse",500,13,175392,55000,true,true
"bubble","Reverse",500,14,176064,55200,true,true
"bubble","Reverse",500,15,176000,55200,true,true
"bubble","Reverse",500,16,178848,56100,true,true
"bubble","Reverse",500,17,179168,56200,true,true
"bubble","Reverse",500,18,175904,55100,true,true
"bubble","Reverse",500,19,215648,67600,true,true
"bubble","Reverse",500,20,177568,55700,true,true
"bubble","Reverse",500,21,174880,54800,true,true
"bubble","Reverse",500,22,180800,56800,true,true
"bubble","Reverse",500,23,188000,59000,true,true
"bubble","Reverse",500,24,178304,56000,true,true
"bubble","Reverse",500,25,180864,56800,true,true
"bubble","Reverse",500,26,178080,55900,true,true
"bubble","Reverse",500,27,178048,55800,true,true
"bubble","Reverse",500,28,180928,56700,true,true
"bubble","Reverse",500,29,178528,56000,true,true
"bubble","Reverse",500,30,181024,56800,true,true
"bubble","Reverse",500,31,178976,56200,true,true
"bubble","Reverse",500,32,175552,55100,true,true
"bubble","Reverse",500,33,178528,56100,true,true
"bubble","Reverse",500,34,178560,56100,true,true
"bubble","Reverse",500,35,177984,55800,true,true
"bubble","Reverse",500,36,235616,73900,true,true
"bubble","Reverse",500,37,224160,70300,true,true
"bubble","Reverse",500,38,204992,64400,true,true
"bubble","Reverse",500,39,181888,57000,true,true
"bubble","Reverse",500,40,181728,57000,true,true
"bubble","Reverse",500,41,181920,57300,true,true
"bubble","Reverse",500,42,187072,58700,true,true
"bubble","Reverse",500,43,182816,57300,true,true
"bubble","Reverse",500,44,182304,57100,true,true
"bubble","Reverse",500,45,182848,57300,true,true
"bubble","Reverse",500,46,204640,64200,true,true
"bubble","Reverse",500,47,188192,59000,true,true
"bubble","Reverse",500,48,222240,69700,true,true
"bubble","Reverse",500,49,175584,55100,true,true
"bubble","Reverse",500,50,182816,57300,true,true
"bubble","Reverse",500,51,178688,56300,true,true
"bubble","Reverse",500,52,224032,70300,true,true
"bubble","Reverse",500,53,175840,55200,true,true
"bubble","Reverse",500,54,175328,55000,true,true
"bubble","Reverse",500,55,175328,55000,true,true
"bubble","Reverse",500,56,179232,56300,true,true
"bubble","Reverse",500,57,219616,68900,true,true
"bubble","Reverse",500,58,175584,55000,true,true
"bubble","Reverse",500,59,194016,60900,true,true
"bubble","Reverse",500,60,216192,67800,true,true
"bubble","Reverse",500,61,212192,66600,true,true
"bubble","Reverse",500,62,205920,64700,true,true
"bubble","Reverse",500,63,176032,55200,true,true
"bubble","Reverse",500,64,175744,55100,true,true
"bubble","Reverse",500,65,175616,55100,true,true
"bubble","Reverse",500,66,179200,56200,true,true
"bubble","Reverse",500,67,201696,63300,true,true
"bubble","Reverse",500,68,180832,56700,true,true
"bubble","Reverse",500,69,212608,66600,true,true
"bubble","Reverse",500,70,178752,56100,true,true
"bubble","Reverse",500,71,175872,55200,true,true
"bubble","Reverse",500,72,175776,55100,true,true
"bubble","Reverse",500,73,178592,56000,true,true
"bubble","Reverse",500,74,178208,55900,true,true
"bubble","Reverse",500,75,175232,54900,true,true
"bubble","Reverse",500,76,175424,55000,true,true
"bubble","Reverse",500,77,176704,55400,true,true
"bubble","Reverse",500,78,225984,70800,true,true
"bubble","Reverse",500,79,189152,59500,true,true
"bubble","Reverse",500,80,182336,57200,true,true
"bubble","Reverse",500,81,200256,62800,true,true
"bubble","Reverse",500,82,175296,55000,true,true
"bubble","Reverse",500,83,212256,66600,true,true
"bubble","Reverse",500,84,176928,55400,true,true
"bubble","Reverse",500,85,175328,55000,true,true
"bubble","Reverse",500,86,224192,70900,true,true
"bubble","Reverse",500,87,175264,55000,true,true
"bubble","Reverse",500,88,175520,55000,true,true
"bubble","Reverse",500,89,175328,55100,true,true
"bubble","Reverse",500,90,212352,66700,true,true
"bubble","Reverse",500,91,178208,55900,true,true
"bubble","Reverse",500,92,175584,55100,true,true
"bubble","Reverse",500,93,178272,55900,true,true
"bubble","Reverse",500,94,178464,56000,true,true
"bubble","Reverse",500,95,178432,56000,true,true
"bubble","Reverse",500,96,178944,56200,true,true
"bubble","Reverse",500,97,175744,55100,true,true
"bubble","Reverse",500,98,175904,55100,true,true
"bubble","Reverse",500,99,181568,57000,true,true
"insertion","Reverse",500,0,125760,39500,true,true
"insertion","Reverse",500,1,125632,39500,true,true
"insertion","Reverse",500,2,122848,38500,true,true
"insertion","Reverse",500,3,126016,39600,true,true
"insertion","Reverse",500,4,125664,39400,true,true
"insertion","Reverse",500,5,125632,39400,true,true
"insertion","Reverse",500,6,125568,39400,true,true
"insertion","Reverse",500,7,125760,39500,true,true
"insertion","Reverse",500,8,125632,39400,true,true
"insertion","Reverse",500,9,156736,49200,true,true
"insertion","Reverse",500,10,126208,39600,true,true
"insertion","Reverse",500,11,125536,39400,true,true
"insertion","Reverse",500,12,125504,39400,true,true
"insertion","Reverse",500,13,123104,38700,true,true
"insertion","Reverse",500,14,125536,39400,true,true
"insertion","Reverse",500,15,125600,39400,true,true
"insertion","Reverse",500,16,138912,43700,true,true
"insertion","Reverse",500,17,125632,39500,true,true
"insertion","Reverse",500,18,125568,39400,true,true
"insertion","Reverse",500,19,125472,39400,true,true
"insertion","Reverse",500,20,125536,39400,true,true
"insertion","Reverse",500,21,125472,39400,true,true
"insertion","Reverse",500,22,125536,39400,true,true
"insertion","Reverse",500,23,122816,38600,true,true
"insertion","Reverse",500,24,122816,38500,true,true
"insertion","Reverse",500,25,122816,38600,true,true
"insertion","Reverse",500,26,122976,38600,true,true
"insertion","Reverse",500,27,125568,39400,true,true
"insertion","Reverse",500,28,122848,38500,true,true
"insertion","Reverse",500,29,125600,39400,true,true
"insertion","Reverse",500,30,122752,38500,true,true
"insertion","Reverse",500,31,125504,39400,true,true
"insertion","Reverse",500,32,122720,38500,true,true
"insertion","Reverse",500,33,122720,38500,true,true
"insertion","Reverse",500,34,151296,47500,true,true
"insertion","Reverse",500,35,122720,38500,true,true
"insertion","Reverse",500,36,122752,38500,true,true
"insertion","Reverse",500,37,122880,38600,true,true
"insertion","Reverse",500,38,125920,39600,true,true
"insertion","Reverse",500,39,125472,39400,true,true
"insertion","Reverse",500,40,122720,38500,true,true
"insertion","Reverse",500,41,122784,38500,true,true
"insertion","Reverse",500,42,125536,39400,true,true
"insertion","Reverse",500,43,125472,39400,true,true
"insertion","Reverse",500,44,125440,39400,true,true
"insertion","Reverse",500,45,125536,39400,true,true
"insertion","Reverse",500,46,125472,39400,true,true
"insertion","Reverse",500,47,122720,38500,true,true
"insertion","Reverse",500,48,122816,38500,true,true
"insertion","Reverse",500,49,122816,38700,true,true
"insertion","Reverse",500,50,122816,38500,true,true
"insertion","Reverse",500,51,122752,38500,true,true
"insertion","Reverse",500,52,122784,38600,true,true
"insertion","Reverse",500,53,122720,38500,true,true
"insertion","Reverse",500,54,126208,39800,true,true
"insertion","Reverse",500,55,122720,38500,true,true
"insertion","Reverse",500,56,122784,38500,true,true
"insertion","Reverse",500,57,122720,38500,true,true
"insertion","Reverse",500,58,128384,40300,true,true
"insertion","Reverse",500,59,152480,47900,true,true
"insertion","Reverse",500,60,126176,39600,true,true
"insertion","Reverse",500,61,125504,39400,true,true
"insertion","Reverse",500,62,125440,39400,true,true
"insertion","Reverse",500,63,125568,39400,true,true
"insertion","Reverse",500,64,125504,39400,true,true
"insertion","Reverse",500,65,125600,39400,true,true
"insertion","Reverse",500,66,131264,41200,true,true
"insertion","Reverse",500,67,122752,38600,true,true
"insertion","Reverse",500,68,125792,39500,true,true
"insertion","Reverse",500,69,125472,39400,true,true
"insertion","Reverse",500,70,125568,39500,true,true
"insertion","Reverse",500,71,122720,38500,true,true
"insertion","Reverse",500,72,122720,38500,true,true
"insertion","Reverse",500,73,125472,39400,true,true
"insertion","Reverse",500,74,125504,39400,true,true
"insertion","Reverse",500,75,122720,38500,true,true
"insertion","Reverse",500,76,122784,38500,true,true
"insertion","Reverse",500,77,126400,39700,true,true
"insertion","Reverse",500,78,122816,38600,true,true
"insertion","Reverse",500,79,125600,39400,true,true
"insertion","Reverse",500,80,122688,38500,true,true
"insertion","Reverse",500,81,122720,38500,true,true
"insertion","Reverse",500,82,122816,38500,true,true
"insertion","Reverse",500,83,125920,39500,true,true
"insertion","Reverse",500,84,122784,38600,true,true
"insertion","Reverse",500,85,205472,64400,true,true
"insertion","Reverse",500,86,126400,39700,true,true
"insertion","Reverse",500,87,126048,39600,true,true
"insertion","Reverse",500,88,122752,38600,true,true
"insertion","Reverse",500,89,122720,38500,true,true
"insertion","Reverse",500,90,125888,39500,true,true
"insertion","Reverse",500,91,125856,39500,true,true
"insertion","Reverse",500,92,122720,38500,true,true
"insertion","Reverse",500,93,125952,39500,true,true
"insertion","Reverse",500,94,122720,38500,true,true
"insertion","Reverse",500,95,122784,38500,true,true
"insertion","Reverse",500,96,122752,38500,true,true
"insertion","Reverse",500,97,122784,38600,true,true
"insertion","Reverse",500,98,129696,40700,true,true
"insertion","Reverse",500,99,122752,38500,true,true
"selection","Reverse",500,0,138016,43300,true,true
"selection","Reverse",500,1,133536,41800,true,true
"selection","Reverse",500,2,133760,42000,true,true
"selection","Reverse",500,3,137248,43000,true,true
"selection","Reverse",500,4,138176,43400,true,true
"selection","Reverse",500,5,133472,41900,true,true
"selection","Reverse",500,6,136608,42900,true,true
"selection","Reverse",500,7,133888,42000,true,true
"selection","Reverse",500,8,134144,42100,true,true
"selection","Reverse",500,9,133824,41900,true,true
"selection","Reverse",500,10,133920,42000,true,true
"selection","Reverse",500,11,173888,54500,true,true
"selection","Reverse",500,12,143456,45000,true,true
"selection","Reverse",500,13,136192,42800,true,true
"selection","Reverse",500,14,136768,43000,true,true
"selection","Reverse",500,15,136512,42800,true,true
"selection","Reverse",500,16,136320,42800,true,true
"selection","Reverse",500,17,136160,42700,true,true
"selection","Reverse",500,18,140544,44200,true,true
"selection","Reverse",500,19,136704,42900,true,true
"selection","Reverse",500,20,136416,42800,true,true
"selection","Reverse",500,21,144352,45300,true,true
"selection","Reverse",500,22,136768,42900,true,true
"selection","Reverse",500,23,148960,46800,true,true
"selection","Reverse",500,24,149856,47000,true,true
"selection","Reverse",500,25,144960,45500,true,true
"selection","Reverse",500,26,136160,42700,true,true
"selection","Reverse",500,27,141216,44300,true,true
"selection","Reverse",500,28,136352,42800,true,true
"selection","Reverse",500,29,139680,43800,true,true
"selection","Reverse",500,30,136448,42800,true,true
"selection","Reverse",500,31,137440,43100,true,true
"selection","Reverse",500,32,140384,44000,true,true
"selection","Reverse",500,33,173216,54300,true,true
"selection","Reverse",500,34,144896,45500,true,true
"selection","Reverse",500,35,150496,47200,true,true
"selection","Reverse",500,36,149728,47000,true,true
"selection","Reverse",500,37,150112,47100,true,true
"selection","Reverse",500,38,147424,46300,true,true
"selection","Reverse",500,39,136832,42900,true,true
"selection","Reverse",500,40,140224,44000,true,true
"selection","Reverse",500,41,136864,42900,true,true
"selection","Reverse",500,42,136800,42900,true,true
"selection","Reverse",500,43,136928,43000,true,true
"selection","Reverse",500,44,136800,42900,true,true
"selection","Reverse",500,45,142688,44700,true,true
"selection","Reverse",500,46,137440,43100,true,true
"selection","Reverse",500,47,136320,42800,true,true
"selection","Reverse",500,48,140032,44000,true,true
"selection","Reverse",500,49,140096,44000,true,true
"selection","Reverse",500,50,136480,42800,true,true
"selection","Reverse",500,51,136352,42800,true,true
"selection","Reverse",500,52,136448,42800,true,true
"selection","Reverse",500,53,137056,43000,true,true
"selection","Reverse",500,54,136704,42900,true,true
"selection","Reverse",500,55,166976,52500,true,true
"selection","Reverse",500,56,136224,42700,true,true
"selection","Reverse",500,57,136128,42700,true,true
"selection","Reverse",500,58,136192,42700,true,true
"selection","Reverse",500,59,144480,45400,true,true
"selection","Reverse",500,60,150688,47300,true,true
"selection","Reverse",500,61,140864,44200,true,true
"selection","Reverse",500,62,136448,42800,true,true
"selection","Reverse",500,63,136480,42800,true,true
"selection","Reverse",500,64,136768,42900,true,true
"selection","Reverse",500,65,136608,42800,true,true
"selection","Reverse",500,66,136480,42800,true,true
"selection","Reverse",500,67,140032,44000,true,true
"selection","Reverse",500,68,140000,44000,true,true
"selection","Reverse",500,69,136000,42600,true,true
"selection","Reverse",500,70,139072,43700,true,true
"selection","Reverse",500,71,136576,42900,true,true
"selection","Reverse",500,72,148736,46700,true,true
"selection","Reverse",500,73,133344,41800,true,true
"selection","Reverse",500,74,133248,41800,true,true
"selection","Reverse",500,75,137280,43100,true,true
"selection","Reverse",500,76,133984,42100,true,true
"selection","Reverse",500,77,143776,45100,true,true
"selection","Reverse",500,78,175392,55000,true,true
"selection","Reverse",500,79,150112,47100,true,true
"selection","Reverse",500,80,149696,46900,true,true
"selection","Reverse",500,81,140576,44200,true,true
"selection","Reverse",500,82,253024,79300,true,true
"selection","Reverse",500,83,188320,59200,true,true
"selection","Reverse",500,84,212832,66700,true,true
"selection","Reverse",500,85,176032,55200,true,true
"selection","Reverse",500,86,193568,60700,true,true
"selection","Reverse",500,87,184704,58000,true,true
"selection","Reverse",500,88,194112,60900,true,true
"selection","Reverse",500,89,203648,63900,true,true
"selection","Reverse",500,90,203840,63900,true,true
"selection","Reverse",500,91,195328,61400,true,true
"selection","Reverse",500,92,191808,60200,true,true
"selection","Reverse",500,93,193696,60800,true,true
"selection","Reverse",500,94,226112,71000,true,true
"selection","Reverse",500,95,184384,57800,true,true
"selection","Reverse",500,96,199936,62800,true,true
"selection","Reverse",500,97,216224,67800,true,true
"selection","Reverse",500,98,137952,43200,true,true
"selection","Reverse",500,99,134656,42200,true,true
"merge","Reverse",500,0,12576,4000,true,true
"merge","Reverse",500,1,12608,4000,true,true
"merge","Reverse",500,2,12800,4100,true,true
"merge","Reverse",500,3,12640,4000,true,true
"merge","Reverse",500,4,12640,4000,true,true
"merge","Reverse",500,5,12768,4100,true,true
"merge","Reverse",500,6,12736,4000,true,true
"merge","Reverse",500,7,12640,4100,true,true
"merge","Reverse",500,8,12736,4100,true,true
"merge","Reverse",500,9,12736,4100,true,true
"merge","Reverse",500,10,12672,4100,true,true
"merge","Reverse",500,11,12672,4100,true,true
"merge","Reverse",500,12,12640,4100,true,true
"merge","Reverse",500,13,16800,5400,true,true
"merge","Reverse",500,14,12736,4000,true,true
"merge","Reverse",500,15,12864,4100,true,true
"merge","Reverse",500,16,12704,4100,true,true
"merge","Reverse",500,17,12800,4100,true,true
"merge","Reverse",500,18,12800,4100,true,true
"merge","Reverse",500,19,12768,4400,true,true
"merge","Reverse",500,20,12736,4000,true,true
"merge","Reverse",500,21,12608,4000,true,true
"merge","Reverse",500,22,12768,4200,true,true
"merge","Reverse",500,23,12800,4200,true,true
"merge","Reverse",500,24,12704,4100,true,true
"merge","Reverse",500,25,12576,4000,true,true
"merge","Reverse",500,26,12704,4100,true,true
"merge","Reverse",500,27,12832,4100,true,true
"merge","Reverse",500,28,12544,4000,true,true
"merge","Reverse",500,29,12704,4200,true,true
"merge","Reverse",500,30,12608,4000,true,true
"merge","Reverse",500,31,12736,4100,true,true
"merge","Reverse",500,32,12704,4000,true,true
"merge","Reverse",500,33,12672,4000,true,true
"merge","Reverse",500,34,12640,4100,true,true
"merge","Reverse",500,35,12640,4000,true,true
"merge","Reverse",500,36,12576,4100,true,true
"merge","Reverse",500,37,16608,5300,true,true
"merge","Reverse",500,38,12640,4000,true,true
"merge","Reverse",500,39,12800,4100,true,true
"merge","Reverse",500,40,12640,4000,true,true
"merge","Reverse",500,41,12736,4100,true,true
"merge","Reverse",500,42,12704,4300,true,true
"merge","Reverse",500,43,12736,4100,true,true
"merge","Reverse",500,44,12736,4000,true,true
"merge","Reverse",500,45,12672,4100,true,true
"merge","Reverse",500,46,12640,4000,true,true
"merge","Reverse",500,47,12704,4000,true,true
"merge","Reverse",500,48,12736,4100,true,true
"merge","Reverse",500,49,12640,4000,true,true
"merge","Reverse",500,50,12704,4000,true,true
"merge","Reverse",500,51,12608,4100,true,true
"merge","Reverse",500,52,12800,4100,true,true
"merge","Reverse",500,53,12640,4100,true,true
"merge","Reverse",500,54,12800,4100,true,true
"merge","Reverse",500,55,12672,4000,true,true
"merge","Reverse",500,56,12832,4100,true,true
"merge","Reverse",500,57,12608,4000,true,true
"merge","Reverse",500,58,12672,4000,true,true
"merge","Reverse",500,59,12608,4000,true,true
"merge","Reverse",500,60,12768,4100,true,true
"merge","Reverse",500,61,12800,4100,true,true
"merge","Reverse",500,62,12800,4000,true,true
"merge","Reverse",500,63,12640,4100,true,true
"merge","Reverse",500,64,12640,4000,true,true
"merge","Reverse",500,65,12736,4100,true,true
"merge","Reverse",500,66,12768,4100,true,true
"merge","Reverse",500,67,12960,4100,true,true
"merge","Reverse",500,68,12768,4100,true,true
"merge","Reverse",500,69,12704,4000,true,true
"merge","Reverse",500,70,12576,4000,true,true
"merge","Reverse",500,71,12768,4100,true,true
"merge","Reverse",500,72,12768,4000,true,true
"merge","Reverse",500,73,12672,4100,true,true
"merge","Reverse",500,74,34624,11000,true,true
"merge","Reverse",500,75,13408,4200,true,true
"merge","Reverse",500,76,16896,5400,true,true
"merge","Reverse",500,77,12992,4200,true,true
"merge","Reverse",500,78,12768,4100,true,true
"merge","Reverse",500,79,12768,4100,true,true
"merge","Reverse",500,80,12704,4000,true,true
"merge","Reverse",500,81,12704,4100,true,true
"merge","Reverse",500,82,12736,4100,true,true
"merge","Reverse",500,83,12640,4000,true,true
"merge","Reverse",500,84,12864,4100,true,true
"merge","Reverse",500,85,12768,4200,true,true
"merge","Reverse",500,86,12576,4000,true,true
"merge","Reverse",500,87,12800,4100,true,true
"merge","Reverse",500,88,12640,4100,true,true
"merge","Reverse",500,89,12768,4100,true,true
"merge","Reverse",500,90,12640,4000,true,true
"merge","Reverse",500,91,12768,4100,true,true
"merge","Reverse",500,92,12704,4000,true,true
"merge","Reverse",500,93,12544,4000,true,true
"merge","Reverse",500,94,12704,4000,true,true
"merge","Reverse",500,95,12640,4100,true,true
"merge","Reverse",500,96,12576,4000,true,true
"merge","Reverse",500,97,12736,4100,true,true
"merge","Reverse",500,98,12800,4000,true,true
"merge","Reverse",500,99,12800,4000,true,true
"quicksort","Reverse",500,0,5728,1800,true,true
"quicksort","Reverse",500,1,5888,1900,true,true
"quicksort","Reverse",500,2,5696,1900,true,true
"quicksort","Reverse",500,3,5664,1800,true,true
"quicksort","Reverse",500,4,5952,2000,true,true
"quicksort","Reverse",500,5,5696,1800,true,true
"quicksort","Reverse",500,6,5632,1900,true,true
"quicksort","Reverse",500,7,5664,1900,true,true
"quicksort","Reverse",500,8,5664,1900,true,true
"quicksort","Reverse",500,9,12416,4400,true,true
"quicksort","Reverse",500,10,14656,4700,true,true
"quicksort","Reverse",500,11,10784,3400,true,true
"quicksort","Reverse",500,12,13152,4200,true,true
"quicksort","Reverse",500,13,12480,4000,true,true
"quicksort","Reverse",500,14,9088,2900,true,true
"quicksort","Reverse",500,15,9024,2900,true,true
"quicksort","Reverse",500,16,7968,2600,true,true
"quicksort","Reverse",500,17,5920,1900,true,true
"quicksort","Reverse",500,18,5952,2000,true,true
"quicksort","Reverse",500,19,5984,1900,true,true
"quicksort","Reverse",500,20,5824,1900,true,true
"quicksort","Reverse",500,21,5824,1900,true,true
"quicksort","Reverse",500,22,54720,17200,true,true
"quicksort","Reverse",500,23,6080,2000,true,true
"quicksort","Reverse",500,24,5728,1800,true,true
"quicksort","Reverse",500,25,5728,1800,true,true
"quicksort","Reverse",500,26,5728,1900,true,true
"quicksort","Reverse",500,27,5728,1900,true,true
"quicksort","Reverse",500,28,5856,1900,true,true
"quicksort","Reverse",500,29,5792,1900,true,true
"quicksort","Reverse",500,30,5824,2100,true,true
"quicksort","Reverse",500,31,5696,1800,true,true
"quicksort","Reverse",500,32,5760,1900,true,true
"quicksort","Reverse",500,33,5888,1900,true,true
"quicksort","Reverse",500,34,5728,1900,true,true
"quicksort","Reverse",500,35,5696,1800,true,true
"quicksort","Reverse",500,36,5696,1900,true,true
"quicksort","Reverse",500,37,5728,1900,true,true
"quicksort","Reverse",500,38,5824,1900,true,true
"quicksort","Reverse",500,39,5760,1900,true,true
"quicksort","Reverse",500,40,5728,1900,true,true
"quicksort","Reverse",500,41,5728,1800,true,true
"quicksort","Reverse",500,42,5696,1900,true,true
"quicksort","Reverse",500,43,5728,1900,true,true
"quicksort","Reverse",500,44,5760,1800,true,true
"quicksort","Reverse",500,45,5728,1800,true,true
"quicksort","Reverse",500,46,5696,1900,true,true
"quicksort","Reverse",500,47,5696,1800,true,true
"quicksort","Reverse",500,48,5696,1900,true,true
"quicksort","Reverse",500,49,5696,1900,true,true
"quicksort","Reverse",500,50,5728,1900,true,true
"quicksort","Reverse",500,51,5696,1800,true,true
"quicksort","Reverse",500,52,5728,1900,true,true
"quicksort","Reverse",500,53,5728,1800,true,true
"quicksort","Reverse",500,54,5728,1900,true,true
"quicksort","Reverse",500,55,5728,1800,true,true
"quicksort","Reverse",500,56,5728,1900,true,true
"quicksort","Reverse",500,57,5696,1900,true,true
"quicksort","Reverse",500,58,5696,1900,true,true
"quicksort","Reverse",500,59,5696,1800,true,true
"quicksort","Reverse",500,60,5696,1800,true,true
"quicksort","Reverse",500,61,5728,1800,true,true
"quicksort","Reverse",500,62,5760,1800,true,true
"quicksort","Reverse",500,63,5728,1900,true,true
"quicksort","Reverse",500,64,5696,1800,true,true
"quicksort","Reverse",500,65,5888,1900,true,true
"quicksort","Reverse",500,66,5728,1900,true,true
"quicksort","Reverse",500,67,6048,2000,true,true
"quicksort","Reverse",500,68,5824,1900,true,true
"quicksort","Reverse",500,69,5792,1900,true,true
"quicksort","Reverse",500,70,5792,1800,true,true
"quicksort","Reverse",500,71,5824,1900,true,true
"quicksort","Reverse",500,72,5856,1900,true,true
"quicksort","Reverse",500,73,5856,1900,true,true
"quicksort","Reverse",500,74,5824,1900,true,true
"quicksort","Reverse",500,75,5824,1900,true,true
"quicksort","Reverse",500,76,5792,1900,true,true
"quicksort","Reverse",500,77,5824,1900,true,true
"quicksort","Reverse",500,78,5824,1900,true,true
"quicksort","Reverse",500,79,5888,1900,true,true
"quicksort","Reverse",500,80,5824,1900,true,true
"quicksort","Reverse",500,81,5856,2000,true,true
"quicksort","Reverse",500,82,5792,1900,true,true
"quicksort","Reverse",500,83,5824,1900,true,true
"quicksort","Reverse",500,84,5824,1900,true,true
"quicksort","Reverse",500,85,5824,1900,true,true
"quicksort","Reverse",500,86,5824,1900,true,true
"quicksort","Reverse",500,87,5824,1800,true,true
"quicksort","Reverse",500,88,5856,1900,true,true
"quicksort","Reverse",500,89,5824,1900,true,true
"quicksort","Reverse",500,90,5792,1900,true,true
"quicksort","Reverse",500,91,5824,1900,true,true
"quicksort","Reverse",500,92,5824,1900,true,true
"quicksort","Reverse",500,93,10528,3300,true,true
"quicksort","Reverse",500,94,5664,1800,true,true
"quicksort","Reverse",500,95,5664,1800,true,true
"quicksort","Reverse",500,96,5696,1900,true,true
"quicksort","Reverse",500,97,5664,1800,true,true
"quicksort","Reverse",500,98,5664,1900,true,true
"quicksort","Reverse",500,99,5664,1900,true,true
"heap","Reverse",500,0,14592,4600,true,true
"heap","Reverse",500,1,14848,4800,true,true
"heap","Reverse",500,2,14624,4600,true,true
"heap","Reverse",500,3,14592,4600,true,true
"heap","Reverse",500,4,14688,4700,true,true
"heap","Reverse",500,5,14624,4600,true,true
"heap","Reverse",500,6,14752,4700,true,true
"heap","Reverse",500,7,14720,4700,true,true
"heap","Reverse",500,8,14720,4700,true,true
"heap","Reverse",500,9,14624,4600,true,true
"heap","Reverse",500,10,14688,4600,true,true
"heap","Reverse",500,11,14688,4800,true,true
"heap","Reverse",500,12,14752,4700,true,true
"heap","Reverse",500,13,14720,4700,true,true
"heap","Reverse",500,14,14912,4800,true,true
"heap","Reverse",500,15,14720,4600,true,true
"heap","Reverse",500,16,14688,4700,true,true
"heap","Reverse",500,17,14720,4700,true,true
"heap","Reverse",500,18,14720,4600,true,true
"heap","Reverse",500,19,14720,4700,true,true
"heap","Reverse",500,20,14624,4700,true,true
"heap","Reverse",500,21,14688,4600,true,true
"heap","Reverse",500,22,14624,4600,true,true
"heap","Reverse",500,23,14624,4800,true,true
"heap","Reverse",500,24,14688,4600,true,true
"heap","Reverse",500,25,14592,4700,true,true
"heap","Reverse",500,26,14624,4700,true,true
"heap","Reverse",500,27,14720,4700,true,true
"heap","Reverse",500,28,14592,4700,true,true
"heap","Reverse",500,29,14656,4700,true,true
"heap","Reverse",500,30,14528,4600,true,true
"heap","Reverse",500,31,14688,4700,true,true
"heap","Reverse",500,32,14624,4700,true,true
"heap","Reverse",500,33,14752,4700,true,true
"heap","Reverse",500,34,14784,4700,true,true
"heap","Reverse",500,35,14752,4700,true,true
"heap","Reverse",500,36,14656,4700,true,true
"heap","Reverse",500,37,14592,4600,true,true
"heap","Reverse",500,38,14688,4700,true,true
"heap","Reverse",500,39,14656,4700,true,true
"heap","Reverse",500,40,14560,4600,true,true
"heap","Reverse",500,41,14560,4700,true,true
"heap","Reverse",500,42,14720,4700,true,true
"heap","Reverse",500,43,14720,4700,true,true
"heap","Reverse",500,44,14528,4600,true,true
"heap","Reverse",500,45,14656,4700,true,true
"heap","Reverse",500,46,18560,5900,true,true
"heap","Reverse",500,47,14560,4600,true,true
"heap","Reverse",500,48,14784,4700,true,true
"heap","Reverse",500,49,14656,4700,true,true
"heap","Reverse",500,50,14528,4600,true,true
"heap","Reverse",500,51,14592,4600,true,true
"heap","Reverse",500,52,14528,4600,true,true
"heap","Reverse",500,53,14592,4600,true,true
"heap","Reverse",500,54,14528,4600,true,true
"heap","Reverse",500,55,14592,4700,true,true
"heap","Reverse",500,56,17440,5500,true,true
"heap","Reverse",500,57,17216,5400,true,true
"heap","Reverse",500,58,20096,6300,true,true
"heap","Reverse",500,59,17440,5500,true,true
"heap","Reverse",500,60,14496,4600,true,true
"heap","Reverse",500,61,14592,4700,true,true
"heap","Reverse",500,62,14592,4600,true,true
"heap","Reverse",500,63,14496,4600,true,true
"heap","Reverse",500,64,14464,4700,true,true
"heap","Reverse",500,65,14528,4600,true,true
"heap","Reverse",500,66,14528,4600,true,true
"heap","Reverse",500,67,14528,4600,true,true
"heap","Reverse",500,68,14624,4700,true,true
"heap","Reverse",500,69,14560,4600,true,true
"heap","Reverse",500,70,14560,4700,true,true
"heap","Reverse",500,71,14464,4600,true,true
"heap","Reverse",500,72,17760,5800,true,true
"heap","Reverse",500,73,14528,4600,true,true
"heap","Reverse",500,74,14496,4700,true,true
"heap","Reverse",500,75,14624,4700,true,true
"heap","Reverse",500,76,14496,4600,true,true
"heap","Reverse",500,77,14368,4600,true,true
"heap","Reverse",500,78,17344,5500,true,true
"heap","Reverse",500,79,14560,4700,true,true
"heap","Reverse",500,80,14592,4600,true,true
"heap","Reverse",500,81,14464,4600,true,true
"heap","Reverse",500,82,14496,4600,true,true
"heap","Reverse",500,83,14496,4600,true,true
"heap","Reverse",500,84,14560,4700,true,true
"heap","Reverse",500,85,14496,4600,true,true
"heap","Reverse",500,86,14496,4600,true,true
"heap","Reverse",500,87,14592,4700,true,true
"heap","Reverse",500,88,14400,4700,true,true
"heap","Reverse",500,89,14560,4700,true,true
"heap","Reverse",500,90,14592,4700,true,true
"heap","Reverse",500,91,14496,4700,true,true
"heap","Reverse",500,92,14432,4600,true,true
"heap","Reverse",500,93,14464,4600,true,true
"heap","Reverse",500,94,14592,4700,true,true
"heap","Reverse",500,95,14528,4600,true,true
"heap","Reverse",500,96,14592,4700,true,true
"heap","Reverse",500,97,17824,5600,true,true
"heap","Reverse",500,98,17536,5600,true,true
"heap","Reverse",500,99,14816,4700,true,true
"std-sort","Reverse",500,0,2912,1000,true,true
"std-sort","Reverse",500,1,3168,1100,true,true
"std-sort","Reverse",500,2,3200,1100,true,true
"std-sort","Reverse",500,3,3072,1100,true,true
"std-sort","Reverse",500,4,2976,1000,true,true
"std-sort","Reverse",500,5,3040,1000,true,true
"std-sort","Reverse",500,6,2944,1000,true,true
"std-sort","Reverse",500,7,2944,1000,true,true
"std-sort","Reverse",500,8,2912,1000,true,true
"std-sort","Reverse",500,9,3008,1000,true,true
"std-sort","Reverse",500,10,3136,1000,true,true
"std-sort","Reverse",500,11,3040,1000,true,true
"std-sort","Reverse",500,12,3040,1000,true,true
"std-sort","Reverse",500,13,5696,1900,true,true
"std-sort","Reverse",500,14,3008,1100,true,true
"std-sort","Reverse",500,15,2944,1000,true,true
"std-sort","Reverse",500,16,2944,1000,true,true
"std-sort","Reverse",500,17,3040,1000,true,true
"std-sort","Reverse",500,18,3008,1100,true,true
"std-sort","Reverse",500,19,2944,1100,true,true
"std-sort","Reverse",500,20,2944,1000,true,true
"std-sort","Reverse",500,21,2912,1000,true,true
"std-sort","Reverse",500,22,2912,1000,true,true
"std-sort","Reverse",500,23,2912,1000,true,true
"std-sort","Reverse",500,24,2912,1000,true,true
"std-sort","Reverse",500,25,2944,1100,true,true
"std-sort","Reverse",500,26,2880,1000,true,true
"std-sort","Reverse",500,27,2912,1000,true,true
"std-sort","Reverse",500,28,2912,1000,true,true
"std-sort","Reverse",500,29,2912,900,true,true
"std-sort","Reverse",500,30,2912,900,true,true
"std-sort","Reverse",500,31,2912,1000,true,true
"std-sort","Reverse",500,32,2912,1000,true,true
"std-sort","Reverse",500,33,3008,1000,true,true
"std-sort","Reverse",500,34,2944,1000,true,true
"std-sort","Reverse",500,35,3040,1000,true,true
"std-sort","Reverse",500,36,3136,1100,true,true
"std-sort","Reverse",500,37,3136,1100,true,true
"std-sort","Reverse",500,38,3136,1000,true,true
"std-sort","Reverse",500,39,3136,1100,true,true
"std-sort","Reverse",500,40,3168,1100,true,true
"std-sort","Reverse",500,41,3200,1100,true,true
"std-sort","Reverse",500,42,3136,1000,true,true
"std-sort","Reverse",500,43,3168,1100,true,true
"std-sort","Reverse",500,44,3168,1100,true,true
"std-sort","Reverse",500,45,3136,1100,true,true
"std-sort","Reverse",500,46,3136,1000,true,true
"std-sort","Reverse",500,47,3136,1100,true,true
"std-sort","Reverse",500,48,3136,1100,true,true
"std-sort","Reverse",500,49,3136,1000,true,true
"std-sort","Reverse",500,50,3104,1100,true,true
"std-sort","Reverse",500,51,3104,1100,true,true
"std-sort","Reverse",500,52,3104,1000,true,true
"std-sort","Reverse",500,53,3136,1100,true,true
"std-sort","Reverse",500,54,3136,1100,true,true
"std-sort","Reverse",500,55,3104,1000,true,true
"std-sort","Reverse",500,56,2944,1000,true,true
"std-sort","Reverse",500,57,2944,1000,true,true
"std-sort","Reverse",500,58,2944,1000,true,true
"std-sort","Reverse",500,59,2976,1000,true,true
"std-sort","Reverse",500,60,2976,1000,true,true
"std-sort","Reverse",500,61,2976,1000,true,true
"std-sort","Reverse",500,62,2944,1000,true,true
"std-sort","Reverse",500,63,2976,1000,true,true
"std-sort","Reverse",500,64,2944,1000,true,true
"std-sort","Reverse",500,65,3168,1100,true,true
"std-sort","Reverse",500,66,3168,1100,true,true
"std-sort","Reverse",500,67,3168,1000,true,true
"std-sort","Reverse",500,68,3200,1100,true,true
"std-sort","Reverse",500,69,3168,1100,true,true
"std-sort","Reverse",500,70,3200,1100,true,true
"std-sort","Reverse",500,71,3232,1100,true,true
"std-sort","Reverse",500,72,3136,1100,true,true
"std-sort","Reverse",500,73,39808,12500,true,true
"std-sort","Reverse",500,74,3136,1000,true,true
"std-sort","Reverse",500,75,3136,1000,true,true
"std-sort","Reverse",500,76,2912,900,true,true
"std-sort","Reverse",500,77,2912,900,true,true
"std-sort","Reverse",500,78,2912,900,true,true
"std-sort","Reverse",500,79,2912,1000,true,true
"std-sort","Reverse",500,80,2912,1000,true,true
"std-sort","Reverse",500,81,2912,1000,true,true
"std-sort","Reverse",500,82,2912,900,true,true
"std-sort","Reverse",500,83,2912,900,true,true
"std-sort","Reverse",500,84,2912,900,true,true
"std-sort","Reverse",500,85,2912,1000,true,true
"std-sort","Reverse",500,86,2880,1000,true,true
"std-sort","Reverse",500,87,2912,1000,true,true
"std-sort","Reverse",500,88,2912,1000,true,true
"std-sort","Reverse",500,89,2944,1000,true,true
"std-sort","Reverse",500,90,2912,1000,true,true
"std-sort","Reverse",500,91,2912,1000,true,true
"std-sort","Reverse",500,92,2944,1000,true,true
"std-sort","Reverse",500,93,2880,1000,true,true
"std-sort","Reverse",500,94,2944,1000,true,true
"std-sort","Reverse",500,95,2912,1000,true,true
"std-sort","Reverse",500,96,2880,1000,true,true
"std-sort","Reverse",500,97,2912,1000,true,true
"std-sort","Reverse",500,98,2912,900,true,true
"std-sort","Reverse",500,99,2912,900,true,true
"std-stable-sort","Reverse",500,0,8416,2700,true,true
"std-stable-sort","Reverse",500,1,8416,2700,true,true
"std-stable-sort","Reverse",500,2,8416,2700,true,true
"std-stable-sort","Reverse",500,3,8416,2700,true,true
"std-stable-sort","Reverse",500,4,8352,2700,true,true
"std-stable-sort","Reverse",500,5,8352,2700,true,true
"std-stable-sort","Reverse",500,6,8416,2700,true,true
"std-stable-sort","Reverse",500,7,8384,2700,true,true
"std-stable-sort","Reverse",500,8,8384,2700,true,true
"std-stable-sort","Reverse",500,9,8704,2800,true,true
"std-stable-sort","Reverse",500,10,8672,2700,true,true
"std-stable-sort","Reverse",500,11,8544,2700,true,true
"std-stable-sort","Reverse",500,12,8576,2800,true,true
"std-stable-sort","Reverse",500,13,8608,2800,true,true
"std-stable-sort","Reverse",500,14,8544,2800,true,true
"std-stable-sort","Reverse",500,15,8576,2700,true,true
"std-stable-sort","Reverse",500,16,8576,2700,true,true
"std-stable-sort","Reverse",500,17,8576,2800,true,true
"std-stable-sort","Reverse",500,18,8608,2800,true,true
"std-stable-sort","Reverse",500,19,8640,2800,true,true
"std-stable-sort","Reverse",500,20,8576,2700,true,true
"std-stable-sort","Reverse",500,21,12864,4200,true,true
"std-stable-sort","Reverse",500,22,8576,2800,true,true
"std-stable-sort","Reverse",500,23,8512,2800,true,true
"std-stable-sort","Reverse",500,24,8512,2700,true,true
"std-stable-sort","Reverse",500,25,8544,2800,true,true
"std-stable-sort","Reverse",500,26,8608,2800,true,true
"std-stable-sort","Reverse",500,27,8576,2800,true,true
"std-stable-sort","Reverse",500,28,8544,2700,true,true
"std-stable-sort","Reverse",500,29,8608,2700,true,true
"std-stable-sort","Reverse",500,30,8608,2700,true,true
"std-stable-sort","Reverse",500,31,8544,2800,true,true
"std-stable-sort","Reverse",500,32,8608,2800,true,true
"std-stable-sort","Reverse",500,33,8768,2800,true,true
"std-stable-sort","Reverse",500,34,8640,2800,true,true
"std-stable-sort","Reverse",500,35,8640,2800,true,true
"std-stable-sort","Reverse",500,36,8640,2700,true,true
"std-stable-sort","Reverse",500,37,8640,2800,true,true
"std-stable-sort","Reverse",500,38,8640,2800,true,true
"std-stable-sort","Reverse",500,39,8640,2800,true,true
"std-stable-sort","Reverse",500,40,8576,2800,true,true
"std-stable-sort","Reverse",500,41,8640,2800,true,true
"std-stable-sort","Reverse",500,42,8608,2800,true,true
"std-stable-sort","Reverse",500,43,8576,2800,true,true
"std-stable-sort","Reverse",500,44,8608,2700,true,true
"std-stable-sort","Reverse",500,45,8608,2700,true,true
"std-stable-sort","Reverse",500,46,8608,2800,true,true
"std-stable-sort","Reverse",500,47,8544,2800,true,true
"std-stable-sort","Reverse",500,48,8608,2800,true,true
"std-stable-sort","Reverse",500,49,8576,2700,true,true
"std-stable-sort","Reverse",500,50,8576,2700,true,true
"std-stable-sort","Reverse",500,51,8576,2800,true,true
"std-stable-sort","Reverse",500,52,8576,2800,true,true
"std-stable-sort","Reverse",500,53,8608,2800,true,true
"std-stable-sort","Reverse",500,54,8544,2700,true,true
"std-stable-sort","Reverse",500,55,8608,2800,true,true
"std-stable-sort","Reverse",500,56,8608,2800,true,true
"std-stable-sort","Reverse",500,57,8544,2800,true,true
"std-stable-sort","Reverse",500,58,8544,2700,true,true
"std-stable-sort","Reverse",500,59,8544,2800,true,true
"std-stable-sort","Reverse",500,60,8576,2800,true,true
"std-stable-sort","Reverse",500,61,8576,2700,true,true
"std-stable-sort","Reverse",500,62,8544,2700,true,true
"std-stable-sort","Reverse",500,63,8576,2800,true,true
"std-stable-sort","Reverse",500,64,8672,2800,true,true
"std-stable-sort","Reverse",500,65,9312,3000,true,true
"std-stable-sort","Reverse",500,66,8736,2800,true,true
"std-stable-sort","Reverse",500,67,8608,2700,true,true
"std-stable-sort","Reverse",500,68,8608,2700,true,true
"std-stable-sort","Reverse",500,69,8576,2700,true,true
"std-stable-sort","Reverse",500,70,8640,2800,true,true
"std-stable-sort","Reverse",500,71,8608,2800,true,true
"std-stable-sort","Reverse",500,72,8640,2800,true,true
"std-stable-sort","Reverse",500,73,8544,2800,true,true
"std-stable-sort","Reverse",500,74,8512,2700,true,true
"std-stable-sort","Reverse",500,75,8544,2700,true,true
"std-stable-sort","Reverse",500,76,8576,2800,true,true
"std-stable-sort","Reverse",500,77,8576,2800,true,true
"std-stable-sort","Reverse",500,78,8576,2800,true,true
"std-stable-sort","Reverse",500,79,8576,2700,true,true
"std-stable-sort","Reverse",500,80,8608,2700,true,true
"std-stable-sort","Reverse",500,81,8576,2800,true,true
"std-stable-sort","Reverse",500,82,8640,2800,true,true
"std-stable-sort","Reverse",500,83,8704,2800,true,true
"std-stable-sort","Reverse",500,84,8608,2700,true,true
"std-stable-sort","Reverse",500,85,8576,2700,true,true
"std-stable-sort","Reverse",500,86,8576,2900,true,true
"std-stable-sort","Reverse",500,87,8576,2800,true,true
"std-stable-sort","Reverse",500,88,8512,2700,true,true
"std-stable-sort","Reverse",500,89,8512,2800,true,true
"std-stable-sort","Reverse",500,90,8512,2700,true,true
"std-stable-sort","Reverse",500,91,8608,2800,true,true
"std-stable-sort","Reverse",500,92,8672,2800,true,true
"std-stable-sort","Reverse",500,93,8544,2700,true,true
"std-stable-sort","Reverse",500,94,8544,2700,true,true
"std-stable-sort","Reverse",500,95,8640,2800,true,true
"std-stable-sort","Reverse",500,96,8544,2800,true,true
"std-stable-sort","Reverse",500,97,8544,2800,true,true
"std-stable-sort","Reverse",500,98,8544,2700,true,true
"std-stable-sort","Reverse",500,99,8544,2800,true,true
"bubble","Reverse",1000,0,732576,229500,true,true
"bubble","Reverse",1000,1,700960,219600,true,true
"bubble","Reverse",1000,2,704512,220800,true,true
"bubble","Reverse",1000,3,697568,218500,true,true
"bubble","Reverse",1000,4,729216,228400,true,true
"bubble","Reverse",1000,5,698240,218700,true,true
"bubble","Reverse",1000,6,697824,218600,true,true
"bubble","Reverse",1000,7,706528,221300,true,true
"bubble","Reverse",1000,8,711424,222900,true,true
"bubble","Reverse",1000,9,731712,229300,true,true
"bubble","Reverse",1000,10,704928,221000,true,true
"bubble","Reverse",1000,11,697632,218600,true,true
"bubble","Reverse",1000,12,701472,219800,true,true
"bubble","Reverse",1000,13,737952,231200,true,true
"bubble","Reverse",1000,14,704800,220800,true,true
"bubble","Reverse",1000,15,701216,219700,true,true
"bubble","Reverse",1000,16,701984,219900,true,true
"bubble","Reverse",1000,17,714496,223800,true,true
"bubble","Reverse",1000,18,731040,228900,true,true
"bubble","Reverse",1000,19,701472,219700,true,true
"bubble","Reverse",1000,20,698144,218600,true,true
"bubble","Reverse",1000,21,709440,222200,true,true
"bubble","Reverse",1000,22,732256,229400,true,true
"bubble","Reverse",1000,23,706112,221200,true,true
"bubble","Reverse",1000,24,703520,220400,true,true
"bubble","Reverse",1000,25,712192,223100,true,true
"bubble","Reverse",1000,26,706560,221400,true,true
"bubble","Reverse",1000,27,734144,230000,true,true
"bubble","Reverse",1000,28,708672,222000,true,true
"bubble","Reverse",1000,29,700288,219400,true,true
"bubble","Reverse",1000,30,698080,218700,true,true
"bubble","Reverse",1000,31,730816,229000,true,true
"bubble","Reverse",1000,32,709120,222100,true,true
"bubble","Reverse",1000,33,709408,222200,true,true
"bubble","Reverse",1000,34,723360,226600,true,true
"bubble","Reverse",1000,35,704128,220600,true,true
"bubble","Reverse",1000,36,732288,229400,true,true
"bubble","Reverse",1000,37,706112,221300,true,true
"bubble","Reverse",1000,38,707904,221800,true,true
"bubble","Reverse",1000,39,706976,226500,true,true
"bubble","Reverse",1000,40,951392,298600,true,true
"bubble","Reverse",1000,41,752928,235900,true,true
"bubble","Reverse",1000,42,738720,231500,true,true
"bubble","Reverse",1000,43,902016,282500,true,true
"bubble","Reverse",1000,44,998048,312700,true,true
"bubble","Reverse",1000,45,938848,294000,true,true
"bubble","Reverse",1000,46,803328,251900,true,true
"bubble","Reverse",1000,47,907744,284500,true,true
"bubble","Reverse",1000,48,866624,271800,true,true
"bubble","Reverse",1000,49,923040,289200,true,true
"bubble","Reverse",1000,50,913248,286400,true,true
"bubble","Reverse",1000,51,865472,271100,true,true
"bubble","Reverse",1000,52,807488,253100,true,true
"bubble","Reverse",1000,53,718080,224900,true,true
"bubble","Reverse",1000,54,705152,220900,true,true
"bubble","Reverse",1000,55,785312,246000,true,true
"bubble","Reverse",1000,56,726528,227600,true,true
"bubble","Reverse",1000,57,714880,224000,true,true
"bubble","Reverse",1000,58,707744,221700,true,true
"bubble","Reverse",1000,59,743744,233000,true,true
"bubble","Reverse",1000,60,707936,221800,true,true
"bubble","Reverse",1000,61,707904,221800,true,true
"bubble","Reverse",1000,62,708256,221900,true,true
"bubble","Reverse",1000,63,712800,223300,true,true
"bubble","Reverse",1000,64,740480,232000,true,true
"bubble","Reverse",1000,65,708064,221800,true,true
"bubble","Reverse",1000,66,700544,219500,true,true
"bubble","Reverse",1000,67,707008,221500,true,true
"bubble","Reverse",1000,68,741248,232200,true,true
"bubble","Reverse",1000,69,703968,220500,true,true
"bubble","Reverse",1000,70,706880,221400,true,true
"bubble","Reverse",1000,71,718016,225000,true,true
"bubble","Reverse",1000,72,704352,220600,true,true
"bubble","Reverse",1000,73,745120,233700,true,true
"bubble","Reverse",1000,74,712032,223100,true,true
"bubble","Reverse",1000,75,704384,220600,true,true
"bubble","Reverse",1000,76,709184,222200,true,true
"bubble","Reverse",1000,77,731712,229200,true,true
"bubble","Reverse",1000,78,720320,225700,true,true
"bubble","Reverse",1000,79,703232,220300,true,true
"bubble","Reverse",1000,80,708864,222100,true,true
"bubble","Reverse",1000,81,708768,222000,true,true
"bubble","Reverse",1000,82,734496,230200,true,true
"bubble","Reverse",1000,83,703808,220500,true,true
"bubble","Reverse",1000,84,703712,220600,true,true
"bubble","Reverse",1000,85,700928,219600,true,true
"bubble","Reverse",1000,86,728864,228300,true,true
"bubble","Reverse",1000,87,704096,220600,true,true
"bubble","Reverse",1000,88,708256,221900,true,true
"bubble","Reverse",1000,89,707360,221600,true,true
"bubble","Reverse",1000,90,700864,219600,true,true
"bubble","Reverse",1000,91,744288,233200,true,true
"bubble","Reverse",1000,92,713568,223600,true,true
"bubble","Reverse",1000,93,700416,219400,true,true
"bubble","Reverse",1000,94,697984,218700,true,true
"bubble","Reverse",1000,95,728576,228200,true,true
"bubble","Reverse",1000,96,698080,218600,true,true
"bubble","Reverse",1000,97,702432,220000,true,true
"bubble","Reverse",1000,98,716576,224500,true,true
"bubble","Reverse",1000,99,735456,230400,true,true
"insertion","Reverse",1000,0,580096,182200,true,true
"insertion","Reverse",1000,1,493856,155000,true,true
"insertion","Reverse",1000,2,484384,151700,true,true
"insertion","Reverse",1000,3,500800,156900,true,true
"insertion","Reverse",1000,4,484544,151800,true,true
"insertion","Reverse",1000,5,527808,165400,true,true
"insertion","Reverse",1000,6,489696,153400,true,true
"insertion","Reverse",1000,7,484064,151600,true,true
"insertion","Reverse",1000,8,484512,151700,true,true
"insertion","Reverse",1000,9,488256,153100,true,true
"insertion","Reverse",1000,10,484640,151800,true,true
"insertion","Reverse",1000,11,536704,168100,true,true
"insertion","Reverse",1000,12,484640,151900,true,true
"insertion","Reverse",1000,13,493440,154600,true,true
"insertion","Reverse",1000,14,484192,151700,true,true
"insertion","Reverse",1000,15,492128,154400,true,true
"insertion","Reverse",1000,16,574624,180100,true,true
"insertion","Reverse",1000,17,533184,167100,true,true
"insertion","Reverse",1000,18,490816,153800,true,true
"insertion","Reverse",1000,19,491648,154100,true,true
"insertion","Reverse",1000,20,487584,152700,true,true
"insertion","Reverse",1000,21,487488,152900,true,true
"insertion","Reverse",1000,22,487360,152800,true,true
"insertion","Reverse",1000,23,490208,153600,true,true
"insertion","Reverse",1000,24,519648,162800,true,true
"insertion","Reverse",1000,25,484704,151800,true,true
"insertion","Reverse",1000,26,576032,180500,true,true
"insertion","Reverse",1000,27,490304,153600,true,true
"insertion","Reverse",1000,28,496736,155700,true,true
"insertion","Reverse",1000,29,484384,151800,true,true
"insertion","Reverse",1000,30,520768,163200,true,true
"insertion","Reverse",1000,31,484480,151800,true,true
"insertion","Reverse",1000,32,484448,151800,true,true
"insertion","Reverse",1000,33,495968,155400,true,true
"insertion","Reverse",1000,34,489536,153400,true,true
"insertion","Reverse",1000,35,489664,153400,true,true
"insertion","Reverse",1000,36,525152,164700,true,true
"insertion","Reverse",1000,37,486976,152600,true,true
"insertion","Reverse",1000,38,491936,154100,true,true
"insertion","Reverse",1000,39,494976,155100,true,true
"insertion","Reverse",1000,40,484352,151700,true,true
"insertion","Reverse",1000,41,499168,156400,true,true
"insertion","Reverse",1000,42,494368,154900,true,true
"insertion","Reverse",1000,43,526944,165100,true,true
"insertion","Reverse",1000,44,484160,151700,true,true
"insertion","Reverse",1000,45,486944,152500,true,true
"insertion","Reverse",1000,46,489536,153400,true,true
"insertion","Reverse",1000,47,486976,152600,true,true
"insertion","Reverse",1000,48,488192,152900,true,true
"insertion","Reverse",1000,49,520640,163100,true,true
"insertion","Reverse",1000,50,487168,152600,true,true
"insertion","Reverse",1000,51,484160,151700,true,true
"insertion","Reverse",1000,52,493600,154600,true,true
"insertion","Reverse",1000,53,491936,154200,true,true
"insertion","Reverse",1000,54,491584,154000,true,true
"insertion","Reverse",1000,55,484096,151600,true,true
"insertion","Reverse",1000,56,518272,162400,true,true
"insertion","Reverse",1000,57,483904,151600,true,true
"insertion","Reverse",1000,58,487808,152800,true,true
"insertion","Reverse",1000,59,487104,152600,true,true
"insertion","Reverse",1000,60,487392,152700,true,true
"insertion","Reverse",1000,61,496736,155600,true,true
"insertion","Reverse",1000,62,523040,163800,true,true
"insertion","Reverse",1000,63,490912,153700,true,true
"insertion","Reverse",1000,64,495072,155200,true,true
"insertion","Reverse",1000,65,487424,152700,true,true
"insertion","Reverse",1000,66,487328,152700,true,true
"insertion","Reverse",1000,67,490624,153700,true,true
"insertion","Reverse",1000,68,517760,162200,true,true
"insertion","Reverse",1000,69,490464,153700,true,true
"insertion","Reverse",1000,70,487392,152700,true,true
"insertion","Reverse",1000,71,499392,156400,true,true
"insertion","Reverse",1000,72,487424,152700,true,true
"insertion","Reverse",1000,73,490336,153600,true,true
"insertion","Reverse",1000,74,484224,151700,true,true
"insertion","Reverse",1000,75,521344,163400,true,true
"insertion","Reverse",1000,76,484192,151700,true,true
"insertion","Reverse",1000,77,487392,152700,true,true
"insertion","Reverse",1000,78,487328,152700,true,true
"insertion","Reverse",1000,79,484128,151600,true,true
"insertion","Reverse",1000,80,487328,152700,true,true
"insertion","Reverse",1000,81,519552,162900,true,true
"insertion","Reverse",1000,82,484192,151700,true,true
"insertion","Reverse",1000,83,484096,151700,true,true
"insertion","Reverse",1000,84,496320,155500,true,true
"insertion","Reverse",1000,85,490272,153600,true,true
"insertion","Reverse",1000,86,506080,158600,true,true
"insertion","Reverse",1000,87,490432,153700,true,true
"insertion","Reverse",1000,88,521088,163300,true,true
"insertion","Reverse",1000,89,486912,152500,true,true
"insertion","Reverse",1000,90,490880,153800,true,true
"insertion","Reverse",1000,91,484192,151700,true,true
"insertion","Reverse",1000,92,484128,151700,true,true
"insertion","Reverse",1000,93,487296,152700,true,true
"insertion","Reverse",1000,94,517568,162200,true,true
"insertion","Reverse",1000,95,490176,153600,true,true
"insertion","Reverse",1000,96,487232,152700,true,true
"insertion","Reverse",1000,97,484128,151700,true,true
"insertion","Reverse",1000,98,487232,152700,true,true
"insertion","Reverse",1000,99,500864,156900,true,true
"selection","Reverse",1000,0,504896,158200,true,true
"selection","Reverse",1000,1,502496,157500,true,true
"selection","Reverse",1000,2,611744,191600,true,true
"selection","Reverse",1000,3,581056,182100,true,true
"selection","Reverse",1000,4,621216,194900,true,true
"selection","Reverse",1000,5,512064,160600,true,true
"selection","Reverse",1000,6,516096,161700,true,true
"selection","Reverse",1000,7,548832,172000,true,true
"selection","Reverse",1000,8,511328,160200,true,true
"selection","Reverse",1000,9,502880,157600,true,true
"selection","Reverse",1000,10,537728,168500,true,true
"selection","Reverse",1000,11,507168,158900,true,true
"selection","Reverse",1000,12,514272,161200,true,true
"selection","Reverse",1000,13,508032,159100,true,true
"selection","Reverse",1000,14,521472,163400,true,true
"selection","Reverse",1000,15,504096,157900,true,true
"selection","Reverse",1000,16,534432,167400,true,true
"selection","Reverse",1000,17,502560,157500,true,true
"selection","Reverse",1000,18,505376,158400,true,true
"selection","Reverse",1000,19,507904,159200,true,true
"selection","Reverse",1000,20,510240,159800,true,true
"selection","Reverse",1000,21,508928,159500,true,true
"selection","Reverse",1000,22,535936,167900,true,true
"selection","Reverse",1000,23,507904,159200,true,true
"selection","Reverse",1000,24,518112,162500,true,true
"selection","Reverse",1000,25,509152,159500,true,true
"selection","Reverse",1000,26,505856,158500,true,true
"selection","Reverse",1000,27,518528,162400,true,true
"selection","Reverse",1000,28,538464,168700,true,true
"selection","Reverse",1000,29,503168,157700,true,true
"selection","Reverse",1000,30,502592,157500,true,true
"selection","Reverse",1000,31,505088,158300,true,true
"selection","Reverse",1000,32,503616,157800,true,true
"selection","Reverse",1000,33,503136,157700,true,true
"selection","Reverse",1000,34,505248,158300,true,true
"selection","Reverse",1000,35,531872,166700,true,true
"selection","Reverse",1000,36,507488,159100,true,true
"selection","Reverse",1000,37,499840,156500,true,true
"selection","Reverse",1000,38,499584,156500,true,true
"selection","Reverse",1000,39,512960,160700,true,true
"selection","Reverse",1000,40,505728,158500,true,true
"selection","Reverse",1000,41,535840,167900,true,true
"selection","Reverse",1000,42,502944,157600,true,true
"selection","Reverse",1000,43,502720,157500,true,true
"selection","Reverse",1000,44,501760,157200,true,true
"selection","Reverse",1000,45,502720,157500,true,true
"selection","Reverse",1000,46,499776,156600,true,true
"selection","Reverse",1000,47,531488,166500,true,true
"selection","Reverse",1000,48,513504,161100,true,true
"selection","Reverse",1000,49,501824,157200,true,true
"selection","Reverse",1000,50,512384,160500,true,true
"selection","Reverse",1000,51,504128,158100,true,true
"selection","Reverse",1000,52,499584,156500,true,true
"selection","Reverse",1000,53,528640,165700,true,true
"selection","Reverse",1000,54,502048,157300,true,true
"selection","Reverse",1000,55,505536,158400,true,true
"selection","Reverse",1000,56,497792,155900,true,true
"selection","Reverse",1000,57,497728,156300,true,true
"selection","Reverse",1000,58,503584,157800,true,true
"selection","Reverse",1000,59,505920,158500,true,true
"selection","Reverse",1000,60,529824,166000,true,true
"selection","Reverse",1000,61,499872,156700,true,true
"selection","Reverse",1000,62,506752,158800,true,true
"selection","Reverse",1000,63,503808,157800,true,true
"selection","Reverse",1000,64,493760,154800,true,true
"selection","Reverse",1000,65,497568,156000,true,true
"selection","Reverse",1000,66,530912,166300,true,true
"selection","Reverse",1000,67,512000,160400,true,true
"selection","Reverse",1000,68,509280,159600,true,true
"selection","Reverse",1000,69,499360,156400,true,true
"selection","Reverse",1000,70,504608,158100,true,true
"selection","Reverse",1000,71,506048,158500,true,true
"selection","Reverse",1000,72,534304,167400,true,true
"selection","Reverse",1000,73,505568,158400,true,true
"selection","Reverse",1000,74,512352,160600,true,true
"selection","Reverse",1000,75,503776,157800,true,true
"selection","Reverse",1000,76,501824,157200,true,true
"selection","Reverse",1000,77,505984,158500,true,true
"selection","Reverse",1000,78,531264,166500,true,true
"selection","Reverse",1000,79,519424,162800,true,true
"selection","Reverse",1000,80,513792,161000,true,true
"selection","Reverse",1000,81,499904,156600,true,true
"selection","Reverse",1000,82,507488,159000,true,true
"selection","Reverse",1000,83,504448,158100,true,true
"selection","Reverse",1000,84,630240,197400,true,true
"selection","Reverse",1000,85,759264,238300,true,true
"selection","Reverse",1000,86,670720,210300,true,true
"selection","Reverse",1000,87,616928,193500,true,true
"selection","Reverse",1000,88,512544,160700,true,true
"selection","Reverse",1000,89,507872,159100,true,true
"selection","Reverse",1000,90,593056,186000,true,true
"selection","Reverse",1000,91,504480,158100,true,true
"selection","Reverse",1000,92,504960,158100,true,true
"selection","Reverse",1000,93,506080,158700,true,true
"selection","Reverse",1000,94,510752,160000,true,true
"selection","Reverse",1000,95,515936,161600,true,true
"selection","Reverse",1000,96,541472,169700,true,true
"selection","Reverse",1000,97,515264,161400,true,true
"selection","Reverse",1000,98,499296,156400,true,true
"selection","Reverse",1000,99,496608,155500,true,true
"merge","Reverse",1000,0,26464,8400,true,true
"merge","Reverse",1000,1,26400,8300,true,true
"merge","Reverse",1000,2,26464,8400,true,true
"merge","Reverse",1000,3,26272,8300,true,true
"merge","Reverse",1000,4,27136,8600,true,true
"merge","Reverse",1000,5,26272,8300,true,true
"merge","Reverse",1000,6,26592,8400,true,true
"merge","Reverse",1000,7,29408,9400,true,true
"merge","Reverse",1000,8,26560,8400,true,true
"merge","Reverse",1000,9,26336,8400,true,true
"merge","Reverse",1000,10,26560,8400,true,true
"merge","Reverse",1000,11,26368,8300,true,true
"merge","Reverse",1000,12,26528,8400,true,true
"merge","Reverse",1000,13,29472,9300,true,true
"merge","Reverse",1000,14,26464,8400,true,true
"merge","Reverse",1000,15,26368,8300,true,true
"merge","Reverse",1000,16,26240,8300,true,true
"merge","Reverse",1000,17,26560,8400,true,true
"merge","Reverse",1000,18,73216,23200,true,true
"merge","Reverse",1000,19,26400,8300,true,true
"merge","Reverse",1000,20,26496,8400,true,true
"merge","Reverse",1000,21,29888,9500,true,true
"merge","Reverse",1000,22,26336,8400,true,true
"merge","Reverse",1000,23,26240,8300,true,true
"merge","Reverse",1000,24,26304,8400,true,true
"merge","Reverse",1000,25,26336,8300,true,true
"merge","Reverse",1000,26,26208,8200,true,true
"merge","Reverse",1000,27,29600,9400,true,true
"merge","Reverse",1000,28,26432,8300,true,true
"merge","Reverse",1000,29,26304,8300,true,true
"merge","Reverse",1000,30,26400,8400,true,true
"merge","Reverse",1000,31,29344,9300,true,true
"merge","Reverse",1000,32,26208,8300,true,true
"merge","Reverse",1000,33,26368,8300,true,true
"merge","Reverse",1000,34,26240,8300,true,true
"merge","Reverse",1000,35,26400,8400,true,true
"merge","Reverse",1000,36,26304,8300,true,true
"merge","Reverse",1000,37,29536,9400,true,true
"merge","Reverse",1000,38,26496,8300,true,true
"merge","Reverse",1000,39,26368,8300,true,true
"merge","Reverse",1000,40,26592,8400,true,true
"merge","Reverse",1000,41,29472,9400,true,true
"merge","Reverse",1000,42,26304,8300,true,true
"merge","Reverse",1000,43,26304,8300,true,true
"merge","Reverse",1000,44,26432,8300,true,true
"merge","Reverse",1000,45,26464,8300,true,true
"merge","Reverse",1000,46,29984,9500,true,true
"merge","Reverse",1000,47,26464,8300,true,true
"merge","Reverse",1000,48,26432,8300,true,true
"merge","Reverse",1000,49,26560,8300,true,true
"merge","Reverse",1000,50,26336,8300,true,true
"merge","Reverse",1000,51,26528,8400,true,true
"merge","Reverse",1000,52,26496,8400,true,true
"merge","Reverse",1000,53,26304,8300,true,true
"merge","Reverse",1000,54,26432,8300,true,true
"merge","Reverse",1000,55,26368,8300,true,true
"merge","Reverse",1000,56,26368,8300,true,true
"merge","Reverse",1000,57,26368,8300,true,true
"merge","Reverse",1000,58,26496,8400,true,true
"merge","Reverse",1000,59,26272,8300,true,true
"merge","Reverse",1000,60,26432,8400,true,true
"merge","Reverse",1000,61,26368,8400,true,true
"merge","Reverse",1000,62,26336,8300,true,true
"merge","Reverse",1000,63,26624,8400,true,true
"merge","Reverse",1000,64,26304,8300,true,true
"merge","Reverse",1000,65,26592,8400,true,true
"merge","Reverse",1000,66,26336,8300,true,true
"merge","Reverse",1000,67,26400,8300,true,true
"merge","Reverse",1000,68,26432,8300,true,true
"merge","Reverse",1000,69,26336,8300,true,true
"merge","Reverse",1000,70,26432,8400,true,true
"merge","Reverse",1000,71,26336,8300,true,true
"merge","Reverse",1000,72,26432,8300,true,true
"merge","Reverse",1000,73,26336,8300,true,true
"merge","Reverse",1000,74,26464,8400,true,true
"merge","Reverse",1000,75,26336,8300,true,true
"merge","Reverse",1000,76,26368,8300,true,true
"merge","Reverse",1000,77,26432,8300,true,true
"merge","Reverse",1000,78,29568,9400,true,true
"merge","Reverse",1000,79,26336,8400,true,true
"merge","Reverse",1000,80,26400,8400,true,true
"merge","Reverse",1000,81,26560,8400,true,true
"merge","Reverse",1000,82,29408,9400,true,true
"merge","Reverse",1000,83,26304,8400,true,true
"merge","Reverse",1000,84,26272,8300,true,true
"merge","Reverse",1000,85,26368,8400,true,true
"merge","Reverse",1000,86,26176,8300,true,true
"merge","Reverse",1000,87,26304,8300,true,true
"merge","Reverse",1000,88,26272,8300,true,true
"merge","Reverse",1000,89,26240,8300,true,true
"merge","Reverse",1000,90,26368,8700,true,true
"merge","Reverse",1000,91,26240,8300,true,true
"merge","Reverse",1000,92,26336,8300,true,true
"merge","Reverse",1000,93,26240,8200,true,true
"merge","Reverse",1000,94,30208,9600,true,true
"merge","Reverse",1000,95,26560,8400,true,true
"merge","Reverse",1000,96,26368,8400,true,true
"merge","Reverse",1000,97,26592,8400,true,true
"merge","Reverse",1000,98,26400,8300,true,true
"merge","Reverse",1000,99,26528,8400,true,true
"quicksort","Reverse",1000,0,12608,4000,true,true
"quicksort","Reverse",1000,1,12480,4000,true,true
"quicksort","Reverse",1000,2,12800,4000,true,true
"quicksort","Reverse",1000,3,12544,4000,true,true
"quicksort","Reverse",1000,4,12608,4000,true,true
"quicksort","Reverse",1000,5,12512,4000,true,true
"quicksort","Reverse",1000,6,12384,4000,true,true
"quicksort","Reverse",1000,7,12512,4000,true,true
"quicksort","Reverse",1000,8,12576,4000,true,true
"quicksort","Reverse",1000,9,12512,4600,true,true
"quicksort","Reverse",1000,10,12416,4000,true,true
"quicksort","Reverse",1000,11,12512,4000,true,true
"quicksort","Reverse",1000,12,12320,4000,true,true
"quicksort","Reverse",1000,13,12416,4000,true,true
"quicksort","Reverse",1000,14,12384,4000,true,true
"quicksort","Reverse",1000,15,12384,4000,true,true
"quicksort","Reverse",1000,16,12352,4000,true,true
"quicksort","Reverse",1000,17,12608,4000,true,true
"quicksort","Reverse",1000,18,12512,4000,true,true
"quicksort","Reverse",1000,19,12544,4000,true,true
"quicksort","Reverse",1000,20,12640,4000,true,true
"quicksort","Reverse",1000,21,12672,4000,true,true
"quicksort","Reverse",1000,22,12576,4000,true,true
"quicksort","Reverse",1000,23,12512,4000,true,true
"quicksort","Reverse",1000,24,12512,4000,true,true
"quicksort","Reverse",1000,25,12480,4000,true,true
"quicksort","Reverse",1000,26,12576,4000,true,true
"quicksort","Reverse",1000,27,12512,3900,true,true
"quicksort","Reverse",1000,28,52448,16500,true,true
"quicksort","Reverse",1000,29,12992,4200,true,true
"quicksort","Reverse",1000,30,12736,4100,true,true
"quicksort","Reverse",1000,31,12832,4100,true,true
"quicksort","Reverse",1000,32,12800,4000,true,true
"quicksort","Reverse",1000,33,17536,5700,true,true
"quicksort","Reverse",1000,34,12608,4100,true,true
"quicksort","Reverse",1000,35,12544,4000,true,true
"quicksort","Reverse",1000,36,12480,4000,true,true
"quicksort","Reverse",1000,37,12608,4400,true,true
"quicksort","Reverse",1000,38,12576,4700,true,true
"quicksort","Reverse",1000,39,12512,4000,true,true
"quicksort","Reverse",1000,40,12544,4000,true,true
"quicksort","Reverse",1000,41,12544,4200,true,true
"quicksort","Reverse",1000,42,12512,4200,true,true
"quicksort","Reverse",1000,43,12480,4700,true,true
"quicksort","Reverse",1000,44,12544,4000,true,true
"quicksort","Reverse",1000,45,12512,4100,true,true
"quicksort","Reverse",1000,46,12512,4000,true,true
"quicksort","Reverse",1000,47,12480,3900,true,true
"quicksort","Reverse",1000,48,12512,4000,true,true
"quicksort","Reverse",1000,49,12544,4000,true,true
"quicksort","Reverse",1000,50,12576,4000,true,true
"quicksort","Reverse",1000,51,12512,4000,true,true
"quicksort","Reverse",1000,52,12480,4400,true,true
"quicksort","Reverse",1000,53,12512,4000,true,true
"quicksort","Reverse",1000,54,12512,4200,true,true
"quicksort","Reverse",1000,55,12480,4200,true,true
"quicksort","Reverse",1000,56,12512,4400,true,true
"quicksort","Reverse",1000,57,12480,4000,true,true
"quicksort","Reverse",1000,58,12512,4000,true,true
"quicksort","Reverse",1000,59,12480,4000,true,true
"quicksort","Reverse",1000,60,17344,5600,true,true
"quicksort","Reverse",1000,61,12864,4100,true,true
"quicksort","Reverse",1000,62,12608,4100,true,true
"quicksort","Reverse",1000,63,12544,4000,true,true
"quicksort","Reverse",1000,64,12512,4000,true,true
"quicksort","Reverse",1000,65,13056,4200,true,true
"quicksort","Reverse",1000,66,12672,4100,true,true
"quicksort","Reverse",1000,67,12544,4000,true,true
"quicksort","Reverse",1000,68,12544,4000,true,true
"quicksort","Reverse",1000,69,12544,4000,true,true
"quicksort","Reverse",1000,70,12576,4000,true,true
"quicksort","Reverse",1000,71,12544,4000,true,true
"quicksort","Reverse",1000,72,12576,4000,true,true
"quicksort","Reverse",1000,73,12576,4000,true,true
"quicksort","Reverse",1000,74,12576,4000,true,true
"quicksort","Reverse",1000,75,12544,4000,true,true
"quicksort","Reverse",1000,76,12544,4100,true,true
"quicksort","Reverse",1000,77,12576,4000,true,true
"quicksort","Reverse",1000,78,12544,4000,true,true
"quicksort","Reverse",1000,79,24320,7700,true,true
"quicksort","Reverse",1000,80,12672,4000,true,true
"quicksort","Reverse",1000,81,12608,4000,true,true
"quicksort","Reverse",1000,82,12512,4000,true,true
"quicksort","Reverse",1000,83,12512,4000,true,true
"quicksort","Reverse",1000,84,12512,4000,true,true
"quicksort","Reverse",1000,85,12512,4000,true,true
"quicksort","Reverse",1000,86,13216,4200,true,true
"quicksort","Reverse",1000,87,12800,4100,true,true
"quicksort","Reverse",1000,88,12832,4100,true,true
"quicksort","Reverse",1000,89,12800,4100,true,true
"quicksort","Reverse",1000,90,17056,5500,true,true
"quicksort","Reverse",1000,91,12608,4000,true,true
"quicksort","Reverse",1000,92,12640,4000,true,true
"quicksort","Reverse",1000,93,12608,4100,true,true
"quicksort","Reverse",1000,94,12608,4100,true,true
"quicksort","Reverse",1000,95,12608,4000,true,true
"quicksort","Reverse",1000,96,12608,4000,true,true
"quicksort","Reverse",1000,97,12672,4200,true,true
"quicksort","Reverse",1000,98,12640,4100,true,true
"quicksort","Reverse",1000,99,12608,4100,true,true
"heap","Reverse",1000,0,30464,9600,true,true
"heap","Reverse",1000,1,30272,9500,true,true
"heap","Reverse",1000,2,30240,9500,true,true
"heap","Reverse",1000,3,30176,10200,true,true
"heap","Reverse",1000,4,30304,9600,true,true
"heap","Reverse",1000,5,30336,9600,true,true
"heap","Reverse",1000,6,30400,9600,true,true
"heap","Reverse",1000,7,30496,9600,true,true
"heap","Reverse",1000,8,30400,9600,true,true
"heap","Reverse",1000,9,30432,9600,true,true
"heap","Reverse",1000,10,30528,9600,true,true
"heap","Reverse",1000,11,30464,9600,true,true
"heap","Reverse",1000,12,30432,9600,true,true
"heap","Reverse",1000,13,30272,9500,true,true
"heap","Reverse",1000,14,30464,9600,true,true
"heap","Reverse",1000,15,30464,9600,true,true
"heap","Reverse",1000,16,30368,9500,true,true
"heap","Reverse",1000,17,30304,9600,true,true
"heap","Reverse",1000,18,33824,10700,true,true
"heap","Reverse",1000,19,30208,9600,true,true
"heap","Reverse",1000,20,30304,9600,true,true
"heap","Reverse",1000,21,30496,9600,true,true
"heap","Reverse",1000,22,30304,28400,true,true
"heap","Reverse",1000,23,33376,10600,true,true
"heap","Reverse",1000,24,30496,9600,true,true
"heap","Reverse",1000,25,30176,9500,true,true
"heap","Reverse",1000,26,30336,9600,true,true
"heap","Reverse",1000,27,30592,9600,true,true
"heap","Reverse",1000,28,30336,9500,true,true
"heap","Reverse",1000,29,30560,9600,true,true
"heap","Reverse",1000,30,30400,9600,true,true
"heap","Reverse",1000,31,30368,9600,true,true
"heap","Reverse",1000,32,30336,9600,true,true
"heap","Reverse",1000,33,61696,19400,true,true
"heap","Reverse",1000,34,30368,9600,true,true
"heap","Reverse",1000,35,30336,9600,true,true
"heap","Reverse",1000,36,30336,9600,true,true
"heap","Reverse",1000,37,30560,9600,true,true
"heap","Reverse",1000,38,30400,9600,true,true
"heap","Reverse",1000,39,30368,9600,true,true
"heap","Reverse",1000,40,30432,9600,true,true
"heap","Reverse",1000,41,30272,9600,true,true
"heap","Reverse",1000,42,30400,9600,true,true
"heap","Reverse",1000,43,30368,9600,true,true
"heap","Reverse",1000,44,30368,9600,true,true
"heap","Reverse",1000,45,33856,10700,true,true
"heap","Reverse",1000,46,30272,9600,true,true
"heap","Reverse",1000,47,30368,9600,true,true
"heap","Reverse",1000,48,30368,9600,true,true
"heap","Reverse",1000,49,30304,9500,true,true
"heap","Reverse",1000,50,30528,9600,true,true
"heap","Reverse",1000,51,30304,9600,true,true
"heap","Reverse",1000,52,30400,9500,true,true
"heap","Reverse",1000,53,30176,9500,true,true
"heap","Reverse",1000,54,33792,10700,true,true
"heap","Reverse",1000,55,30208,9500,true,true
"heap","Reverse",1000,56,30464,9700,true,true
"heap","Reverse",1000,57,30304,9600,true,true
"heap","Reverse",1000,58,30432,9600,true,true
"heap","Reverse",1000,59,30272,9600,true,true
"heap","Reverse",1000,60,30272,9600,true,true
"heap","Reverse",1000,61,30272,9600,true,true
"heap","Reverse",1000,62,30464,9600,true,true
"heap","Reverse",1000,63,30464,9600,true,true
"heap","Reverse",1000,64,30176,9500,true,true
"heap","Reverse",1000,65,30464,9600,true,true
"heap","Reverse",1000,66,30368,9600,true,true
"heap","Reverse",1000,67,30304,9600,true,true
"heap","Reverse",1000,68,30208,9500,true,true
"heap","Reverse",1000,69,30336,9600,true,true
"heap","Reverse",1000,70,30240,9500,true,true
"heap","Reverse",1000,71,30176,9500,true,true
"heap","Reverse",1000,72,30336,9600,true,true
"heap","Reverse",1000,73,33248,10500,true,true
"heap","Reverse",1000,74,30368,9600,true,true
"heap","Reverse",1000,75,30240,9600,true,true
"heap","Reverse",1000,76,30400,9600,true,true
"heap","Reverse",1000,77,30336,9600,true,true
"heap","Reverse",1000,78,30592,9700,true,true
"heap","Reverse",1000,79,30112,9500,true,true
"heap","Reverse",1000,80,30240,9500,true,true
"heap","Reverse",1000,81,30400,9500,true,true
"heap","Reverse",1000,82,30304,9500,true,true
"heap","Reverse",1000,83,30176,9500,true,true
"heap","Reverse",1000,84,30272,9600,true,true
"heap","Reverse",1000,85,30368,9600,true,true
"heap","Reverse",1000,86,30304,9600,true,true
"heap","Reverse",1000,87,30176,9600,true,true
"heap","Reverse",1000,88,30432,9600,true,true
"heap","Reverse",1000,89,30176,9500,true,true
"heap","Reverse",1000,90,30400,9600,true,true
"heap","Reverse",1000,91,33632,10600,true,true
"heap","Reverse",1000,92,30240,9600,true,true
"heap","Reverse",1000,93,30240,9500,true,true
"heap","Reverse",1000,94,30368,9600,true,true
"heap","Reverse",1000,95,30336,9600,true,true
"heap","Reverse",1000,96,30240,9600,true,true
"heap","Reverse",1000,97,33216,10500,true,true
"heap","Reverse",1000,98,33088,10500,true,true
"heap","Reverse",1000,99,30368,9600,true,true
"std-sort","Reverse",1000,0,6624,2100,true,true
"std-sort","Reverse",1000,1,6688,2200,true,true
"std-sort","Reverse",1000,2,6592,2100,true,true
"std-sort","Reverse",1000,3,6592,2200,true,true
"std-sort","Reverse",1000,4,6592,2200,true,true
"std-sort","Reverse",1000,5,6592,2100,true,true
"std-sort","Reverse",1000,6,6592,2100,true,true
"std-sort","Reverse",1000,7,6592,2200,true,true
"std-sort","Reverse",1000,8,6592,2200,true,true
"std-sort","Reverse",1000,9,6720,2200,true,true
"std-sort","Reverse",1000,10,6624,2100,true,true
"std-sort","Reverse",1000,11,6688,2100,true,true
"std-sort","Reverse",1000,12,6592,2100,true,true
"std-sort","Reverse",1000,13,6592,2100,true,true
"std-sort","Reverse",1000,14,6624,2100,true,true
"std-sort","Reverse",1000,15,6592,2200,true,true
"std-sort","Reverse",1000,16,6560,2200,true,true
"std-sort","Reverse",1000,17,9728,3200,true,true
"std-sort","Reverse",1000,18,6592,2100,true,true
"std-sort","Reverse",1000,19,6624,2100,true,true
"std-sort","Reverse",1000,20,6592,2200,true,true
"std-sort","Reverse",1000,21,6592,2200,true,true
"std-sort","Reverse",1000,22,6592,2100,true,true
"std-sort","Reverse",1000,23,6656,2100,true,true
"std-sort","Reverse",1000,24,6592,2100,true,true
"std-sort","Reverse",1000,25,6624,2100,true,true
"std-sort","Reverse",1000,26,6720,2100,true,true
"std-sort","Reverse",1000,27,9728,3100,true,true
"std-sort","Reverse",1000,28,6656,2200,true,true
"std-sort","Reverse",1000,29,6624,2100,true,true
"std-sort","Reverse",1000,30,6656,2200,true,true
"std-sort","Reverse",1000,31,6656,2100,true,true
"std-sort","Reverse",1000,32,6656,2200,true,true
"std-sort","Reverse",1000,33,6656,2200,true,true
"std-sort","Reverse",1000,34,6656,2200,true,true
"std-sort","Reverse",1000,35,6656,2200,true,true
"std-sort","Reverse",1000,36,6656,2200,true,true
"std-sort","Reverse",1000,37,6656,2200,true,true
"std-sort","Reverse",1000,38,6624,2200,true,true
"std-sort","Reverse",1000,39,6592,2100,true,true
"std-sort","Reverse",1000,40,9792,3200,true,true
"std-sort","Reverse",1000,41,7072,2300,true,true
"std-sort","Reverse",1000,42,6976,2300,true,true
"std-sort","Reverse",1000,43,7008,2300,true,true
"std-sort","Reverse",1000,44,6944,2300,true,true
"std-sort","Reverse",1000,45,6592,2200,true,true
"std-sort","Reverse",1000,46,6624,2100,true,true
"std-sort","Reverse",1000,47,6656,2100,true,true
"std-sort","Reverse",1000,48,6592,2100,true,true
"std-sort","Reverse",1000,49,6624,2100,true,true
"std-sort","Reverse",1000,50,6624,2100,true,true
"std-sort","Reverse",1000,51,6624,2200,true,true
"std-sort","Reverse",1000,52,6624,2200,true,true
"std-sort","Reverse",1000,53,6592,2200,true,true
"std-sort","Reverse",1000,54,6592,2100,true,true
"std-sort","Reverse",1000,55,7040,2300,true,true
"std-sort","Reverse",1000,56,6976,2300,true,true
"std-sort","Reverse",1000,57,6656,2200,true,true
"std-sort","Reverse",1000,58,7040,2300,true,true
"std-sort","Reverse",1000,59,6976,2300,true,true
"std-sort","Reverse",1000,60,7008,2300,true,true
"std-sort","Reverse",1000,61,7040,2300,true,true
"std-sort","Reverse",1000,62,6944,2300,true,true
"std-sort","Reverse",1000,63,6944,2300,true,true
"std-sort","Reverse",1000,64,6976,2300,true,true
"std-sort","Reverse",1000,65,7040,2300,true,true
"std-sort","Reverse",1000,66,6976,2300,true,true
"std-sort","Reverse",1000,67,6976,2300,true,true
"std-sort","Reverse",1000,68,6976,2300,true,true
"std-sort","Reverse",1000,69,6656,2200,true,true
"std-sort","Reverse",1000,70,6624,2200,true,true
"std-sort","Reverse",1000,71,6624,2200,true,true
"std-sort","Reverse",1000,72,6624,2100,true,true
"std-sort","Reverse",1000,73,6592,2100,true,true
"std-sort","Reverse",1000,74,6592,2100,true,true
"std-sort","Reverse",1000,75,6624,2200,true,true
"std-sort","Reverse",1000,76,6976,2300,true,true
"std-sort","Reverse",1000,77,7072,2300,true,true
"std-sort","Reverse",1000,78,7008,2300,true,true
"std-sort","Reverse",1000,79,6944,2200,true,true
"std-sort","Reverse",1000,80,6976,2200,true,true
"std-sort","Reverse",1000,81,7072,2200,true,true
"std-sort","Reverse",1000,82,9792,3100,true,true
"std-sort","Reverse",1000,83,7008,2300,true,true
"std-sort","Reverse",1000,84,7040,2300,true,true
"std-sort","Reverse",1000,85,6976,2300,true,true
"std-sort","Reverse",1000,86,37504,11900,true,true
"std-sort","Reverse",1000,87,6656,2100,true,true
"std-sort","Reverse",1000,88,6592,2100,true,true
"std-sort","Reverse",1000,89,6592,2100,true,true
"std-sort","Reverse",1000,90,10144,3300,true,true
"std-sort","Reverse",1000,91,6624,2100,true,true
"std-sort","Reverse",1000,92,6624,2100,true,true
"std-sort","Reverse",1000,93,6592,2100,true,true
"std-sort","Reverse",1000,94,6560,2100,true,true
"std-sort","Reverse",1000,95,6592,2200,true,true
"std-sort","Reverse",1000,96,6560,2100,true,true
"std-sort","Reverse",1000,97,6592,2100,true,true
"std-sort","Reverse",1000,98,6560,2200,true,true
"std-sort","Reverse",1000,99,6560,2300,true,true
"std-stable-sort","Reverse",1000,0,17280,5500,true,true
"std-stable-sort","Reverse",1000,1,17568,5600,true,true
"std-stable-sort","Reverse",1000,2,17472,5600,true,true
"std-stable-sort","Reverse",1000,3,17344,5700,true,true
"std-stable-sort","Reverse",1000,4,17344,5500,true,true
"std-stable-sort","Reverse",1000,5,17536,5600,true,true
"std-stable-sort","Reverse",1000,6,17376,5500,true,true
"std-stable-sort","Reverse",1000,7,17568,5500,true,true
"std-stable-sort","Reverse",1000,8,17312,5500,true,true
"std-stable-sort","Reverse",1000,9,17312,5500,true,true
"std-stable-sort","Reverse",1000,10,29344,9200,true,true
"std-stable-sort","Reverse",1000,11,17792,5700,true,true
"std-stable-sort","Reverse",1000,12,20960,6600,true,true
"std-stable-sort","Reverse",1000,13,17952,5700,true,true
"std-stable-sort","Reverse",1000,14,17920,5700,true,true
"std-stable-sort","Reverse",1000,15,17568,5600,true,true
"std-stable-sort","Reverse",1000,16,17664,5600,true,true
"std-stable-sort","Reverse",1000,17,17536,5500,true,true
"std-stable-sort","Reverse",1000,18,21120,6700,true,true
"std-stable-sort","Reverse",1000,19,17728,5700,true,true
"std-stable-sort","Reverse",1000,20,17632,5600,true,true
"std-stable-sort","Reverse",1000,21,17984,5700,true,true
"std-stable-sort","Reverse",1000,22,17664,5700,true,true
"std-stable-sort","Reverse",1000,23,17760,5700,true,true
"std-stable-sort","Reverse",1000,24,17760,5700,true,true
"std-stable-sort","Reverse",1000,25,17472,5500,true,true
"std-stable-sort","Reverse",1000,26,17696,5700,true,true
"std-stable-sort","Reverse",1000,27,17600,5700,true,true
"std-stable-sort","Reverse",1000,28,17536,5600,true,true
"std-stable-sort","Reverse",1000,29,17728,5600,true,true
"std-stable-sort","Reverse",1000,30,17664,5600,true,true
"std-stable-sort","Reverse",1000,31,17504,5600,true,true
"std-stable-sort","Reverse",1000,32,17536,5600,true,true
"std-stable-sort","Reverse",1000,33,17792,5600,true,true
"std-stable-sort","Reverse",1000,34,17632,5600,true,true
"std-stable-sort","Reverse",1000,35,17600,5600,true,true
"std-stable-sort","Reverse",1000,36,17728,5700,true,true
"std-stable-sort","Reverse",1000,37,17792,5700,true,true
"std-stable-sort","Reverse",1000,38,17696,5600,true,true
"std-stable-sort","Reverse",1000,39,17600,5500,true,true
"std-stable-sort","Reverse",1000,40,17632,5600,true,true
"std-stable-sort","Reverse",1000,41,17856,5700,true,true
"std-stable-sort","Reverse",1000,42,17696,5600,true,true
"std-stable-sort","Reverse",1000,43,17664,5600,true,true
"std-stable-sort","Reverse",1000,44,17856,5700,true,true
"std-stable-sort","Reverse",1000,45,17536,5700,true,true
"std-stable-sort","Reverse",1000,46,17696,5600,true,true
"std-stable-sort","Reverse",1000,47,17824,5700,true,true
"std-stable-sort","Reverse",1000,48,17600,5700,true,true
"std-stable-sort","Reverse",1000,49,17536,5500,true,true
"std-stable-sort","Reverse",1000,50,17888,5600,true,true
"std-stable-sort","Reverse",1000,51,17664,5600,true,true
"std-stable-sort","Reverse",1000,52,17664,5600,true,true
"std-stable-sort","Reverse",1000,53,18016,5700,true,true
"std-stable-sort","Reverse",1000,54,17664,5700,true,true
"std-stable-sort","Reverse",1000,55,17664,5600,true,true
"std-stable-sort","Reverse",1000,56,17632,5600,true,true
"std-stable-sort","Reverse",1000,57,17856,5600,true,true
"std-stable-sort","Reverse",1000,58,17728,5600,true,true
"std-stable-sort","Reverse",1000,59,17568,5600,true,true
"std-stable-sort","Reverse",1000,60,17568,5500,true,true
"std-stable-sort","Reverse",1000,61,17760,5600,true,true
"std-stable-sort","Reverse",1000,62,17536,5500,true,true
"std-stable-sort","Reverse",1000,63,17536,5700,true,true
"std-stable-sort","Reverse",1000,64,17792,5800,true,true
"std-stable-sort","Reverse",1000,65,17440,5500,true,true
"std-stable-sort","Reverse",1000,66,17792,5600,true,true
"std-stable-sort","Reverse",1000,67,17920,5600,true,true
"std-stable-sort","Reverse",1000,68,17536,5600,true,true
"std-stable-sort","Reverse",1000,69,17728,5600,true,true
"std-stable-sort","Reverse",1000,70,17632,5600,true,true
"std-stable-sort","Reverse",1000,71,17760,5700,true,true
"std-stable-sort","Reverse",1000,72,17664,5600,true,true
"std-stable-sort","Reverse",1000,73,17888,5700,true,true
"std-stable-sort","Reverse",1000,74,17728,5600,true,true
"std-stable-sort","Reverse",1000,75,17696,5600,true,true
"std-stable-sort","Reverse",1000,76,17664,5600,true,true
"std-stable-sort","Reverse",1000,77,17824,5700,true,true
"std-stable-sort","Reverse",1000,78,17696,5600,true,true
"std-stable-sort","Reverse",1000,79,17728,5600,true,true
"std-stable-sort","Reverse",1000,80,17632,5600,true,true
"std-stable-sort","Reverse",1000,81,22016,7000,true,true
"std-stable-sort","Reverse",1000,82,18112,5800,true,true
"std-stable-sort","Reverse",1000,83,18176,5800,true,true
"std-stable-sort","Reverse",1000,84,18016,5700,true,true
"std-stable-sort","Reverse",1000,85,18176,5700,true,true
"std-stable-sort","Reverse",1000,86,18112,5700,true,true
"std-stable-sort","Reverse",1000,87,18176,5800,true,true
"std-stable-sort","Reverse",1000,88,18112,5700,true,true
"std-stable-sort","Reverse",1000,89,18496,5900,true,true
"std-stable-sort","Reverse",1000,90,18016,5800,true,true
"std-stable-sort","Reverse",1000,91,18208,5800,true,true
"std-stable-sort","Reverse",1000,92,18208,5800,true,true
"std-stable-sort","Reverse",1000,93,18496,5800,true,true
"std-stable-sort","Reverse",1000,94,18080,5700,true,true
"std-stable-sort","Reverse",1000,95,18336,5900,true,true
"std-stable-sort","Reverse",1000,96,18240,5800,true,true
"std-stable-sort","Reverse",1000,97,18272,5800,true,true
"std-stable-sort","Reverse",1000,98,18016,5800,true,true
"std-stable-sort","Reverse",1000,99,18208,5800,true,true
"bubble","Reverse",5000,0,17508096,5482200,true,true
"bubble","Reverse",5000,1,17505792,5481500,true,true
"bubble","Reverse",5000,2,18327968,5739200,true,true
"bubble","Reverse",5000,3,17473152,5471300,true,true
"bubble","Reverse",5000,4,17538048,5491900,true,true
"bubble","Reverse",5000,5,17555392,5497100,true,true
"bubble","Reverse",5000,6,17283840,5412100,true,true
"bubble","Reverse",5000,7,17337440,5428700,true,true
"bubble","Reverse",5000,8,17447808,5463300,true,true
"bubble","Reverse",5000,9,21936064,6868800,true,true
"bubble","Reverse",5000,10,17671488,5533300,true,true
"bubble","Reverse",5000,11,18001856,5637300,true,true
"bubble","Reverse",5000,12,17770656,5565200,true,true
"bubble","Reverse",5000,13,17710368,5545700,true,true
"bubble","Reverse",5000,14,17928288,5614000,true,true
"bubble","Reverse",5000,15,17705344,5543900,true,true
"bubble","Reverse",5000,16,17684576,5537400,true,true
"bubble","Reverse",5000,17,17811680,5577500,true,true
"bubble","Reverse",5000,18,17587936,5507200,true,true
"bubble","Reverse",5000,19,17623840,5518300,true,true
"bubble","Reverse",5000,20,17752832,5558900,true,true
"bubble","Reverse",5000,21,17474560,5471800,true,true
"bubble","Reverse",5000,22,17480352,5473600,true,true
"bubble","Reverse",5000,23,17416192,5453500,true,true
"bubble","Reverse",5000,24,17366496,5437800,true,true
"bubble","Reverse",5000,25,17363808,5437000,true,true
"bubble","Reverse",5000,26,18481024,5787400,true,true
"bubble","Reverse",5000,27,17351328,5433100,true,true
"bubble","Reverse",5000,28,17309024,5419800,true,true
"bubble","Reverse",5000,29,17168768,5375900,true,true
"bubble","Reverse",5000,30,17187552,5381700,true,true
"bubble","Reverse",5000,31,17254112,5402600,true,true
"bubble","Reverse",5000,32,17203456,5386600,true,true
"bubble","Reverse",5000,33,17236000,5396800,true,true
"bubble","Reverse",5000,34,17322016,5423800,true,true
"bubble","Reverse",5000,35,17226400,5393900,true,true
"bubble","Reverse",5000,36,17199296,5385400,true,true
"bubble","Reverse",5000,37,17269664,5407600,true,true
"bubble","Reverse",5000,38,17192224,5383100,true,true
"bubble","Reverse",5000,39,17164768,5374600,true,true
"bubble","Reverse",5000,40,21635168,6774300,true,true
"bubble","Reverse",5000,41,17651424,5527000,true,true
"bubble","Reverse",5000,42,17540128,5492100,true,true
"bubble","Reverse",5000,43,17554496,5496500,true,true
"bubble","Reverse",5000,44,17536928,5491100,true,true
"bubble","Reverse",5000,45,17556384,5497100,true,true
"bubble","Reverse",5000,46,19203232,6013300,true,true
"bubble","Reverse",5000,47,17552480,5495900,true,true
"bubble","Reverse",5000,48,17558112,5497700,true,true
"bubble","Reverse",5000,49,17600192,5510900,true,true
"bubble","Reverse",5000,50,17465376,5468600,true,true
"bubble","Reverse",5000,51,17445728,5462500,true,true
"bubble","Reverse",5000,52,17480576,5473500,true,true
"bubble","Reverse",5000,53,17399168,5448100,true,true
"bubble","Reverse",5000,54,18289248,5728300,true,true
"bubble","Reverse",5000,55,17383968,5443100,true,true
"bubble","Reverse",5000,56,17307264,5419400,true,true
"bubble","Reverse",5000,57,17324288,5424700,true,true
"bubble","Reverse",5000,58,17231712,5395700,true,true
"bubble","Reverse",5000,59,17314112,5421500,true,true
"bubble","Reverse",5000,60,17199712,5385500,true,true
"bubble","Reverse",5000,61,17158464,5372700,true,true
"bubble","Reverse",5000,62,17236096,5396900,true,true
"bubble","Reverse",5000,63,17186912,5381900,true,true
"bubble","Reverse",5000,64,17183488,5380700,true,true
"bubble","Reverse",5000,65,17189216,5382300,true,true
"bubble","Reverse",5000,66,17197664,5384900,true,true
"bubble","Reverse",5000,67,17199264,5385600,true,true
"bubble","Reverse",5000,68,17208672,5388200,true,true
"bubble","Reverse",5000,69,17222368,5392600,true,true
"bubble","Reverse",5000,70,17260352,5404600,true,true
"bubble","Reverse",5000,71,17254368,5402700,true,true
"bubble","Reverse",5000,72,17281280,5411100,true,true
"bubble","Reverse",5000,73,17307456,5419200,true,true
"bubble","Reverse",5000,74,17340320,5429800,true,true
"bubble","Reverse",5000,75,17301344,5417300,true,true
"bubble","Reverse",5000,76,17231616,5395700,true,true
"bubble","Reverse",5000,77,17273344,5408800,true,true
"bubble","Reverse",5000,78,17295808,5415600,true,true
"bubble","Reverse",5000,79,17278880,5410500,true,true
"bubble","Reverse",5000,80,17428800,5457400,true,true
"bubble","Reverse",5000,81,17325472,5425000,true,true
"bubble","Reverse",5000,82,17352416,5433300,true,true
"bubble","Reverse",5000,83,17340576,5429600,true,true
"bubble","Reverse",5000,84,17283232,5411600,true,true
"bubble","Reverse",5000,85,17365088,5437600,true,true
"bubble","Reverse",5000,86,17266656,5406700,true,true
"bubble","Reverse",5000,87,17378336,5441600,true,true
"bubble","Reverse",5000,88,17288000,5413200,true,true
"bubble","Reverse",5000,89,17376128,5440800,true,true
"bubble","Reverse",5000,90,17283424,5411700,true,true
"bubble","Reverse",5000,91,17309280,5420000,true,true
"bubble","Reverse",5000,92,17341184,5429700,true,true
"bubble","Reverse",5000,93,17261632,5404800,true,true
"bubble","Reverse",5000,94,17379520,5441900,true,true
"bubble","Reverse",5000,95,17286656,5413300,true,true
"bubble","Reverse",5000,96,17326496,5425200,true,true
"bubble","Reverse",5000,97,17263744,5405600,true,true
"bubble","Reverse",5000,98,17307552,5419200,true,true
"bubble","Reverse",5000,99,17288256,5413200,true,true
"insertion","Reverse",5000,0,12006944,3759600,true,true
"insertion","Reverse",5000,1,12493808,3912900,true,true
"insertion","Reverse",5000,2,12006752,3759500,true,true
"insertion","Reverse",5000,3,12010720,3760700,true,true
"insertion","Reverse",5000,4,11988224,3753900,true,true
"insertion","Reverse",5000,5,12248480,3835300,true,true
"insertion","Reverse",5000,6,12040128,3769900,true,true
"insertion","Reverse",5000,7,12013792,3761900,true,true
"insertion","Reverse",5000,8,11996704,3756500,true,true
"insertion","Reverse",5000,9,11979488,3751200,true,true
"insertion","Reverse",5000,10,12083648,3783700,true,true
"insertion","Reverse",5000,11,12006848,3759500,true,true
"insertion","Reverse",5000,12,12002400,3758100,true,true
"insertion","Reverse",5000,13,11975744,3749900,true,true
"insertion","Reverse",5000,14,12367104,3872600,true,true
"insertion","Reverse",5000,15,12019520,3763600,true,true
"insertion","Reverse",5000,16,12008480,3760300,true,true
"insertion","Reverse",5000,17,12003840,3758500,true,true
"insertion","Reverse",5000,18,11981504,3751800,true,true
"insertion","Reverse",5000,19,12240064,3832800,true,true
"insertion","Reverse",5000,20,12009120,3760400,true,true
"insertion","Reverse",5000,21,12006688,3759600,true,true
"insertion","Reverse",5000,22,11988800,3754000,true,true
"insertion","Reverse",5000,23,12424704,3890900,true,true
"insertion","Reverse",5000,24,12023040,3764700,true,true
"insertion","Reverse",5000,25,12013056,3761600,true,true
"insertion","Reverse",5000,26,12004000,3758800,true,true
"insertion","Reverse",5000,27,12215296,3825000,true,true
"insertion","Reverse",5000,28,12764096,3998300,true,true
"insertion","Reverse",5000,29,12015040,3762300,true,true
"insertion","Reverse",5000,30,11998208,3757200,true,true
"insertion","Reverse",5000,31,12012288,3761300,true,true
"insertion","Reverse",5000,32,12172192,3811400,true,true
"insertion","Reverse",5000,33,11984448,3752700,true,true
"insertion","Reverse",5000,34,12006656,3759500,true,true
"insertion","Reverse",5000,35,12003104,3758300,true,true
"insertion","Reverse",5000,36,12102784,3789600,true,true
"insertion","Reverse",5000,37,11978176,3750800,true,true
"insertion","Reverse",5000,38,11992224,3755000,true,true
"insertion","Reverse",5000,39,12002336,3758300,true,true
"insertion","Reverse",5000,40,11998560,3756900,true,true
"insertion","Reverse",5000,41,12302784,3852300,true,true
"insertion","Reverse",5000,42,11978528,3750700,true,true
"insertion","Reverse",5000,43,12068768,3778900,true,true
"insertion","Reverse",5000,44,11997184,3756500,true,true
"insertion","Reverse",5000,45,12068576,3779000,true,true
"insertion","Reverse",5000,46,12447296,3898800,true,true
"insertion","Reverse",5000,47,11974688,3749600,true,true
"insertion","Reverse",5000,48,11995648,3756100,true,true
"insertion","Reverse",5000,49,12013440,3761600,true,true
"insertion","Reverse",5000,50,12213120,3824300,true,true
"insertion","Reverse",5000,51,11985152,3752700,true,true
"insertion","Reverse",5000,52,11993984,3755500,true,true
"insertion","Reverse",5000,53,11999680,3757300,true,true
"insertion","Reverse",5000,54,12176384,3812600,true,true
"insertion","Reverse",5000,55,11954592,3743400,true,true
"insertion","Reverse",5000,56,11998208,3756800,true,true
"insertion","Reverse",5000,57,12003552,3758600,true,true
"insertion","Reverse",5000,58,13703267,4292400,true,true
"insertion","Reverse",5000,59,12178912,3813400,true,true
"insertion","Reverse",5000,60,12214688,3824700,true,true
"insertion","Reverse",5000,61,12083168,3783500,true,true
"insertion","Reverse",5000,62,12249344,3835500,true,true
"insertion","Reverse",5000,63,12152352,3805100,true,true
"insertion","Reverse",5000,64,12150048,3804400,true,true
"insertion","Reverse",5000,65,12146240,3803200,true,true
"insertion","Reverse",5000,66,12144512,3802700,true,true
"insertion","Reverse",5000,67,12602848,3946400,true,true
"insertion","Reverse",5000,68,12004448,3759000,true,true
"insertion","Reverse",5000,69,12104960,3790300,true,true
"insertion","Reverse",5000,70,12147168,3803500,true,true
"insertion","Reverse",5000,71,12433664,3893500,true,true
"insertion","Reverse",5000,72,17122784,5361800,true,true
"insertion","Reverse",5000,73,11911776,3729800,true,true
"insertion","Reverse",5000,74,11930528,3735700,true,true
"insertion","Reverse",5000,75,12352128,3867700,true,true
"insertion","Reverse",5000,76,12161632,3808200,true,true
"insertion","Reverse",5000,77,12146720,3803400,true,true
"insertion","Reverse",5000,78,12185824,3815600,true,true
"insertion","Reverse",5000,79,12471360,3905000,true,true
"insertion","Reverse",5000,80,12329600,3860700,true,true
"insertion","Reverse",5000,81,12190176,3817000,true,true
"insertion","Reverse",5000,82,12141216,3801600,true,true
"insertion","Reverse",5000,83,12164064,3809000,true,true
"insertion","Reverse",5000,84,12359104,3870100,true,true
"insertion","Reverse",5000,85,12133280,3799100,true,true
"insertion","Reverse",5000,86,12198752,3819600,true,true
"insertion","Reverse",5000,87,12069152,3779000,true,true
"insertion","Reverse",5000,88,12622464,3952400,true,true
"insertion","Reverse",5000,89,11874016,3718100,true,true
"insertion","Reverse",5000,90,11846336,3709400,true,true
"insertion","Reverse",5000,91,11806112,3696700,true,true
"insertion","Reverse",5000,92,11914272,3730500,true,true
"insertion","Reverse",5000,93,12244320,3834100,true,true
"insertion","Reverse",5000,94,11945856,3740500,true,true
"insertion","Reverse",5000,95,12048576,3772700,true,true
"insertion","Reverse",5000,96,11958400,3744400,true,true
"insertion","Reverse",5000,97,12127488,3797400,true,true
"insertion","Reverse",5000,98,12015424,3762200,true,true
"insertion","Reverse",5000,99,12617216,3950700,true,true
"selection","Reverse",5000,0,12518912,3921000,true,true
"selection","Reverse",5000,1,16770912,5251500,true,true
"selection","Reverse",5000,2,11638880,3644500,true,true
"selection","Reverse",5000,3,12252032,3836400,true,true
"selection","Reverse",5000,4,13137600,4115000,true,true
"selection","Reverse",5000,5,12339168,3863700,true,true
"selection","Reverse",5000,6,11513792,3605300,true,true
"selection","Reverse",5000,7,12135296,3799800,true,true
"selection","Reverse",5000,8,12696172,3976600,true,true
"selection","Reverse",5000,9,11843777,3708900,true,true
"selection","Reverse",5000,10,11466432,3590500,true,true
"selection","Reverse",5000,11,11392384,3567200,true,true
"selection","Reverse",5000,12,11438144,3581700,true,true
"selection","Reverse",5000,13,11616992,3637800,true,true
"selection","Reverse",5000,14,11517056,3606100,true,true
"selection","Reverse",5000,15,11543680,3614600,true,true
"selection","Reverse",5000,16,11460608,3588600,true,true
"selection","Reverse",5000,17,12916544,4045400,true,true
"selection","Reverse",5000,18,13374560,4188700,true,true
"selection","Reverse",5000,19,11519104,3606900,true,true
"selection","Reverse",5000,20,11489888,3597700,true,true
"selection","Reverse",5000,21,11477056,3593900,true,true
"selection","Reverse",5000,22,11803840,3696100,true,true
"selection","Reverse",5000,23,11611296,3635700,true,true
"selection","Reverse",5000,24,11502912,3601800,true,true
"selection","Reverse",5000,25,11563168,3620600,true,true
"selection","Reverse",5000,26,12162176,3809500,true,true
"selection","Reverse",5000,27,11566848,3621900,true,true
"selection","Reverse",5000,28,11584288,3627300,true,true
"selection","Reverse",5000,29,11589248,3628900,true,true
"selection","Reverse",5000,30,11518144,3606600,true,true
"selection","Reverse",5000,31,11873984,3718000,true,true
"selection","Reverse",5000,32,11598720,3631800,true,true
"selection","Reverse",5000,33,11524384,3608600,true,true
"selection","Reverse",5000,34,11534080,3611500,true,true
"selection","Reverse",5000,35,13225088,4141900,true,true
"selection","Reverse",5000,36,11930752,3735800,true,true
"selection","Reverse",5000,37,11537952,3612800,true,true
"selection","Reverse",5000,38,11540224,3613500,true,true
"selection","Reverse",5000,39,11566016,3621600,true,true
"selection","Reverse",5000,40,12276480,3845400,true,true
"selection","Reverse",5000,41,11635424,3643300,true,true
"selection","Reverse",5000,42,11549472,3616300,true,true
"selection","Reverse",5000,43,11632416,3642500,true,true
"selection","Reverse",5000,44,11801184,3695200,true,true
"selection","Reverse",5000,45,11573088,3623700,true,true
"selection","Reverse",5000,46,11508640,3603500,true,true
"selection","Reverse",5000,47,11687904,3659800,true,true
"selection","Reverse",5000,48,11559904,3619500,true,true
"selection","Reverse",5000,49,11639328,3644500,true,true
"selection","Reverse",5000,50,11510336,3604100,true,true
"selection","Reverse",5000,51,11590816,3630200,true,true
"selection","Reverse",5000,52,11456416,3587200,true,true
"selection","Reverse",5000,53,11437504,3581300,true,true
"selection","Reverse",5000,54,11395040,3568300,true,true
"selection","Reverse",5000,55,11488384,3597200,true,true
"selection","Reverse",5000,56,11402432,3570300,true,true
"selection","Reverse",5000,57,11388000,3565900,true,true
"selection","Reverse",5000,58,11334112,3548900,true,true
"selection","Reverse",5000,59,11379456,3563100,true,true
"selection","Reverse",5000,60,11374720,3561800,true,true
"selection","Reverse",5000,61,11309248,3541100,true,true
"selection","Reverse",5000,62,11345376,3552400,true,true
"selection","Reverse",5000,63,11273024,3529800,true,true
"selection","Reverse",5000,64,11409792,3572600,true,true
"selection","Reverse",5000,65,11251392,3523000,true,true
"selection","Reverse",5000,66,11283200,3532900,true,true
"selection","Reverse",5000,67,11189632,3503600,true,true
"selection","Reverse",5000,68,11292576,3536000,true,true
"selection","Reverse",5000,69,11261600,3526200,true,true
"selection","Reverse",5000,70,11254144,3523900,true,true
"selection","Reverse",5000,71,11249312,3522300,true,true
"selection","Reverse",5000,72,11444704,3583500,true,true
"selection","Reverse",5000,73,11221312,3513500,true,true
"selection","Reverse",5000,74,11117984,3481200,true,true
"selection","Reverse",5000,75,11198560,3506700,true,true
"selection","Reverse",5000,76,11132832,3485900,true,true
"selection","Reverse",5000,77,11556032,3618800,true,true
"selection","Reverse",5000,78,11157024,3493500,true,true
"selection","Reverse",5000,79,11168032,3496900,true,true
"selection","Reverse",5000,80,11115808,3480500,true,true
"selection","Reverse",5000,81,11320064,3544600,true,true
"selection","Reverse",5000,82,11183424,3501900,true,true
"selection","Reverse",5000,83,11176896,3499700,true,true
"selection","Reverse",5000,84,11201568,3507500,true,true
"selection","Reverse",5000,85,11222240,3513900,true,true
"selection","Reverse",5000,86,11244736,3520900,true,true
"selection","Reverse",5000,87,11215392,3511700,true,true
"selection","Reverse",5000,88,11181312,3501000,true,true
"selection","Reverse",5000,89,11203040,3507800,true,true
"selection","Reverse",5000,90,11131520,3485900,true,true
"selection","Reverse",5000,91,11206560,3509000,true,true
"selection","Reverse",5000,92,11186944,3502800,true,true
"selection","Reverse",5000,93,11198208,3506300,true,true
"selection","Reverse",5000,94,11181568,3501100,true,true
"selection","Reverse",5000,95,11162304,3495100,true,true
"selection","Reverse",5000,96,11321600,3545000,true,true
"selection","Reverse",5000,97,11143136,3489100,true,true
"selection","Reverse",5000,98,11224672,3514700,true,true
"selection","Reverse",5000,99,11221760,3513700,true,true
"merge","Reverse",5000,0,137824,43200,true,true
"merge","Reverse",5000,1,138208,43400,true,true
"merge","Reverse",5000,2,137952,43300,true,true
"merge","Reverse",5000,3,137824,43200,true,true
"merge","Reverse",5000,4,137760,43300,true,true
"merge","Reverse",5000,5,138048,43300,true,true
"merge","Reverse",5000,6,137984,43300,true,true
"merge","Reverse",5000,7,137952,43300,true,true
"merge","Reverse",5000,8,137760,43200,true,true
"merge","Reverse",5000,9,150752,47300,true,true
"merge","Reverse",5000,10,137152,43000,true,true
"merge","Reverse",5000,11,137344,43100,true,true
"merge","Reverse",5000,12,168896,53000,true,true
"merge","Reverse",5000,13,136992,43000,true,true
"merge","Reverse",5000,14,137120,43000,true,true
"merge","Reverse",5000,15,136640,42900,true,true
"merge","Reverse",5000,16,136736,42900,true,true
"merge","Reverse",5000,17,137120,43000,true,true
"merge","Reverse",5000,18,136640,42900,true,true
"merge","Reverse",5000,19,136960,43000,true,true
"merge","Reverse",5000,20,136640,42800,true,true
"merge","Reverse",5000,21,137056,43000,true,true
"merge","Reverse",5000,22,137024,43000,true,true
"merge","Reverse",5000,23,136960,43000,true,true
"merge","Reverse",5000,24,136736,42900,true,true
"merge","Reverse",5000,25,136864,42900,true,true
"merge","Reverse",5000,26,136832,42900,true,true
"merge","Reverse",5000,27,136736,42900,true,true
"merge","Reverse",5000,28,136736,42900,true,true
"merge","Reverse",5000,29,137056,43000,true,true
"merge","Reverse",5000,30,136416,42700,true,true
"merge","Reverse",5000,31,195552,61600,true,true
"merge","Reverse",5000,32,137632,43200,true,true
"merge","Reverse",5000,33,137312,43100,true,true
"merge","Reverse",5000,34,180608,56700,true,true
"merge","Reverse",5000,35,138176,43300,true,true
"merge","Reverse",5000,36,137952,43300,true,true
"merge","Reverse",5000,37,138176,43300,true,true
"merge","Reverse",5000,38,138272,43300,true,true
"merge","Reverse",5000,39,137856,43200,true,true
"merge","Reverse",5000,40,138368,43400,true,true
"merge","Reverse",5000,41,138560,43400,true,true
"merge","Reverse",5000,42,137920,43200,true,true
"merge","Reverse",5000,43,137888,43200,true,true
"merge","Reverse",5000,44,138176,43400,true,true
"merge","Reverse",5000,45,138048,43300,true,true
"merge","Reverse",5000,46,138112,43300,true,true
"merge","Reverse",5000,47,138208,43300,true,true
"merge","Reverse",5000,48,137632,43200,true,true
"merge","Reverse",5000,49,137760,43200,true,true
"merge","Reverse",5000,50,137504,43100,true,true
"merge","Reverse",5000,51,137952,43300,true,true
"merge","Reverse",5000,52,137760,43200,true,true
"merge","Reverse",5000,53,138048,43300,true,true
"merge","Reverse",5000,54,138144,43300,true,true
"merge","Reverse",5000,55,168672,52900,true,true
"merge","Reverse",5000,56,138112,43400,true,true
"merge","Reverse",5000,57,137952,43300,true,true
"merge","Reverse",5000,58,138368,43400,true,true
"merge","Reverse",5000,59,138176,43400,true,true
"merge","Reverse",5000,60,152832,47900,true,true
"merge","Reverse",5000,61,140832,44200,true,true
"merge","Reverse",5000,62,140896,44200,true,true
"merge","Reverse",5000,63,141024,44300,true,true
"merge","Reverse",5000,64,141184,44300,true,true
"merge","Reverse",5000,65,141088,44200,true,true
"merge","Reverse",5000,66,141280,44300,true,true
"merge","Reverse",5000,67,140992,44200,true,true
"merge","Reverse",5000,68,141024,44200,true,true
"merge","Reverse",5000,69,141152,44300,true,true
"merge","Reverse",5000,70,141248,44300,true,true
"merge","Reverse",5000,71,141024,44200,true,true
"merge","Reverse",5000,72,141152,44300,true,true
"merge","Reverse",5000,73,141024,44300,true,true
"merge","Reverse",5000,74,152800,47900,true,true
"merge","Reverse",5000,75,140480,44200,true,true
"merge","Reverse",5000,76,140352,44000,true,true
"merge","Reverse",5000,77,170720,53600,true,true
"merge","Reverse",5000,78,141056,44400,true,true
"merge","Reverse",5000,79,140960,44200,true,true
"merge","Reverse",5000,80,141376,44400,true,true
"merge","Reverse",5000,81,141248,44300,true,true
"merge","Reverse",5000,82,141152,44200,true,true
"merge","Reverse",5000,83,141056,44300,true,true
"merge","Reverse",5000,84,141216,44300,true,true
"merge","Reverse",5000,85,140896,44200,true,true
"merge","Reverse",5000,86,140992,44300,true,true
"merge","Reverse",5000,87,141472,44400,true,true
"merge","Reverse",5000,88,140896,44200,true,true
"merge","Reverse",5000,89,140864,44200,true,true
"merge","Reverse",5000,90,141248,59300,true,true
"merge","Reverse",5000,91,140928,44200,true,true
"merge","Reverse",5000,92,141152,44300,true,true
"merge","Reverse",5000,93,141184,44300,true,true
"merge","Reverse",5000,94,140864,44200,true,true
"merge","Reverse",5000,95,141184,44300,true,true
"merge","Reverse",5000,96,140864,44100,true,true
"merge","Reverse",5000,97,140896,44200,true,true
"merge","Reverse",5000,98,168128,52700,true,true
"merge","Reverse",5000,99,140544,44100,true,true
"quicksort","Reverse",5000,0,79264,24900,true,true
"quicksort","Reverse",5000,1,79232,24900,true,true
"quicksort","Reverse",5000,2,79296,25000,true,true
"quicksort","Reverse",5000,3,79392,24900,true,true
"quicksort","Reverse",5000,4,79296,24900,true,true
"quicksort","Reverse",5000,5,79264,24800,true,true
"quicksort","Reverse",5000,6,79136,24900,true,true
"quicksort","Reverse",5000,7,79296,24900,true,true
"quicksort","Reverse",5000,8,79104,24900,true,true
"quicksort","Reverse",5000,9,79456,24900,true,true
"quicksort","Reverse",5000,10,79360,24900,true,true
"quicksort","Reverse",5000,11,79360,24900,true,true
"quicksort","Reverse",5000,12,79232,24900,true,true
"quicksort","Reverse",5000,13,111136,34800,true,true
"quicksort","Reverse",5000,14,78176,24500,true,true
"quicksort","Reverse",5000,15,78048,24500,true,true
"quicksort","Reverse",5000,16,78048,24500,true,true
"quicksort","Reverse",5000,17,78336,24600,true,true
"quicksort","Reverse",5000,18,78112,24500,true,true
"quicksort","Reverse",5000,19,78080,24500,true,true
"quicksort","Reverse",5000,20,78080,24500,true,true
"quicksort","Reverse",5000,21,78368,24600,true,true
"quicksort","Reverse",5000,22,78368,24700,true,true
"quicksort","Reverse",5000,23,78304,24600,true,true
"quicksort","Reverse",5000,24,78208,24600,true,true
"quicksort","Reverse",5000,25,78304,24600,true,true
"quicksort","Reverse",5000,26,78368,24600,true,true
"quicksort","Reverse",5000,27,78368,24600,true,true
"quicksort","Reverse",5000,28,78464,24600,true,true
"quicksort","Reverse",5000,29,78368,24600,true,true
"quicksort","Reverse",5000,30,78272,24600,true,true
"quicksort","Reverse",5000,31,78400,24600,true,true
"quicksort","Reverse",5000,32,78304,24600,true,true
"quicksort","Reverse",5000,33,78624,24700,true,true
"quicksort","Reverse",5000,34,78432,24600,true,true
"quicksort","Reverse",5000,35,78560,24700,true,true
"quicksort","Reverse",5000,36,78560,24600,true,true
"quicksort","Reverse",5000,37,78528,24700,true,true
"quicksort","Reverse",5000,38,78464,24700,true,true
"quicksort","Reverse",5000,39,78464,24700,true,true
"quicksort","Reverse",5000,40,78432,24700,true,true
"quicksort","Reverse",5000,41,78464,24600,true,true
"quicksort","Reverse",5000,42,78432,24600,true,true
"quicksort","Reverse",5000,43,90976,28500,true,true
"quicksort","Reverse",5000,44,77600,24300,true,true
"quicksort","Reverse",5000,45,77760,24400,true,true
"quicksort","Reverse",5000,46,77536,24400,true,true
"quicksort","Reverse",5000,47,77600,24400,true,true
"quicksort","Reverse",5000,48,77728,24400,true,true
"quicksort","Reverse",5000,49,102944,32300,true,true
"quicksort","Reverse",5000,50,77248,24300,true,true
"quicksort","Reverse",5000,51,77920,24500,true,true
"quicksort","Reverse",5000,52,77856,24500,true,true
"quicksort","Reverse",5000,53,78016,24500,true,true
"quicksort","Reverse",5000,54,78112,24600,true,true
"quicksort","Reverse",5000,55,78016,24500,true,true
"quicksort","Reverse",5000,56,77952,24500,true,true
"quicksort","Reverse",5000,57,78048,24500,true,true
"quicksort","Reverse",5000,58,77984,24500,true,true
"quicksort","Reverse",5000,59,78080,24500,true,true
"quicksort","Reverse",5000,60,77952,24500,true,true
"quicksort","Reverse",5000,61,78016,24500,true,true
"quicksort","Reverse",5000,62,78048,24500,true,true
"quicksort","Reverse",5000,63,78080,24600,true,true
"quicksort","Reverse",5000,64,77952,24500,true,true
"quicksort","Reverse",5000,65,78272,24600,true,true
"quicksort","Reverse",5000,66,78016,24500,true,true
"quicksort","Reverse",5000,67,78080,24500,true,true
"quicksort","Reverse",5000,68,78048,24500,true,true
"quicksort","Reverse",5000,69,78080,24500,true,true
"quicksort","Reverse",5000,70,77984,24500,true,true
"quicksort","Reverse",5000,71,86144,27000,true,true
"quicksort","Reverse",5000,72,77152,24200,true,true
"quicksort","Reverse",5000,73,77408,24300,true,true
"quicksort","Reverse",5000,74,77152,24200,true,true
"quicksort","Reverse",5000,75,77376,24400,true,true
"quicksort","Reverse",5000,76,77632,24400,true,true
"quicksort","Reverse",5000,77,77632,24400,true,true
"quicksort","Reverse",5000,78,77568,24400,true,true
"quicksort","Reverse",5000,79,77632,24400,true,true
"quicksort","Reverse",5000,80,77536,24400,true,true
"quicksort","Reverse",5000,81,77664,24400,true,true
"quicksort","Reverse",5000,82,77664,24400,true,true
"quicksort","Reverse",5000,83,77728,24400,true,true
"quicksort","Reverse",5000,84,77632,24400,true,true
"quicksort","Reverse",5000,85,77664,24400,true,true
"quicksort","Reverse",5000,86,106496,33400,true,true
"quicksort","Reverse",5000,87,90080,28300,true,true
"quicksort","Reverse",5000,88,76704,24100,true,true
"quicksort","Reverse",5000,89,76640,24100,true,true
"quicksort","Reverse",5000,90,76608,24000,true,true
"quicksort","Reverse",5000,91,76704,24100,true,true
"quicksort","Reverse",5000,92,76608,24100,true,true
"quicksort","Reverse",5000,93,76640,24000,true,true
"quicksort","Reverse",5000,94,76512,24100,true,true
"quicksort","Reverse",5000,95,76576,24000,true,true
"quicksort","Reverse",5000,96,76672,24100,true,true
"quicksort","Reverse",5000,97,76672,24100,true,true
"quicksort","Reverse",5000,98,76544,24000,true,true
"quicksort","Reverse",5000,99,76608,24100,true,true
"heap","Reverse",5000,0,389088,121900,true,true
"heap","Reverse",5000,1,395552,123900,true,true
"heap","Reverse",5000,2,385856,120900,true,true
"heap","Reverse",5000,3,401248,125700,true,true
"heap","Reverse",5000,4,389280,122000,true,true
"heap","Reverse",5000,5,385792,120900,true,true
"heap","Reverse",5000,6,413664,129600,true,true
"heap","Reverse",5000,7,381152,119500,true,true
"heap","Reverse",5000,8,378432,118600,true,true
"heap","Reverse",5000,9,377088,118100,true,true
"heap","Reverse",5000,10,377088,118200,true,true
"heap","Reverse",5000,11,373184,116900,true,true
"heap","Reverse",5000,12,387104,121300,true,true
"heap","Reverse",5000,13,371808,116500,true,true
"heap","Reverse",5000,14,402400,126000,true,true
"heap","Reverse",5000,15,370368,116100,true,true
"heap","Reverse",5000,16,370816,116200,true,true
"heap","Reverse",5000,17,375808,117800,true,true
"heap","Reverse",5000,18,367136,115000,true,true
"heap","Reverse",5000,19,365152,114400,true,true
"heap","Reverse",5000,20,364416,114400,true,true
"heap","Reverse",5000,21,362560,113600,true,true
"heap","Reverse",5000,22,389344,122000,true,true
"heap","Reverse",5000,23,360032,112800,true,true
"heap","Reverse",5000,24,359104,112500,true,true
"heap","Reverse",5000,25,359584,112700,true,true
"heap","Reverse",5000,26,357824,112100,true,true
"heap","Reverse",5000,27,355392,111300,true,true
"heap","Reverse",5000,28,356736,111800,true,true
"heap","Reverse",5000,29,352960,110600,true,true
"heap","Reverse",5000,30,353280,110700,true,true
"heap","Reverse",5000,31,382304,119800,true,true
"heap","Reverse",5000,32,360096,112800,true,true
"heap","Reverse",5000,33,361824,113400,true,true
"heap","Reverse",5000,34,348096,109100,true,true
"heap","Reverse",5000,35,343712,107700,true,true
"heap","Reverse",5000,36,343712,107700,true,true
"heap","Reverse",5000,37,343776,107700,true,true
"heap","Reverse",5000,38,341312,106900,true,true
"heap","Reverse",5000,39,341856,107100,true,true
"heap","Reverse",5000,40,369664,115900,true,true
"heap","Reverse",5000,41,339648,106400,true,true
"heap","Reverse",5000,42,340192,106600,true,true
"heap","Reverse",5000,43,340288,106600,true,true
"heap","Reverse",5000,44,350464,109800,true,true
"heap","Reverse",5000,45,334208,104700,true,true
"heap","Reverse",5000,46,335264,105000,true,true
"heap","Reverse",5000,47,332064,104100,true,true
"heap","Reverse",5000,48,331776,103900,true,true
"heap","Reverse",5000,49,356736,111800,true,true
"heap","Reverse",5000,50,337952,105800,true,true
"heap","Reverse",5000,51,328416,102900,true,true
"heap","Reverse",5000,52,328160,102800,true,true
"heap","Reverse",5000,53,327968,102800,true,true
"heap","Reverse",5000,54,339616,106400,true,true
"heap","Reverse",5000,55,337440,105700,true,true
"heap","Reverse",5000,56,325984,102300,true,true
"heap","Reverse",5000,57,324096,101500,true,true
"heap","Reverse",5000,58,353920,110900,true,true
"heap","Reverse",5000,59,321376,100700,true,true
"heap","Reverse",5000,60,323744,101500,true,true
"heap","Reverse",5000,61,319840,100200,true,true
"heap","Reverse",5000,62,321088,100700,true,true
"heap","Reverse",5000,63,321088,100600,true,true
"heap","Reverse",5000,64,318592,99800,true,true
"heap","Reverse",5000,65,316800,99300,true,true
"heap","Reverse",5000,66,318048,99700,true,true
"heap","Reverse",5000,67,316768,99300,true,true
"heap","Reverse",5000,68,354464,111000,true,true
"heap","Reverse",5000,69,342880,107400,true,true
"heap","Reverse",5000,70,316672,99300,true,true
"heap","Reverse",5000,71,316320,99100,true,true
"heap","Reverse",5000,72,315840,99000,true,true
"heap","Reverse",5000,73,314944,98700,true,true
"heap","Reverse",5000,74,314176,98400,true,true
"heap","Reverse",5000,75,313888,98400,true,true
"heap","Reverse",5000,76,313120,98100,true,true
"heap","Reverse",5000,77,312384,97900,true,true
"heap","Reverse",5000,78,362656,113600,true,true
"heap","Reverse",5000,79,312448,98000,true,true
"heap","Reverse",5000,80,313376,98200,true,true
"heap","Reverse",5000,81,309952,97200,true,true
"heap","Reverse",5000,82,311168,97500,true,true
"heap","Reverse",5000,83,310304,97300,true,true
"heap","Reverse",5000,84,308384,96600,true,true
"heap","Reverse",5000,85,306656,96100,true,true
"heap","Reverse",5000,86,309408,97000,true,true
"heap","Reverse",5000,87,307136,96300,true,true
"heap","Reverse",5000,88,350656,109900,true,true
"heap","Reverse",5000,89,302624,94800,true,true
"heap","Reverse",5000,90,303616,95200,true,true
"heap","Reverse",5000,91,301248,94400,true,true
"heap","Reverse",5000,92,301024,94300,true,true
"heap","Reverse",5000,93,300064,94000,true,true
"heap","Reverse",5000,94,300544,94200,true,true
"heap","Reverse",5000,95,299680,93900,true,true
"heap","Reverse",5000,96,297312,93200,true,true
"heap","Reverse",5000,97,296800,93000,true,true
"heap","Reverse",5000,98,326432,102300,true,true
"heap","Reverse",5000,99,296256,92800,true,true
"std-sort","Reverse",5000,0,45408,14300,true,true
"std-sort","Reverse",5000,1,45472,14300,true,true
"std-sort","Reverse",5000,2,45600,14300,true,true
"std-sort","Reverse",5000,3,45504,14300,true,true
"std-sort","Reverse",5000,4,45504,14300,true,true
"std-sort","Reverse",5000,5,45504,14300,true,true
"std-sort","Reverse",5000,6,45472,14400,true,true
"std-sort","Reverse",5000,7,45600,14300,true,true
"std-sort","Reverse",5000,8,45504,14300,true,true
"std-sort","Reverse",5000,9,45504,14300,true,true
"std-sort","Reverse",5000,10,45504,14300,true,true
"std-sort","Reverse",5000,11,45536,14300,true,true
"std-sort","Reverse",5000,12,45440,14300,true,true
"std-sort","Reverse",5000,13,45536,14400,true,true
"std-sort","Reverse",5000,14,45440,14300,true,true
"std-sort","Reverse",5000,15,45536,14300,true,true
"std-sort","Reverse",5000,16,45504,14300,true,true
"std-sort","Reverse",5000,17,45568,14300,true,true
"std-sort","Reverse",5000,18,45472,14300,true,true
"std-sort","Reverse",5000,19,45440,14300,true,true
"std-sort","Reverse",5000,20,45408,14300,true,true
"std-sort","Reverse",5000,21,45568,14300,true,true
"std-sort","Reverse",5000,22,45504,14300,true,true
"std-sort","Reverse",5000,23,45440,14300,true,true
"std-sort","Reverse",5000,24,45408,14200,true,true
"std-sort","Reverse",5000,25,45536,14300,true,true
"std-sort","Reverse",5000,26,45504,14300,true,true
"std-sort","Reverse",5000,27,45568,14400,true,true
"std-sort","Reverse",5000,28,75360,23700,true,true
"std-sort","Reverse",5000,29,45696,14400,true,true
"std-sort","Reverse",5000,30,45728,14400,true,true
"std-sort","Reverse",5000,31,45664,14400,true,true
"std-sort","Reverse",5000,32,45696,14400,true,true
"std-sort","Reverse",5000,33,45632,14300,true,true
"std-sort","Reverse",5000,34,55456,17500,true,true
"std-sort","Reverse",5000,35,45376,14300,true,true
"std-sort","Reverse",5000,36,45408,14300,true,true
"std-sort","Reverse",5000,37,45504,14300,true,true
"std-sort","Reverse",5000,38,45440,14300,true,true
"std-sort","Reverse",5000,39,45536,14400,true,true
"std-sort","Reverse",5000,40,45440,14300,true,true
"std-sort","Reverse",5000,41,45440,14300,true,true
"std-sort","Reverse",5000,42,45504,14300,true,true
"std-sort","Reverse",5000,43,45408,14300,true,true
"std-sort","Reverse",5000,44,45440,14400,true,true
"std-sort","Reverse",5000,45,45504,14300,true,true
"std-sort","Reverse",5000,46,45472,14300,true,true
"std-sort","Reverse",5000,47,45376,14300,true,true
"std-sort","Reverse",5000,48,45440,14300,true,true
"std-sort","Reverse",5000,49,45376,14200,true,true
"std-sort","Reverse",5000,50,45376,14300,true,true
"std-sort","Reverse",5000,51,45504,14300,true,true
"std-sort","Reverse",5000,52,45440,14300,true,true
"std-sort","Reverse",5000,53,45504,14300,true,true
"std-sort","Reverse",5000,54,45504,14300,true,true
"std-sort","Reverse",5000,55,45376,14200,true,true
"std-sort","Reverse",5000,56,45408,14400,true,true
"std-sort","Reverse",5000,57,45440,14300,true,true
"std-sort","Reverse",5000,58,45408,14300,true,true
"std-sort","Reverse",5000,59,45312,14300,true,true
"std-sort","Reverse",5000,60,45408,14300,true,true
"std-sort","Reverse",5000,61,45408,14300,true,true
"std-sort","Reverse",5000,62,45408,14300,true,true
"std-sort","Reverse",5000,63,45408,14300,true,true
"std-sort","Reverse",5000,64,45536,14300,true,true
"std-sort","Reverse",5000,65,45536,14300,true,true
"std-sort","Reverse",5000,66,45472,14300,true,true
"std-sort","Reverse",5000,67,45376,14200,true,true
"std-sort","Reverse",5000,68,45472,14300,true,true
"std-sort","Reverse",5000,69,45408,14300,true,true
"std-sort","Reverse",5000,70,45472,14300,true,true
"std-sort","Reverse",5000,71,45376,14300,true,true
"std-sort","Reverse",5000,72,45440,14300,true,true
"std-sort","Reverse",5000,73,45472,14300,true,true
"std-sort","Reverse",5000,74,45440,14300,true,true
"std-sort","Reverse",5000,75,45376,14200,true,true
"std-sort","Reverse",5000,76,45408,14300,true,true
"std-sort","Reverse",5000,77,45472,14300,true,true
"std-sort","Reverse",5000,78,45408,14300,true,true
"std-sort","Reverse",5000,79,45440,14300,true,true
"std-sort","Reverse",5000,80,45376,14200,true,true
"std-sort","Reverse",5000,81,45472,14300,true,true
"std-sort","Reverse",5000,82,45440,14300,true,true
"std-sort","Reverse",5000,83,45568,14300,true,true
"std-sort","Reverse",5000,84,45312,14300,true,true
"std-sort","Reverse",5000,85,45536,14400,true,true
"std-sort","Reverse",5000,86,45376,14200,true,true
"std-sort","Reverse",5000,87,74144,23300,true,true
"std-sort","Reverse",5000,88,45536,14300,true,true
"std-sort","Reverse",5000,89,45568,14300,true,true
"std-sort","Reverse",5000,90,45568,14400,true,true
"std-sort","Reverse",5000,91,45536,14300,true,true
"std-sort","Reverse",5000,92,45600,14400,true,true
"std-sort","Reverse",5000,93,45472,14300,true,true
"std-sort","Reverse",5000,94,45600,14400,true,true
"std-sort","Reverse",5000,95,45568,14400,true,true
"std-sort","Reverse",5000,96,45536,14300,true,true
"std-sort","Reverse",5000,97,45536,14300,true,true
"std-sort","Reverse",5000,98,45504,14400,true,true
"std-sort","Reverse",5000,99,45600,14400,true,true
"std-stable-sort","Reverse",5000,0,99424,31200,true,true
"std-stable-sort","Reverse",5000,1,92832,29200,true,true
"std-stable-sort","Reverse",5000,2,92544,29100,true,true
"std-stable-sort","Reverse",5000,3,92864,29100,true,true
"std-stable-sort","Reverse",5000,4,92544,29000,true,true
"std-stable-sort","Reverse",5000,5,122496,38500,true,true
"std-stable-sort","Reverse",5000,6,92864,29200,true,true
"std-stable-sort","Reverse",5000,7,92864,29100,true,true
"std-stable-sort","Reverse",5000,8,92672,29100,true,true
"std-stable-sort","Reverse",5000,9,92736,29100,true,true
"std-stable-sort","Reverse",5000,10,92672,29100,true,true
"std-stable-sort","Reverse",5000,11,92864,29100,true,true
"std-stable-sort","Reverse",5000,12,92448,29000,true,true
"std-stable-sort","Reverse",5000,13,93056,29200,true,true
"std-stable-sort","Reverse",5000,14,92544,29100,true,true
"std-stable-sort","Reverse",5000,15,92992,29200,true,true
"std-stable-sort","Reverse",5000,16,92576,29000,true,true
"std-stable-sort","Reverse",5000,17,93056,29300,true,true
"std-stable-sort","Reverse",5000,18,92608,29100,true,true
"std-stable-sort","Reverse",5000,19,92928,29100,true,true
"std-stable-sort","Reverse",5000,20,92512,29000,true,true
"std-stable-sort","Reverse",5000,21,93088,29200,true,true
"std-stable-sort","Reverse",5000,22,92544,29000,true,true
"std-stable-sort","Reverse",5000,23,92800,29100,true,true
"std-stable-sort","Reverse",5000,24,92704,29100,true,true
"std-stable-sort","Reverse",5000,25,92800,29200,true,true
"std-stable-sort","Reverse",5000,26,92512,29100,true,true
"std-stable-sort","Reverse",5000,27,92768,29200,true,true
"std-stable-sort","Reverse",5000,28,92640,29100,true,true
"std-stable-sort","Reverse",5000,29,92832,29100,true,true
"std-stable-sort","Reverse",5000,30,92608,29000,true,true
"std-stable-sort","Reverse",5000,31,92736,29100,true,true
"std-stable-sort","Reverse",5000,32,92736,29100,true,true
"std-stable-sort","Reverse",5000,33,92864,29200,true,true
"std-stable-sort","Reverse",5000,34,92448,29000,true,true
"std-stable-sort","Reverse",5000,35,93088,29200,true,true
"std-stable-sort","Reverse",5000,36,119616,37500,true,true
"std-stable-sort","Reverse",5000,37,105536,33200,true,true
"std-stable-sort","Reverse",5000,38,91552,28700,true,true
"std-stable-sort","Reverse",5000,39,91872,28800,true,true
"std-stable-sort","Reverse",5000,40,91520,28700,true,true
"std-stable-sort","Reverse",5000,41,91840,28900,true,true
"std-stable-sort","Reverse",5000,42,91584,28700,true,true
"std-stable-sort","Reverse",5000,43,91776,28800,true,true
"std-stable-sort","Reverse",5000,44,91456,28700,true,true
"std-stable-sort","Reverse",5000,45,91840,28800,true,true
"std-stable-sort","Reverse",5000,46,91520,28700,true,true
"std-stable-sort","Reverse",5000,47,91808,28800,true,true
"std-stable-sort","Reverse",5000,48,91520,28800,true,true
"std-stable-sort","Reverse",5000,49,91744,28800,true,true
"std-stable-sort","Reverse",5000,50,91648,28800,true,true
"std-stable-sort","Reverse",5000,51,91680,28800,true,true
"std-stable-sort","Reverse",5000,52,91552,28800,true,true
"std-stable-sort","Reverse",5000,53,91776,28900,true,true
"std-stable-sort","Reverse",5000,54,97696,30600,true,true
"std-stable-sort","Reverse",5000,55,91936,28800,true,true
"std-stable-sort","Reverse",5000,56,91584,28800,true,true
"std-stable-sort","Reverse",5000,57,91968,28800,true,true
"std-stable-sort","Reverse",5000,58,91680,28800,true,true
"std-stable-sort","Reverse",5000,59,92064,28900,true,true
"std-stable-sort","Reverse",5000,60,91520,28800,true,true
"std-stable-sort","Reverse",5000,61,91872,28900,true,true
"std-stable-sort","Reverse",5000,62,91456,28700,true,true
"std-stable-sort","Reverse",5000,63,91904,28800,true,true
"std-stable-sort","Reverse",5000,64,91488,28700,true,true
"std-stable-sort","Reverse",5000,65,91968,28800,true,true
"std-stable-sort","Reverse",5000,66,91584,28700,true,true
"std-stable-sort","Reverse",5000,67,118080,37000,true,true
"std-stable-sort","Reverse",5000,68,90272,28300,true,true
"std-stable-sort","Reverse",5000,69,91776,28800,true,true
"std-stable-sort","Reverse",5000,70,91584,28800,true,true
"std-stable-sort","Reverse",5000,71,91840,28900,true,true
"std-stable-sort","Reverse",5000,72,91520,28700,true,true
"std-stable-sort","Reverse",5000,73,91968,28800,true,true
"std-stable-sort","Reverse",5000,74,91712,28800,true,true
"std-stable-sort","Reverse",5000,75,104352,32800,true,true
"std-stable-sort","Reverse",5000,76,89600,28200,true,true
"std-stable-sort","Reverse",5000,77,89888,28200,true,true
"std-stable-sort","Reverse",5000,78,89696,28100,true,true
"std-stable-sort","Reverse",5000,79,89984,28200,true,true
"std-stable-sort","Reverse",5000,80,89664,28200,true,true
"std-stable-sort","Reverse",5000,81,89856,28300,true,true
"std-stable-sort","Reverse",5000,82,89600,28200,true,true
"std-stable-sort","Reverse",5000,83,90016,28300,true,true
"std-stable-sort","Reverse",5000,84,89696,28100,true,true
"std-stable-sort","Reverse",5000,85,89984,28300,true,true
"std-stable-sort","Reverse",5000,86,89696,28100,true,true
"std-stable-sort","Reverse",5000,87,89920,28200,true,true
"std-stable-sort","Reverse",5000,88,89728,28200,true,true
"std-stable-sort","Reverse",5000,89,90144,28300,true,true
"std-stable-sort","Reverse",5000,90,89664,28200,true,true
"std-stable-sort","Reverse",5000,91,89920,28200,true,true
"std-stable-sort","Reverse",5000,92,89696,28100,true,true
"std-stable-sort","Reverse",5000,93,89824,28200,true,true
"std-stable-sort","Reverse",5000,94,89696,28200,true,true
"std-stable-sort","Reverse",5000,95,89920,28200,true,true
"std-stable-sort","Reverse",5000,96,89696,28100,true,true
"std-stable-sort","Reverse",5000,97,89920,28200,true,true
"std-stable-sort","Reverse",5000,98,89760,28200,true,true
"std-stable-sort","Reverse",5000,99,113984,35800,true,true
"bubble","Reverse",10000,0,68889152,21570500,true,true
"bubble","Reverse",10000,1,68771168,21533100,true,true
"bubble","Reverse",10000,2,68812512,21545800,true,true
"bubble","Reverse",10000,3,74199808,23233700,true,true
"bubble","Reverse",10000,4,70527520,22083300,true,true
"bubble","Reverse",10000,5,71401024,22357900,true,true
"bubble","Reverse",10000,6,70476288,22067800,true,true
"bubble","Reverse",10000,7,70384736,22038600,true,true
"bubble","Reverse",10000,8,70412800,22047400,true,true
"bubble","Reverse",10000,9,70625440,22113900,true,true
"bubble","Reverse",10000,10,70483872,22069700,true,true
"bubble","Reverse",10000,11,70367040,22032900,true,true
"bubble","Reverse",10000,12,70301568,22012500,true,true
"bubble","Reverse",10000,13,70575264,22099200,true,true
"bubble","Reverse",10000,14,71030208,22242800,true,true
"bubble","Reverse",10000,15,70465184,22063400,true,true
"bubble","Reverse",10000,16,70286880,22008400,true,true
"bubble","Reverse",10000,17,73178944,22913200,true,true
"bubble","Reverse",10000,18,70594112,22104300,true,true
"bubble","Reverse",10000,19,70288192,22008000,true,true
"bubble","Reverse",10000,20,69806336,21857300,true,true
"bubble","Reverse",10000,21,69235648,21678400,true,true
"bubble","Reverse",10000,22,68705152,21512400,true,true
"bubble","Reverse",10000,23,68718208,21516500,true,true
"bubble","Reverse",10000,24,68835616,21553100,true,true
"bubble","Reverse",10000,25,68820256,21548300,true,true
"bubble","Reverse",10000,26,68860672,21561100,true,true
"bubble","Reverse",10000,27,68740288,21523500,true,true
"bubble","Reverse",10000,28,68793248,21539900,true,true
"bubble","Reverse",10000,29,87693056,27459800,true,true
"bubble","Reverse",10000,30,83129472,26030300,true,true
"bubble","Reverse",10000,31,69791552,21852700,true,true
"bubble","Reverse",10000,32,69317440,21704100,true,true
"bubble","Reverse",10000,33,74102912,23203100,true,true
"bubble","Reverse",10000,34,70782432,22163600,true,true
"bubble","Reverse",10000,35,70445824,22057500,true,true
"bubble","Reverse",10000,36,70467392,22064800,true,true
"bubble","Reverse",10000,37,70503776,22075800,true,true
"bubble","Reverse",10000,38,70426688,22051700,true,true
"bubble","Reverse",10000,39,70620352,22114000,true,true
"bubble","Reverse",10000,40,73419840,22990200,true,true
"bubble","Reverse",10000,41,70791840,22166300,true,true
"bubble","Reverse",10000,42,70507488,22076900,true,true
"bubble","Reverse",10000,43,70668416,22127300,true,true
"bubble","Reverse",10000,44,70270848,22002800,true,true
"bubble","Reverse",10000,45,71083232,22257900,true,true
"bubble","Reverse",10000,46,71207136,22296400,true,true
"bubble","Reverse",10000,47,74789280,23417500,true,true
"bubble","Reverse",10000,48,70476736,22067000,true,true
"bubble","Reverse",10000,49,69279776,21692200,true,true
"bubble","Reverse",10000,50,70012960,21923200,true,true
"bubble","Reverse",10000,51,69024384,21612300,true,true
"bubble","Reverse",10000,52,69043136,21618100,true,true
"bubble","Reverse",10000,53,69087648,21632400,true,true
"bubble","Reverse",10000,54,69034720,21615500,true,true
"bubble","Reverse",10000,55,69348384,21713900,true,true
"bubble","Reverse",10000,56,68927264,21581900,true,true
"bubble","Reverse",10000,57,68992320,21602200,true,true
"bubble","Reverse",10000,58,69051584,21620700,true,true
"bubble","Reverse",10000,59,68842976,21555400,true,true
"bubble","Reverse",10000,60,73668256,23066300,true,true
"bubble","Reverse",10000,61,70475680,22067200,true,true
"bubble","Reverse",10000,62,72695968,22766700,true,true
"bubble","Reverse",10000,63,72543840,22715500,true,true
"bubble","Reverse",10000,64,70800896,22170700,true,true
"bubble","Reverse",10000,65,71255584,22312900,true,true
"bubble","Reverse",10000,66,71464000,22377900,true,true
"bubble","Reverse",10000,67,70386464,22038800,true,true
"bubble","Reverse",10000,68,70691296,22135500,true,true
"bubble","Reverse",10000,69,70736000,22152000,true,true
"bubble","Reverse",10000,70,70453184,22059700,true,true
"bubble","Reverse",10000,71,70587872,22102500,true,true
"bubble","Reverse",10000,72,70526272,22083200,true,true
"bubble","Reverse",10000,73,70625856,22114800,true,true
"bubble","Reverse",10000,74,74876576,23445000,true,true
"bubble","Reverse",10000,75,70412960,22047400,true,true
"bubble","Reverse",10000,76,71777584,22476100,true,true
"bubble","Reverse",10000,77,70383200,22037600,true,true
"bubble","Reverse",10000,78,70021056,21924600,true,true
"bubble","Reverse",10000,79,69444736,21744000,true,true
"bubble","Reverse",10000,80,68927040,21582400,true,true
"bubble","Reverse",10000,81,68697920,21510100,true,true
"bubble","Reverse",10000,82,68962048,21592900,true,true
"bubble","Reverse",10000,83,74359968,23282800,true,true
"bubble","Reverse",10000,84,70271136,22002600,true,true
"bubble","Reverse",10000,85,70319008,22017600,true,true
"bubble","Reverse",10000,86,69955328,21904800,true,true
"bubble","Reverse",10000,87,69267360,21688400,true,true
"bubble","Reverse",10000,88,68669760,21501300,true,true
"bubble","Reverse",10000,89,68673984,21502500,true,true
"bubble","Reverse",10000,90,68966336,21594300,true,true
"bubble","Reverse",10000,91,68929600,21582700,true,true
"bubble","Reverse",10000,92,68987200,21600800,true,true
"bubble","Reverse",10000,93,69001600,21605800,true,true
"bubble","Reverse",10000,94,69070688,21626700,true,true
"bubble","Reverse",10000,95,69037568,21616500,true,true
"bubble","Reverse",10000,96,69703600,21826000,true,true
"bubble","Reverse",10000,97,69022688,21611700,true,true
"bubble","Reverse",10000,98,68847712,21557100,true,true
"bubble","Reverse",10000,99,69006208,21606500,true,true
"insertion","Reverse",10000,0,46915168,14689600,true,true
"insertion","Reverse",10000,1,47178432,14772100,true,true
"insertion","Reverse",10000,2,46922048,14691800,true,true
"insertion","Reverse",10000,3,46925792,14693100,true,true
"insertion","Reverse",10000,4,47075808,14740000,true,true
"insertion","Reverse",10000,5,47014048,14720800,true,true
"insertion","Reverse",10000,6,46903968,14686100,true,true
"insertion","Reverse",10000,7,46972704,14707800,true,true
"insertion","Reverse",10000,8,47000256,14716300,true,true
"insertion","Reverse",10000,9,47017088,14721600,true,true
"insertion","Reverse",10000,10,46884864,14680200,true,true
"insertion","Reverse",10000,11,47340064,14823200,true,true
"insertion","Reverse",10000,12,46964576,14705200,true,true
"insertion","Reverse",10000,13,46937856,14696900,true,true
"insertion","Reverse",10000,14,46968992,14706500,true,true
"insertion","Reverse",10000,15,46986816,14712100,true,true
"insertion","Reverse",10000,16,46963936,14704900,true,true
"insertion","Reverse",10000,17,46961088,14704100,true,true
"insertion","Reverse",10000,18,46937984,14696900,true,true
"insertion","Reverse",10000,19,47068128,14737500,true,true
"insertion","Reverse",10000,20,47031232,14742100,true,true
"insertion","Reverse",10000,21,47027456,14724800,true,true
"insertion","Reverse",10000,22,46966560,14705800,true,true
"insertion","Reverse",10000,23,47047168,14731100,true,true
"insertion","Reverse",10000,24,46850400,14669400,true,true
"insertion","Reverse",10000,25,46885728,14680400,true,true
"insertion","Reverse",10000,26,46936192,14696200,true,true
"insertion","Reverse",10000,27,47064800,14736600,true,true
"insertion","Reverse",10000,28,46925152,14692800,true,true
"insertion","Reverse",10000,29,46890752,14681900,true,true
"insertion","Reverse",10000,30,46962272,14704600,true,true
"insertion","Reverse",10000,31,46935168,14695800,true,true
"insertion","Reverse",10000,32,47008640,14718800,true,true
"insertion","Reverse",10000,33,46953120,14701500,true,true
"insertion","Reverse",10000,34,46930784,14694500,true,true
"insertion","Reverse",10000,35,47011392,14719800,true,true
"insertion","Reverse",10000,36,46964832,14705200,true,true
"insertion","Reverse",10000,37,46993088,14714100,true,true
"insertion","Reverse",10000,38,46914496,14689400,true,true
"insertion","Reverse",10000,39,46908192,14687400,true,true
"insertion","Reverse",10000,40,47017152,14721500,true,true
"insertion","Reverse",10000,41,46901632,14685500,true,true
"insertion","Reverse",10000,42,47422304,14850200,true,true
"insertion","Reverse",10000,43,46971968,14707600,true,true
"insertion","Reverse",10000,44,47015296,14721100,true,true
"insertion","Reverse",10000,45,46976800,14709000,true,true
"insertion","Reverse",10000,46,46922944,14692000,true,true
"insertion","Reverse",10000,47,47010432,14719400,true,true
"insertion","Reverse",10000,48,46926496,14693100,true,true
"insertion","Reverse",10000,49,47478080,14867200,true,true
"insertion","Reverse",10000,50,46967168,14705900,true,true
"insertion","Reverse",10000,51,46809440,14656500,true,true
"insertion","Reverse",10000,52,46858720,14671900,true,true
"insertion","Reverse",10000,53,46895968,14683600,true,true
"insertion","Reverse",10000,54,46875360,14677200,true,true
"insertion","Reverse",10000,55,46815424,14658500,true,true
"insertion","Reverse",10000,56,46822240,14660500,true,true
"insertion","Reverse",10000,57,46867264,14674600,true,true
"insertion","Reverse",10000,58,46863424,14673600,true,true
"insertion","Reverse",10000,59,46823456,14660900,true,true
"insertion","Reverse",10000,60,46801952,14654100,true,true
"insertion","Reverse",10000,61,46886688,14681100,true,true
"insertion","Reverse",10000,62,46963040,14704800,true,true
"insertion","Reverse",10000,63,46898432,14684700,true,true
"insertion","Reverse",10000,64,48036960,15041500,true,true
"insertion","Reverse",10000,65,47161120,14766900,true,true
"insertion","Reverse",10000,66,47158624,14765800,true,true
"insertion","Reverse",10000,67,47071840,14738900,true,true
"insertion","Reverse",10000,68,47143104,14761200,true,true
"insertion","Reverse",10000,69,46967872,14706100,true,true
"insertion","Reverse",10000,70,47068352,14737600,true,true
"insertion","Reverse",10000,71,47269056,14800500,true,true
"insertion","Reverse",10000,72,47694048,14934300,true,true
"insertion","Reverse",10000,73,47241664,14792000,true,true
"insertion","Reverse",10000,74,47119424,14753600,true,true
"insertion","Reverse",10000,75,47202496,14779700,true,true
"insertion","Reverse",10000,76,47121184,14754100,true,true
"insertion","Reverse",10000,77,47315648,14815200,true,true
"insertion","Reverse",10000,78,47157216,14765400,true,true
"insertion","Reverse",10000,79,47331648,14820000,true,true
"insertion","Reverse",10000,80,47228000,14787600,true,true
"insertion","Reverse",10000,81,47323232,14817600,true,true
"insertion","Reverse",10000,82,47097920,14746900,true,true
"insertion","Reverse",10000,83,47129184,14756600,true,true
"insertion","Reverse",10000,84,47077088,14740300,true,true
"insertion","Reverse",10000,85,47074368,14739600,true,true
"insertion","Reverse",10000,86,47028800,14725300,true,true
"insertion","Reverse",10000,87,47109760,14750600,true,true
"insertion","Reverse",10000,88,47012448,14720100,true,true
"insertion","Reverse",10000,89,47386592,14837500,true,true
"insertion","Reverse",10000,90,47171040,14770100,true,true
"insertion","Reverse",10000,91,52655680,16487000,true,true
"insertion","Reverse",10000,92,50885024,15934900,true,true
"insertion","Reverse",10000,93,48313472,15128000,true,true
"insertion","Reverse",10000,94,47976704,15022300,true,true
"insertion","Reverse",10000,95,48014144,15034200,true,true
"insertion","Reverse",10000,96,51550112,16142500,true,true
"insertion","Reverse",10000,97,47961376,15017300,true,true
"insertion","Reverse",10000,98,48274688,15115900,true,true
"insertion","Reverse",10000,99,47766464,14956200,true,true
"selection","Reverse",10000,0,44522560,13940800,true,true
"selection","Reverse",10000,1,44639712,13977500,true,true
"selection","Reverse",10000,2,44649888,13980400,true,true
"selection","Reverse",10000,3,44530208,13942800,true,true
"selection","Reverse",10000,4,44743136,14009600,true,true
"selection","Reverse",10000,5,44857664,14045500,true,true
"selection","Reverse",10000,6,44993408,14087900,true,true
"selection","Reverse",10000,7,44860608,14046800,true,true
"selection","Reverse",10000,8,44801440,14027900,true,true
"selection","Reverse",10000,9,44848672,14042600,true,true
"selection","Reverse",10000,10,44976608,14083400,true,true
"selection","Reverse",10000,11,44919744,14064900,true,true
"selection","Reverse",10000,12,45378272,14208600,true,true
"selection","Reverse",10000,13,45066784,14111000,true,true
"selection","Reverse",10000,14,44883168,14053500,true,true
"selection","Reverse",10000,15,44984992,14085400,true,true
"selection","Reverse",10000,16,44986368,14085700,true,true
"selection","Reverse",10000,17,44856800,14045300,true,true
"selection","Reverse",10000,18,45043360,14103800,true,true
"selection","Reverse",10000,19,44819264,14033500,true,true
"selection","Reverse",10000,20,44613088,13968800,true,true
"selection","Reverse",10000,21,44702528,13996900,true,true
"selection","Reverse",10000,22,44542048,13946700,true,true
"selection","Reverse",10000,23,44521408,13940100,true,true
"selection","Reverse",10000,24,44660224,13983500,true,true
"selection","Reverse",10000,25,44595072,13963300,true,true
"selection","Reverse",10000,26,44582848,13959300,true,true
"selection","Reverse",10000,27,44676032,13988500,true,true
"selection","Reverse",10000,28,44562592,13953000,true,true
"selection","Reverse",10000,29,44695744,13994700,true,true
"selection","Reverse",10000,30,45287552,14181100,true,true
"selection","Reverse",10000,31,54013344,16913500,true,true
"selection","Reverse",10000,32,44779840,14021200,true,true
"selection","Reverse",10000,33,44596736,13963900,true,true
"selection","Reverse",10000,34,44738784,14008200,true,true
"selection","Reverse",10000,35,45007728,14092800,true,true
"selection","Reverse",10000,36,45090208,14118300,true,true
"selection","Reverse",10000,37,45197920,14152300,true,true
"selection","Reverse",10000,38,49952576,15641100,true,true
"selection","Reverse",10000,39,53593219,16782600,true,true
"selection","Reverse",10000,40,52645696,16485800,true,true
"selection","Reverse",10000,41,48703488,15252100,true,true
"selection","Reverse",10000,42,48694973,15249200,true,true
"selection","Reverse",10000,43,46296384,14497300,true,true
"selection","Reverse",10000,44,48148944,15077100,true,true
"selection","Reverse",10000,45,46529024,14569300,true,true
"selection","Reverse",10000,46,46442176,14541800,true,true
"selection","Reverse",10000,47,45917568,14377600,true,true
"selection","Reverse",10000,48,46412352,14533100,true,true
"selection","Reverse",10000,49,46414048,14533500,true,true
"selection","Reverse",10000,50,45844256,14354700,true,true
"selection","Reverse",10000,51,46085280,14430000,true,true
"selection","Reverse",10000,52,46001536,14403800,true,true
"selection","Reverse",10000,53,45900096,14372100,true,true
"selection","Reverse",10000,54,46443200,14541900,true,true
"selection","Reverse",10000,55,48031088,15041900,true,true
"selection","Reverse",10000,56,54909008,17195500,true,true
"selection","Reverse",10000,57,51889471,16248700,true,true
"selection","Reverse",10000,58,51901889,16253500,true,true
"selection","Reverse",10000,59,46478432,14553600,true,true
"selection","Reverse",10000,60,46986400,14713200,true,true
"selection","Reverse",10000,61,46010304,14406600,true,true
"selection","Reverse",10000,62,46679136,14616300,true,true
"selection","Reverse",10000,63,46150592,14450300,true,true
"selection","Reverse",10000,64,45984224,14398400,true,true
"selection","Reverse",10000,65,45865280,14360900,true,true
"selection","Reverse",10000,66,45990336,14400200,true,true
"selection","Reverse",10000,67,46979712,14711500,true,true
"selection","Reverse",10000,68,46208384,14468700,true,true
"selection","Reverse",10000,69,45942624,14385300,true,true
"selection","Reverse",10000,70,45972384,14395000,true,true
"selection","Reverse",10000,71,46028320,14412200,true,true
"selection","Reverse",10000,72,46094880,14432900,true,true
"selection","Reverse",10000,73,45818400,14346100,true,true
"selection","Reverse",10000,74,46237344,14477800,true,true
"selection","Reverse",10000,75,45800640,14340800,true,true
"selection","Reverse",10000,76,46060736,14422300,true,true
"selection","Reverse",10000,77,45736256,14320600,true,true
"selection","Reverse",10000,78,46096672,14433700,true,true
"selection","Reverse",10000,79,45961760,14391900,true,true
"selection","Reverse",10000,80,46112512,14438300,true,true
"selection","Reverse",10000,81,46112960,14439200,true,true
"selection","Reverse",10000,82,45854080,14357400,true,true
"selection","Reverse",10000,83,50068448,15677000,true,true
"selection","Reverse",10000,84,46369536,14519000,true,true
"selection","Reverse",10000,85,45866464,14361400,true,true
"selection","Reverse",10000,86,50032480,15665800,true,true
"selection","Reverse",10000,87,46225408,14474200,true,true
"selection","Reverse",10000,88,46488448,14556700,true,true
"selection","Reverse",10000,89,45825120,14348300,true,true
"selection","Reverse",10000,90,46592288,14588800,true,true
"selection","Reverse",10000,91,45841760,14353600,true,true
"selection","Reverse",10000,92,46582080,14585800,true,true
"selection","Reverse",10000,93,46389120,14525300,true,true
"selection","Reverse",10000,94,45847232,14355300,true,true
"selection","Reverse",10000,95,45773568,14332400,true,true
"selection","Reverse",10000,96,52575968,16462400,true,true
"selection","Reverse",10000,97,46152096,14450800,true,true
"selection","Reverse",10000,98,46201856,14466400,true,true
"selection","Reverse",10000,99,46283744,14493100,true,true
"merge","Reverse",10000,0,290848,91200,true,true
"merge","Reverse",10000,1,324224,101600,true,true
"merge","Reverse",10000,2,289120,90600,true,true
"merge","Reverse",10000,3,289312,90700,true,true
"merge","Reverse",10000,4,289024,90600,true,true
"merge","Reverse",10000,5,289440,90700,true,true
"merge","Reverse",10000,6,289280,90700,true,true
"merge","Reverse",10000,7,288960,90600,true,true
"merge","Reverse",10000,8,289504,90700,true,true
"merge","Reverse",10000,9,289248,90600,true,true
"merge","Reverse",10000,10,288928,90500,true,true
"merge","Reverse",10000,11,317536,99500,true,true
"merge","Reverse",10000,12,290176,91000,true,true
"merge","Reverse",10000,13,289536,90700,true,true
"merge","Reverse",10000,14,288672,90400,true,true
"merge","Reverse",10000,15,289120,90600,true,true
"merge","Reverse",10000,16,289344,90700,true,true
"merge","Reverse",10000,17,289696,90800,true,true
"merge","Reverse",10000,18,289152,90600,true,true
"merge","Reverse",10000,19,289504,90700,true,true
"merge","Reverse",10000,20,288672,90500,true,true
"merge","Reverse",10000,21,343296,107500,true,true
"merge","Reverse",10000,22,291296,91600,true,true
"merge","Reverse",10000,23,291104,91200,true,true
"merge","Reverse",10000,24,291104,91200,true,true
"merge","Reverse",10000,25,291328,91300,true,true
"merge","Reverse",10000,26,290944,91100,true,true
"merge","Reverse",10000,27,291264,91300,true,true
"merge","Reverse",10000,28,290496,91000,true,true
"merge","Reverse",10000,29,291168,91200,true,true
"merge","Reverse",10000,30,291232,91300,true,true
"merge","Reverse",10000,31,291072,91300,true,true
"merge","Reverse",10000,32,319744,100200,true,true
"merge","Reverse",10000,33,289888,90900,true,true
"merge","Reverse",10000,34,288832,90500,true,true
"merge","Reverse",10000,35,291040,91200,true,true
"merge","Reverse",10000,36,290304,91000,true,true
"merge","Reverse",10000,37,291296,91300,true,true
"merge","Reverse",10000,38,291168,91300,true,true
"merge","Reverse",10000,39,291168,91200,true,true
"merge","Reverse",10000,40,290464,91000,true,true
"merge","Reverse",10000,41,290688,91100,true,true
"merge","Reverse",10000,42,326432,102300,true,true
"merge","Reverse",10000,43,289632,91000,true,true
"merge","Reverse",10000,44,289024,90600,true,true
"merge","Reverse",10000,45,289120,90700,true,true
"merge","Reverse",10000,46,1623584,508600,true,true
"merge","Reverse",10000,47,2466368,772700,true,true
"merge","Reverse",10000,48,780160,244500,true,true
"merge","Reverse",10000,49,301600,94500,true,true
"merge","Reverse",10000,50,292800,91800,true,true
"merge","Reverse",10000,51,292320,91600,true,true
"merge","Reverse",10000,52,320736,100600,true,true
"merge","Reverse",10000,53,292960,91800,true,true
"merge","Reverse",10000,54,291968,91500,true,true
"merge","Reverse",10000,55,306432,96000,true,true
"merge","Reverse",10000,56,293952,92100,true,true
"merge","Reverse",10000,57,324416,101700,true,true
"merge","Reverse",10000,58,295872,92800,true,true
"merge","Reverse",10000,59,296000,92800,true,true
"merge","Reverse",10000,60,295424,92600,true,true
"merge","Reverse",10000,61,295616,92600,true,true
"merge","Reverse",10000,62,304064,95300,true,true
"merge","Reverse",10000,63,293952,92100,true,true
"merge","Reverse",10000,64,293920,92100,true,true
"merge","Reverse",10000,65,294752,92400,true,true
"merge","Reverse",10000,66,294176,92200,true,true
"merge","Reverse",10000,67,320992,100600,true,true
"merge","Reverse",10000,68,293856,92100,true,true
"merge","Reverse",10000,69,304096,95300,true,true
"merge","Reverse",10000,70,291936,91500,true,true
"merge","Reverse",10000,71,292384,91700,true,true
"merge","Reverse",10000,72,292128,91500,true,true
"merge","Reverse",10000,73,292416,91600,true,true
"merge","Reverse",10000,74,292128,91500,true,true
"merge","Reverse",10000,75,292512,91700,true,true
"merge","Reverse",10000,76,291776,91500,true,true
"merge","Reverse",10000,77,320608,100500,true,true
"merge","Reverse",10000,78,293888,92100,true,true
"merge","Reverse",10000,79,294432,92200,true,true
"merge","Reverse",10000,80,293696,92000,true,true
"merge","Reverse",10000,81,293792,92000,true,true
"merge","Reverse",10000,82,293760,92000,true,true
"merge","Reverse",10000,83,294880,92400,true,true
"merge","Reverse",10000,84,293888,92100,true,true
"merge","Reverse",10000,85,294112,92200,true,true
"merge","Reverse",10000,86,295360,92600,true,true
"merge","Reverse",10000,87,327616,102700,true,true
"merge","Reverse",10000,88,293984,92100,true,true
"merge","Reverse",10000,89,294176,92200,true,true
"merge","Reverse",10000,90,293856,92100,true,true
"merge","Reverse",10000,91,294688,92300,true,true
"merge","Reverse",10000,92,293664,92000,true,true
"merge","Reverse",10000,93,294464,92300,true,true
"merge","Reverse",10000,94,293856,92100,true,true
"merge","Reverse",10000,95,294752,92400,true,true
"merge","Reverse",10000,96,293856,92100,true,true
"merge","Reverse",10000,97,320512,100400,true,true
"merge","Reverse",10000,98,292704,91700,true,true
"merge","Reverse",10000,99,292576,91700,true,true
"quicksort","Reverse",10000,0,171392,53700,true,true
"quicksort","Reverse",10000,1,172288,54000,true,true
"quicksort","Reverse",10000,2,172320,54000,true,true
"quicksort","Reverse",10000,3,172224,54000,true,true
"quicksort","Reverse",10000,4,172288,54000,true,true
"quicksort","Reverse",10000,5,172128,54000,true,true
"quicksort","Reverse",10000,6,172192,54000,true,true
"quicksort","Reverse",10000,7,172288,54000,true,true
"quicksort","Reverse",10000,8,172128,54000,true,true
"quicksort","Reverse",10000,9,172416,54100,true,true
"quicksort","Reverse",10000,10,198496,62200,true,true
"quicksort","Reverse",10000,11,169888,53300,true,true
"quicksort","Reverse",10000,12,169952,53300,true,true
"quicksort","Reverse",10000,13,169792,53300,true,true
"quicksort","Reverse",10000,14,169664,53200,true,true
"quicksort","Reverse",10000,15,169536,53200,true,true
"quicksort","Reverse",10000,16,169856,53200,true,true
"quicksort","Reverse",10000,17,170432,53500,true,true
"quicksort","Reverse",10000,18,170592,53500,true,true
"quicksort","Reverse",10000,19,170720,53500,true,true
"quicksort","Reverse",10000,20,170592,53500,true,true
"quicksort","Reverse",10000,21,170560,53500,true,true
"quicksort","Reverse",10000,22,179136,56200,true,true
"quicksort","Reverse",10000,23,169248,53000,true,true
"quicksort","Reverse",10000,24,169696,53200,true,true
"quicksort","Reverse",10000,25,170752,53500,true,true
"quicksort","Reverse",10000,26,170432,53500,true,true
"quicksort","Reverse",10000,27,200704,62900,true,true
"quicksort","Reverse",10000,28,171552,53800,true,true
"quicksort","Reverse",10000,29,171264,53700,true,true
"quicksort","Reverse",10000,30,171808,53800,true,true
"quicksort","Reverse",10000,31,171552,53800,true,true
"quicksort","Reverse",10000,32,171456,53800,true,true
"quicksort","Reverse",10000,33,174080,54600,true,true
"quicksort","Reverse",10000,34,173824,54500,true,true
"quicksort","Reverse",10000,35,173760,54500,true,true
"quicksort","Reverse",10000,36,173824,54500,true,true
"quicksort","Reverse",10000,37,173664,54500,true,true
"quicksort","Reverse",10000,38,173792,54500,true,true
"quicksort","Reverse",10000,39,173824,54500,true,true
"quicksort","Reverse",10000,40,173856,54600,true,true
"quicksort","Reverse",10000,41,173568,54400,true,true
"quicksort","Reverse",10000,42,173664,54500,true,true
"quicksort","Reverse",10000,43,173792,54500,true,true
"quicksort","Reverse",10000,44,199904,62700,true,true
"quicksort","Reverse",10000,45,171936,53900,true,true
"quicksort","Reverse",10000,46,172544,54100,true,true
"quicksort","Reverse",10000,47,172192,54000,true,true
"quicksort","Reverse",10000,48,172128,54000,true,true
"quicksort","Reverse",10000,49,172320,54100,true,true
"quicksort","Reverse",10000,50,172160,53900,true,true
"quicksort","Reverse",10000,51,172352,54000,true,true
"quicksort","Reverse",10000,52,172160,54000,true,true
"quicksort","Reverse",10000,53,172160,54000,true,true
"quicksort","Reverse",10000,54,172320,54100,true,true
"quicksort","Reverse",10000,55,172224,54000,true,true
"quicksort","Reverse",10000,56,182112,57100,true,true
"quicksort","Reverse",10000,57,171680,53900,true,true
"quicksort","Reverse",10000,58,171872,53900,true,true
"quicksort","Reverse",10000,59,172288,54000,true,true
"quicksort","Reverse",10000,60,172480,54100,true,true
"quicksort","Reverse",10000,61,175264,55000,true,true
"quicksort","Reverse",10000,62,172928,54300,true,true
"quicksort","Reverse",10000,63,172768,54200,true,true
"quicksort","Reverse",10000,64,172736,54200,true,true
"quicksort","Reverse",10000,65,173056,54200,true,true
"quicksort","Reverse",10000,66,172608,54100,true,true
"quicksort","Reverse",10000,67,172608,54100,true,true
"quicksort","Reverse",10000,68,172384,54100,true,true
"quicksort","Reverse",10000,69,172480,54100,true,true
"quicksort","Reverse",10000,70,172544,54100,true,true
"quicksort","Reverse",10000,71,172384,54100,true,true
"quicksort","Reverse",10000,72,172576,54100,true,true
"quicksort","Reverse",10000,73,172544,54100,true,true
"quicksort","Reverse",10000,74,172352,54100,true,true
"quicksort","Reverse",10000,75,172352,54000,true,true
"quicksort","Reverse",10000,76,172576,54100,true,true
"quicksort","Reverse",10000,77,199040,62400,true,true
"quicksort","Reverse",10000,78,171296,53700,true,true
"quicksort","Reverse",10000,79,170240,53600,true,true
"quicksort","Reverse",10000,80,170688,53500,true,true
"quicksort","Reverse",10000,81,170400,53500,true,true
"quicksort","Reverse",10000,82,170656,53500,true,true
"quicksort","Reverse",10000,83,170400,53400,true,true
"quicksort","Reverse",10000,84,170272,53400,true,true
"quicksort","Reverse",10000,85,178112,55800,true,true
"quicksort","Reverse",10000,86,173216,54400,true,true
"quicksort","Reverse",10000,87,172928,54200,true,true
"quicksort","Reverse",10000,88,172960,54300,true,true
"quicksort","Reverse",10000,89,172800,54200,true,true
"quicksort","Reverse",10000,90,172768,54200,true,true
"quicksort","Reverse",10000,91,172736,54200,true,true
"quicksort","Reverse",10000,92,172928,54200,true,true
"quicksort","Reverse",10000,93,172768,54200,true,true
"quicksort","Reverse",10000,94,200704,63000,true,true
"quicksort","Reverse",10000,95,171712,53900,true,true
"quicksort","Reverse",10000,96,172256,54000,true,true
"quicksort","Reverse",10000,97,172416,54000,true,true
"quicksort","Reverse",10000,98,172448,54000,true,true
"quicksort","Reverse",10000,99,172320,54100,true,true
"heap","Reverse",10000,0,1079232,338000,true,true
"heap","Reverse",10000,1,1107840,347000,true,true
"heap","Reverse",10000,2,1090784,341600,true,true
"heap","Reverse",10000,3,1080672,338500,true,true
"heap","Reverse",10000,4,1115520,349400,true,true
"heap","Reverse",10000,5,1077664,337500,true,true
"heap","Reverse",10000,6,1076640,337200,true,true
"heap","Reverse",10000,7,1108512,347200,true,true
"heap","Reverse",10000,8,1073056,336100,true,true
"heap","Reverse",10000,9,1086656,340400,true,true
"heap","Reverse",10000,10,1111520,348200,true,true
"heap","Reverse",10000,11,1071008,335500,true,true
"heap","Reverse",10000,12,1080288,338300,true,true
"heap","Reverse",10000,13,1101280,344900,true,true
"heap","Reverse",10000,14,1078304,337700,true,true
"heap","Reverse",10000,15,1077376,337400,true,true
"heap","Reverse",10000,16,1112928,348500,true,true
"heap","Reverse",10000,17,1073920,336300,true,true
"heap","Reverse",10000,18,1073792,336300,true,true
"heap","Reverse",10000,19,1167264,365600,true,true
"heap","Reverse",10000,20,1074784,336600,true,true
"heap","Reverse",10000,21,1081312,338600,true,true
"heap","Reverse",10000,22,1106112,346400,true,true
"heap","Reverse",10000,23,1071808,335600,true,true
"heap","Reverse",10000,24,1102784,345400,true,true
"heap","Reverse",10000,25,1079616,338100,true,true
"heap","Reverse",10000,26,1089888,341400,true,true
"heap","Reverse",10000,27,1109184,347400,true,true
"heap","Reverse",10000,28,1095136,343100,true,true
"heap","Reverse",10000,29,1108704,347300,true,true
"heap","Reverse",10000,30,1135072,355500,true,true
"heap","Reverse",10000,31,1097536,343700,true,true
"heap","Reverse",10000,32,1088416,340900,true,true
"heap","Reverse",10000,33,1113760,348800,true,true
"heap","Reverse",10000,34,1081280,338600,true,true
"heap","Reverse",10000,35,1076320,337100,true,true
"heap","Reverse",10000,36,1100512,344600,true,true
"heap","Reverse",10000,37,1085056,339800,true,true
"heap","Reverse",10000,38,1077344,337400,true,true
"heap","Reverse",10000,39,1099584,344400,true,true
"heap","Reverse",10000,40,1075680,336900,true,true
"heap","Reverse",10000,41,1071520,335500,true,true
"heap","Reverse",10000,42,1098336,344000,true,true
"heap","Reverse",10000,43,1078144,337600,true,true
"heap","Reverse",10000,44,1067744,334400,true,true
"heap","Reverse",10000,45,1101504,345000,true,true
"heap","Reverse",10000,46,1070720,335300,true,true
"heap","Reverse",10000,47,1094720,342900,true,true
"heap","Reverse",10000,48,1075392,336900,true,true
"heap","Reverse",10000,49,1077600,337500,true,true
"heap","Reverse",10000,50,1101792,345000,true,true
"heap","Reverse",10000,51,1069792,335100,true,true
"heap","Reverse",10000,52,1068032,334500,true,true
"heap","Reverse",10000,53,1092352,342200,true,true
"heap","Reverse",10000,54,1073664,336200,true,true
"heap","Reverse",10000,55,1075104,336700,true,true
"heap","Reverse",10000,56,1100768,344800,true,true
"heap","Reverse",10000,57,1063712,333100,true,true
"heap","Reverse",10000,58,1066016,333800,true,true
"heap","Reverse",10000,59,1098112,344000,true,true
"heap","Reverse",10000,60,1065088,333600,true,true
"heap","Reverse",10000,61,1070656,335400,true,true
"heap","Reverse",10000,62,1092768,342300,true,true
"heap","Reverse",10000,63,1072512,335900,true,true
"heap","Reverse",10000,64,1098016,343900,true,true
"heap","Reverse",10000,65,1120256,350900,true,true
"heap","Reverse",10000,66,1095328,343100,true,true
"heap","Reverse",10000,67,1090464,341500,true,true
"heap","Reverse",10000,68,1120352,351100,true,true
"heap","Reverse",10000,69,1095616,343200,true,true
"heap","Reverse",10000,70,1095680,343300,true,true
"heap","Reverse",10000,71,1109696,347600,true,true
"heap","Reverse",10000,72,1076064,337000,true,true
"heap","Reverse",10000,73,1106272,346400,true,true
"heap","Reverse",10000,74,1083648,339300,true,true
"heap","Reverse",10000,75,1093568,342500,true,true
"heap","Reverse",10000,76,1103360,345600,true,true
"heap","Reverse",10000,77,1108192,347100,true,true
"heap","Reverse",10000,78,1077472,337600,true,true
"heap","Reverse",10000,79,1109632,347500,true,true
"heap","Reverse",10000,80,1075008,336700,true,true
"heap","Reverse",10000,81,1081120,338600,true,true
"heap","Reverse",10000,82,1097696,343800,true,true
"heap","Reverse",10000,83,1074528,336500,true,true
"heap","Reverse",10000,84,1076128,337100,true,true
"heap","Reverse",10000,85,1102784,345400,true,true
"heap","Reverse",10000,86,1075872,336900,true,true
"heap","Reverse",10000,87,1083072,339200,true,true
"heap","Reverse",10000,88,1103168,345500,true,true
"heap","Reverse",10000,89,1078720,337800,true,true
"heap","Reverse",10000,90,1075616,336900,true,true
"heap","Reverse",10000,91,1101760,345000,true,true
"heap","Reverse",10000,92,1080000,338300,true,true
"heap","Reverse",10000,93,1081600,338700,true,true
"heap","Reverse",10000,94,1152448,360900,true,true
"heap","Reverse",10000,95,1071808,335700,true,true
"heap","Reverse",10000,96,1070304,335300,true,true
"heap","Reverse",10000,97,1124160,352100,true,true
"heap","Reverse",10000,98,1099520,344300,true,true
"heap","Reverse",10000,99,1125792,352700,true,true
"std-sort","Reverse",10000,0,99840,31400,true,true
"std-sort","Reverse",10000,1,99840,31300,true,true
"std-sort","Reverse",10000,2,99808,31300,true,true
"std-sort","Reverse",10000,3,99936,31300,true,true
"std-sort","Reverse",10000,4,99872,31400,true,true
"std-sort","Reverse",10000,5,99968,31400,true,true
"std-sort","Reverse",10000,6,129248,40500,true,true
"std-sort","Reverse",10000,7,100352,31500,true,true
"std-sort","Reverse",10000,8,99968,31400,true,true
"std-sort","Reverse",10000,9,100128,31500,true,true
"std-sort","Reverse",10000,10,99968,31400,true,true
"std-sort","Reverse",10000,11,100032,31400,true,true
"std-sort","Reverse",10000,12,100032,31400,true,true
"std-sort","Reverse",10000,13,100064,31500,true,true
"std-sort","Reverse",10000,14,100000,31400,true,true
"std-sort","Reverse",10000,15,99968,31400,true,true
"std-sort","Reverse",10000,16,99136,31200,true,true
"std-sort","Reverse",10000,17,97984,30800,true,true
"std-sort","Reverse",10000,18,108192,34000,true,true
"std-sort","Reverse",10000,19,99968,31400,true,true
"std-sort","Reverse",10000,20,100000,31300,true,true
"std-sort","Reverse",10000,21,100096,31500,true,true
"std-sort","Reverse",10000,22,99968,31400,true,true
"std-sort","Reverse",10000,23,99968,31400,true,true
"std-sort","Reverse",10000,24,100224,31400,true,true
"std-sort","Reverse",10000,25,100096,31400,true,true
"std-sort","Reverse",10000,26,100032,31400,true,true
"std-sort","Reverse",10000,27,100096,31400,true,true
"std-sort","Reverse",10000,28,100128,31400,true,true
"std-sort","Reverse",10000,29,100160,31500,true,true
"std-sort","Reverse",10000,30,100192,31500,true,true
"std-sort","Reverse",10000,31,100160,31400,true,true
"std-sort","Reverse",10000,32,100064,31400,true,true
"std-sort","Reverse",10000,33,100064,31400,true,true
"std-sort","Reverse",10000,34,127904,40200,true,true
"std-sort","Reverse",10000,35,99904,31400,true,true
"std-sort","Reverse",10000,36,99936,31400,true,true
"std-sort","Reverse",10000,37,99936,31400,true,true
"std-sort","Reverse",10000,38,100000,31400,true,true
"std-sort","Reverse",10000,39,100064,31400,true,true
"std-sort","Reverse",10000,40,99968,31300,true,true
"std-sort","Reverse",10000,41,99936,31400,true,true
"std-sort","Reverse",10000,42,99968,31400,true,true
"std-sort","Reverse",10000,43,100128,31400,true,true
"std-sort","Reverse",10000,44,99936,31400,true,true
"std-sort","Reverse",10000,45,100064,31400,true,true
"std-sort","Reverse",10000,46,99904,31400,true,true
"std-sort","Reverse",10000,47,100000,31400,true,true
"std-sort","Reverse",10000,48,100544,31600,true,true
"std-sort","Reverse",10000,49,100608,31700,true,true
"std-sort","Reverse",10000,50,100128,31400,true,true
"std-sort","Reverse",10000,51,100096,31400,true,true
"std-sort","Reverse",10000,52,100096,31500,true,true
"std-sort","Reverse",10000,53,99840,31300,true,true
"std-sort","Reverse",10000,54,100160,31400,true,true
"std-sort","Reverse",10000,55,100128,31400,true,true
"std-sort","Reverse",10000,56,100064,31400,true,true
"std-sort","Reverse",10000,57,100032,31400,true,true
"std-sort","Reverse",10000,58,100192,31400,true,true
"std-sort","Reverse",10000,59,100064,31400,true,true
"std-sort","Reverse",10000,60,128000,40200,true,true
"std-sort","Reverse",10000,61,99136,31100,true,true
"std-sort","Reverse",10000,62,99936,31400,true,true
"std-sort","Reverse",10000,63,100032,31600,true,true
"std-sort","Reverse",10000,64,99904,31300,true,true
"std-sort","Reverse",10000,65,100096,31400,true,true
"std-sort","Reverse",10000,66,100032,31400,true,true
"std-sort","Reverse",10000,67,99936,31300,true,true
"std-sort","Reverse",10000,68,100000,31400,true,true
"std-sort","Reverse",10000,69,100032,31400,true,true
"std-sort","Reverse",10000,70,99936,31300,true,true
"std-sort","Reverse",10000,71,100000,31400,true,true
"std-sort","Reverse",10000,72,108928,34200,true,true
"std-sort","Reverse",10000,73,99968,31400,true,true
"std-sort","Reverse",10000,74,99904,31400,true,true
"std-sort","Reverse",10000,75,99936,31500,true,true
"std-sort","Reverse",10000,76,100000,31400,true,true
"std-sort","Reverse",10000,77,100000,31400,true,true
"std-sort","Reverse",10000,78,99968,31400,true,true
"std-sort","Reverse",10000,79,100096,31400,true,true
"std-sort","Reverse",10000,80,99872,31300,true,true
"std-sort","Reverse",10000,81,100032,31400,true,true
"std-sort","Reverse",10000,82,99968,31400,true,true
"std-sort","Reverse",10000,83,112960,35500,true,true
"std-sort","Reverse",10000,84,99584,31300,true,true
"std-sort","Reverse",10000,85,99360,31200,true,true
"std-sort","Reverse",10000,86,99456,31200,true,true
"std-sort","Reverse",10000,87,99488,31300,true,true
"std-sort","Reverse",10000,88,126528,39700,true,true
"std-sort","Reverse",10000,89,99552,31300,true,true
"std-sort","Reverse",10000,90,99584,31200,true,true
"std-sort","Reverse",10000,91,99584,31200,true,true
"std-sort","Reverse",10000,92,99424,31200,true,true
"std-sort","Reverse",10000,93,99424,31200,true,true
"std-sort","Reverse",10000,94,99360,31200,true,true
"std-sort","Reverse",10000,95,99552,31300,true,true
"std-sort","Reverse",10000,96,99520,31300,true,true
"std-sort","Reverse",10000,97,99360,31200,true,true
"std-sort","Reverse",10000,98,99360,31200,true,true
"std-sort","Reverse",10000,99,99456,31200,true,true
"std-stable-sort","Reverse",10000,0,192576,60400,true,true
"std-stable-sort","Reverse",10000,1,192288,60300,true,true
"std-stable-sort","Reverse",10000,2,197440,61900,true,true
"std-stable-sort","Reverse",10000,3,192448,60300,true,true
"std-stable-sort","Reverse",10000,4,220384,69100,true,true
"std-stable-sort","Reverse",10000,5,192512,60400,true,true
"std-stable-sort","Reverse",10000,6,192704,60400,true,true
"std-stable-sort","Reverse",10000,7,192160,60300,true,true
"std-stable-sort","Reverse",10000,8,192864,60400,true,true
"std-stable-sort","Reverse",10000,9,192416,60400,true,true
"std-stable-sort","Reverse",10000,10,192512,60400,true,true
"std-stable-sort","Reverse",10000,11,192224,60200,true,true
"std-stable-sort","Reverse",10000,12,192544,60400,true,true
"std-stable-sort","Reverse",10000,13,192256,60200,true,true
"std-stable-sort","Reverse",10000,14,192448,60300,true,true
"std-stable-sort","Reverse",10000,15,192096,60200,true,true
"std-stable-sort","Reverse",10000,16,192608,60400,true,true
"std-stable-sort","Reverse",10000,17,192288,60200,true,true
"std-stable-sort","Reverse",10000,18,192608,60400,true,true
"std-stable-sort","Reverse",10000,19,219936,69000,true,true
"std-stable-sort","Reverse",10000,20,192672,60400,true,true
"std-stable-sort","Reverse",10000,21,192512,60400,true,true
"std-stable-sort","Reverse",10000,22,192608,60400,true,true
"std-stable-sort","Reverse",10000,23,192320,60300,true,true
"std-stable-sort","Reverse",10000,24,192672,60400,true,true
"std-stable-sort","Reverse",10000,25,192288,60300,true,true
"std-stable-sort","Reverse",10000,26,201408,63100,true,true
"std-stable-sort","Reverse",10000,27,192544,60500,true,true
"std-stable-sort","Reverse",10000,28,192576,60400,true,true
"std-stable-sort","Reverse",10000,29,192544,60400,true,true
"std-stable-sort","Reverse",10000,30,192576,60300,true,true
"std-stable-sort","Reverse",10000,31,192704,60400,true,true
"std-stable-sort","Reverse",10000,32,192512,60400,true,true
"std-stable-sort","Reverse",10000,33,192736,60400,true,true
"std-stable-sort","Reverse",10000,34,218464,68500,true,true
"std-stable-sort","Reverse",10000,35,192224,60300,true,true
"std-stable-sort","Reverse",10000,36,192736,60500,true,true
"std-stable-sort","Reverse",10000,37,192544,60300,true,true
"std-stable-sort","Reverse",10000,38,192352,60300,true,true
"std-stable-sort","Reverse",10000,39,192224,60300,true,true
"std-stable-sort","Reverse",10000,40,192448,60300,true,true
"std-stable-sort","Reverse",10000,41,192416,60400,true,true
"std-stable-sort","Reverse",10000,42,192448,60400,true,true
"std-stable-sort","Reverse",10000,43,192384,60400,true,true
"std-stable-sort","Reverse",10000,44,192704,60400,true,true
"std-stable-sort","Reverse",10000,45,192352,60300,true,true
"std-stable-sort","Reverse",10000,46,192896,60500,true,true
"std-stable-sort","Reverse",10000,47,192352,60300,true,true
"std-stable-sort","Reverse",10000,48,192608,60300,true,true
"std-stable-sort","Reverse",10000,49,218848,68600,true,true
"std-stable-sort","Reverse",10000,50,192896,60500,true,true
"std-stable-sort","Reverse",10000,51,192224,60300,true,true
"std-stable-sort","Reverse",10000,52,192512,60300,true,true
"std-stable-sort","Reverse",10000,53,192544,60300,true,true
"std-stable-sort","Reverse",10000,54,192672,60400,true,true
"std-stable-sort","Reverse",10000,55,192512,60400,true,true
"std-stable-sort","Reverse",10000,56,200096,62800,true,true
"std-stable-sort","Reverse",10000,57,192512,60400,true,true
"std-stable-sort","Reverse",10000,58,192736,60400,true,true
"std-stable-sort","Reverse",10000,59,192800,60500,true,true
"std-stable-sort","Reverse",10000,60,192672,60400,true,true
"std-stable-sort","Reverse",10000,61,192320,60300,true,true
"std-stable-sort","Reverse",10000,62,192576,60400,true,true
"std-stable-sort","Reverse",10000,63,192448,60300,true,true
"std-stable-sort","Reverse",10000,64,220480,69100,true,true
"std-stable-sort","Reverse",10000,65,197408,61900,true,true
"std-stable-sort","Reverse",10000,66,192160,60300,true,true
"std-stable-sort","Reverse",10000,67,192448,60300,true,true
"std-stable-sort","Reverse",10000,68,193152,60500,true,true
"std-stable-sort","Reverse",10000,69,192352,60300,true,true
"std-stable-sort","Reverse",10000,70,192544,60400,true,true
"std-stable-sort","Reverse",10000,71,192512,60300,true,true
"std-stable-sort","Reverse",10000,72,192672,60400,true,true
"std-stable-sort","Reverse",10000,73,192352,60300,true,true
"std-stable-sort","Reverse",10000,74,192480,60300,true,true
"std-stable-sort","Reverse",10000,75,192704,60400,true,true
"std-stable-sort","Reverse",10000,76,193408,60600,true,true
"std-stable-sort","Reverse",10000,77,192288,60300,true,true
"std-stable-sort","Reverse",10000,78,192544,60400,true,true
"std-stable-sort","Reverse",10000,79,192096,60300,true,true
"std-stable-sort","Reverse",10000,80,219456,68800,true,true
"std-stable-sort","Reverse",10000,81,192352,60300,true,true
"std-stable-sort","Reverse",10000,82,192640,60400,true,true
"std-stable-sort","Reverse",10000,83,192224,60200,true,true
"std-stable-sort","Reverse",10000,84,192992,60500,true,true
"std-stable-sort","Reverse",10000,85,192224,60300,true,true
"std-stable-sort","Reverse",10000,86,200992,63000,true,true
"std-stable-sort","Reverse",10000,87,189728,59400,true,true
"std-stable-sort","Reverse",10000,88,192672,60400,true,true
"std-stable-sort","Reverse",10000,89,1145152,358800,true,true
"std-stable-sort","Reverse",10000,90,1642368,514600,true,true
"std-stable-sort","Reverse",10000,91,1639936,514000,true,true
"std-stable-sort","Reverse",10000,92,269728,84700,true,true
"std-stable-sort","Reverse",10000,93,194528,61000,true,true
"std-stable-sort","Reverse",10000,94,194592,61000,true,true
"std-stable-sort","Reverse",10000,95,221312,69400,true,true
"std-stable-sort","Reverse",10000,96,203296,63700,true,true
"std-stable-sort","Reverse",10000,97,194784,61100,true,true
"std-stable-sort","Reverse",10000,98,194432,61000,true,true
"std-stable-sort","Reverse",10000,99,194784,61000,true,true
"bubble","Nearly Sorted",100,0,320,200,true,true
"bubble","Nearly Sorted",100,1,384,200,true,true
"bubble","Nearly Sorted",100,2,384,200,true,true
"bubble","Nearly Sorted",100,3,352,200,true,true
"bubble","Nearly Sorted",100,4,352,200,true,true
"bubble","Nearly Sorted",100,5,416,200,true,true
"bubble","Nearly Sorted",100,6,352,200,true,true
"bubble","Nearly Sorted",100,7,512,300,true,true
"bubble","Nearly Sorted",100,8,352,200,true,true
"bubble","Nearly Sorted",100,9,352,200,true,true
"bubble","Nearly Sorted",100,10,320,200,true,true
"bubble","Nearly Sorted",100,11,352,200,true,true
"bubble","Nearly Sorted",100,12,352,200,true,true
"bubble","Nearly Sorted",100,13,384,200,true,true
"bubble","Nearly Sorted",100,14,384,200,true,true
"bubble","Nearly Sorted",100,15,352,200,true,true
"bubble","Nearly Sorted",100,16,352,100,true,true
"bubble","Nearly Sorted",100,17,384,200,true,true
"bubble","Nearly Sorted",100,18,416,200,true,true
"bubble","Nearly Sorted",100,19,352,200,true,true
"bubble","Nearly Sorted",100,20,384,200,true,true
"bubble","Nearly Sorted",100,21,384,200,true,true
"bubble","Nearly Sorted",100,22,384,200,true,true
"bubble","Nearly Sorted",100,23,352,200,true,true
"bubble","Nearly Sorted",100,24,320,100,true,true
"bubble","Nearly Sorted",100,25,352,200,true,true
"bubble","Nearly Sorted",100,26,352,200,true,true
"bubble","Nearly Sorted",100,27,352,200,true,true
"bubble","Nearly Sorted",100,28,352,200,true,true
"bubble","Nearly Sorted",100,29,352,200,true,true
"bubble","Nearly Sorted",100,30,384,200,true,true
"bubble","Nearly Sorted",100,31,352,200,true,true
"bubble","Nearly Sorted",100,32,384,200,true,true
"bubble","Nearly Sorted",100,33,352,200,true,true
"bubble","Nearly Sorted",100,34,352,100,true,true
"bubble","Nearly Sorted",100,35,416,200,true,true
"bubble","Nearly Sorted",100,36,352,100,true,true
"bubble","Nearly Sorted",100,37,352,200,true,true
"bubble","Nearly Sorted",100,38,352,200,true,true
"bubble","Nearly Sorted",100,39,448,200,true,true
"bubble","Nearly Sorted",100,40,512,300,true,true
"bubble","Nearly Sorted",100,41,416,200,true,true
"bubble","Nearly Sorted",100,42,384,200,true,true
"bubble","Nearly Sorted",100,43,352,200,true,true
"bubble","Nearly Sorted",100,44,320,200,true,true
"bubble","Nearly Sorted",100,45,352,100,true,true
"bubble","Nearly Sorted",100,46,352,200,true,true
"bubble","Nearly Sorted",100,47,352,200,true,true
"bubble","Nearly Sorted",100,48,352,100,true,true
"bubble","Nearly Sorted",100,49,352,200,true,true
"bubble","Nearly Sorted",100,50,352,200,true,true
"bubble","Nearly Sorted",100,51,352,200,true,true
"bubble","Nearly Sorted",100,52,512,200,true,true
"bubble","Nearly Sorted",100,53,320,100,true,true
"bubble","Nearly Sorted",100,54,352,200,true,true
"bubble","Nearly Sorted",100,55,352,200,true,true
"bubble","Nearly Sorted",100,56,320,100,true,true
"bubble","Nearly Sorted",100,57,320,100,true,true
"bubble","Nearly Sorted",100,58,320,200,true,true
"bubble","Nearly Sorted",100,59,320,200,true,true
"bubble","Nearly Sorted",100,60,320,200,true,true
"bubble","Nearly Sorted",100,61,352,200,true,true
"bubble","Nearly Sorted",100,62,352,200,true,true
"bubble","Nearly Sorted",100,63,352,200,true,true
"bubble","Nearly Sorted",100,64,352,100,true,true
"bubble","Nearly Sorted",100,65,384,200,true,true
"bubble","Nearly Sorted",100,66,352,100,true,true
"bubble","Nearly Sorted",100,67,352,200,true,true
"bubble","Nearly Sorted",100,68,352,200,true,true
"bubble","Nearly Sorted",100,69,320,200,true,true
"bubble","Nearly Sorted",100,70,352,100,true,true
"bubble","Nearly Sorted",100,71,352,200,true,true
"bubble","Nearly Sorted",100,72,320,200,true,true
"bubble","Nearly Sorted",100,73,384,200,true,true
"bubble","Nearly Sorted",100,74,352,200,true,true
"bubble","Nearly Sorted",100,75,288,200,true,true
"bubble","Nearly Sorted",100,76,352,100,true,true
"bubble","Nearly Sorted",100,77,352,200,true,true
"bubble","Nearly Sorted",100,78,352,200,true,true
"bubble","Nearly Sorted",100,79,352,100,true,true
"bubble","Nearly Sorted",100,80,320,200,true,true
"bubble","Nearly Sorted",100,81,352,200,true,true
"bubble","Nearly Sorted",100,82,352,100,true,true
"bubble","Nearly Sorted",100,83,896,400,true,true
"bubble","Nearly Sorted",100,84,800,400,true,true
"bubble","Nearly Sorted",100,85,768,300,true,true
"bubble","Nearly Sorted",100,86,352,200,true,true
"bubble","Nearly Sorted",100,87,288,200,true,true
"bubble","Nearly Sorted",100,88,352,200,true,true
"bubble","Nearly Sorted",100,89,320,200,true,true
"bubble","Nearly Sorted",100,90,288,200,true,true
"bubble","Nearly Sorted",100,91,320,200,true,true
"bubble","Nearly Sorted",100,92,352,200,true,true
"bubble","Nearly Sorted",100,93,320,100,true,true
"bubble","Nearly Sorted",100,94,352,200,true,true
"bubble","Nearly Sorted",100,95,512,300,true,true
"bubble","Nearly Sorted",100,96,320,200,true,true
"bubble","Nearly Sorted",100,97,352,200,true,true
"bubble","Nearly Sorted",100,98,352,200,true,true
"bubble","Nearly Sorted",100,99,352,200,true,true
"insertion","Nearly Sorted",100,0,320,200,true,true
"insertion","Nearly Sorted",100,1,448,200,true,true
"insertion","Nearly Sorted",100,2,320,200,true,true
"insertion","Nearly Sorted",100,3,320,200,true,true
"insertion","Nearly Sorted",100,4,384,200,true,true
"insertion","Nearly Sorted",100,5,384,200,true,true
"insertion","Nearly Sorted",100,6,352,200,true,true
"insertion","Nearly Sorted",100,7,352,200,true,true
"insertion","Nearly Sorted",100,8,288,100,true,true
"insertion","Nearly Sorted",100,9,320,200,true,true
"insertion","Nearly Sorted",100,10,448,200,true,true
"insertion","Nearly Sorted",100,11,320,100,true,true
"insertion","Nearly Sorted",100,12,320,200,true,true
"insertion","Nearly Sorted",100,13,352,200,true,true
"insertion","Nearly Sorted",100,14,416,300,true,true
"insertion","Nearly Sorted",100,15,352,200,true,true
"insertion","Nearly Sorted",100,16,416,200,true,true
"insertion","Nearly Sorted",100,17,288,200,true,true
"insertion","Nearly Sorted",100,18,320,200,true,true
"insertion","Nearly Sorted",100,19,320,200,true,true
"insertion","Nearly Sorted",100,20,320,100,true,true
"insertion","Nearly Sorted",100,21,320,200,true,true
"insertion","Nearly Sorted",100,22,352,200,true,true
"insertion","Nearly Sorted",100,23,480,200,true,true
"insertion","Nearly Sorted",100,24,288,200,true,true
"insertion","Nearly Sorted",100,25,320,200,true,true
"insertion","Nearly Sorted",100,26,288,200,true,true
"insertion","Nearly Sorted",100,27,320,200,true,true
"insertion","Nearly Sorted",100,28,352,100,true,true
"insertion","Nearly Sorted",100,29,416,200,true,true
"insertion","Nearly Sorted",100,30,352,200,true,true
"insertion","Nearly Sorted",100,31,352,100,true,true
"insertion","Nearly Sorted",100,32,352,200,true,true
"insertion","Nearly Sorted",100,33,320,200,true,true
"insertion","Nearly Sorted",100,34,320,200,true,true
"insertion","Nearly Sorted",100,35,320,200,true,true
"insertion","Nearly Sorted",100,36,288,200,true,true
"insertion","Nearly Sorted",100,37,352,200,true,true
"insertion","Nearly Sorted",100,38,256,100,true,true
"insertion","Nearly Sorted",100,39,416,200,true,true
"insertion","Nearly Sorted",100,40,352,200,true,true
"insertion","Nearly Sorted",100,41,448,200,true,true
"insertion","Nearly Sorted",100,42,448,200,true,true
"insertion","Nearly Sorted",100,43,416,200,true,true
"insertion","Nearly Sorted",100,44,320,200,true,true
"insertion","Nearly Sorted",100,45,288,200,true,true
"insertion","Nearly Sorted",100,46,320,200,true,true
"insertion","Nearly Sorted",100,47,320,200,true,true
"insertion","Nearly Sorted",100,48,384,200,true,true
"insertion","Nearly Sorted",100,49,288,200,true,true
"insertion","Nearly Sorted",100,50,416,200,true,true
"insertion","Nearly Sorted",100,51,352,100,true,true
"insertion","Nearly Sorted",100,52,352,200,true,true
"insertion","Nearly Sorted",100,53,320,200,true,true
"insertion","Nearly Sorted",100,54,320,200,true,true
"insertion","Nearly Sorted",100,55,320,200,true,true
"insertion","Nearly Sorted",100,56,416,200,true,true
"insertion","Nearly Sorted",100,57,256,200,true,true
"insertion","Nearly Sorted",100,58,288,200,true,true
"insertion","Nearly Sorted",100,59,384,200,true,true
"insertion","Nearly Sorted",100,60,320,200,true,true
"insertion","Nearly Sorted",100,61,384,200,true,true
"insertion","Nearly Sorted",100,62,416,200,true,true
"insertion","Nearly Sorted",100,63,352,200,true,true
"insertion","Nearly Sorted",100,64,288,200,true,true
"insertion","Nearly Sorted",100,65,384,200,true,true
"insertion","Nearly Sorted",100,66,288,100,true,true
"insertion","Nearly Sorted",100,67,416,200,true,true
"insertion","Nearly Sorted",100,68,480,200,true,true
"insertion","Nearly Sorted",100,69,352,200,true,true
"insertion","Nearly Sorted",100,70,288,200,true,true
"insertion","Nearly Sorted",100,71,320,200,true,true
"insertion","Nearly Sorted",100,72,320,200,true,true
"insertion","Nearly Sorted",100,73,384,200,true,true
"insertion","Nearly Sorted",100,74,320,200,true,true
"insertion","Nearly Sorted",100,75,320,200,true,true
"insertion","Nearly Sorted",100,76,352,200,true,true
"insertion","Nearly Sorted",100,77,416,200,true,true
"insertion","Nearly Sorted",100,78,448,200,true,true
"insertion","Nearly Sorted",100,79,384,200,true,true
"insertion","Nearly Sorted",100,80,288,200,true,true
"insertion","Nearly Sorted",100,81,384,200,true,true
"insertion","Nearly Sorted",100,82,416,200,true,true
"insertion","Nearly Sorted",100,83,416,200,true,true
"insertion","Nearly Sorted",100,84,320,200,true,true
"insertion","Nearly Sorted",100,85,320,200,true,true
"insertion","Nearly Sorted",100,86,352,200,true,true
"insertion","Nearly Sorted",100,87,352,200,true,true
"insertion","Nearly Sorted",100,88,320,100,true,true
"insertion","Nearly Sorted",100,89,288,200,true,true
"insertion","Nearly Sorted",100,90,224,200,true,true
"insertion","Nearly Sorted",100,91,320,100,true,true
"insertion","Nearly Sorted",100,92,448,200,true,true
"insertion","Nearly Sorted",100,93,352,100,true,true
"insertion","Nearly Sorted",100,94,352,200,true,true
"insertion","Nearly Sorted",100,95,320,200,true,true
"insertion","Nearly Sorted",100,96,320,200,true,true
"insertion","Nearly Sorted",100,97,384,200,true,true
"insertion","Nearly Sorted",100,98,288,200,true,true
"insertion","Nearly Sorted",100,99,384,200,true,true
"selection","Nearly Sorted",100,0,5600,1800,true,true
"selection","Nearly Sorted",100,1,5728,1800,true,true
"selection","Nearly Sorted",100,2,5536,1800,true,true
"selection","Nearly Sorted",100,3,5504,1800,true,true
"selection","Nearly Sorted",100,4,5536,1800,true,true
"selection","Nearly Sorted",100,5,5504,1800,true,true
"selection","Nearly Sorted",100,6,5536,1800,true,true
"selection","Nearly Sorted",100,7,5440,1800,true,true
"selection","Nearly Sorted",100,8,5440,1800,true,true
"selection","Nearly Sorted",100,9,5472,1800,true,true
"selection","Nearly Sorted",100,10,5504,1800,true,true
"selection","Nearly Sorted",100,11,5408,1700,true,true
"selection","Nearly Sorted",100,12,5472,1800,true,true
"selection","Nearly Sorted",100,13,5376,1800,true,true
"selection","Nearly Sorted",100,14,5472,1800,true,true
"selection","Nearly Sorted",100,15,5376,1800,true,true
"selection","Nearly Sorted",100,16,5600,1900,true,true
"selection","Nearly Sorted",100,17,5504,1800,true,true
"selection","Nearly Sorted",100,18,5472,1700,true,true
"selection","Nearly Sorted",100,19,5440,1800,true,true
"selection","Nearly Sorted",100,20,5504,1800,true,true
"selection","Nearly Sorted",100,21,5440,1800,true,true
"selection","Nearly Sorted",100,22,5568,1800,true,true
"selection","Nearly Sorted",100,23,5344,1800,true,true
"selection","Nearly Sorted",100,24,5376,1800,true,true
"selection","Nearly Sorted",100,25,5376,1800,true,true
"selection","Nearly Sorted",100,26,5408,1800,true,true
"selection","Nearly Sorted",100,27,5376,1800,true,true
"selection","Nearly Sorted",100,28,5376,1800,true,true
"selection","Nearly Sorted",100,29,5440,1800,true,true
"selection","Nearly Sorted",100,30,5504,1800,true,true
"selection","Nearly Sorted",100,31,5440,1700,true,true
"selection","Nearly Sorted",100,32,5440,1800,true,true
"selection","Nearly Sorted",100,33,5376,1800,true,true
"selection","Nearly Sorted",100,34,5408,1800,true,true
"selection","Nearly Sorted",100,35,5376,1800,true,true
"selection","Nearly Sorted",100,36,5408,1800,true,true
"selection","Nearly Sorted",100,37,5376,1700,true,true
"selection","Nearly Sorted",100,38,5376,1700,true,true
"selection","Nearly Sorted",100,39,5376,1700,true,true
"selection","Nearly Sorted",100,40,5376,1700,true,true
"selection","Nearly Sorted",100,41,5440,1800,true,true
"selection","Nearly Sorted",100,42,5376,1800,true,true
"selection","Nearly Sorted",100,43,5408,1800,true,true
"selection","Nearly Sorted",100,44,5408,1800,true,true
"selection","Nearly Sorted",100,45,5408,1800,true,true
"selection","Nearly Sorted",100,46,5376,1800,true,true
"selection","Nearly Sorted",100,47,5408,1800,true,true
"selection","Nearly Sorted",100,48,5440,1800,true,true
"selection","Nearly Sorted",100,49,5408,1800,true,true
"selection","Nearly Sorted",100,50,5440,1800,true,true
"selection","Nearly Sorted",100,51,5376,1800,true,true
"selection","Nearly Sorted",100,52,5376,1800,true,true
"selection","Nearly Sorted",100,53,5344,1800,true,true
"selection","Nearly Sorted",100,54,5408,1800,true,true
"selection","Nearly Sorted",100,55,5376,1800,true,true
"selection","Nearly Sorted",100,56,5440,1800,true,true
"selection","Nearly Sorted",100,57,5344,1800,true,true
"selection","Nearly Sorted",100,58,5312,1800,true,true
"selection","Nearly Sorted",100,59,5344,1800,true,true
"selection","Nearly Sorted",100,60,5344,1700,true,true
"selection","Nearly Sorted",100,61,5344,1700,true,true
"selection","Nearly Sorted",100,62,5376,1700,true,true
"selection","Nearly Sorted",100,63,5408,1700,true,true
"selection","Nearly Sorted",100,64,5376,1700,true,true
"selection","Nearly Sorted",100,65,5408,1800,true,true
"selection","Nearly Sorted",100,66,5344,1800,true,true
"selection","Nearly Sorted",100,67,5472,1800,true,true
"selection","Nearly Sorted",100,68,5344,1800,true,true
"selection","Nearly Sorted",100,69,5440,1800,true,true
"selection","Nearly Sorted",100,70,5440,1800,true,true
"selection","Nearly Sorted",100,71,5376,1800,true,true
"selection","Nearly Sorted",100,72,5344,1800,true,true
"selection","Nearly Sorted",100,73,5440,1800,true,true
"selection","Nearly Sorted",100,74,5440,1800,true,true
"selection","Nearly Sorted",100,75,5344,1700,true,true
"selection","Nearly Sorted",100,76,5408,1800,true,true
"selection","Nearly Sorted",100,77,5376,1800,true,true
"selection","Nearly Sorted",100,78,5344,1800,true,true
"selection","Nearly Sorted",100,79,5344,1800,true,true
"selection","Nearly Sorted",100,80,5312,1800,true,true
"selection","Nearly Sorted",100,81,5408,1800,true,true
"selection","Nearly Sorted",100,82,5344,1700,true,true
"selection","Nearly Sorted",100,83,5376,1700,true,true
"selection","Nearly Sorted",100,84,5376,1700,true,true
"selection","Nearly Sorted",100,85,5408,1700,true,true
"selection","Nearly Sorted",100,86,5472,1800,true,true
"selection","Nearly Sorted",100,87,5376,1800,true,true
"selection","Nearly Sorted",100,88,5344,1800,true,true
"selection","Nearly Sorted",100,89,5472,1800,true,true
"selection","Nearly Sorted",100,90,5312,1800,true,true
"selection","Nearly Sorted",100,91,5344,1800,true,true
"selection","Nearly Sorted",100,92,5408,1800,true,true
"selection","Nearly Sorted",100,93,5344,1700,true,true
"selection","Nearly Sorted",100,94,5344,1700,true,true
"selection","Nearly Sorted",100,95,5376,1700,true,true
"selection","Nearly Sorted",100,96,5344,1700,true,true
"selection","Nearly Sorted",100,97,5376,1700,true,true
"selection","Nearly Sorted",100,98,5344,1700,true,true
"selection","Nearly Sorted",100,99,5344,1800,true,true
"merge","Nearly Sorted",100,0,2688,1000,true,true
"merge","Nearly Sorted",100,1,2656,900,true,true
"merge","Nearly Sorted",100,2,2656,1000,true,true
"merge","Nearly Sorted",100,3,2688,900,true,true
"merge","Nearly Sorted",100,4,2752,900,true,true
"merge","Nearly Sorted",100,5,2784,1000,true,true
"merge","Nearly Sorted",100,6,2560,900,true,true
"merge","Nearly Sorted",100,7,2688,900,true,true
"merge","Nearly Sorted",100,8,2752,900,true,true
"merge","Nearly Sorted",100,9,2592,900,true,true
"merge","Nearly Sorted",100,10,2720,900,true,true
"merge","Nearly Sorted",100,11,2624,900,true,true
"merge","Nearly Sorted",100,12,2592,900,true,true
"merge","Nearly Sorted",100,13,2624,900,true,true
"merge","Nearly Sorted",100,14,2720,1000,true,true
"merge","Nearly Sorted",100,15,2592,900,true,true
"merge","Nearly Sorted",100,16,2624,900,true,true
"merge","Nearly Sorted",100,17,2752,900,true,true
"merge","Nearly Sorted",100,18,2688,900,true,true
"merge","Nearly Sorted",100,19,2656,900,true,true
"merge","Nearly Sorted",100,20,2592,900,true,true
"merge","Nearly Sorted",100,21,2688,900,true,true
"merge","Nearly Sorted",100,22,2688,900,true,true
"merge","Nearly Sorted",100,23,2656,900,true,true
"merge","Nearly Sorted",100,24,2496,800,true,true
"merge","Nearly Sorted",100,25,2752,900,true,true
"merge","Nearly Sorted",100,26,2624,900,true,true
"merge","Nearly Sorted",100,27,2624,900,true,true
"merge","Nearly Sorted",100,28,2656,900,true,true
"merge","Nearly Sorted",100,29,2688,900,true,true
"merge","Nearly Sorted",100,30,2624,900,true,true
"merge","Nearly Sorted",100,31,2720,900,true,true
"merge","Nearly Sorted",100,32,2592,800,true,true
"merge","Nearly Sorted",100,33,2624,900,true,true
"merge","Nearly Sorted",100,34,2592,900,true,true
"merge","Nearly Sorted",100,35,2752,900,true,true
"merge","Nearly Sorted",100,36,2624,900,true,true
"merge","Nearly Sorted",100,37,2720,900,true,true
"merge","Nearly Sorted",100,38,2560,900,true,true
"merge","Nearly Sorted",100,39,2592,900,true,true
"merge","Nearly Sorted",100,40,2720,900,true,true
"merge","Nearly Sorted",100,41,2720,900,true,true
"merge","Nearly Sorted",100,42,2624,900,true,true
"merge","Nearly Sorted",100,43,2688,900,true,true
"merge","Nearly Sorted",100,44,2624,900,true,true
"merge","Nearly Sorted",100,45,2688,900,true,true
"merge","Nearly Sorted",100,46,2624,900,true,true
"merge","Nearly Sorted",100,47,2752,900,true,true
"merge","Nearly Sorted",100,48,2720,900,true,true
"merge","Nearly Sorted",100,49,2656,900,true,true
"merge","Nearly Sorted",100,50,2528,900,true,true
"merge","Nearly Sorted",100,51,2592,900,true,true
"merge","Nearly Sorted",100,52,2528,800,true,true
"merge","Nearly Sorted",100,53,2688,900,true,true
"merge","Nearly Sorted",100,54,2560,900,true,true
"merge","Nearly Sorted",100,55,2560,800,true,true
"merge","Nearly Sorted",100,56,2560,900,true,true
"merge","Nearly Sorted",100,57,2656,900,true,true
"merge","Nearly Sorted",100,58,2560,900,true,true
"merge","Nearly Sorted",100,59,2592,800,true,true
"merge","Nearly Sorted",100,60,2624,900,true,true
"merge","Nearly Sorted",100,61,2592,900,true,true
"merge","Nearly Sorted",100,62,2688,900,true,true
"merge","Nearly Sorted",100,63,2592,900,true,true
"merge","Nearly Sorted",100,64,2720,1000,true,true
"merge","Nearly Sorted",100,65,2528,900,true,true
"merge","Nearly Sorted",100,66,2560,900,true,true
"merge","Nearly Sorted",100,67,2784,900,true,true
"merge","Nearly Sorted",100,68,2592,800,true,true
"merge","Nearly Sorted",100,69,2752,900,true,true
"merge","Nearly Sorted",100,70,2752,900,true,true
"merge","Nearly Sorted",100,71,2688,900,true,true
"merge","Nearly Sorted",100,72,2592,900,true,true
"merge","Nearly Sorted",100,73,2624,900,true,true
"merge","Nearly Sorted",100,74,2592,900,true,true
"merge","Nearly Sorted",100,75,2656,900,true,true
"merge","Nearly Sorted",100,76,2624,900,true,true
"merge","Nearly Sorted",100,77,2560,900,true,true
"merge","Nearly Sorted",100,78,2656,900,true,true
"merge","Nearly Sorted",100,79,2624,900,true,true
"merge","Nearly Sorted",100,80,2656,900,true,true
"merge","Nearly Sorted",100,81,2592,900,true,true
"merge","Nearly Sorted",100,82,2560,900,true,true
"merge","Nearly Sorted",100,83,2592,800,true,true
"merge","Nearly Sorted",100,84,2560,900,true,true
"merge","Nearly Sorted",100,85,2592,900,true,true
"merge","Nearly Sorted",100,86,2720,1000,true,true
"merge","Nearly Sorted",100,87,2560,900,true,true
"merge","Nearly Sorted",100,88,2528,900,true,true
"merge","Nearly Sorted",100,89,2592,900,true,true
"merge","Nearly Sorted",100,90,2720,1000,true,true
"merge","Nearly Sorted",100,91,2560,900,true,true
"merge","Nearly Sorted",100,92,2656,900,true,true
"merge","Nearly Sorted",100,93,2528,800,true,true
"merge","Nearly Sorted",100,94,2816,1000,true,true
"merge","Nearly Sorted",100,95,2912,1000,true,true
"merge","Nearly Sorted",100,96,2784,900,true,true
"merge","Nearly Sorted",100,97,2656,900,true,true
"merge","Nearly Sorted",100,98,2784,900,true,true
"merge","Nearly Sorted",100,99,2688,900,true,true
"quicksort","Nearly Sorted",100,0,1632,600,true,true
"quicksort","Nearly Sorted",100,1,1600,500,true,true
"quicksort","Nearly Sorted",100,2,1536,500,true,true
"quicksort","Nearly Sorted",100,3,1280,500,true,true
"quicksort","Nearly Sorted",100,4,1600,600,true,true
"quicksort","Nearly Sorted",100,5,1440,500,true,true
"quicksort","Nearly Sorted",100,6,1248,500,true,true
"quicksort","Nearly Sorted",100,7,1728,600,true,true
"quicksort","Nearly Sorted",100,8,1344,500,true,true
"quicksort","Nearly Sorted",100,9,1504,500,true,true
"quicksort","Nearly Sorted",100,10,1312,500,true,true
"quicksort","Nearly Sorted",100,11,1248,500,true,true
"quicksort","Nearly Sorted",100,12,1472,600,true,true
"quicksort","Nearly Sorted",100,13,1312,500,true,true
"quicksort","Nearly Sorted",100,14,1408,500,true,true
"quicksort","Nearly Sorted",100,15,1184,400,true,true
"quicksort","Nearly Sorted",100,16,1376,500,true,true
"quicksort","Nearly Sorted",100,17,1344,500,true,true
"quicksort","Nearly Sorted",100,18,1216,500,true,true
"quicksort","Nearly Sorted",100,19,1216,500,true,true
"quicksort","Nearly Sorted",100,20,1216,500,true,true
"quicksort","Nearly Sorted",100,21,1216,500,true,true
"quicksort","Nearly Sorted",100,22,1184,500,true,true
"quicksort","Nearly Sorted",100,23,1120,400,true,true
"quicksort","Nearly Sorted",100,24,1120,400,true,true
"quicksort","Nearly Sorted",100,25,1152,500,true,true
"quicksort","Nearly Sorted",100,26,1248,500,true,true
"quicksort","Nearly Sorted",100,27,1248,500,true,true
"quicksort","Nearly Sorted",100,28,1216,500,true,true
"quicksort","Nearly Sorted",100,29,1120,500,true,true
"quicksort","Nearly Sorted",100,30,1184,400,true,true
"quicksort","Nearly Sorted",100,31,1280,500,true,true
"quicksort","Nearly Sorted",100,32,1248,500,true,true
"quicksort","Nearly Sorted",100,33,1184,500,true,true
"quicksort","Nearly Sorted",100,34,1152,400,true,true
"quicksort","Nearly Sorted",100,35,1248,400,true,true
"quicksort","Nearly Sorted",100,36,1216,400,true,true
"quicksort","Nearly Sorted",100,37,1184,400,true,true
"quicksort","Nearly Sorted",100,38,1120,400,true,true
"quicksort","Nearly Sorted",100,39,1312,500,true,true
"quicksort","Nearly Sorted",100,40,1184,400,true,true
"quicksort","Nearly Sorted",100,41,1120,500,true,true
"quicksort","Nearly Sorted",100,42,1120,400,true,true
"quicksort","Nearly Sorted",100,43,1216,400,true,true
"quicksort","Nearly Sorted",100,44,1088,500,true,true
"quicksort","Nearly Sorted",100,45,1120,400,true,true
"quicksort","Nearly Sorted",100,46,1376,500,true,true
"quicksort","Nearly Sorted",100,47,1056,400,true,true
"quicksort","Nearly Sorted",100,48,1152,400,true,true
"quicksort","Nearly Sorted",100,49,1120,400,true,true
"quicksort","Nearly Sorted",100,50,1088,400,true,true
"quicksort","Nearly Sorted",100,51,1120,400,true,true
"quicksort","Nearly Sorted",100,52,1120,500,true,true
"quicksort","Nearly Sorted",100,53,1088,400,true,true
"quicksort","Nearly Sorted",100,54,1056,400,true,true
"quicksort","Nearly Sorted",100,55,1376,500,true,true
"quicksort","Nearly Sorted",100,56,1280,400,true,true
"quicksort","Nearly Sorted",100,57,1056,400,true,true
"quicksort","Nearly Sorted",100,58,1280,500,true,true
"quicksort","Nearly Sorted",100,59,1248,500,true,true
"quicksort","Nearly Sorted",100,60,1152,500,true,true
"quicksort","Nearly Sorted",100,61,1120,400,true,true
"quicksort","Nearly Sorted",100,62,1152,400,true,true
"quicksort","Nearly Sorted",100,63,1376,500,true,true
"quicksort","Nearly Sorted",100,64,1216,500,true,true
"quicksort","Nearly Sorted",100,65,1216,500,true,true
"quicksort","Nearly Sorted",100,66,1216,400,true,true
"quicksort","Nearly Sorted",100,67,1120,400,true,true
"quicksort","Nearly Sorted",100,68,1120,400,true,true
"quicksort","Nearly Sorted",100,69,1088,400,true,true
"quicksort","Nearly Sorted",100,70,1152,400,true,true
"quicksort","Nearly Sorted",100,71,1184,400,true,true
"quicksort","Nearly Sorted",100,72,1056,400,true,true
"quicksort","Nearly Sorted",100,73,1408,500,true,true
"quicksort","Nearly Sorted",100,74,1216,400,true,true
"quicksort","Nearly Sorted",100,75,1184,400,true,true
"quicksort","Nearly Sorted",100,76,1248,500,true,true
"quicksort","Nearly Sorted",100,77,1280,400,true,true
"quicksort","Nearly Sorted",100,78,1376,500,true,true
"quicksort","Nearly Sorted",100,79,1216,500,true,true
"quicksort","Nearly Sorted",100,80,1056,400,true,true
"quicksort","Nearly Sorted",100,81,1120,400,true,true
"quicksort","Nearly Sorted",100,82,1120,400,true,true
"quicksort","Nearly Sorted",100,83,1120,400,true,true
"quicksort","Nearly Sorted",100,84,1056,500,true,true
"quicksort","Nearly Sorted",100,85,1184,400,true,true
"quicksort","Nearly Sorted",100,86,1184,400,true,true
"quicksort","Nearly Sorted",100,87,1248,400,true,true
"quicksort","Nearly Sorted",100,88,1088,400,true,true
"quicksort","Nearly Sorted",100,89,1280,500,true,true
"quicksort","Nearly Sorted",100,90,1280,500,true,true
"quicksort","Nearly Sorted",100,91,1216,400,true,true
"quicksort","Nearly Sorted",100,92,1152,400,true,true
"quicksort","Nearly Sorted",100,93,1184,400,true,true
"quicksort","Nearly Sorted",100,94,1344,500,true,true
"quicksort","Nearly Sorted",100,95,1792,600,true,true
"quicksort","Nearly Sorted",100,96,1472,500,true,true
"quicksort","Nearly Sorted",100,97,1472,600,true,true
"quicksort","Nearly Sorted",100,98,1216,500,true,true
"quicksort","Nearly Sorted",100,99,1280,400,true,true
"heap","Nearly Sorted",100,0,3232,1100,true,true
"heap","Nearly Sorted",100,1,3776,1300,true,true
"heap","Nearly Sorted",100,2,3616,1300,true,true
"heap","Nearly Sorted",100,3,3840,1300,true,true
"heap","Nearly Sorted",100,4,3968,1300,true,true
"heap","Nearly Sorted",100,5,3328,1200,true,true
"heap","Nearly Sorted",100,6,3008,1000,true,true
"heap","Nearly Sorted",100,7,3296,1100,true,true
"heap","Nearly Sorted",100,8,3072,1000,true,true
"heap","Nearly Sorted",100,9,3200,1000,true,true
"heap","Nearly Sorted",100,10,2848,900,true,true
"heap","Nearly Sorted",100,11,3552,1200,true,true
"heap","Nearly Sorted",100,12,3392,1100,true,true
"heap","Nearly Sorted",100,13,2944,1000,true,true
"heap","Nearly Sorted",100,14,3072,1100,true,true
"heap","Nearly Sorted",100,15,3488,1200,true,true
"heap","Nearly Sorted",100,16,3360,1100,true,true
"heap","Nearly Sorted",100,17,3232,1100,true,true
"heap","Nearly Sorted",100,18,3552,1200,true,true
"heap","Nearly Sorted",100,19,3168,1000,true,true
"heap","Nearly Sorted",100,20,2944,1000,true,true
"heap","Nearly Sorted",100,21,3520,1200,true,true
"heap","Nearly Sorted",100,22,3136,1100,true,true
"heap","Nearly Sorted",100,23,3200,1100,true,true
"heap","Nearly Sorted",100,24,3392,1100,true,true
"heap","Nearly Sorted",100,25,3104,1000,true,true
"heap","Nearly Sorted",100,26,2912,1000,true,true
"heap","Nearly Sorted",100,27,3072,1000,true,true
"heap","Nearly Sorted",100,28,2816,900,true,true
"heap","Nearly Sorted",100,29,3104,1000,true,true
"heap","Nearly Sorted",100,30,3232,1000,true,true
"heap","Nearly Sorted",100,31,2944,1000,true,true
"heap","Nearly Sorted",100,32,3040,1000,true,true
"heap","Nearly Sorted",100,33,2816,900,true,true
"heap","Nearly Sorted",100,34,3296,1100,true,true
"heap","Nearly Sorted",100,35,2976,1000,true,true
"heap","Nearly Sorted",100,36,2880,900,true,true
"heap","Nearly Sorted",100,37,3072,1000,true,true
"heap","Nearly Sorted",100,38,2688,900,true,true
"heap","Nearly Sorted",100,39,2848,1000,true,true
"heap","Nearly Sorted",100,40,3200,1100,true,true
"heap","Nearly Sorted",100,41,2784,1000,true,true
"heap","Nearly Sorted",100,42,3232,1100,true,true
"heap","Nearly Sorted",100,43,3200,1100,true,true
"heap","Nearly Sorted",100,44,2848,1000,true,true
"heap","Nearly Sorted",100,45,3264,1100,true,true
"heap","Nearly Sorted",100,46,2912,1000,true,true
"heap","Nearly Sorted",100,47,3104,1000,true,true
"heap","Nearly Sorted",100,48,3520,1100,true,true
"heap","Nearly Sorted",100,49,2848,900,true,true
"heap","Nearly Sorted",100,50,2752,900,true,true
"heap","Nearly Sorted",100,51,2592,900,true,true
"heap","Nearly Sorted",100,52,3008,1000,true,true
"heap","Nearly Sorted",100,53,2976,1000,true,true
"heap","Nearly Sorted",100,54,2848,900,true,true
"heap","Nearly Sorted",100,55,3328,1100,true,true
"heap","Nearly Sorted",100,56,3264,1100,true,true
"heap","Nearly Sorted",100,57,2784,900,true,true
"heap","Nearly Sorted",100,58,3008,1000,true,true
"heap","Nearly Sorted",100,59,3136,1100,true,true
"heap","Nearly Sorted",100,60,2880,1000,true,true
"heap","Nearly Sorted",100,61,3488,1200,true,true
"heap","Nearly Sorted",100,62,2592,900,true,true
"heap","Nearly Sorted",100,63,2976,1000,true,true
"heap","Nearly Sorted",100,64,3008,1000,true,true
"heap","Nearly Sorted",100,65,2720,1000,true,true
"heap","Nearly Sorted",100,66,2944,1000,true,true
"heap","Nearly Sorted",100,67,3680,1300,true,true
"heap","Nearly Sorted",100,68,3104,1100,true,true
"heap","Nearly Sorted",100,69,2720,900,true,true
"heap","Nearly Sorted",100,70,3136,1000,true,true
"heap","Nearly Sorted",100,71,3072,1000,true,true
"heap","Nearly Sorted",100,72,2592,900,true,true
"heap","Nearly Sorted",100,73,2944,1000,true,true
"heap","Nearly Sorted",100,74,3040,1000,true,true
"heap","Nearly Sorted",100,75,3072,1000,true,true
"heap","Nearly Sorted",100,76,2752,1000,true,true
"heap","Nearly Sorted",100,77,3040,1100,true,true
"heap","Nearly Sorted",100,78,3488,1200,true,true
"heap","Nearly Sorted",100,79,3040,1000,true,true
"heap","Nearly Sorted",100,80,2592,800,true,true
"heap","Nearly Sorted",100,81,3264,1100,true,true
"heap","Nearly Sorted",100,82,2784,1000,true,true
"heap","Nearly Sorted",100,83,2816,1000,true,true
"heap","Nearly Sorted",100,84,2912,1000,true,true
"heap","Nearly Sorted",100,85,2848,1000,true,true
"heap","Nearly Sorted",100,86,3136,1100,true,true
"heap","Nearly Sorted",100,87,2656,900,true,true
"heap","Nearly Sorted",100,88,2976,1000,true,true
"heap","Nearly Sorted",100,89,2880,1000,true,true
"heap","Nearly Sorted",100,90,2528,800,true,true
"heap","Nearly Sorted",100,91,3040,1100,true,true
"heap","Nearly Sorted",100,92,2720,900,true,true
"heap","Nearly Sorted",100,93,2688,900,true,true
"heap","Nearly Sorted",100,94,3136,1100,true,true
"heap","Nearly Sorted",100,95,2496,800,true,true
"heap","Nearly Sorted",100,96,3008,1000,true,true
"heap","Nearly Sorted",100,97,2816,1000,true,true
"heap","Nearly Sorted",100,98,2560,900,true,true
"heap","Nearly Sorted",100,99,3680,1300,true,true
"std-sort","Nearly Sorted",100,0,960,300,true,true
"std-sort","Nearly Sorted",100,1,864,400,true,true
"std-sort","Nearly Sorted",100,2,1184,500,true,true
"std-sort","Nearly Sorted",100,3,992,400,true,true
"std-sort","Nearly Sorted",100,4,896,400,true,true
"std-sort","Nearly Sorted",100,5,832,400,true,true
"std-sort","Nearly Sorted",100,6,1056,400,true,true
"std-sort","Nearly Sorted",100,7,928,300,true,true
"std-sort","Nearly Sorted",100,8,800,300,true,true
"std-sort","Nearly Sorted",100,9,928,400,true,true
"std-sort","Nearly Sorted",100,10,768,400,true,true
"std-sort","Nearly Sorted",100,11,896,400,true,true
"std-sort","Nearly Sorted",100,12,800,300,true,true
"std-sort","Nearly Sorted",100,13,736,300,true,true
"std-sort","Nearly Sorted",100,14,768,300,true,true
"std-sort","Nearly Sorted",100,15,1152,400,true,true
"std-sort","Nearly Sorted",100,16,800,300,true,true
"std-sort","Nearly Sorted",100,17,768,400,true,true
"std-sort","Nearly Sorted",100,18,960,400,true,true
"std-sort","Nearly Sorted",100,19,960,400,true,true
"std-sort","Nearly Sorted",100,20,800,300,true,true
"std-sort","Nearly Sorted",100,21,768,300,true,true
"std-sort","Nearly Sorted",100,22,864,400,true,true
"std-sort","Nearly Sorted",100,23,736,300,true,true
"std-sort","Nearly Sorted",100,24,896,300,true,true
"std-sort","Nearly Sorted",100,25,928,300,true,true
"std-sort","Nearly Sorted",100,26,864,300,true,true
"std-sort","Nearly Sorted",100,27,800,400,true,true
"std-sort","Nearly Sorted",100,28,736,300,true,true
"std-sort","Nearly Sorted",100,29,736,300,true,true
"std-sort","Nearly Sorted",100,30,960,400,true,true
"std-sort","Nearly Sorted",100,31,800,300,true,true
"std-sort","Nearly Sorted",100,32,800,300,true,true
"std-sort","Nearly Sorted",100,33,864,400,true,true
"std-sort","Nearly Sorted",100,34,896,400,true,true
"std-sort","Nearly Sorted",100,35,800,300,true,true
"std-sort","Nearly Sorted",100,36,800,300,true,true
"std-sort","Nearly Sorted",100,37,800,400,true,true
"std-sort","Nearly Sorted",100,38,832,300,true,true
"std-sort","Nearly Sorted",100,39,800,300,true,true
"std-sort","Nearly Sorted",100,40,736,300,true,true
"std-sort","Nearly Sorted",100,41,864,400,true,true
"std-sort","Nearly Sorted",100,42,864,300,true,true
"std-sort","Nearly Sorted",100,43,864,300,true,true
"std-sort","Nearly Sorted",100,44,832,300,true,true
"std-sort","Nearly Sorted",100,45,800,400,true,true
"std-sort","Nearly Sorted",100,46,800,400,true,true
"std-sort","Nearly Sorted",100,47,992,400,true,true
"std-sort","Nearly Sorted",100,48,832,400,true,true
"std-sort","Nearly Sorted",100,49,736,300,true,true
"std-sort","Nearly Sorted",100,50,832,400,true,true
"std-sort","Nearly Sorted",100,51,928,400,true,true
"std-sort","Nearly Sorted",100,52,800,400,true,true
"std-sort","Nearly Sorted",100,53,736,400,true,true
"std-sort","Nearly Sorted",100,54,800,300,true,true
"std-sort","Nearly Sorted",100,55,864,300,true,true
"std-sort","Nearly Sorted",100,56,736,300,true,true
"std-sort","Nearly Sorted",100,57,704,300,true,true
"std-sort","Nearly Sorted",100,58,832,300,true,true
"std-sort","Nearly Sorted",100,59,672,300,true,true
"std-sort","Nearly Sorted",100,60,832,300,true,true
"std-sort","Nearly Sorted",100,61,832,300,true,true
"std-sort","Nearly Sorted",100,62,800,400,true,true
"std-sort","Nearly Sorted",100,63,768,300,true,true
"std-sort","Nearly Sorted",100,64,864,300,true,true
"std-sort","Nearly Sorted",100,65,832,300,true,true
"std-sort","Nearly Sorted",100,66,768,300,true,true
"std-sort","Nearly Sorted",100,67,960,400,true,true
"std-sort","Nearly Sorted",100,68,864,400,true,true
"std-sort","Nearly Sorted",100,69,736,300,true,true
"std-sort","Nearly Sorted",100,70,864,300,true,true
"std-sort","Nearly Sorted",100,71,864,300,true,true
"std-sort","Nearly Sorted",100,72,768,400,true,true
"std-sort","Nearly Sorted",100,73,1024,400,true,true
"std-sort","Nearly Sorted",100,74,768,300,true,true
"std-sort","Nearly Sorted",100,75,832,300,true,true
"std-sort","Nearly Sorted",100,76,672,200,true,true
"std-sort","Nearly Sorted",100,77,800,300,true,true
"std-sort","Nearly Sorted",100,78,864,300,true,true
"std-sort","Nearly Sorted",100,79,864,400,true,true
"std-sort","Nearly Sorted",100,80,800,400,true,true
"std-sort","Nearly Sorted",100,81,896,300,true,true
"std-sort","Nearly Sorted",100,82,800,300,true,true
"std-sort","Nearly Sorted",100,83,832,400,true,true
"std-sort","Nearly Sorted",100,84,928,400,true,true
"std-sort","Nearly Sorted",100,85,896,400,true,true
"std-sort","Nearly Sorted",100,86,960,400,true,true
"std-sort","Nearly Sorted",100,87,800,300,true,true
"std-sort","Nearly Sorted",100,88,704,300,true,true
"std-sort","Nearly Sorted",100,89,832,300,true,true
"std-sort","Nearly Sorted",100,90,736,300,true,true
"std-sort","Nearly Sorted",100,91,800,300,true,true
"std-sort","Nearly Sorted",100,92,864,400,true,true
"std-sort","Nearly Sorted",100,93,800,300,true,true
"std-sort","Nearly Sorted",100,94,640,300,true,true
"std-sort","Nearly Sorted",100,95,704,300,true,true
"std-sort","Nearly Sorted",100,96,704,300,true,true
"std-sort","Nearly Sorted",100,97,11360,3600,true,true
"std-sort","Nearly Sorted",100,98,960,400,true,true
"std-sort","Nearly Sorted",100,99,736,300,true,true
"std-stable-sort","Nearly Sorted",100,0,1312,500,true,true
"std-stable-sort","Nearly Sorted",100,1,1216,400,true,true
"std-stable-sort","Nearly Sorted",100,2,1120,400,true,true
"std-stable-sort","Nearly Sorted",100,3,1312,500,true,true
"std-stable-sort","Nearly Sorted",100,4,1184,400,true,true
"std-stable-sort","Nearly Sorted",100,5,1184,500,true,true
"std-stable-sort","Nearly Sorted",100,6,1120,500,true,true
"std-stable-sort","Nearly Sorted",100,7,1184,500,true,true
"std-stable-sort","Nearly Sorted",100,8,1152,500,true,true
"std-stable-sort","Nearly Sorted",100,9,1856,700,true,true
"std-stable-sort","Nearly Sorted",100,10,1184,400,true,true
"std-stable-sort","Nearly Sorted",100,11,1216,400,true,true
"std-stable-sort","Nearly Sorted",100,12,1184,400,true,true
"std-stable-sort","Nearly Sorted",100,13,1216,400,true,true
"std-stable-sort","Nearly Sorted",100,14,1248,500,true,true
"std-stable-sort","Nearly Sorted",100,15,1184,500,true,true
"std-stable-sort","Nearly Sorted",100,16,1184,500,true,true
"std-stable-sort","Nearly Sorted",100,17,1248,500,true,true
"std-stable-sort","Nearly Sorted",100,18,1280,500,true,true
"std-stable-sort","Nearly Sorted",100,19,1216,500,true,true
"std-stable-sort","Nearly Sorted",100,20,1184,400,true,true
"std-stable-sort","Nearly Sorted",100,21,1152,400,true,true
"std-stable-sort","Nearly Sorted",100,22,1216,500,true,true
"std-stable-sort","Nearly Sorted",100,23,1184,500,true,true
"std-stable-sort","Nearly Sorted",100,24,1152,500,true,true
"std-stable-sort","Nearly Sorted",100,25,1184,500,true,true
"std-stable-sort","Nearly Sorted",100,26,1152,400,true,true
"std-stable-sort","Nearly Sorted",100,27,1152,400,true,true
"std-stable-sort","Nearly Sorted",100,28,1248,400,true,true
"std-stable-sort","Nearly Sorted",100,29,1152,400,true,true
"std-stable-sort","Nearly Sorted",100,30,1152,400,true,true
"std-stable-sort","Nearly Sorted",100,31,1184,400,true,true
"std-stable-sort","Nearly Sorted",100,32,1184,500,true,true
"std-stable-sort","Nearly Sorted",100,33,1248,400,true,true
"std-stable-sort","Nearly Sorted",100,34,1248,400,true,true
"std-stable-sort","Nearly Sorted",100,35,1216,500,true,true
"std-stable-sort","Nearly Sorted",100,36,1184,400,true,true
"std-stable-sort","Nearly Sorted",100,37,1216,400,true,true
"std-stable-sort","Nearly Sorted",100,38,1120,400,true,true
"std-stable-sort","Nearly Sorted",100,39,1184,400,true,true
"std-stable-sort","Nearly Sorted",100,40,1248,400,true,true
"std-stable-sort","Nearly Sorted",100,41,1152,400,true,true
"std-stable-sort","Nearly Sorted",100,42,1184,400,true,true
"std-stable-sort","Nearly Sorted",100,43,1184,500,true,true
"std-stable-sort","Nearly Sorted",100,44,1152,500,true,true
"std-stable-sort","Nearly Sorted",100,45,1152,500,true,true
"std-stable-sort","Nearly Sorted",100,46,1120,400,true,true
"std-stable-sort","Nearly Sorted",100,47,1184,500,true,true
"std-stable-sort","Nearly Sorted",100,48,1184,400,true,true
"std-stable-sort","Nearly Sorted",100,49,1152,400,true,true
"std-stable-sort","Nearly Sorted",100,50,1184,400,true,true
"std-stable-sort","Nearly Sorted",100,51,1184,400,true,true
"std-stable-sort","Nearly Sorted",100,52,1184,400,true,true
"std-stable-sort","Nearly Sorted",100,53,1120,400,true,true
"std-stable-sort","Nearly Sorted",100,54,1184,500,true,true
"std-stable-sort","Nearly Sorted",100,55,1216,500,true,true
"std-stable-sort","Nearly Sorted",100,56,1152,500,true,true
"std-stable-sort","Nearly Sorted",100,57,1152,500,true,true
"std-stable-sort","Nearly Sorted",100,58,1120,400,true,true
"std-stable-sort","Nearly Sorted",100,59,1152,400,true,true
"std-stable-sort","Nearly Sorted",100,60,1120,400,true,true
"std-stable-sort","Nearly Sorted",100,61,1184,500,true,true
"std-stable-sort","Nearly Sorted",100,62,1184,500,true,true
"std-stable-sort","Nearly Sorted",100,63,1152,500,true,true
"std-stable-sort","Nearly Sorted",100,64,1152,400,true,true
"std-stable-sort","Nearly Sorted",100,65,1216,500,true,true
"std-stable-sort","Nearly Sorted",100,66,1152,500,true,true
"std-stable-sort","Nearly Sorted",100,67,1152,500,true,true
"std-stable-sort","Nearly Sorted",100,68,1152,500,true,true
"std-stable-sort","Nearly Sorted",100,69,1216,500,true,true
"std-stable-sort","Nearly Sorted",100,70,1152,400,true,true
"std-stable-sort","Nearly Sorted",100,71,1184,400,true,true
"std-stable-sort","Nearly Sorted",100,72,1152,400,true,true
"std-stable-sort","Nearly Sorted",100,73,1184,400,true,true
"std-stable-sort","Nearly Sorted",100,74,1184,500,true,true
"std-stable-sort","Nearly Sorted",100,75,1152,400,true,true
"std-stable-sort","Nearly Sorted",100,76,1152,400,true,true
"std-stable-sort","Nearly Sorted",100,77,1184,500,true,true
"std-stable-sort","Nearly Sorted",100,78,1184,500,true,true
"std-stable-sort","Nearly Sorted",100,79,1120,500,true,true
"std-stable-sort","Nearly Sorted",100,80,1120,400,true,true
"std-stable-sort","Nearly Sorted",100,81,1152,400,true,true
"std-stable-sort","Nearly Sorted",100,82,1120,400,true,true
"std-stable-sort","Nearly Sorted",100,83,1120,400,true,true
"std-stable-sort","Nearly Sorted",100,84,1152,500,true,true
"std-stable-sort","Nearly Sorted",100,85,1152,400,true,true
"std-stable-sort","Nearly Sorted",100,86,1184,400,true,true
"std-stable-sort","Nearly Sorted",100,87,1184,400,true,true
"std-stable-sort","Nearly Sorted",100,88,1120,400,true,true
"std-stable-sort","Nearly Sorted",100,89,1152,400,true,true
"std-stable-sort","Nearly Sorted",100,90,1120,400,true,true
"std-stable-sort","Nearly Sorted",100,91,1184,500,true,true
"std-stable-sort","Nearly Sorted",100,92,1152,400,true,true
"std-stable-sort","Nearly Sorted",100,93,1184,400,true,true
"std-stable-sort","Nearly Sorted",100,94,1184,400,true,true
"std-stable-sort","Nearly Sorted",100,95,1120,400,true,true
"std-stable-sort","Nearly Sorted",100,96,1120,400,true,true
"std-stable-sort","Nearly Sorted",100,97,1152,500,true,true
"std-stable-sort","Nearly Sorted",100,98,1120,400,true,true
"std-stable-sort","Nearly Sorted",100,99,1120,400,true,true
"bubble","Nearly Sorted",500,0,1760,600,true,true
"bubble","Nearly Sorted",500,1,1792,600,true,true
"bubble","Nearly Sorted",500,2,1792,600,true,true
"bubble","Nearly Sorted",500,3,1728,600,true,true
"bubble","Nearly Sorted",500,4,1728,600,true,true
"bubble","Nearly Sorted",500,5,1728,600,true,true
"bubble","Nearly Sorted",500,6,2496,900,true,true
"bubble","Nearly Sorted",500,7,1792,600,true,true
"bubble","Nearly Sorted",500,8,1696,600,true,true
"bubble","Nearly Sorted",500,9,2528,900,true,true
"bubble","Nearly Sorted",500,10,2496,800,true,true
"bubble","Nearly Sorted",500,11,2496,900,true,true
"bubble","Nearly Sorted",500,12,2496,900,true,true
"bubble","Nearly Sorted",500,13,1728,600,true,true
"bubble","Nearly Sorted",500,14,2496,800,true,true
"bubble","Nearly Sorted",500,15,1760,600,true,true
"bubble","Nearly Sorted",500,16,2496,800,true,true
"bubble","Nearly Sorted",500,17,2464,900,true,true
"bubble","Nearly Sorted",500,18,2464,800,true,true
"bubble","Nearly Sorted",500,19,1760,600,true,true
"bubble","Nearly Sorted",500,20,1728,600,true,true
"bubble","Nearly Sorted",500,21,1728,600,true,true
"bubble","Nearly Sorted",500,22,2400,800,true,true
"bubble","Nearly Sorted",500,23,2464,800,true,true
"bubble","Nearly Sorted",500,24,1696,600,true,true
"bubble","Nearly Sorted",500,25,1728,600,true,true
"bubble","Nearly Sorted",500,26,2464,800,true,true
"bubble","Nearly Sorted",500,27,1696,600,true,true
"bubble","Nearly Sorted",500,28,1664,600,true,true
"bubble","Nearly Sorted",500,29,1760,600,true,true
"bubble","Nearly Sorted",500,30,1728,600,true,true
"bubble","Nearly Sorted",500,31,1728,600,true,true
"bubble","Nearly Sorted",500,32,1728,700,true,true
"bubble","Nearly Sorted",500,33,1728,700,true,true
"bubble","Nearly Sorted",500,34,1696,600,true,true
"bubble","Nearly Sorted",500,35,2464,900,true,true
"bubble","Nearly Sorted",500,36,1696,600,true,true
"bubble","Nearly Sorted",500,37,2496,900,true,true
"bubble","Nearly Sorted",500,38,1728,600,true,true
"bubble","Nearly Sorted",500,39,2496,800,true,true
"bubble","Nearly Sorted",500,40,2464,800,true,true
"bubble","Nearly Sorted",500,41,2432,900,true,true
"bubble","Nearly Sorted",500,42,2496,900,true,true
"bubble","Nearly Sorted",500,43,1760,700,true,true
"bubble","Nearly Sorted",500,44,2464,800,true,true
"bubble","Nearly Sorted",500,45,1760,600,true,true
"bubble","Nearly Sorted",500,46,2464,800,true,true
"bubble","Nearly Sorted",500,47,1696,600,true,true
"bubble","Nearly Sorted",500,48,1696,600,true,true
"bubble","Nearly Sorted",500,49,1728,600,true,true
"bubble","Nearly Sorted",500,50,2496,800,true,true
"bubble","Nearly Sorted",500,51,2464,900,true,true
"bubble","Nearly Sorted",500,52,1760,700,true,true
"bubble","Nearly Sorted",500,53,2432,800,true,true
"bubble","Nearly Sorted",500,54,2432,800,true,true
"bubble","Nearly Sorted",500,55,2560,900,true,true
"bubble","Nearly Sorted",500,56,1728,700,true,true
"bubble","Nearly Sorted",500,57,2400,800,true,true
"bubble","Nearly Sorted",500,58,2496,800,true,true
"bubble","Nearly Sorted",500,59,1728,600,true,true
"bubble","Nearly Sorted",500,60,1824,700,true,true
"bubble","Nearly Sorted",500,61,1760,700,true,true
"bubble","Nearly Sorted",500,62,1696,600,true,true
"bubble","Nearly Sorted",500,63,1728,700,true,true
"bubble","Nearly Sorted",500,64,2528,900,true,true
"bubble","Nearly Sorted",500,65,2432,800,true,true
"bubble","Nearly Sorted",500,66,1728,600,true,true
"bubble","Nearly Sorted",500,67,1696,600,true,true
"bubble","Nearly Sorted",500,68,3168,1000,true,true
"bubble","Nearly Sorted",500,69,2496,900,true,true
"bubble","Nearly Sorted",500,70,2464,900,true,true
"bubble","Nearly Sorted",500,71,1728,600,true,true
"bubble","Nearly Sorted",500,72,1696,600,true,true
"bubble","Nearly Sorted",500,73,1760,700,true,true
"bubble","Nearly Sorted",500,74,2432,800,true,true
"bubble","Nearly Sorted",500,75,1760,600,true,true
"bubble","Nearly Sorted",500,76,1696,600,true,true
"bubble","Nearly Sorted",500,77,1728,700,true,true
"bubble","Nearly Sorted",500,78,2464,900,true,true
"bubble","Nearly Sorted",500,79,1664,600,true,true
"bubble","Nearly Sorted",500,80,2432,900,true,true
"bubble","Nearly Sorted",500,81,1760,700,true,true
"bubble","Nearly Sorted",500,82,2432,900,true,true
"bubble","Nearly Sorted",500,83,2464,800,true,true
"bubble","Nearly Sorted",500,84,1792,600,true,true
"bubble","Nearly Sorted",500,85,2464,800,true,true
"bubble","Nearly Sorted",500,86,1792,600,true,true
"bubble","Nearly Sorted",500,87,2464,900,true,true
"bubble","Nearly Sorted",500,88,2464,900,true,true
"bubble","Nearly Sorted",500,89,1728,600,true,true
"bubble","Nearly Sorted",500,90,1728,600,true,true
"bubble","Nearly Sorted",500,91,1664,600,true,true
"bubble","Nearly Sorted",500,92,2464,900,true,true
"bubble","Nearly Sorted",500,93,1728,600,true,true
"bubble","Nearly Sorted",500,94,1728,700,true,true
"bubble","Nearly Sorted",500,95,2432,900,true,true
"bubble","Nearly Sorted",500,96,2464,800,true,true
"bubble","Nearly Sorted",500,97,1664,600,true,true
"bubble","Nearly Sorted",500,98,1696,600,true,true
"bubble","Nearly Sorted",500,99,1792,700,true,true
"insertion","Nearly Sorted",500,0,1824,600,true,true
"insertion","Nearly Sorted",500,1,1792,700,true,true
"insertion","Nearly Sorted",500,2,1760,600,true,true
"insertion","Nearly Sorted",500,3,1984,700,true,true
"insertion","Nearly Sorted",500,4,1760,600,true,true
"insertion","Nearly Sorted",500,5,1792,700,true,true
"insertion","Nearly Sorted",500,6,1632,600,true,true
"insertion","Nearly Sorted",500,7,1888,700,true,true
"insertion","Nearly Sorted",500,8,1728,700,true,true
"insertion","Nearly Sorted",500,9,1792,600,true,true
"insertion","Nearly Sorted",500,10,1728,600,true,true
"insertion","Nearly Sorted",500,11,1760,600,true,true
"insertion","Nearly Sorted",500,12,1824,600,true,true
"insertion","Nearly Sorted",500,13,1696,600,true,true
"insertion","Nearly Sorted",500,14,1952,700,true,true
"insertion","Nearly Sorted",500,15,1696,600,true,true
"insertion","Nearly Sorted",500,16,1792,600,true,true
"insertion","Nearly Sorted",500,17,1792,600,true,true
"insertion","Nearly Sorted",500,18,1856,700,true,true
"insertion","Nearly Sorted",500,19,1824,700,true,true
"insertion","Nearly Sorted",500,20,1792,600,true,true
"insertion","Nearly Sorted",500,21,1856,600,true,true
"insertion","Nearly Sorted",500,22,1664,600,true,true
"insertion","Nearly Sorted",500,23,1856,600,true,true
"insertion","Nearly Sorted",500,24,1696,600,true,true
"insertion","Nearly Sorted",500,25,1728,600,true,true
"insertion","Nearly Sorted",500,26,1792,600,true,true
"insertion","Nearly Sorted",500,27,1728,600,true,true
"insertion","Nearly Sorted",500,28,1696,600,true,true
"insertion","Nearly Sorted",500,29,1632,600,true,true
"insertion","Nearly Sorted",500,30,1984,700,true,true
"insertion","Nearly Sorted",500,31,1728,600,true,true
"insertion","Nearly Sorted",500,32,1792,600,true,true
"insertion","Nearly Sorted",500,33,1632,600,true,true
"insertion","Nearly Sorted",500,34,1696,600,true,true
"insertion","Nearly Sorted",500,35,1664,600,true,true
"insertion","Nearly Sorted",500,36,1632,600,true,true
"insertion","Nearly Sorted",500,37,1856,700,true,true
"insertion","Nearly Sorted",500,38,1792,700,true,true
"insertion","Nearly Sorted",500,39,1856,700,true,true
"insertion","Nearly Sorted",500,40,1760,600,true,true
"insertion","Nearly Sorted",500,41,1824,600,true,true
"insertion","Nearly Sorted",500,42,1760,600,true,true
"insertion","Nearly Sorted",500,43,2016,700,true,true
"insertion","Nearly Sorted",500,44,1824,600,true,true
"insertion","Nearly Sorted",500,45,1824,600,true,true
"insertion","Nearly Sorted",500,46,1792,600,true,true
"insertion","Nearly Sorted",500,47,1824,700,true,true
"insertion","Nearly Sorted",500,48,1856,700,true,true
"insertion","Nearly Sorted",500,49,1728,600,true,true
"insertion","Nearly Sorted",500,50,1760,600,true,true
"insertion","Nearly Sorted",500,51,1824,700,true,true
"insertion","Nearly Sorted",500,52,1760,600,true,true
"insertion","Nearly Sorted",500,53,1920,700,true,true
"insertion","Nearly Sorted",500,54,1632,500,true,true
"insertion","Nearly Sorted",500,55,1760,700,true,true
"insertion","Nearly Sorted",500,56,1664,600,true,true
"insertion","Nearly Sorted",500,57,1920,600,true,true
"insertion","Nearly Sorted",500,58,1760,600,true,true
"insertion","Nearly Sorted",500,59,1792,600,true,true
"insertion","Nearly Sorted",500,60,1728,600,true,true
"insertion","Nearly Sorted",500,61,1760,600,true,true
"insertion","Nearly Sorted",500,62,1760,600,true,true
"insertion","Nearly Sorted",500,63,1856,600,true,true
"insertion","Nearly Sorted",500,64,1792,600,true,true
"insertion","Nearly Sorted",500,65,1824,600,true,true
"insertion","Nearly Sorted",500,66,1696,600,true,true
"insertion","Nearly Sorted",500,67,1728,600,true,true
"insertion","Nearly Sorted",500,68,1792,600,true,true
"insertion","Nearly Sorted",500,69,1824,600,true,true
"insertion","Nearly Sorted",500,70,1664,600,true,true
"insertion","Nearly Sorted",500,71,2016,700,true,true
"insertion","Nearly Sorted",500,72,1888,600,true,true
"insertion","Nearly Sorted",500,73,1728,600,true,true
"insertion","Nearly Sorted",500,74,1728,600,true,true
"insertion","Nearly Sorted",500,75,1888,700,true,true
"insertion","Nearly Sorted",500,76,1760,700,true,true
"insertion","Nearly Sorted",500,77,1728,700,true,true
"insertion","Nearly Sorted",500,78,1696,600,true,true
"insertion","Nearly Sorted",500,79,1728,600,true,true
"insertion","Nearly Sorted",500,80,1920,700,true,true
"insertion","Nearly Sorted",500,81,1760,600,true,true
"insertion","Nearly Sorted",500,82,2048,700,true,true
"insertion","Nearly Sorted",500,83,1856,700,true,true
"insertion","Nearly Sorted",500,84,1728,600,true,true
"insertion","Nearly Sorted",500,85,1792,600,true,true
"insertion","Nearly Sorted",500,86,1856,600,true,true
"insertion","Nearly Sorted",500,87,1792,700,true,true
"insertion","Nearly Sorted",500,88,1632,600,true,true
"insertion","Nearly Sorted",500,89,1760,600,true,true
"insertion","Nearly Sorted",500,90,1760,600,true,true
"insertion","Nearly Sorted",500,91,1632,600,true,true
"insertion","Nearly Sorted",500,92,1760,600,true,true
"insertion","Nearly Sorted",500,93,1792,600,true,true
"insertion","Nearly Sorted",500,94,1792,600,true,true
"insertion","Nearly Sorted",500,95,1760,600,true,true
"insertion","Nearly Sorted",500,96,1696,600,true,true
"insertion","Nearly Sorted",500,97,1568,500,true,true
"insertion","Nearly Sorted",500,98,1760,700,true,true
"insertion","Nearly Sorted",500,99,1760,600,true,true
"selection","Nearly Sorted",500,0,118528,37200,true,true
"selection","Nearly Sorted",500,1,118880,37300,true,true
"selection","Nearly Sorted",500,2,118464,37200,true,true
"selection","Nearly Sorted",500,3,118368,37100,true,true
"selection","Nearly Sorted",500,4,118304,37100,true,true
"selection","Nearly Sorted",500,5,118496,37200,true,true
"selection","Nearly Sorted",500,6,118368,37100,true,true
"selection","Nearly Sorted",500,7,118400,37200,true,true
"selection","Nearly Sorted",500,8,118272,37100,true,true
"selection","Nearly Sorted",500,9,118368,37100,true,true
"selection","Nearly Sorted",500,10,118336,37100,true,true
"selection","Nearly Sorted",500,11,126176,39600,true,true
"selection","Nearly Sorted",500,12,118336,37100,true,true
"selection","Nearly Sorted",500,13,118240,37100,true,true
"selection","Nearly Sorted",500,14,118176,37100,true,true
"selection","Nearly Sorted",500,15,118272,37100,true,true
"selection","Nearly Sorted",500,16,118240,37100,true,true
"selection","Nearly Sorted",500,17,118400,37100,true,true
"selection","Nearly Sorted",500,18,143328,45000,true,true
"selection","Nearly Sorted",500,19,118400,37100,true,true
"selection","Nearly Sorted",500,20,118240,37100,true,true
"selection","Nearly Sorted",500,21,118400,37100,true,true
"selection","Nearly Sorted",500,22,118208,37100,true,true
"selection","Nearly Sorted",500,23,118240,37100,true,true
"selection","Nearly Sorted",500,24,118144,37100,true,true
"selection","Nearly Sorted",500,25,118208,37100,true,true
"selection","Nearly Sorted",500,26,118304,37100,true,true
"selection","Nearly Sorted",500,27,118496,37200,true,true
"selection","Nearly Sorted",500,28,118208,37100,true,true
"selection","Nearly Sorted",500,29,118240,37100,true,true
"selection","Nearly Sorted",500,30,118400,37200,true,true
"selection","Nearly Sorted",500,31,118304,37100,true,true
"selection","Nearly Sorted",500,32,118624,37300,true,true
"selection","Nearly Sorted",500,33,118496,37200,true,true
"selection","Nearly Sorted",500,34,118240,37100,true,true
"selection","Nearly Sorted",500,35,118592,37200,true,true
"selection","Nearly Sorted",500,36,118432,37200,true,true
"selection","Nearly Sorted",500,37,118400,37100,true,true
"selection","Nearly Sorted",500,38,118208,37100,true,true
"selection","Nearly Sorted",500,39,118368,37200,true,true
"selection","Nearly Sorted",500,40,118496,37100,true,true
"selection","Nearly Sorted",500,41,118464,37200,true,true
"selection","Nearly Sorted",500,42,118336,37200,true,true
"selection","Nearly Sorted",500,43,118400,37200,true,true
"selection","Nearly Sorted",500,44,143360,45000,true,true
"selection","Nearly Sorted",500,45,118464,37100,true,true
"selection","Nearly Sorted",500,46,118304,37200,true,true
"selection","Nearly Sorted",500,47,118432,37200,true,true
"selection","Nearly Sorted",500,48,118528,37100,true,true
"selection","Nearly Sorted",500,49,118400,37200,true,true
"selection","Nearly Sorted",500,50,118336,37200,true,true
"selection","Nearly Sorted",500,51,118464,37200,true,true
"selection","Nearly Sorted",500,52,118400,37100,true,true
"selection","Nearly Sorted",500,53,118496,37200,true,true
"selection","Nearly Sorted",500,54,118368,37200,true,true
"selection","Nearly Sorted",500,55,118272,37100,true,true
"selection","Nearly Sorted",500,56,118336,37100,true,true
"selection","Nearly Sorted",500,57,118304,37100,true,true
"selection","Nearly Sorted",500,58,118176,37100,true,true
"selection","Nearly Sorted",500,59,118368,37200,true,true
"selection","Nearly Sorted",500,60,118464,37200,true,true
"selection","Nearly Sorted",500,61,118432,37100,true,true
"selection","Nearly Sorted",500,62,128192,40200,true,true
"selection","Nearly Sorted",500,63,118208,37100,true,true
"selection","Nearly Sorted",500,64,118336,37100,true,true
"selection","Nearly Sorted",500,65,118368,37100,true,true
"selection","Nearly Sorted",500,66,118368,37100,true,true
"selection","Nearly Sorted",500,67,118208,37100,true,true
"selection","Nearly Sorted",500,68,118528,37200,true,true
"selection","Nearly Sorted",500,69,118368,37200,true,true
"selection","Nearly Sorted",500,70,143616,45100,true,true
"selection","Nearly Sorted",500,71,118304,37100,true,true
"selection","Nearly Sorted",500,72,118560,37200,true,true
"selection","Nearly Sorted",500,73,118528,37100,true,true
"selection","Nearly Sorted",500,74,118336,37100,true,true
"selection","Nearly Sorted",500,75,118400,37200,true,true
"selection","Nearly Sorted",500,76,118432,37100,true,true
"selection","Nearly Sorted",500,77,118336,37100,true,true
"selection","Nearly Sorted",500,78,118464,37200,true,true
"selection","Nearly Sorted",500,79,118464,37200,true,true
"selection","Nearly Sorted",500,80,118432,37100,true,true
"selection","Nearly Sorted",500,81,118368,37100,true,true
"selection","Nearly Sorted",500,82,118400,37200,true,true
"selection","Nearly Sorted",500,83,118528,37200,true,true
"selection","Nearly Sorted",500,84,118400,37200,true,true
"selection","Nearly Sorted",500,85,118496,37200,true,true
"selection","Nearly Sorted",500,86,118464,37100,true,true
"selection","Nearly Sorted",500,87,118560,37200,true,true
"selection","Nearly Sorted",500,88,118240,37100,true,true
"selection","Nearly Sorted",500,89,118656,37200,true,true
"selection","Nearly Sorted",500,90,118496,37200,true,true
"selection","Nearly Sorted",500,91,118400,37200,true,true
"selection","Nearly Sorted",500,92,118560,37200,true,true
"selection","Nearly Sorted",500,93,118624,37200,true,true
"selection","Nearly Sorted",500,94,118720,37200,true,true
"selection","Nearly Sorted",500,95,141888,44500,true,true
"selection","Nearly Sorted",500,96,118496,37200,true,true
"selection","Nearly Sorted",500,97,118336,37100,true,true
"selection","Nearly Sorted",500,98,118464,37100,true,true
"selection","Nearly Sorted",500,99,118368,37200,true,true
"merge","Nearly Sorted",500,0,13088,4100,true,true
"merge","Nearly Sorted",500,1,13152,4200,true,true
"merge","Nearly Sorted",500,2,13312,4200,true,true
"merge","Nearly Sorted",500,3,13120,4200,true,true
"merge","Nearly Sorted",500,4,12992,4100,true,true
"merge","Nearly Sorted",500,5,13216,4200,true,true
"merge","Nearly Sorted",500,6,13024,4100,true,true
"merge","Nearly Sorted",500,7,13088,4100,true,true
"merge","Nearly Sorted",500,8,12864,4100,true,true
"merge","Nearly Sorted",500,9,13056,4200,true,true
"merge","Nearly Sorted",500,10,13152,4200,true,true
"merge","Nearly Sorted",500,11,13248,4200,true,true
"merge","Nearly Sorted",500,12,13312,4200,true,true
"merge","Nearly Sorted",500,13,12992,4200,true,true
"merge","Nearly Sorted",500,14,12960,4100,true,true
"merge","Nearly Sorted",500,15,13248,4200,true,true
"merge","Nearly Sorted",500,16,12928,4100,true,true
"merge","Nearly Sorted",500,17,13120,4200,true,true
"merge","Nearly Sorted",500,18,13088,4200,true,true
"merge","Nearly Sorted",500,19,13024,4100,true,true
"merge","Nearly Sorted",500,20,12960,4200,true,true
"merge","Nearly Sorted",500,21,12896,4100,true,true
"merge","Nearly Sorted",500,22,12864,4200,true,true
"merge","Nearly Sorted",500,23,13120,4200,true,true
"merge","Nearly Sorted",500,24,12864,4100,true,true
"merge","Nearly Sorted",500,25,13024,4100,true,true
"merge","Nearly Sorted",500,26,19168,6100,true,true
"merge","Nearly Sorted",500,27,13056,4200,true,true
"merge","Nearly Sorted",500,28,13088,4200,true,true
"merge","Nearly Sorted",500,29,13184,4200,true,true
"merge","Nearly Sorted",500,30,12992,4100,true,true
"merge","Nearly Sorted",500,31,12832,4100,true,true
"merge","Nearly Sorted",500,32,12992,4100,true,true
"merge","Nearly Sorted",500,33,12992,4100,true,true
"merge","Nearly Sorted",500,34,13088,4200,true,true
"merge","Nearly Sorted",500,35,12864,4200,true,true
"merge","Nearly Sorted",500,36,13024,4200,true,true
"merge","Nearly Sorted",500,37,13312,4200,true,true
"merge","Nearly Sorted",500,38,12928,4100,true,true
"merge","Nearly Sorted",500,39,12928,4100,true,true
"merge","Nearly Sorted",500,40,12832,4100,true,true
"merge","Nearly Sorted",500,41,12864,4100,true,true
"merge","Nearly Sorted",500,42,13088,4200,true,true
"merge","Nearly Sorted",500,43,13024,4100,true,true
"merge","Nearly Sorted",500,44,12928,4100,true,true
"merge","Nearly Sorted",500,45,13120,4200,true,true
"merge","Nearly Sorted",500,46,13216,4200,true,true
"merge","Nearly Sorted",500,47,12832,4100,true,true
"merge","Nearly Sorted",500,48,12992,4200,true,true
"merge","Nearly Sorted",500,49,12800,4000,true,true
"merge","Nearly Sorted",500,50,12768,4100,true,true
"merge","Nearly Sorted",500,51,13024,4100,true,true
"merge","Nearly Sorted",500,52,12832,4100,true,true
"merge","Nearly Sorted",500,53,13120,4200,true,true
"merge","Nearly Sorted",500,54,13056,4200,true,true
"merge","Nearly Sorted",500,55,12864,4100,true,true
"merge","Nearly Sorted",500,56,13024,4200,true,true
"merge","Nearly Sorted",500,57,12896,4100,true,true
"merge","Nearly Sorted",500,58,13024,4200,true,true
"merge","Nearly Sorted",500,59,13056,4200,true,true
"merge","Nearly Sorted",500,60,12960,4100,true,true
"merge","Nearly Sorted",500,61,13152,4200,true,true
"merge","Nearly Sorted",500,62,12864,4100,true,true
"merge","Nearly Sorted",500,63,12736,4100,true,true
"merge","Nearly Sorted",500,64,12992,4200,true,true
"merge","Nearly Sorted",500,65,13024,4200,true,true
"merge","Nearly Sorted",500,66,13216,4300,true,true
"merge","Nearly Sorted",500,67,12960,4200,true,true
"merge","Nearly Sorted",500,68,12832,4100,true,true
"merge","Nearly Sorted",500,69,13056,4200,true,true
"merge","Nearly Sorted",500,70,12672,4100,true,true
"merge","Nearly Sorted",500,71,13120,4100,true,true
"merge","Nearly Sorted",500,72,12960,4200,true,true
"merge","Nearly Sorted",500,73,13120,4200,true,true
"merge","Nearly Sorted",500,74,13056,4200,true,true
"merge","Nearly Sorted",500,75,13120,4200,true,true
"merge","Nearly Sorted",500,76,12832,4100,true,true
"merge","Nearly Sorted",500,77,12928,4100,true,true
"merge","Nearly Sorted",500,78,13056,4100,true,true
"merge","Nearly Sorted",500,79,12896,4100,true,true
"merge","Nearly Sorted",500,80,12992,4100,true,true
"merge","Nearly Sorted",500,81,12800,4100,true,true
"merge","Nearly Sorted",500,82,12960,4100,true,true
"merge","Nearly Sorted",500,83,12832,4100,true,true
"merge","Nearly Sorted",500,84,12928,4200,true,true
"merge","Nearly Sorted",500,85,12928,4200,true,true
"merge","Nearly Sorted",500,86,12928,4200,true,true
"merge","Nearly Sorted",500,87,13056,4200,true,true
"merge","Nearly Sorted",500,88,12992,4100,true,true
"merge","Nearly Sorted",500,89,12896,4100,true,true
"merge","Nearly Sorted",500,90,13120,4200,true,true
"merge","Nearly Sorted",500,91,12928,4100,true,true
"merge","Nearly Sorted",500,92,12864,4200,true,true
"merge","Nearly Sorted",500,93,13088,4200,true,true
"merge","Nearly Sorted",500,94,12896,4100,true,true
"merge","Nearly Sorted",500,95,12896,4100,true,true
"merge","Nearly Sorted",500,96,12864,4100,true,true
"merge","Nearly Sorted",500,97,12832,4100,true,true
"merge","Nearly Sorted",500,98,12992,4100,true,true
"merge","Nearly Sorted",500,99,12896,4100,true,true
"quicksort","Nearly Sorted",500,0,8224,2700,true,true
"quicksort","Nearly Sorted",500,1,8096,2600,true,true
"quicksort","Nearly Sorted",500,2,8160,2600,true,true
"quicksort","Nearly Sorted",500,3,8000,2600,true,true
"quicksort","Nearly Sorted",500,4,8160,2600,true,true
"quicksort","Nearly Sorted",500,5,7776,2500,true,true
"quicksort","Nearly Sorted",500,6,8032,2600,true,true
"quicksort","Nearly Sorted",500,7,8064,2600,true,true
"quicksort","Nearly Sorted",500,8,8032,2600,true,true
"quicksort","Nearly Sorted",500,9,8160,2700,true,true
"quicksort","Nearly Sorted",500,10,8000,2500,true,true
"quicksort","Nearly Sorted",500,11,7936,2600,true,true
"quicksort","Nearly Sorted",500,12,9184,3000,true,true
"quicksort","Nearly Sorted",500,13,7712,2500,true,true
"quicksort","Nearly Sorted",500,14,7904,2500,true,true
"quicksort","Nearly Sorted",500,15,8736,2800,true,true
"quicksort","Nearly Sorted",500,16,8160,2600,true,true
"quicksort","Nearly Sorted",500,17,8256,2600,true,true
"quicksort","Nearly Sorted",500,18,8608,2800,true,true
"quicksort","Nearly Sorted",500,19,8224,2600,true,true
"quicksort","Nearly Sorted",500,20,8160,2600,true,true
"quicksort","Nearly Sorted",500,21,8224,2600,true,true
"quicksort","Nearly Sorted",500,22,7712,2500,true,true
"quicksort","Nearly Sorted",500,23,8064,2600,true,true
"quicksort","Nearly Sorted",500,24,7616,2400,true,true
"quicksort","Nearly Sorted",500,25,7872,2500,true,true
"quicksort","Nearly Sorted",500,26,8128,2600,true,true
"quicksort","Nearly Sorted",500,27,7712,2500,true,true
"quicksort","Nearly Sorted",500,28,7360,2400,true,true
"quicksort","Nearly Sorted",500,29,7392,2400,true,true
"quicksort","Nearly Sorted",500,30,7936,2600,true,true
"quicksort","Nearly Sorted",500,31,7712,2500,true,true
"quicksort","Nearly Sorted",500,32,7680,2500,true,true
"quicksort","Nearly Sorted",500,33,7648,2500,true,true
"quicksort","Nearly Sorted",500,34,7616,2500,true,true
"quicksort","Nearly Sorted",500,35,7680,2500,true,true
"quicksort","Nearly Sorted",500,36,7296,2400,true,true
"quicksort","Nearly Sorted",500,37,8320,2700,true,true
"quicksort","Nearly Sorted",500,38,7488,2400,true,true
"quicksort","Nearly Sorted",500,39,7744,2500,true,true
"quicksort","Nearly Sorted",500,40,7680,2500,true,true
"quicksort","Nearly Sorted",500,41,7264,2400,true,true
"quicksort","Nearly Sorted",500,42,8416,2700,true,true
"quicksort","Nearly Sorted",500,43,7840,2500,true,true
"quicksort","Nearly Sorted",500,44,7616,2400,true,true
"quicksort","Nearly Sorted",500,45,8576,2800,true,true
"quicksort","Nearly Sorted",500,46,8160,2700,true,true
"quicksort","Nearly Sorted",500,47,8064,2500,true,true
"quicksort","Nearly Sorted",500,48,7520,2500,true,true
"quicksort","Nearly Sorted",500,49,8000,2600,true,true
"quicksort","Nearly Sorted",500,50,7584,2400,true,true
"quicksort","Nearly Sorted",500,51,7552,2400,true,true
"quicksort","Nearly Sorted",500,52,7776,2500,true,true
"quicksort","Nearly Sorted",500,53,7744,2500,true,true
"quicksort","Nearly Sorted",500,54,9088,2900,true,true
"quicksort","Nearly Sorted",500,55,8832,2800,true,true
"quicksort","Nearly Sorted",500,56,7840,2500,true,true
"quicksort","Nearly Sorted",500,57,8032,2600,true,true
"quicksort","Nearly Sorted",500,58,7840,2500,true,true
"quicksort","Nearly Sorted",500,59,7840,2500,true,true
"quicksort","Nearly Sorted",500,60,7584,2500,true,true
"quicksort","Nearly Sorted",500,61,7808,2500,true,true
"quicksort","Nearly Sorted",500,62,7648,2400,true,true
"quicksort","Nearly Sorted",500,63,7936,2600,true,true
"quicksort","Nearly Sorted",500,64,8000,2500,true,true
"quicksort","Nearly Sorted",500,65,7776,2500,true,true
"quicksort","Nearly Sorted",500,66,7520,2400,true,true
"quicksort","Nearly Sorted",500,67,7392,2400,true,true
"quicksort","Nearly Sorted",500,68,7712,2500,true,true
"quicksort","Nearly Sorted",500,69,8000,2600,true,true
"quicksort","Nearly Sorted",500,70,7520,2400,true,true
"quicksort","Nearly Sorted",500,71,7456,2400,true,true
"quicksort","Nearly Sorted",500,72,7520,2400,true,true
"quicksort","Nearly Sorted",500,73,7392,2400,true,true
"quicksort","Nearly Sorted",500,74,7456,2400,true,true
"quicksort","Nearly Sorted",500,75,7328,2300,true,true
"quicksort","Nearly Sorted",500,76,7360,2400,true,true
"quicksort","Nearly Sorted",500,77,7232,2300,true,true
"quicksort","Nearly Sorted",500,78,7680,2500,true,true
"quicksort","Nearly Sorted",500,79,7168,2300,true,true
"quicksort","Nearly Sorted",500,80,7456,2500,true,true
"quicksort","Nearly Sorted",500,81,7008,2300,true,true
"quicksort","Nearly Sorted",500,82,7136,2300,true,true
"quicksort","Nearly Sorted",500,83,7584,2400,true,true
"quicksort","Nearly Sorted",500,84,7680,2500,true,true
"quicksort","Nearly Sorted",500,85,7392,2400,true,true
"quicksort","Nearly Sorted",500,86,7360,2300,true,true
"quicksort","Nearly Sorted",500,87,7488,2400,true,true
"quicksort","Nearly Sorted",500,88,7200,2300,true,true
"quicksort","Nearly Sorted",500,89,7104,2300,true,true
"quicksort","Nearly Sorted",500,90,7584,2400,true,true
"quicksort","Nearly Sorted",500,91,7040,2300,true,true
"quicksort","Nearly Sorted",500,92,7392,2400,true,true
"quicksort","Nearly Sorted",500,93,7936,2600,true,true
"quicksort","Nearly Sorted",500,94,7872,2500,true,true
"quicksort","Nearly Sorted",500,95,7552,2500,true,true
"quicksort","Nearly Sorted",500,96,7360,2400,true,true
"quicksort","Nearly Sorted",500,97,7584,2400,true,true
"quicksort","Nearly Sorted",500,98,7488,2400,true,true
"quicksort","Nearly Sorted",500,99,7488,2400,true,true
"heap","Nearly Sorted",500,0,26368,8300,true,true
"heap","Nearly Sorted",500,1,24896,7900,true,true
"heap","Nearly Sorted",500,2,23072,7300,true,true
"heap","Nearly Sorted",500,3,24032,7600,true,true
"heap","Nearly Sorted",500,4,23104,7300,true,true
"heap","Nearly Sorted",500,5,24032,7600,true,true
"heap","Nearly Sorted",500,6,22688,7200,true,true
"heap","Nearly Sorted",500,7,23968,7600,true,true
"heap","Nearly Sorted",500,8,25408,8100,true,true
"heap","Nearly Sorted",500,9,22592,7100,true,true
"heap","Nearly Sorted",500,10,22976,7300,true,true
"heap","Nearly Sorted",500,11,24096,7700,true,true
"heap","Nearly Sorted",500,12,22784,7200,true,true
"heap","Nearly Sorted",500,13,22880,7200,true,true
"heap","Nearly Sorted",500,14,22592,7100,true,true
"heap","Nearly Sorted",500,15,24416,7700,true,true
"heap","Nearly Sorted",500,16,23776,7500,true,true
"heap","Nearly Sorted",500,17,22528,7100,true,true
"heap","Nearly Sorted",500,18,23232,7400,true,true
"heap","Nearly Sorted",500,19,22624,7200,true,true
"heap","Nearly Sorted",500,20,22656,7100,true,true
"heap","Nearly Sorted",500,21,23648,7500,true,true
"heap","Nearly Sorted",500,22,23776,7500,true,true
"heap","Nearly Sorted",500,23,24320,7600,true,true
"heap","Nearly Sorted",500,24,22784,7200,true,true
"heap","Nearly Sorted",500,25,24256,7700,true,true
"heap","Nearly Sorted",500,26,22336,7100,true,true
"heap","Nearly Sorted",500,27,22752,7200,true,true
"heap","Nearly Sorted",500,28,21696,6900,true,true
"heap","Nearly Sorted",500,29,23104,7300,true,true
"heap","Nearly Sorted",500,30,22560,7100,true,true
"heap","Nearly Sorted",500,31,24416,7700,true,true
"heap","Nearly Sorted",500,32,21536,6800,true,true
"heap","Nearly Sorted",500,33,22784,7200,true,true
"heap","Nearly Sorted",500,34,21664,6800,true,true
"heap","Nearly Sorted",500,35,23456,7400,true,true
"heap","Nearly Sorted",500,36,22656,7200,true,true
"heap","Nearly Sorted",500,37,24320,7600,true,true
"heap","Nearly Sorted",500,38,22784,7200,true,true
"heap","Nearly Sorted",500,39,21536,6800,true,true
"heap","Nearly Sorted",500,40,23776,7500,true,true
"heap","Nearly Sorted",500,41,23360,7400,true,true
"heap","Nearly Sorted",500,42,21888,6900,true,true
"heap","Nearly Sorted",500,43,23040,7200,true,true
"heap","Nearly Sorted",500,44,22272,7100,true,true
"heap","Nearly Sorted",500,45,23008,7300,true,true
"heap","Nearly Sorted",500,46,21664,6900,true,true
"heap","Nearly Sorted",500,47,23008,7200,true,true
"heap","Nearly Sorted",500,48,21696,6900,true,true
"heap","Nearly Sorted",500,49,22240,7000,true,true
"heap","Nearly Sorted",500,50,21888,6900,true,true
"heap","Nearly Sorted",500,51,21504,6800,true,true
"heap","Nearly Sorted",500,52,21856,6900,true,true
"heap","Nearly Sorted",500,53,22592,7100,true,true
"heap","Nearly Sorted",500,54,21664,6800,true,true
"heap","Nearly Sorted",500,55,21568,6800,true,true
"heap","Nearly Sorted",500,56,21024,6700,true,true
"heap","Nearly Sorted",500,57,21216,6700,true,true
"heap","Nearly Sorted",500,58,22720,7200,true,true
"heap","Nearly Sorted",500,59,23872,7600,true,true
"heap","Nearly Sorted",500,60,24160,7600,true,true
"heap","Nearly Sorted",500,61,23488,7400,true,true
"heap","Nearly Sorted",500,62,23648,7500,true,true
"heap","Nearly Sorted",500,63,22528,7100,true,true
"heap","Nearly Sorted",500,64,21408,6800,true,true
"heap","Nearly Sorted",500,65,21184,6700,true,true
"heap","Nearly Sorted",500,66,22400,7100,true,true
"heap","Nearly Sorted",500,67,21728,6900,true,true
"heap","Nearly Sorted",500,68,20352,6500,true,true
"heap","Nearly Sorted",500,69,21312,6800,true,true
"heap","Nearly Sorted",500,70,21792,6900,true,true
"heap","Nearly Sorted",500,71,20960,6700,true,true
"heap","Nearly Sorted",500,72,23040,7300,true,true
"heap","Nearly Sorted",500,73,21760,6900,true,true
"heap","Nearly Sorted",500,74,20576,6500,true,true
"heap","Nearly Sorted",500,75,24320,7700,true,true
"heap","Nearly Sorted",500,76,21088,6600,true,true
"heap","Nearly Sorted",500,77,22304,7100,true,true
"heap","Nearly Sorted",500,78,21504,6900,true,true
"heap","Nearly Sorted",500,79,21952,7000,true,true
"heap","Nearly Sorted",500,80,22464,7200,true,true
"heap","Nearly Sorted",500,81,22304,7100,true,true
"heap","Nearly Sorted",500,82,21376,6700,true,true
"heap","Nearly Sorted",500,83,22048,7000,true,true
"heap","Nearly Sorted",500,84,23200,7300,true,true
"heap","Nearly Sorted",500,85,22464,7100,true,true
"heap","Nearly Sorted",500,86,22432,7100,true,true
"heap","Nearly Sorted",500,87,22688,7200,true,true
"heap","Nearly Sorted",500,88,22080,7000,true,true
"heap","Nearly Sorted",500,89,23360,7400,true,true
"heap","Nearly Sorted",500,90,21312,6800,true,true
"heap","Nearly Sorted",500,91,21888,6900,true,true
"heap","Nearly Sorted",500,92,21216,6700,true,true
"heap","Nearly Sorted",500,93,22144,7000,true,true
"heap","Nearly Sorted",500,94,22816,7200,true,true
"heap","Nearly Sorted",500,95,22752,7200,true,true
"heap","Nearly Sorted",500,96,21952,7000,true,true
"heap","Nearly Sorted",500,97,20512,6500,true,true
"heap","Nearly Sorted",500,98,22592,7200,true,true
"heap","Nearly Sorted",500,99,21280,6800,true,true
"std-sort","Nearly Sorted",500,0,5696,1800,true,true
"std-sort","Nearly Sorted",500,1,5536,1800,true,true
"std-sort","Nearly Sorted",500,2,5728,1800,true,true
"std-sort","Nearly Sorted",500,3,5600,1800,true,true
"std-sort","Nearly Sorted",500,4,5536,1800,true,true
"std-sort","Nearly Sorted",500,5,5824,1900,true,true
"std-sort","Nearly Sorted",500,6,5760,1900,true,true
"std-sort","Nearly Sorted",500,7,5824,1900,true,true
"std-sort","Nearly Sorted",500,8,5280,1700,true,true
"std-sort","Nearly Sorted",500,9,5504,1900,true,true
"std-sort","Nearly Sorted",500,10,5760,1900,true,true
"std-sort","Nearly Sorted",500,11,5472,1800,true,true
"std-sort","Nearly Sorted",500,12,5664,1800,true,true
"std-sort","Nearly Sorted",500,13,5696,1900,true,true
"std-sort","Nearly Sorted",500,14,5472,1800,true,true
"std-sort","Nearly Sorted",500,15,5376,1700,true,true
"std-sort","Nearly Sorted",500,16,5792,1900,true,true
"std-sort","Nearly Sorted",500,17,5536,1800,true,true
"std-sort","Nearly Sorted",500,18,5664,1800,true,true
"std-sort","Nearly Sorted",500,19,5376,1700,true,true
"std-sort","Nearly Sorted",500,20,5184,1700,true,true
"std-sort","Nearly Sorted",500,21,5600,1800,true,true
"std-sort","Nearly Sorted",500,22,5600,1800,true,true
"std-sort","Nearly Sorted",500,23,5536,1800,true,true
"std-sort","Nearly Sorted",500,24,5280,1700,true,true
"std-sort","Nearly Sorted",500,25,5184,1700,true,true
"std-sort","Nearly Sorted",500,26,5920,1900,true,true
"std-sort","Nearly Sorted",500,27,5536,1800,true,true
"std-sort","Nearly Sorted",500,28,5120,1600,true,true
"std-sort","Nearly Sorted",500,29,5312,1700,true,true
"std-sort","Nearly Sorted",500,30,5440,1800,true,true
"std-sort","Nearly Sorted",500,31,5408,1800,true,true
"std-sort","Nearly Sorted",500,32,5088,1700,true,true
"std-sort","Nearly Sorted",500,33,5312,1700,true,true
"std-sort","Nearly Sorted",500,34,5152,1700,true,true
"std-sort","Nearly Sorted",500,35,5536,1800,true,true
"std-sort","Nearly Sorted",500,36,5344,1700,true,true
"std-sort","Nearly Sorted",500,37,5536,1800,true,true
"std-sort","Nearly Sorted",500,38,5312,1700,true,true
"std-sort","Nearly Sorted",500,39,5536,1800,true,true
"std-sort","Nearly Sorted",500,40,5504,1800,true,true
"std-sort","Nearly Sorted",500,41,5216,1700,true,true
"std-sort","Nearly Sorted",500,42,5376,1800,true,true
"std-sort","Nearly Sorted",500,43,5344,1800,true,true
"std-sort","Nearly Sorted",500,44,5408,1700,true,true
"std-sort","Nearly Sorted",500,45,5152,1700,true,true
"std-sort","Nearly Sorted",500,46,5440,1800,true,true
"std-sort","Nearly Sorted",500,47,5184,1700,true,true
"std-sort","Nearly Sorted",500,48,5344,1800,true,true
"std-sort","Nearly Sorted",500,49,5824,1900,true,true
"std-sort","Nearly Sorted",500,50,5472,1800,true,true
"std-sort","Nearly Sorted",500,51,5472,1800,true,true
"std-sort","Nearly Sorted",500,52,5248,1800,true,true
"std-sort","Nearly Sorted",500,53,5280,1800,true,true
"std-sort","Nearly Sorted",500,54,5120,1700,true,true
"std-sort","Nearly Sorted",500,55,5280,1700,true,true
"std-sort","Nearly Sorted",500,56,5408,1800,true,true
"std-sort","Nearly Sorted",500,57,5344,1700,true,true
"std-sort","Nearly Sorted",500,58,5632,1800,true,true
"std-sort","Nearly Sorted",500,59,5280,1700,true,true
"std-sort","Nearly Sorted",500,60,5376,1700,true,true
"std-sort","Nearly Sorted",500,61,5568,1800,true,true
"std-sort","Nearly Sorted",500,62,5344,1700,true,true
"std-sort","Nearly Sorted",500,63,5344,1800,true,true
"std-sort","Nearly Sorted",500,64,5536,1900,true,true
"std-sort","Nearly Sorted",500,65,5376,1800,true,true
"std-sort","Nearly Sorted",500,66,5440,1800,true,true
"std-sort","Nearly Sorted",500,67,5216,1700,true,true
"std-sort","Nearly Sorted",500,68,5504,1800,true,true
"std-sort","Nearly Sorted",500,69,5184,1700,true,true
"std-sort","Nearly Sorted",500,70,5344,1800,true,true
"std-sort","Nearly Sorted",500,71,5408,1800,true,true
"std-sort","Nearly Sorted",500,72,5312,1700,true,true
"std-sort","Nearly Sorted",500,73,5184,1700,true,true
"std-sort","Nearly Sorted",500,74,5216,1700,true,true
"std-sort","Nearly Sorted",500,75,5376,1700,true,true
"std-sort","Nearly Sorted",500,76,5184,1700,true,true
"std-sort","Nearly Sorted",500,77,5120,1700,true,true
"std-sort","Nearly Sorted",500,78,5120,1700,true,true
"std-sort","Nearly Sorted",500,79,5024,1600,true,true
"std-sort","Nearly Sorted",500,80,5184,1700,true,true
"std-sort","Nearly Sorted",500,81,5056,1600,true,true
"std-sort","Nearly Sorted",500,82,5216,1700,true,true
"std-sort","Nearly Sorted",500,83,5280,1700,true,true
"std-sort","Nearly Sorted",500,84,5120,1700,true,true
"std-sort","Nearly Sorted",500,85,5312,1700,true,true
"std-sort","Nearly Sorted",500,86,5344,1700,true,true
"std-sort","Nearly Sorted",500,87,5344,1700,true,true
"std-sort","Nearly Sorted",500,88,5312,1800,true,true
"std-sort","Nearly Sorted",500,89,5760,1900,true,true
"std-sort","Nearly Sorted",500,90,5280,1700,true,true
"std-sort","Nearly Sorted",500,91,5088,1700,true,true
"std-sort","Nearly Sorted",500,92,5344,1800,true,true
"std-sort","Nearly Sorted",500,93,5120,1600,true,true
"std-sort","Nearly Sorted",500,94,5280,1700,true,true
"std-sort","Nearly Sorted",500,95,5280,1700,true,true
"std-sort","Nearly Sorted",500,96,5280,1700,true,true
"std-sort","Nearly Sorted",500,97,4928,1600,true,true
"std-sort","Nearly Sorted",500,98,5184,1700,true,true
"std-sort","Nearly Sorted",500,99,5472,1800,true,true
"std-stable-sort","Nearly Sorted",500,0,5824,1900,true,true
"std-stable-sort","Nearly Sorted",500,1,5728,1800,true,true
"std-stable-sort","Nearly Sorted",500,2,5728,1900,true,true
"std-stable-sort","Nearly Sorted",500,3,5600,1800,true,true
"std-stable-sort","Nearly Sorted",500,4,5632,1800,true,true
"std-stable-sort","Nearly Sorted",500,5,5632,1800,true,true
"std-stable-sort","Nearly Sorted",500,6,5600,1800,true,true
"std-stable-sort","Nearly Sorted",500,7,5600,1900,true,true
"std-stable-sort","Nearly Sorted",500,8,5600,1800,true,true
"std-stable-sort","Nearly Sorted",500,9,5632,1800,true,true
"std-stable-sort","Nearly Sorted",500,10,5600,1800,true,true
"std-stable-sort","Nearly Sorted",500,11,5600,1900,true,true
"std-stable-sort","Nearly Sorted",500,12,5568,1800,true,true
"std-stable-sort","Nearly Sorted",500,13,5600,1800,true,true
"std-stable-sort","Nearly Sorted",500,14,5568,1800,true,true
"std-stable-sort","Nearly Sorted",500,15,5664,1800,true,true
"std-stable-sort","Nearly Sorted",500,16,5600,1900,true,true
"std-stable-sort","Nearly Sorted",500,17,5696,1800,true,true
"std-stable-sort","Nearly Sorted",500,18,5824,1900,true,true
"std-stable-sort","Nearly Sorted",500,19,5632,1800,true,true
"std-stable-sort","Nearly Sorted",500,20,5568,1900,true,true
"std-stable-sort","Nearly Sorted",500,21,5632,1800,true,true
"std-stable-sort","Nearly Sorted",500,22,5536,1800,true,true
"std-stable-sort","Nearly Sorted",500,23,5728,1800,true,true
"std-stable-sort","Nearly Sorted",500,24,5536,1800,true,true
"std-stable-sort","Nearly Sorted",500,25,5600,1900,true,true
"std-stable-sort","Nearly Sorted",500,26,5504,1800,true,true
"std-stable-sort","Nearly Sorted",500,27,5504,1800,true,true
"std-stable-sort","Nearly Sorted",500,28,5440,1800,true,true
"std-stable-sort","Nearly Sorted",500,29,5632,1800,true,true
"std-stable-sort","Nearly Sorted",500,30,5472,1800,true,true
"std-stable-sort","Nearly Sorted",500,31,5536,1800,true,true
"std-stable-sort","Nearly Sorted",500,32,5600,1800,true,true
"std-stable-sort","Nearly Sorted",500,33,5760,1800,true,true
"std-stable-sort","Nearly Sorted",500,34,5664,1900,true,true
"std-stable-sort","Nearly Sorted",500,35,5760,1800,true,true
"std-stable-sort","Nearly Sorted",500,36,5568,1900,true,true
"std-stable-sort","Nearly Sorted",500,37,5728,1900,true,true
"std-stable-sort","Nearly Sorted",500,38,5536,1800,true,true
"std-stable-sort","Nearly Sorted",500,39,5600,1800,true,true
"std-stable-sort","Nearly Sorted",500,40,5632,1800,true,true
"std-stable-sort","Nearly Sorted",500,41,5504,1800,true,true
"std-stable-sort","Nearly Sorted",500,42,5568,1800,true,true
"std-stable-sort","Nearly Sorted",500,43,5568,1800,true,true
"std-stable-sort","Nearly Sorted",500,44,5664,1900,true,true
"std-stable-sort","Nearly Sorted",500,45,5632,1800,true,true
"std-stable-sort","Nearly Sorted",500,46,5600,1800,true,true
"std-stable-sort","Nearly Sorted",500,47,5568,1800,true,true
"std-stable-sort","Nearly Sorted",500,48,5600,1800,true,true
"std-stable-sort","Nearly Sorted",500,49,5568,1900,true,true
"std-stable-sort","Nearly Sorted",500,50,5632,1900,true,true
"std-stable-sort","Nearly Sorted",500,51,5632,1800,true,true
"std-stable-sort","Nearly Sorted",500,52,5600,1800,true,true
"std-stable-sort","Nearly Sorted",500,53,5600,1800,true,true
"std-stable-sort","Nearly Sorted",500,54,5536,1800,true,true
"std-stable-sort","Nearly Sorted",500,55,5664,1900,true,true
"std-stable-sort","Nearly Sorted",500,56,5536,1800,true,true
"std-stable-sort","Nearly Sorted",500,57,5504,1800,true,true
"std-stable-sort","Nearly Sorted",500,58,5664,1900,true,true
"std-stable-sort","Nearly Sorted",500,59,5536,1800,true,true
"std-stable-sort","Nearly Sorted",500,60,5600,1800,true,true
"std-stable-sort","Nearly Sorted",500,61,5504,1800,true,true
"std-stable-sort","Nearly Sorted",500,62,5600,1800,true,true
"std-stable-sort","Nearly Sorted",500,63,5664,1800,true,true
"std-stable-sort","Nearly Sorted",500,64,5664,1900,true,true
"std-stable-sort","Nearly Sorted",500,65,5792,1800,true,true
"std-stable-sort","Nearly Sorted",500,66,5568,1900,true,true
"std-stable-sort","Nearly Sorted",500,67,5632,1900,true,true
"std-stable-sort","Nearly Sorted",500,68,5568,1800,true,true
"std-stable-sort","Nearly Sorted",500,69,5536,1800,true,true
"std-stable-sort","Nearly Sorted",500,70,5504,1800,true,true
"std-stable-sort","Nearly Sorted",500,71,5568,1900,true,true
"std-stable-sort","Nearly Sorted",500,72,5568,1800,true,true
"std-stable-sort","Nearly Sorted",500,73,5536,1800,true,true
"std-stable-sort","Nearly Sorted",500,74,5600,1800,true,true
"std-stable-sort","Nearly Sorted",500,75,5536,1800,true,true
"std-stable-sort","Nearly Sorted",500,76,5472,1800,true,true
"std-stable-sort","Nearly Sorted",500,77,5504,1800,true,true
"std-stable-sort","Nearly Sorted",500,78,5568,1900,true,true
"std-stable-sort","Nearly Sorted",500,79,5472,1700,true,true
"std-stable-sort","Nearly Sorted",500,80,5504,1800,true,true
"std-stable-sort","Nearly Sorted",500,81,5504,1800,true,true
"std-stable-sort","Nearly Sorted",500,82,5600,1800,true,true
"std-stable-sort","Nearly Sorted",500,83,5600,1900,true,true
"std-stable-sort","Nearly Sorted",500,84,5440,1800,true,true
"std-stable-sort","Nearly Sorted",500,85,5504,1800,true,true
"std-stable-sort","Nearly Sorted",500,86,5504,1800,true,true
"std-stable-sort","Nearly Sorted",500,87,5664,1800,true,true
"std-stable-sort","Nearly Sorted",500,88,5536,1800,true,true
"std-stable-sort","Nearly Sorted",500,89,5536,1800,true,true
"std-stable-sort","Nearly Sorted",500,90,5504,1800,true,true
"std-stable-sort","Nearly Sorted",500,91,5504,1800,true,true
"std-stable-sort","Nearly Sorted",500,92,5504,1800,true,true
"std-stable-sort","Nearly Sorted",500,93,5568,1800,true,true
"std-stable-sort","Nearly Sorted",500,94,5536,1800,true,true
"std-stable-sort","Nearly Sorted",500,95,5600,1800,true,true
"std-stable-sort","Nearly Sorted",500,96,5472,1800,true,true
"std-stable-sort","Nearly Sorted",500,97,5344,1700,true,true
"std-stable-sort","Nearly Sorted",500,98,5632,1800,true,true
"std-stable-sort","Nearly Sorted",500,99,5600,1800,true,true
"bubble","Nearly Sorted",1000,0,4800,1500,true,true
"bubble","Nearly Sorted",1000,1,4896,1600,true,true
"bubble","Nearly Sorted",1000,2,4896,1600,true,true
"bubble","Nearly Sorted",1000,3,4960,1600,true,true
"bubble","Nearly Sorted",1000,4,4992,1600,true,true
"bubble","Nearly Sorted",1000,5,5024,1600,true,true
"bubble","Nearly Sorted",1000,6,3488,1200,true,true
"bubble","Nearly Sorted",1000,7,6304,2000,true,true
"bubble","Nearly Sorted",1000,8,4896,1600,true,true
"bubble","Nearly Sorted",1000,9,3552,1200,true,true
"bubble","Nearly Sorted",1000,10,3488,1100,true,true
"bubble","Nearly Sorted",1000,11,4928,1600,true,true
"bubble","Nearly Sorted",1000,12,3552,1200,true,true
"bubble","Nearly Sorted",1000,13,3456,1100,true,true
"bubble","Nearly Sorted",1000,14,3488,1200,true,true
"bubble","Nearly Sorted",1000,15,3520,1200,true,true
"bubble","Nearly Sorted",1000,16,4800,1600,true,true
"bubble","Nearly Sorted",1000,17,4896,1600,true,true
"bubble","Nearly Sorted",1000,18,3488,1100,true,true
"bubble","Nearly Sorted",1000,19,4896,1600,true,true
"bubble","Nearly Sorted",1000,20,4864,1600,true,true
"bubble","Nearly Sorted",1000,21,3360,1200,true,true
"bubble","Nearly Sorted",1000,22,3488,1200,true,true
"bubble","Nearly Sorted",1000,23,4896,1600,true,true
"bubble","Nearly Sorted",1000,24,4896,1600,true,true
"bubble","Nearly Sorted",1000,25,4800,1500,true,true
"bubble","Nearly Sorted",1000,26,4896,1600,true,true
"bubble","Nearly Sorted",1000,27,4864,1600,true,true
"bubble","Nearly Sorted",1000,28,4960,1600,true,true
"bubble","Nearly Sorted",1000,29,4896,1600,true,true
"bubble","Nearly Sorted",1000,30,4928,1600,true,true
"bubble","Nearly Sorted",1000,31,3520,1200,true,true
"bubble","Nearly Sorted",1000,32,4896,1600,true,true
"bubble","Nearly Sorted",1000,33,4864,1600,true,true
"bubble","Nearly Sorted",1000,34,4928,1600,true,true
"bubble","Nearly Sorted",1000,35,4864,1600,true,true
"bubble","Nearly Sorted",1000,36,4896,1600,true,true
"bubble","Nearly Sorted",1000,37,4864,1600,true,true
"bubble","Nearly Sorted",1000,38,4928,1600,true,true
"bubble","Nearly Sorted",1000,39,3456,1200,true,true
"bubble","Nearly Sorted",1000,40,4928,1600,true,true
"bubble","Nearly Sorted",1000,41,4896,1600,true,true
"bubble","Nearly Sorted",1000,42,3456,1200,true,true
"bubble","Nearly Sorted",1000,43,4864,1600,true,true
"bubble","Nearly Sorted",1000,44,3456,1100,true,true
"bubble","Nearly Sorted",1000,45,4832,1600,true,true
"bubble","Nearly Sorted",1000,46,3392,1100,true,true
"bubble","Nearly Sorted",1000,47,3488,1200,true,true
"bubble","Nearly Sorted",1000,48,4960,1600,true,true
"bubble","Nearly Sorted",1000,49,3456,1100,true,true
"bubble","Nearly Sorted",1000,50,3456,1200,true,true
"bubble","Nearly Sorted",1000,51,4864,1600,true,true
"bubble","Nearly Sorted",1000,52,4928,1600,true,true
"bubble","Nearly Sorted",1000,53,4928,1600,true,true
"bubble","Nearly Sorted",1000,54,3520,1200,true,true
"bubble","Nearly Sorted",1000,55,4864,1600,true,true
"bubble","Nearly Sorted",1000,56,3392,1100,true,true
"bubble","Nearly Sorted",1000,57,4928,1600,true,true
"bubble","Nearly Sorted",1000,58,4864,1600,true,true
"bubble","Nearly Sorted",1000,59,3456,1100,true,true
"bubble","Nearly Sorted",1000,60,3488,1200,true,true
"bubble","Nearly Sorted",1000,61,3520,1100,true,true
"bubble","Nearly Sorted",1000,62,4928,1600,true,true
"bubble","Nearly Sorted",1000,63,3488,1200,true,true
"bubble","Nearly Sorted",1000,64,3456,1100,true,true
"bubble","Nearly Sorted",1000,65,4864,1600,true,true
"bubble","Nearly Sorted",1000,66,3488,1200,true,true
"bubble","Nearly Sorted",1000,67,4800,1600,true,true
"bubble","Nearly Sorted",1000,68,4928,1700,true,true
"bubble","Nearly Sorted",1000,69,3456,1200,true,true
"bubble","Nearly Sorted",1000,70,4992,1600,true,true
"bubble","Nearly Sorted",1000,71,4896,1600,true,true
"bubble","Nearly Sorted",1000,72,4864,1600,true,true
"bubble","Nearly Sorted",1000,73,4928,1700,true,true
"bubble","Nearly Sorted",1000,74,4928,1700,true,true
"bubble","Nearly Sorted",1000,75,3520,1200,true,true
"bubble","Nearly Sorted",1000,76,4928,1600,true,true
"bubble","Nearly Sorted",1000,77,4928,1600,true,true
"bubble","Nearly Sorted",1000,78,4864,1600,true,true
"bubble","Nearly Sorted",1000,79,3424,1100,true,true
"bubble","Nearly Sorted",1000,80,4864,1600,true,true
"bubble","Nearly Sorted",1000,81,4896,1600,true,true
"bubble","Nearly Sorted",1000,82,5024,1600,true,true
"bubble","Nearly Sorted",1000,83,4864,1600,true,true
"bubble","Nearly Sorted",1000,84,3456,1100,true,true
"bubble","Nearly Sorted",1000,85,3456,1200,true,true
"bubble","Nearly Sorted",1000,86,4864,1600,true,true
"bubble","Nearly Sorted",1000,87,4928,1600,true,true
"bubble","Nearly Sorted",1000,88,3392,1100,true,true
"bubble","Nearly Sorted",1000,89,4896,1600,true,true
"bubble","Nearly Sorted",1000,90,3488,1200,true,true
"bubble","Nearly Sorted",1000,91,4896,1700,true,true
"bubble","Nearly Sorted",1000,92,4896,1600,true,true
"bubble","Nearly Sorted",1000,93,4928,1600,true,true
"bubble","Nearly Sorted",1000,94,4928,1700,true,true
"bubble","Nearly Sorted",1000,95,3456,1200,true,true
"bubble","Nearly Sorted",1000,96,4864,1600,true,true
"bubble","Nearly Sorted",1000,97,4896,1600,true,true
"bubble","Nearly Sorted",1000,98,3392,1200,true,true
"bubble","Nearly Sorted",1000,99,3488,1100,true,true
"insertion","Nearly Sorted",1000,0,3392,1200,true,true
"insertion","Nearly Sorted",1000,1,3520,1100,true,true
"insertion","Nearly Sorted",1000,2,3456,1200,true,true
"insertion","Nearly Sorted",1000,3,3680,1200,true,true
"insertion","Nearly Sorted",1000,4,3328,1200,true,true
"insertion","Nearly Sorted",1000,5,3584,1200,true,true
"insertion","Nearly Sorted",1000,6,3424,1100,true,true
"insertion","Nearly Sorted",1000,7,3520,1200,true,true
"insertion","Nearly Sorted",1000,8,3456,1100,true,true
"insertion","Nearly Sorted",1000,9,3616,1200,true,true
"insertion","Nearly Sorted",1000,10,3520,1200,true,true
"insertion","Nearly Sorted",1000,11,3552,1200,true,true
"insertion","Nearly Sorted",1000,12,3680,1200,true,true
"insertion","Nearly Sorted",1000,13,3552,1200,true,true
"insertion","Nearly Sorted",1000,14,3392,1100,true,true
"insertion","Nearly Sorted",1000,15,3424,1100,true,true
"insertion","Nearly Sorted",1000,16,3456,1100,true,true
"insertion","Nearly Sorted",1000,17,3488,1200,true,true
"insertion","Nearly Sorted",1000,18,3552,1100,true,true
"insertion","Nearly Sorted",1000,19,3616,1200,true,true
"insertion","Nearly Sorted",1000,20,3456,1200,true,true
"insertion","Nearly Sorted",1000,21,3520,1200,true,true
"insertion","Nearly Sorted",1000,22,3616,1200,true,true
"insertion","Nearly Sorted",1000,23,3488,1200,true,true
"insertion","Nearly Sorted",1000,24,3616,1200,true,true
"insertion","Nearly Sorted",1000,25,3488,1200,true,true
"insertion","Nearly Sorted",1000,26,3424,1100,true,true
"insertion","Nearly Sorted",1000,27,3648,1200,true,true
"insertion","Nearly Sorted",1000,28,3552,1200,true,true
"insertion","Nearly Sorted",1000,29,3488,1100,true,true
"insertion","Nearly Sorted",1000,30,3648,1200,true,true
"insertion","Nearly Sorted",1000,31,3584,1200,true,true
"insertion","Nearly Sorted",1000,32,3552,1200,true,true
"insertion","Nearly Sorted",1000,33,3552,1200,true,true
"insertion","Nearly Sorted",1000,34,3552,1100,true,true
"insertion","Nearly Sorted",1000,35,3488,1200,true,true
"insertion","Nearly Sorted",1000,36,3456,1100,true,true
"insertion","Nearly Sorted",1000,37,3456,1200,true,true
"insertion","Nearly Sorted",1000,38,3616,1200,true,true
"insertion","Nearly Sorted",1000,39,3520,1200,true,true
"insertion","Nearly Sorted",1000,40,3584,1200,true,true
"insertion","Nearly Sorted",1000,41,3424,1100,true,true
"insertion","Nearly Sorted",1000,42,3520,1200,true,true
"insertion","Nearly Sorted",1000,43,3584,1200,true,true
"insertion","Nearly Sorted",1000,44,3552,1200,true,true
"insertion","Nearly Sorted",1000,45,3456,1200,true,true
"insertion","Nearly Sorted",1000,46,3392,1200,true,true
"insertion","Nearly Sorted",1000,47,3488,1100,true,true
"insertion","Nearly Sorted",1000,48,3648,1200,true,true
"insertion","Nearly Sorted",1000,49,3552,1200,true,true
"insertion","Nearly Sorted",1000,50,3328,1200,true,true
"insertion","Nearly Sorted",1000,51,3552,1200,true,true
"insertion","Nearly Sorted",1000,52,3488,1200,true,true
"insertion","Nearly Sorted",1000,53,3520,1100,true,true
"insertion","Nearly Sorted",1000,54,3584,1200,true,true
"insertion","Nearly Sorted",1000,55,3616,1200,true,true
"insertion","Nearly Sorted",1000,56,3552,1100,true,true
"insertion","Nearly Sorted",1000,57,3616,1200,true,true
"insertion","Nearly Sorted",1000,58,3328,1100,true,true
"insertion","Nearly Sorted",1000,59,3584,1200,true,true
"insertion","Nearly Sorted",1000,60,3488,1100,true,true
"insertion","Nearly Sorted",1000,61,18080,5800,true,true
"insertion","Nearly Sorted",1000,62,3488,1200,true,true
"insertion","Nearly Sorted",1000,63,3488,1200,true,true
"insertion","Nearly Sorted",1000,64,3552,1200,true,true
"insertion","Nearly Sorted",1000,65,3488,1200,true,true
"insertion","Nearly Sorted",1000,66,3584,1200,true,true
"insertion","Nearly Sorted",1000,67,3680,1200,true,true
"insertion","Nearly Sorted",1000,68,3424,1100,true,true
"insertion","Nearly Sorted",1000,69,3456,1200,true,true
"insertion","Nearly Sorted",1000,70,3456,1200,true,true
"insertion","Nearly Sorted",1000,71,3616,1200,true,true
"insertion","Nearly Sorted",1000,72,3712,1200,true,true
"insertion","Nearly Sorted",1000,73,3680,1200,true,true
"insertion","Nearly Sorted",1000,74,3424,1200,true,true
"insertion","Nearly Sorted",1000,75,3584,1200,true,true
"insertion","Nearly Sorted",1000,76,3680,1200,true,true
"insertion","Nearly Sorted",1000,77,3424,1100,true,true
"insertion","Nearly Sorted",1000,78,3520,1200,true,true
"insertion","Nearly Sorted",1000,79,3584,1200,true,true
"insertion","Nearly Sorted",1000,80,3552,1200,true,true
"insertion","Nearly Sorted",1000,81,3456,1200,true,true
"insertion","Nearly Sorted",1000,82,3648,1200,true,true
"insertion","Nearly Sorted",1000,83,3648,1200,true,true
"insertion","Nearly Sorted",1000,84,3616,1200,true,true
"insertion","Nearly Sorted",1000,85,3296,1100,true,true
"insertion","Nearly Sorted",1000,86,3616,1200,true,true
"insertion","Nearly Sorted",1000,87,3456,1200,true,true
"insertion","Nearly Sorted",1000,88,3584,1200,true,true
"insertion","Nearly Sorted",1000,89,3392,1200,true,true
"insertion","Nearly Sorted",1000,90,3552,1200,true,true
"insertion","Nearly Sorted",1000,91,3552,1200,true,true
"insertion","Nearly Sorted",1000,92,3584,1200,true,true
"insertion","Nearly Sorted",1000,93,3488,1100,true,true
"insertion","Nearly Sorted",1000,94,3552,1200,true,true
"insertion","Nearly Sorted",1000,95,3616,1200,true,true
"insertion","Nearly Sorted",1000,96,3712,1200,true,true
"insertion","Nearly Sorted",1000,97,3488,1200,true,true
"insertion","Nearly Sorted",1000,98,3488,1100,true,true
"insertion","Nearly Sorted",1000,99,3680,1200,true,true
"selection","Nearly Sorted",1000,0,466208,146000,true,true
"selection","Nearly Sorted",1000,1,454624,142500,true,true
"selection","Nearly Sorted",1000,2,454848,142500,true,true
"selection","Nearly Sorted",1000,3,454816,142500,true,true
"selection","Nearly Sorted",1000,4,454688,142400,true,true
"selection","Nearly Sorted",1000,5,454688,142400,true,true
"selection","Nearly Sorted",1000,6,487296,152700,true,true
"selection","Nearly Sorted",1000,7,454752,142400,true,true
"selection","Nearly Sorted",1000,8,454624,142400,true,true
"selection","Nearly Sorted",1000,9,454944,142600,true,true
"selection","Nearly Sorted",1000,10,454400,142300,true,true
"selection","Nearly Sorted",1000,11,454720,142500,true,true
"selection","Nearly Sorted",1000,12,454784,142500,true,true
"selection","Nearly Sorted",1000,13,479872,150300,true,true
"selection","Nearly Sorted",1000,14,454688,142400,true,true
"selection","Nearly Sorted",1000,15,454720,142500,true,true
"selection","Nearly Sorted",1000,16,454624,142400,true,true
"selection","Nearly Sorted",1000,17,454688,142400,true,true
"selection","Nearly Sorted",1000,18,454592,142400,true,true
"selection","Nearly Sorted",1000,19,463232,145100,true,true
"selection","Nearly Sorted",1000,20,478048,149800,true,true
"selection","Nearly Sorted",1000,21,454528,142400,true,true
"selection","Nearly Sorted",1000,22,454688,142500,true,true
"selection","Nearly Sorted",1000,23,454496,142300,true,true
"selection","Nearly Sorted",1000,24,454592,142400,true,true
"selection","Nearly Sorted",1000,25,454592,142400,true,true
"selection","Nearly Sorted",1000,26,454784,142500,true,true
"selection","Nearly Sorted",1000,27,477952,149700,true,true
"selection","Nearly Sorted",1000,28,454656,142400,true,true
"selection","Nearly Sorted",1000,29,454688,142600,true,true
"selection","Nearly Sorted",1000,30,454496,142400,true,true
"selection","Nearly Sorted",1000,31,454464,142300,true,true
"selection","Nearly Sorted",1000,32,454432,142400,true,true
"selection","Nearly Sorted",1000,33,476288,149200,true,true
"selection","Nearly Sorted",1000,34,535424,167700,true,true
"selection","Nearly Sorted",1000,35,452160,141700,true,true
"selection","Nearly Sorted",1000,36,452192,141600,true,true
"selection","Nearly Sorted",1000,37,452064,141600,true,true
"selection","Nearly Sorted",1000,38,452128,141600,true,true
"selection","Nearly Sorted",1000,39,452192,141700,true,true
"selection","Nearly Sorted",1000,40,477568,149600,true,true
"selection","Nearly Sorted",1000,41,452096,141600,true,true
"selection","Nearly Sorted",1000,42,452192,141700,true,true
"selection","Nearly Sorted",1000,43,452288,141700,true,true
"selection","Nearly Sorted",1000,44,452096,141600,true,true
"selection","Nearly Sorted",1000,45,462496,144900,true,true
"selection","Nearly Sorted",1000,46,451904,141600,true,true
"selection","Nearly Sorted",1000,47,476000,149200,true,true
"selection","Nearly Sorted",1000,48,452064,141600,true,true
"selection","Nearly Sorted",1000,49,452288,141700,true,true
"selection","Nearly Sorted",1000,50,452096,141700,true,true
"selection","Nearly Sorted",1000,51,452160,141700,true,true
"selection","Nearly Sorted",1000,52,452064,141600,true,true
"selection","Nearly Sorted",1000,53,452256,141600,true,true
"selection","Nearly Sorted",1000,54,476096,149200,true,true
"selection","Nearly Sorted",1000,55,452192,141700,true,true
"selection","Nearly Sorted",1000,56,452032,141700,true,true
"selection","Nearly Sorted",1000,57,452224,141700,true,true
"selection","Nearly Sorted",1000,58,452192,141600,true,true
"selection","Nearly Sorted",1000,59,460192,144200,true,true
"selection","Nearly Sorted",1000,60,452096,141600,true,true
"selection","Nearly Sorted",1000,61,477568,149600,true,true
"selection","Nearly Sorted",1000,62,452224,141700,true,true
"selection","Nearly Sorted",1000,63,452288,141700,true,true
"selection","Nearly Sorted",1000,64,452032,141600,true,true
"selection","Nearly Sorted",1000,65,452320,141700,true,true
"selection","Nearly Sorted",1000,66,452192,141700,true,true
"selection","Nearly Sorted",1000,67,452032,141600,true,true
"selection","Nearly Sorted",1000,68,476384,149300,true,true
"selection","Nearly Sorted",1000,69,452000,141600,true,true
"selection","Nearly Sorted",1000,70,452096,141600,true,true
"selection","Nearly Sorted",1000,71,452096,141600,true,true
"selection","Nearly Sorted",1000,72,452096,141600,true,true
"selection","Nearly Sorted",1000,73,459808,144000,true,true
"selection","Nearly Sorted",1000,74,451936,141600,true,true
"selection","Nearly Sorted",1000,75,475520,149000,true,true
"selection","Nearly Sorted",1000,76,452224,141600,true,true
"selection","Nearly Sorted",1000,77,452160,141700,true,true
"selection","Nearly Sorted",1000,78,452256,141600,true,true
"selection","Nearly Sorted",1000,79,452128,141700,true,true
"selection","Nearly Sorted",1000,80,452320,141700,true,true
"selection","Nearly Sorted",1000,81,452000,141600,true,true
"selection","Nearly Sorted",1000,82,476192,149200,true,true
"selection","Nearly Sorted",1000,83,452256,141600,true,true
"selection","Nearly Sorted",1000,84,452064,141700,true,true
"selection","Nearly Sorted",1000,85,452064,141700,true,true
"selection","Nearly Sorted",1000,86,461536,144600,true,true
"selection","Nearly Sorted",1000,87,452000,141600,true,true
"selection","Nearly Sorted",1000,88,452096,141600,true,true
"selection","Nearly Sorted",1000,89,510368,159900,true,true
"selection","Nearly Sorted",1000,90,541408,169600,true,true
"selection","Nearly Sorted",1000,91,452416,141700,true,true
"selection","Nearly Sorted",1000,92,449440,140800,true,true
"selection","Nearly Sorted",1000,93,452320,141700,true,true
"selection","Nearly Sorted",1000,94,452160,141600,true,true
"selection","Nearly Sorted",1000,95,494496,154900,true,true
"selection","Nearly Sorted",1000,96,528480,165500,true,true
"selection","Nearly Sorted",1000,97,452288,141800,true,true
"selection","Nearly Sorted",1000,98,538624,168800,true,true
"selection","Nearly Sorted",1000,99,452288,141800,true,true
"merge","Nearly Sorted",1000,0,27168,8600,true,true
"merge","Nearly Sorted",1000,1,27136,8600,true,true
"merge","Nearly Sorted",1000,2,27200,8600,true,true
"merge","Nearly Sorted",1000,3,27104,8500,true,true
"merge","Nearly Sorted",1000,4,27360,8600,true,true
"merge","Nearly Sorted",1000,5,27232,8600,true,true
"merge","Nearly Sorted",1000,6,27168,8600,true,true
"merge","Nearly Sorted",1000,7,27104,8500,true,true
"merge","Nearly Sorted",1000,8,27072,8600,true,true
"merge","Nearly Sorted",1000,9,27136,8600,true,true
"merge","Nearly Sorted",1000,10,73088,23000,true,true
"merge","Nearly Sorted",1000,11,26976,8500,true,true
"merge","Nearly Sorted",1000,12,27392,8600,true,true
"merge","Nearly Sorted",1000,13,27040,8600,true,true
"merge","Nearly Sorted",1000,14,27040,8600,true,true
"merge","Nearly Sorted",1000,15,27072,8500,true,true
"merge","Nearly Sorted",1000,16,27264,8600,true,true
"merge","Nearly Sorted",1000,17,27264,8600,true,true
"merge","Nearly Sorted",1000,18,27136,8600,true,true
"merge","Nearly Sorted",1000,19,27200,8600,true,true
"merge","Nearly Sorted",1000,20,27136,8600,true,true
"merge","Nearly Sorted",1000,21,26976,8500,true,true
"merge","Nearly Sorted",1000,22,27072,8600,true,true
"merge","Nearly Sorted",1000,23,27040,8600,true,true
"merge","Nearly Sorted",1000,24,26976,8500,true,true
"merge","Nearly Sorted",1000,25,27040,8500,true,true
"merge","Nearly Sorted",1000,26,27168,8600,true,true
"merge","Nearly Sorted",1000,27,27040,8500,true,true
"merge","Nearly Sorted",1000,28,27008,8500,true,true
"merge","Nearly Sorted",1000,29,26720,8500,true,true
"merge","Nearly Sorted",1000,30,26848,8500,true,true
"merge","Nearly Sorted",1000,31,26880,8400,true,true
"merge","Nearly Sorted",1000,32,27072,8600,true,true
"merge","Nearly Sorted",1000,33,27136,8600,true,true
"merge","Nearly Sorted",1000,34,27328,8600,true,true
"merge","Nearly Sorted",1000,35,26656,8400,true,true
"merge","Nearly Sorted",1000,36,27040,8500,true,true
"merge","Nearly Sorted",1000,37,27136,8600,true,true
"merge","Nearly Sorted",1000,38,27008,8500,true,true
"merge","Nearly Sorted",1000,39,26976,8500,true,true
"merge","Nearly Sorted",1000,40,26976,8500,true,true
"merge","Nearly Sorted",1000,41,27008,8500,true,true
"merge","Nearly Sorted",1000,42,26848,8500,true,true
"merge","Nearly Sorted",1000,43,27200,8600,true,true
"merge","Nearly Sorted",1000,44,27200,8600,true,true
"merge","Nearly Sorted",1000,45,26912,8500,true,true
"merge","Nearly Sorted",1000,46,26720,8500,true,true
"merge","Nearly Sorted",1000,47,27008,8600,true,true
"merge","Nearly Sorted",1000,48,27072,8500,true,true
"merge","Nearly Sorted",1000,49,27136,8600,true,true
"merge","Nearly Sorted",1000,50,27168,8500,true,true
"merge","Nearly Sorted",1000,51,26880,8500,true,true
"merge","Nearly Sorted",1000,52,27040,8500,true,true
"merge","Nearly Sorted",1000,53,26848,8500,true,true
"merge","Nearly Sorted",1000,54,26816,8500,true,true
"merge","Nearly Sorted",1000,55,26912,8500,true,true
"merge","Nearly Sorted",1000,56,26880,8500,true,true
"merge","Nearly Sorted",1000,57,26912,8500,true,true
"merge","Nearly Sorted",1000,58,26944,8500,true,true
"merge","Nearly Sorted",1000,59,26944,8500,true,true
"merge","Nearly Sorted",1000,60,26976,8500,true,true
"merge","Nearly Sorted",1000,61,27040,8500,true,true
"merge","Nearly Sorted",1000,62,26944,8500,true,true
"merge","Nearly Sorted",1000,63,26912,8500,true,true
"merge","Nearly Sorted",1000,64,27136,8600,true,true
"merge","Nearly Sorted",1000,65,27008,8500,true,true
"merge","Nearly Sorted",1000,66,27104,8600,true,true
"merge","Nearly Sorted",1000,67,26848,8400,true,true
"merge","Nearly Sorted",1000,68,26912,8500,true,true
"merge","Nearly Sorted",1000,69,26912,8500,true,true
"merge","Nearly Sorted",1000,70,26976,8500,true,true
"merge","Nearly Sorted",1000,71,26752,8500,true,true
"merge","Nearly Sorted",1000,72,26944,8500,true,true
"merge","Nearly Sorted",1000,73,27072,8600,true,true
"merge","Nearly Sorted",1000,74,27104,8600,true,true
"merge","Nearly Sorted",1000,75,26976,8500,true,true
"merge","Nearly Sorted",1000,76,27008,8500,true,true
"merge","Nearly Sorted",1000,77,26944,8600,true,true
"merge","Nearly Sorted",1000,78,26880,8500,true,true
"merge","Nearly Sorted",1000,79,26752,8500,true,true
"merge","Nearly Sorted",1000,80,27136,8600,true,true
"merge","Nearly Sorted",1000,81,26880,8500,true,true
"merge","Nearly Sorted",1000,82,26912,8500,true,true
"merge","Nearly Sorted",1000,83,26976,8500,true,true
"merge","Nearly Sorted",1000,84,26720,8400,true,true
"merge","Nearly Sorted",1000,85,26912,8500,true,true
"merge","Nearly Sorted",1000,86,27104,8600,true,true
"merge","Nearly Sorted",1000,87,26816,8400,true,true
"merge","Nearly Sorted",1000,88,26816,8500,true,true
"merge","Nearly Sorted",1000,89,27200,8600,true,true
"merge","Nearly Sorted",1000,90,26848,8400,true,true
"merge","Nearly Sorted",1000,91,26912,8500,true,true
"merge","Nearly Sorted",1000,92,26912,8500,true,true
"merge","Nearly Sorted",1000,93,27072,8500,true,true
"merge","Nearly Sorted",1000,94,27072,8600,true,true
"merge","Nearly Sorted",1000,95,27008,8500,true,true
"merge","Nearly Sorted",1000,96,26816,8400,true,true
"merge","Nearly Sorted",1000,97,26752,8500,true,true
"merge","Nearly Sorted",1000,98,27136,8500,true,true
"merge","Nearly Sorted",1000,99,27136,8600,true,true
"quicksort","Nearly Sorted",1000,0,16608,5200,true,true
"quicksort","Nearly Sorted",1000,1,17376,5500,true,true
"quicksort","Nearly Sorted",1000,2,18432,5900,true,true
"quicksort","Nearly Sorted",1000,3,17568,5600,true,true
"quicksort","Nearly Sorted",1000,4,18752,6000,true,true
"quicksort","Nearly Sorted",1000,5,19040,6000,true,true
"quicksort","Nearly Sorted",1000,6,18272,5800,true,true
"quicksort","Nearly Sorted",1000,7,17184,5500,true,true
"quicksort","Nearly Sorted",1000,8,18016,5800,true,true
"quicksort","Nearly Sorted",1000,9,17152,5500,true,true
"quicksort","Nearly Sorted",1000,10,17152,5400,true,true
"quicksort","Nearly Sorted",1000,11,17824,5700,true,true
"quicksort","Nearly Sorted",1000,12,17632,5600,true,true
"quicksort","Nearly Sorted",1000,13,16832,5400,true,true
"quicksort","Nearly Sorted",1000,14,16512,5200,true,true
"quicksort","Nearly Sorted",1000,15,16768,5300,true,true
"quicksort","Nearly Sorted",1000,16,16928,5400,true,true
"quicksort","Nearly Sorted",1000,17,16640,5300,true,true
"quicksort","Nearly Sorted",1000,18,16992,5400,true,true
"quicksort","Nearly Sorted",1000,19,16416,5200,true,true
"quicksort","Nearly Sorted",1000,20,16448,5200,true,true
"quicksort","Nearly Sorted",1000,21,16288,5200,true,true
"quicksort","Nearly Sorted",1000,22,16768,5400,true,true
"quicksort","Nearly Sorted",1000,23,16160,5200,true,true
"quicksort","Nearly Sorted",1000,24,16768,5300,true,true
"quicksort","Nearly Sorted",1000,25,16832,5300,true,true
"quicksort","Nearly Sorted",1000,26,16768,5300,true,true
"quicksort","Nearly Sorted",1000,27,16256,5200,true,true
"quicksort","Nearly Sorted",1000,28,16352,5200,true,true
"quicksort","Nearly Sorted",1000,29,15872,5000,true,true
"quicksort","Nearly Sorted",1000,30,16128,5100,true,true
"quicksort","Nearly Sorted",1000,31,16032,5100,true,true
"quicksort","Nearly Sorted",1000,32,16160,5100,true,true
"quicksort","Nearly Sorted",1000,33,16704,5300,true,true
"quicksort","Nearly Sorted",1000,34,16352,5200,true,true
"quicksort","Nearly Sorted",1000,35,16288,5200,true,true
"quicksort","Nearly Sorted",1000,36,16352,5200,true,true
"quicksort","Nearly Sorted",1000,37,16032,5100,true,true
"quicksort","Nearly Sorted",1000,38,16864,5400,true,true
"quicksort","Nearly Sorted",1000,39,16480,5300,true,true
"quicksort","Nearly Sorted",1000,40,15744,5000,true,true
"quicksort","Nearly Sorted",1000,41,16160,5200,true,true
"quicksort","Nearly Sorted",1000,42,26816,8400,true,true
"quicksort","Nearly Sorted",1000,43,15648,5000,true,true
"quicksort","Nearly Sorted",1000,44,15872,5000,true,true
"quicksort","Nearly Sorted",1000,45,15936,5100,true,true
"quicksort","Nearly Sorted",1000,46,15840,5000,true,true
"quicksort","Nearly Sorted",1000,47,15712,5000,true,true
"quicksort","Nearly Sorted",1000,48,16192,5100,true,true
"quicksort","Nearly Sorted",1000,49,16128,5100,true,true
"quicksort","Nearly Sorted",1000,50,15744,5000,true,true
"quicksort","Nearly Sorted",1000,51,16064,5100,true,true
"quicksort","Nearly Sorted",1000,52,15776,5000,true,true
"quicksort","Nearly Sorted",1000,53,16000,5100,true,true
"quicksort","Nearly Sorted",1000,54,15968,5000,true,true
"quicksort","Nearly Sorted",1000,55,16352,5200,true,true
"quicksort","Nearly Sorted",1000,56,15616,5000,true,true
"quicksort","Nearly Sorted",1000,57,16256,5200,true,true
"quicksort","Nearly Sorted",1000,58,16320,5200,true,true
"quicksort","Nearly Sorted",1000,59,15840,5000,true,true
"quicksort","Nearly Sorted",1000,60,16096,5100,true,true
"quicksort","Nearly Sorted",1000,61,15808,5000,true,true
"quicksort","Nearly Sorted",1000,62,15840,5000,true,true
"quicksort","Nearly Sorted",1000,63,15872,5000,true,true
"quicksort","Nearly Sorted",1000,64,15808,5000,true,true
"quicksort","Nearly Sorted",1000,65,16576,5200,true,true
"quicksort","Nearly Sorted",1000,66,15872,5100,true,true
"quicksort","Nearly Sorted",1000,67,16032,5000,true,true
"quicksort","Nearly Sorted",1000,68,16512,5300,true,true
"quicksort","Nearly Sorted",1000,69,15936,5000,true,true
"quicksort","Nearly Sorted",1000,70,15936,5100,true,true
"quicksort","Nearly Sorted",1000,71,16064,5100,true,true
"quicksort","Nearly Sorted",1000,72,16064,5100,true,true
"quicksort","Nearly Sorted",1000,73,16064,5100,true,true
"quicksort","Nearly Sorted",1000,74,16320,5200,true,true
"quicksort","Nearly Sorted",1000,75,15968,5100,true,true
"quicksort","Nearly Sorted",1000,76,16704,5300,true,true
"quicksort","Nearly Sorted",1000,77,16192,5100,true,true
"quicksort","Nearly Sorted",1000,78,16768,5300,true,true
"quicksort","Nearly Sorted",1000,79,16256,5200,true,true
"quicksort","Nearly Sorted",1000,80,16416,5200,true,true
"quicksort","Nearly Sorted",1000,81,15840,5000,true,true
"quicksort","Nearly Sorted",1000,82,16352,5200,true,true
"quicksort","Nearly Sorted",1000,83,16224,5200,true,true
"quicksort","Nearly Sorted",1000,84,15648,5000,true,true
"quicksort","Nearly Sorted",1000,85,15872,5100,true,true
"quicksort","Nearly Sorted",1000,86,16096,5100,true,true
"quicksort","Nearly Sorted",1000,87,16000,5100,true,true
"quicksort","Nearly Sorted",1000,88,15776,5000,true,true
"quicksort","Nearly Sorted",1000,89,16320,5100,true,true
"quicksort","Nearly Sorted",1000,90,16032,5100,true,true
"quicksort","Nearly Sorted",1000,91,16000,5100,true,true
"quicksort","Nearly Sorted",1000,92,15904,5000,true,true
"quicksort","Nearly Sorted",1000,93,16128,5100,true,true
"quicksort","Nearly Sorted",1000,94,15936,5100,true,true
"quicksort","Nearly Sorted",1000,95,16256,5200,true,true
"quicksort","Nearly Sorted",1000,96,15936,5100,true,true
"quicksort","Nearly Sorted",1000,97,16160,5200,true,true
"quicksort","Nearly Sorted",1000,98,15968,5000,true,true
"quicksort","Nearly Sorted",1000,99,16096,5100,true,true
"heap","Nearly Sorted",1000,0,56480,17700,true,true
"heap","Nearly Sorted",1000,1,57440,18000,true,true
"heap","Nearly Sorted",1000,2,54560,17200,true,true
"heap","Nearly Sorted",1000,3,56256,17700,true,true
"heap","Nearly Sorted",1000,4,56384,17700,true,true
"heap","Nearly Sorted",1000,5,55520,17500,true,true
"heap","Nearly Sorted",1000,6,58816,18500,true,true
"heap","Nearly Sorted",1000,7,56192,17700,true,true
"heap","Nearly Sorted",1000,8,56288,17700,true,true
"heap","Nearly Sorted",1000,9,56800,17900,true,true
"heap","Nearly Sorted",1000,10,54272,17000,true,true
"heap","Nearly Sorted",1000,11,60384,19000,true,true
"heap","Nearly Sorted",1000,12,58976,18500,true,true
"heap","Nearly Sorted",1000,13,56416,17800,true,true
"heap","Nearly Sorted",1000,14,53856,16900,true,true
"heap","Nearly Sorted",1000,15,51136,16100,true,true
"heap","Nearly Sorted",1000,16,53248,16700,true,true
"heap","Nearly Sorted",1000,17,55456,17400,true,true
"heap","Nearly Sorted",1000,18,56288,17700,true,true
"heap","Nearly Sorted",1000,19,53856,16900,true,true
"heap","Nearly Sorted",1000,20,55200,17400,true,true
"heap","Nearly Sorted",1000,21,56960,18000,true,true
"heap","Nearly Sorted",1000,22,55104,17300,true,true
"heap","Nearly Sorted",1000,23,53152,16700,true,true
"heap","Nearly Sorted",1000,24,53152,16700,true,true
"heap","Nearly Sorted",1000,25,51264,16100,true,true
"heap","Nearly Sorted",1000,26,50624,15900,true,true
"heap","Nearly Sorted",1000,27,54336,17100,true,true
"heap","Nearly Sorted",1000,28,55488,17500,true,true
"heap","Nearly Sorted",1000,29,53984,16900,true,true
"heap","Nearly Sorted",1000,30,53792,16900,true,true
"heap","Nearly Sorted",1000,31,57504,18100,true,true
"heap","Nearly Sorted",1000,32,55456,17500,true,true
"heap","Nearly Sorted",1000,33,54592,17100,true,true
"heap","Nearly Sorted",1000,34,55072,17300,true,true
"heap","Nearly Sorted",1000,35,85504,26800,true,true
"heap","Nearly Sorted",1000,36,53760,16900,true,true
"heap","Nearly Sorted",1000,37,56352,17800,true,true
"heap","Nearly Sorted",1000,38,54528,17100,true,true
"heap","Nearly Sorted",1000,39,54272,17100,true,true
"heap","Nearly Sorted",1000,40,55456,17500,true,true
"heap","Nearly Sorted",1000,41,53856,16900,true,true
"heap","Nearly Sorted",1000,42,55392,17400,true,true
"heap","Nearly Sorted",1000,43,54528,17200,true,true
"heap","Nearly Sorted",1000,44,56960,17900,true,true
"heap","Nearly Sorted",1000,45,55200,17400,true,true
"heap","Nearly Sorted",1000,46,52544,16500,true,true
"heap","Nearly Sorted",1000,47,56576,17800,true,true
"heap","Nearly Sorted",1000,48,56416,17700,true,true
"heap","Nearly Sorted",1000,49,54144,17100,true,true
"heap","Nearly Sorted",1000,50,56608,17800,true,true
"heap","Nearly Sorted",1000,51,55840,17600,true,true
"heap","Nearly Sorted",1000,52,56416,17700,true,true
"heap","Nearly Sorted",1000,53,57120,17900,true,true
"heap","Nearly Sorted",1000,54,54016,17000,true,true
"heap","Nearly Sorted",1000,55,54752,17200,true,true
"heap","Nearly Sorted",1000,56,51872,16300,true,true
"heap","Nearly Sorted",1000,57,63200,19900,true,true
"heap","Nearly Sorted",1000,58,52160,16400,true,true
"heap","Nearly Sorted",1000,59,52640,16500,true,true
"heap","Nearly Sorted",1000,60,53760,16900,true,true
"heap","Nearly Sorted",1000,61,56672,17800,true,true
"heap","Nearly Sorted",1000,62,50368,15800,true,true
"heap","Nearly Sorted",1000,63,56896,17900,true,true
"heap","Nearly Sorted",1000,64,52704,16600,true,true
"heap","Nearly Sorted",1000,65,52704,16600,true,true
"heap","Nearly Sorted",1000,66,52288,16400,true,true
"heap","Nearly Sorted",1000,67,55936,17600,true,true
"heap","Nearly Sorted",1000,68,56320,17700,true,true
"heap","Nearly Sorted",1000,69,56160,17600,true,true
"heap","Nearly Sorted",1000,70,54816,17300,true,true
"heap","Nearly Sorted",1000,71,53216,16800,true,true
"heap","Nearly Sorted",1000,72,55008,17300,true,true
"heap","Nearly Sorted",1000,73,55424,17400,true,true
"heap","Nearly Sorted",1000,74,54176,17000,true,true
"heap","Nearly Sorted",1000,75,53408,16800,true,true
"heap","Nearly Sorted",1000,76,52800,16600,true,true
"heap","Nearly Sorted",1000,77,50048,15700,true,true
"heap","Nearly Sorted",1000,78,53440,16800,true,true
"heap","Nearly Sorted",1000,79,52800,16600,true,true
"heap","Nearly Sorted",1000,80,53120,16700,true,true
"heap","Nearly Sorted",1000,81,53376,16800,true,true
"heap","Nearly Sorted",1000,82,54656,17200,true,true
"heap","Nearly Sorted",1000,83,51872,16300,true,true
"heap","Nearly Sorted",1000,84,53376,16800,true,true
"heap","Nearly Sorted",1000,85,51392,16100,true,true
"heap","Nearly Sorted",1000,86,53216,16800,true,true
"heap","Nearly Sorted",1000,87,53728,16900,true,true
"heap","Nearly Sorted",1000,88,51872,16300,true,true
"heap","Nearly Sorted",1000,89,52288,16400,true,true
"heap","Nearly Sorted",1000,90,53504,16900,true,true
"heap","Nearly Sorted",1000,91,57120,18000,true,true
"heap","Nearly Sorted",1000,92,54784,17200,true,true
"heap","Nearly Sorted",1000,93,55232,17400,true,true
"heap","Nearly Sorted",1000,94,56512,17700,true,true
"heap","Nearly Sorted",1000,95,53920,17000,true,true
"heap","Nearly Sorted",1000,96,54432,17100,true,true
"heap","Nearly Sorted",1000,97,53152,16700,true,true
"heap","Nearly Sorted",1000,98,56128,17600,true,true
"heap","Nearly Sorted",1000,99,54112,17000,true,true
"std-sort","Nearly Sorted",1000,0,12256,3900,true,true
"std-sort","Nearly Sorted",1000,1,12704,4100,true,true
"std-sort","Nearly Sorted",1000,2,12256,3900,true,true
"std-sort","Nearly Sorted",1000,3,12192,3900,true,true
"std-sort","Nearly Sorted",1000,4,11936,3800,true,true
"std-sort","Nearly Sorted",1000,5,12192,3900,true,true
"std-sort","Nearly Sorted",1000,6,12640,4100,true,true
"std-sort","Nearly Sorted",1000,7,11808,3700,true,true
"std-sort","Nearly Sorted",1000,8,11968,3900,true,true
"std-sort","Nearly Sorted",1000,9,12160,3800,true,true
"std-sort","Nearly Sorted",1000,10,12320,4000,true,true
"std-sort","Nearly Sorted",1000,11,11968,3800,true,true
"std-sort","Nearly Sorted",1000,12,12448,3900,true,true
"std-sort","Nearly Sorted",1000,13,12416,4000,true,true
"std-sort","Nearly Sorted",1000,14,12288,3900,true,true
"std-sort","Nearly Sorted",1000,15,12064,3800,true,true
"std-sort","Nearly Sorted",1000,16,12224,3900,true,true
"std-sort","Nearly Sorted",1000,17,12000,3900,true,true
"std-sort","Nearly Sorted",1000,18,12352,4000,true,true
"std-sort","Nearly Sorted",1000,19,12128,3900,true,true
"std-sort","Nearly Sorted",1000,20,11808,3800,true,true
"std-sort","Nearly Sorted",1000,21,11424,3600,true,true
"std-sort","Nearly Sorted",1000,22,11904,3800,true,true
"std-sort","Nearly Sorted",1000,23,11744,3700,true,true
"std-sort","Nearly Sorted",1000,24,11968,3800,true,true
"std-sort","Nearly Sorted",1000,25,12416,4000,true,true
"std-sort","Nearly Sorted",1000,26,12160,3900,true,true
"std-sort","Nearly Sorted",1000,27,12160,3800,true,true
"std-sort","Nearly Sorted",1000,28,12160,3900,true,true
"std-sort","Nearly Sorted",1000,29,11616,3700,true,true
"std-sort","Nearly Sorted",1000,30,11840,3800,true,true
"std-sort","Nearly Sorted",1000,31,12064,3800,true,true
"std-sort","Nearly Sorted",1000,32,11968,3800,true,true
"std-sort","Nearly Sorted",1000,33,12160,3900,true,true
"std-sort","Nearly Sorted",1000,34,12192,3800,true,true
"std-sort","Nearly Sorted",1000,35,12128,3900,true,true
"std-sort","Nearly Sorted",1000,36,12128,3900,true,true
"std-sort","Nearly Sorted",1000,37,11936,3900,true,true
"std-sort","Nearly Sorted",1000,38,11808,3800,true,true
"std-sort","Nearly Sorted",1000,39,12320,3900,true,true
"std-sort","Nearly Sorted",1000,40,11968,3900,true,true
"std-sort","Nearly Sorted",1000,41,11744,3800,true,true
"std-sort","Nearly Sorted",1000,42,12032,3800,true,true
"std-sort","Nearly Sorted",1000,43,12064,3900,true,true
"std-sort","Nearly Sorted",1000,44,12128,3900,true,true
"std-sort","Nearly Sorted",1000,45,12192,3900,true,true
"std-sort","Nearly Sorted",1000,46,11648,3700,true,true
"std-sort","Nearly Sorted",1000,47,12192,3900,true,true
"std-sort","Nearly Sorted",1000,48,12224,3900,true,true
"std-sort","Nearly Sorted",1000,49,11840,3800,true,true
"std-sort","Nearly Sorted",1000,50,11968,3800,true,true
"std-sort","Nearly Sorted",1000,51,11648,3700,true,true
"std-sort","Nearly Sorted",1000,52,11488,3700,true,true
"std-sort","Nearly Sorted",1000,53,12480,4000,true,true
"std-sort","Nearly Sorted",1000,54,11648,3700,true,true
"std-sort","Nearly Sorted",1000,55,11552,3700,true,true
"std-sort","Nearly Sorted",1000,56,11776,3700,true,true
"std-sort","Nearly Sorted",1000,57,11936,3800,true,true
"std-sort","Nearly Sorted",1000,58,11584,3700,true,true
"std-sort","Nearly Sorted",1000,59,11904,3800,true,true
"std-sort","Nearly Sorted",1000,60,11744,3700,true,true
"std-sort","Nearly Sorted",1000,61,12160,3900,true,true
"std-sort","Nearly Sorted",1000,62,12064,3800,true,true
"std-sort","Nearly Sorted",1000,63,11808,3800,true,true
"std-sort","Nearly Sorted",1000,64,11872,3800,true,true
"std-sort","Nearly Sorted",1000,65,11808,3800,true,true
"std-sort","Nearly Sorted",1000,66,11520,3700,true,true
"std-sort","Nearly Sorted",1000,67,11840,3800,true,true
"std-sort","Nearly Sorted",1000,68,11520,3700,true,true
"std-sort","Nearly Sorted",1000,69,11584,3700,true,true
"std-sort","Nearly Sorted",1000,70,11744,3800,true,true
"std-sort","Nearly Sorted",1000,71,11840,3800,true,true
"std-sort","Nearly Sorted",1000,72,11424,3700,true,true
"std-sort","Nearly Sorted",1000,73,11744,3800,true,true
"std-sort","Nearly Sorted",1000,74,11616,3700,true,true
"std-sort","Nearly Sorted",1000,75,12032,3800,true,true
"std-sort","Nearly Sorted",1000,76,11552,3700,true,true
"std-sort","Nearly Sorted",1000,77,11456,3600,true,true
"std-sort","Nearly Sorted",1000,78,11744,3800,true,true
"std-sort","Nearly Sorted",1000,79,11552,3700,true,true
"std-sort","Nearly Sorted",1000,80,11616,3700,true,true
"std-sort","Nearly Sorted",1000,81,11584,3700,true,true
"std-sort","Nearly Sorted",1000,82,11520,3700,true,true
"std-sort","Nearly Sorted",1000,83,11872,3700,true,true
"std-sort","Nearly Sorted",1000,84,11808,3800,true,true
"std-sort","Nearly Sorted",1000,85,11680,3800,true,true
"std-sort","Nearly Sorted",1000,86,11520,3700,true,true
"std-sort","Nearly Sorted",1000,87,11776,3700,true,true
"std-sort","Nearly Sorted",1000,88,11648,3700,true,true
"std-sort","Nearly Sorted",1000,89,11936,3800,true,true
"std-sort","Nearly Sorted",1000,90,11936,3800,true,true
"std-sort","Nearly Sorted",1000,91,11680,3700,true,true
"std-sort","Nearly Sorted",1000,92,11488,3700,true,true
"std-sort","Nearly Sorted",1000,93,11776,3800,true,true
"std-sort","Nearly Sorted",1000,94,11776,3700,true,true
"std-sort","Nearly Sorted",1000,95,11584,3700,true,true
"std-sort","Nearly Sorted",1000,96,11456,3700,true,true
"std-sort","Nearly Sorted",1000,97,11712,3700,true,true
"std-sort","Nearly Sorted",1000,98,11808,3700,true,true
"std-sort","Nearly Sorted",1000,99,11712,3800,true,true
"std-stable-sort","Nearly Sorted",1000,0,11136,3600,true,true
"std-stable-sort","Nearly Sorted",1000,1,11360,3600,true,true
"std-stable-sort","Nearly Sorted",1000,2,11424,3600,true,true
"std-stable-sort","Nearly Sorted",1000,3,11360,3600,true,true
"std-stable-sort","Nearly Sorted",1000,4,12096,3900,true,true
"std-stable-sort","Nearly Sorted",1000,5,11424,3600,true,true
"std-stable-sort","Nearly Sorted",1000,6,11328,3600,true,true
"std-stable-sort","Nearly Sorted",1000,7,11328,3600,true,true
"std-stable-sort","Nearly Sorted",1000,8,11392,3600,true,true
"std-stable-sort","Nearly Sorted",1000,9,11232,3600,true,true
"std-stable-sort","Nearly Sorted",1000,10,11168,3500,true,true
"std-stable-sort","Nearly Sorted",1000,11,11136,3600,true,true
"std-stable-sort","Nearly Sorted",1000,12,11136,3500,true,true
"std-stable-sort","Nearly Sorted",1000,13,11136,3600,true,true
"std-stable-sort","Nearly Sorted",1000,14,11264,3600,true,true
"std-stable-sort","Nearly Sorted",1000,15,10944,3500,true,true
"std-stable-sort","Nearly Sorted",1000,16,11040,3500,true,true
"std-stable-sort","Nearly Sorted",1000,17,10944,3500,true,true
"std-stable-sort","Nearly Sorted",1000,18,10976,3500,true,true
"std-stable-sort","Nearly Sorted",1000,19,10976,3500,true,true
"std-stable-sort","Nearly Sorted",1000,20,11200,3600,true,true
"std-stable-sort","Nearly Sorted",1000,21,10880,3500,true,true
"std-stable-sort","Nearly Sorted",1000,22,11200,3600,true,true
"std-stable-sort","Nearly Sorted",1000,23,10944,3500,true,true
"std-stable-sort","Nearly Sorted",1000,24,11040,3500,true,true
"std-stable-sort","Nearly Sorted",1000,25,11040,3500,true,true
"std-stable-sort","Nearly Sorted",1000,26,10880,3500,true,true
"std-stable-sort","Nearly Sorted",1000,27,10976,3500,true,true
"std-stable-sort","Nearly Sorted",1000,28,11008,3500,true,true
"std-stable-sort","Nearly Sorted",1000,29,11104,3500,true,true
"std-stable-sort","Nearly Sorted",1000,30,10912,3500,true,true
"std-stable-sort","Nearly Sorted",1000,31,10880,3500,true,true
"std-stable-sort","Nearly Sorted",1000,32,11200,3500,true,true
"std-stable-sort","Nearly Sorted",1000,33,11040,3500,true,true
"std-stable-sort","Nearly Sorted",1000,34,10944,3500,true,true
"std-stable-sort","Nearly Sorted",1000,35,11072,3500,true,true
"std-stable-sort","Nearly Sorted",1000,36,10944,3500,true,true
"std-stable-sort","Nearly Sorted",1000,37,10880,3500,true,true
"std-stable-sort","Nearly Sorted",1000,38,11136,3600,true,true
"std-stable-sort","Nearly Sorted",1000,39,11232,3600,true,true
"std-stable-sort","Nearly Sorted",1000,40,10880,3400,true,true
"std-stable-sort","Nearly Sorted",1000,41,11072,3600,true,true
"std-stable-sort","Nearly Sorted",1000,42,11104,3500,true,true
"std-stable-sort","Nearly Sorted",1000,43,10880,3500,true,true
"std-stable-sort","Nearly Sorted",1000,44,10912,3500,true,true
"std-stable-sort","Nearly Sorted",1000,45,11008,3500,true,true
"std-stable-sort","Nearly Sorted",1000,46,10880,3500,true,true
"std-stable-sort","Nearly Sorted",1000,47,11008,3600,true,true
"std-stable-sort","Nearly Sorted",1000,48,11040,3600,true,true
"std-stable-sort","Nearly Sorted",1000,49,10848,3400,true,true
"std-stable-sort","Nearly Sorted",1000,50,11296,3600,true,true
"std-stable-sort","Nearly Sorted",1000,51,10880,3500,true,true
"std-stable-sort","Nearly Sorted",1000,52,10816,3400,true,true
"std-stable-sort","Nearly Sorted",1000,53,10976,3500,true,true
"std-stable-sort","Nearly Sorted",1000,54,11072,3600,true,true
"std-stable-sort","Nearly Sorted",1000,55,11200,3500,true,true
"std-stable-sort","Nearly Sorted",1000,56,10784,3500,true,true
"std-stable-sort","Nearly Sorted",1000,57,10944,3500,true,true
"std-stable-sort","Nearly Sorted",1000,58,10944,3400,true,true
"std-stable-sort","Nearly Sorted",1000,59,10784,3500,true,true
"std-stable-sort","Nearly Sorted",1000,60,11072,3500,true,true
"std-stable-sort","Nearly Sorted",1000,61,10912,3500,true,true
"std-stable-sort","Nearly Sorted",1000,62,10912,3500,true,true
"std-stable-sort","Nearly Sorted",1000,63,10944,3500,true,true
"std-stable-sort","Nearly Sorted",1000,64,10944,3500,true,true
"std-stable-sort","Nearly Sorted",1000,65,11360,3600,true,true
"std-stable-sort","Nearly Sorted",1000,66,11168,3600,true,true
"std-stable-sort","Nearly Sorted",1000,67,11328,3700,true,true
"std-stable-sort","Nearly Sorted",1000,68,11008,3500,true,true
"std-stable-sort","Nearly Sorted",1000,69,11232,3600,true,true
"std-stable-sort","Nearly Sorted",1000,70,11104,3500,true,true
"std-stable-sort","Nearly Sorted",1000,71,11008,3500,true,true
"std-stable-sort","Nearly Sorted",1000,72,10976,3500,true,true
"std-stable-sort","Nearly Sorted",1000,73,11008,3500,true,true
"std-stable-sort","Nearly Sorted",1000,74,10944,3500,true,true
"std-stable-sort","Nearly Sorted",1000,75,10976,3500,true,true
"std-stable-sort","Nearly Sorted",1000,76,10944,3500,true,true
"std-stable-sort","Nearly Sorted",1000,77,10688,3400,true,true
"std-stable-sort","Nearly Sorted",1000,78,10944,3500,true,true
"std-stable-sort","Nearly Sorted",1000,79,10784,3400,true,true
"std-stable-sort","Nearly Sorted",1000,80,11008,3500,true,true
"std-stable-sort","Nearly Sorted",1000,81,10912,3500,true,true
"std-stable-sort","Nearly Sorted",1000,82,11104,3500,true,true
"std-stable-sort","Nearly Sorted",1000,83,11040,3500,true,true
"std-stable-sort","Nearly Sorted",1000,84,10944,3500,true,true
"std-stable-sort","Nearly Sorted",1000,85,10944,3500,true,true
"std-stable-sort","Nearly Sorted",1000,86,10848,3500,true,true
"std-stable-sort","Nearly Sorted",1000,87,10976,3500,true,true
"std-stable-sort","Nearly Sorted",1000,88,10912,3500,true,true
"std-stable-sort","Nearly Sorted",1000,89,11232,3600,true,true
"std-stable-sort","Nearly Sorted",1000,90,11008,3500,true,true
"std-stable-sort","Nearly Sorted",1000,91,11072,3500,true,true
"std-stable-sort","Nearly Sorted",1000,92,10880,3500,true,true
"std-stable-sort","Nearly Sorted",1000,93,11040,3500,true,true
"std-stable-sort","Nearly Sorted",1000,94,11136,3500,true,true
"std-stable-sort","Nearly Sorted",1000,95,10944,3500,true,true
"std-stable-sort","Nearly Sorted",1000,96,11168,3600,true,true
"std-stable-sort","Nearly Sorted",1000,97,10944,3500,true,true
"std-stable-sort","Nearly Sorted",1000,98,10720,3400,true,true
"std-stable-sort","Nearly Sorted",1000,99,10848,3400,true,true
"bubble","Nearly Sorted",5000,0,24320,7700,true,true
"bubble","Nearly Sorted",5000,1,24352,7700,true,true
"bubble","Nearly Sorted",5000,2,24256,7700,true,true
"bubble","Nearly Sorted",5000,3,24288,7700,true,true
"bubble","Nearly Sorted",5000,4,31232,9900,true,true
"bubble","Nearly Sorted",5000,5,24416,7700,true,true
"bubble","Nearly Sorted",5000,6,24416,7700,true,true
"bubble","Nearly Sorted",5000,7,24256,7600,true,true
"bubble","Nearly Sorted",5000,8,24320,7700,true,true
"bubble","Nearly Sorted",5000,9,24448,7800,true,true
"bubble","Nearly Sorted",5000,10,24256,7600,true,true
"bubble","Nearly Sorted",5000,11,24256,7700,true,true
"bubble","Nearly Sorted",5000,12,55488,17500,true,true
"bubble","Nearly Sorted",5000,13,24320,7700,true,true
"bubble","Nearly Sorted",5000,14,24352,7700,true,true
"bubble","Nearly Sorted",5000,15,24320,7600,true,true
"bubble","Nearly Sorted",5000,16,24320,7700,true,true
"bubble","Nearly Sorted",5000,17,24288,7600,true,true
"bubble","Nearly Sorted",5000,18,24128,7600,true,true
"bubble","Nearly Sorted",5000,19,24256,7700,true,true
"bubble","Nearly Sorted",5000,20,24288,7700,true,true
"bubble","Nearly Sorted",5000,21,24320,7700,true,true
"bubble","Nearly Sorted",5000,22,31232,9800,true,true
"bubble","Nearly Sorted",5000,23,24224,7700,true,true
"bubble","Nearly Sorted",5000,24,24416,7700,true,true
"bubble","Nearly Sorted",5000,25,24288,7700,true,true
"bubble","Nearly Sorted",5000,26,24288,7700,true,true
"bubble","Nearly Sorted",5000,27,31360,9900,true,true
"bubble","Nearly Sorted",5000,28,24160,7600,true,true
"bubble","Nearly Sorted",5000,29,24192,7600,true,true
"bubble","Nearly Sorted",5000,30,24224,7700,true,true
"bubble","Nearly Sorted",5000,31,24384,7700,true,true
"bubble","Nearly Sorted",5000,32,24288,7600,true,true
"bubble","Nearly Sorted",5000,33,24288,7700,true,true
"bubble","Nearly Sorted",5000,34,24224,7700,true,true
"bubble","Nearly Sorted",5000,35,38016,12000,true,true
"bubble","Nearly Sorted",5000,36,24384,7700,true,true
"bubble","Nearly Sorted",5000,37,24128,7700,true,true
"bubble","Nearly Sorted",5000,38,24256,7700,true,true
"bubble","Nearly Sorted",5000,39,24256,7600,true,true
"bubble","Nearly Sorted",5000,40,24256,7700,true,true
"bubble","Nearly Sorted",5000,41,24256,7600,true,true
"bubble","Nearly Sorted",5000,42,24224,7600,true,true
"bubble","Nearly Sorted",5000,43,24224,7700,true,true
"bubble","Nearly Sorted",5000,44,24448,7800,true,true
"bubble","Nearly Sorted",5000,45,24160,7700,true,true
"bubble","Nearly Sorted",5000,46,24192,7700,true,true
"bubble","Nearly Sorted",5000,47,24320,7700,true,true
"bubble","Nearly Sorted",5000,48,24128,7600,true,true
"bubble","Nearly Sorted",5000,49,24256,7700,true,true
"bubble","Nearly Sorted",5000,50,24288,7700,true,true
"bubble","Nearly Sorted",5000,51,24320,7600,true,true
"bubble","Nearly Sorted",5000,52,24256,7700,true,true
"bubble","Nearly Sorted",5000,53,24288,7700,true,true
"bubble","Nearly Sorted",5000,54,24192,7600,true,true
"bubble","Nearly Sorted",5000,55,24224,7700,true,true
"bubble","Nearly Sorted",5000,56,24256,7600,true,true
"bubble","Nearly Sorted",5000,57,24256,7700,true,true
"bubble","Nearly Sorted",5000,58,24096,7600,true,true
"bubble","Nearly Sorted",5000,59,24032,7600,true,true
"bubble","Nearly Sorted",5000,60,24288,7600,true,true
"bubble","Nearly Sorted",5000,61,24128,7700,true,true
"bubble","Nearly Sorted",5000,62,24256,7700,true,true
"bubble","Nearly Sorted",5000,63,24288,7700,true,true
"bubble","Nearly Sorted",5000,64,24256,7600,true,true
"bubble","Nearly Sorted",5000,65,24256,7600,true,true
"bubble","Nearly Sorted",5000,66,24320,7700,true,true
"bubble","Nearly Sorted",5000,67,24128,7600,true,true
"bubble","Nearly Sorted",5000,68,24288,7700,true,true
"bubble","Nearly Sorted",5000,69,24224,7600,true,true
"bubble","Nearly Sorted",5000,70,24096,7600,true,true
"bubble","Nearly Sorted",5000,71,24256,7600,true,true
"bubble","Nearly Sorted",5000,72,24192,7700,true,true
"bubble","Nearly Sorted",5000,73,24512,7800,true,true
"bubble","Nearly Sorted",5000,74,24288,7700,true,true
"bubble","Nearly Sorted",5000,75,31168,9800,true,true
"bubble","Nearly Sorted",5000,76,24288,7700,true,true
"bubble","Nearly Sorted",5000,77,24224,7600,true,true
"bubble","Nearly Sorted",5000,78,24224,7600,true,true
"bubble","Nearly Sorted",5000,79,31104,9800,true,true
"bubble","Nearly Sorted",5000,80,24192,7700,true,true
"bubble","Nearly Sorted",5000,81,24128,7600,true,true
"bubble","Nearly Sorted",5000,82,24320,7700,true,true
"bubble","Nearly Sorted",5000,83,24320,7600,true,true
"bubble","Nearly Sorted",5000,84,24192,7700,true,true
"bubble","Nearly Sorted",5000,85,24096,7600,true,true
"bubble","Nearly Sorted",5000,86,24160,7700,true,true
"bubble","Nearly Sorted",5000,87,31136,9800,true,true
"bubble","Nearly Sorted",5000,88,24256,7700,true,true
"bubble","Nearly Sorted",5000,89,24224,7700,true,true
"bubble","Nearly Sorted",5000,90,24416,7800,true,true
"bubble","Nearly Sorted",5000,91,24288,7700,true,true
"bubble","Nearly Sorted",5000,92,31168,9800,true,true
"bubble","Nearly Sorted",5000,93,50880,16000,true,true
"bubble","Nearly Sorted",5000,94,24320,7700,true,true
"bubble","Nearly Sorted",5000,95,24320,7700,true,true
"bubble","Nearly Sorted",5000,96,24256,7700,true,true
"bubble","Nearly Sorted",5000,97,24032,7600,true,true
"bubble","Nearly Sorted",5000,98,24288,7700,true,true
"bubble","Nearly Sorted",5000,99,24128,7600,true,true
"insertion","Nearly Sorted",5000,0,17728,5600,true,true
"insertion","Nearly Sorted",5000,1,17792,5700,true,true
"insertion","Nearly Sorted",5000,2,17184,5500,true,true
"insertion","Nearly Sorted",5000,3,17504,5600,true,true
"insertion","Nearly Sorted",5000,4,17696,5600,true,true
"insertion","Nearly Sorted",5000,5,17760,5600,true,true
"insertion","Nearly Sorted",5000,6,17952,5700,true,true
"insertion","Nearly Sorted",5000,7,17792,5600,true,true
"insertion","Nearly Sorted",5000,8,17824,5700,true,true
"insertion","Nearly Sorted",5000,9,18400,5800,true,true
"insertion","Nearly Sorted",5000,10,18016,5700,true,true
"insertion","Nearly Sorted",5000,11,17600,5600,true,true
"insertion","Nearly Sorted",5000,12,18080,5800,true,true
"insertion","Nearly Sorted",5000,13,17440,5500,true,true
"insertion","Nearly Sorted",5000,14,17888,5700,true,true
"insertion","Nearly Sorted",5000,15,28160,8900,true,true
"insertion","Nearly Sorted",5000,16,17984,5700,true,true
"insertion","Nearly Sorted",5000,17,17568,5600,true,true
"insertion","Nearly Sorted",5000,18,17600,5500,true,true
"insertion","Nearly Sorted",5000,19,17536,5600,true,true
"insertion","Nearly Sorted",5000,20,18592,5900,true,true
"insertion","Nearly Sorted",5000,21,18176,5700,true,true
"insertion","Nearly Sorted",5000,22,17600,5500,true,true
"insertion","Nearly Sorted",5000,23,17824,5700,true,true
"insertion","Nearly Sorted",5000,24,18112,5700,true,true
"insertion","Nearly Sorted",5000,25,17824,5600,true,true
"insertion","Nearly Sorted",5000,26,17632,5600,true,true
"insertion","Nearly Sorted",5000,27,18432,5900,true,true
"insertion","Nearly Sorted",5000,28,17440,5600,true,true
"insertion","Nearly Sorted",5000,29,17536,5500,true,true
"insertion","Nearly Sorted",5000,30,17664,5600,true,true
"insertion","Nearly Sorted",5000,31,17888,5700,true,true
"insertion","Nearly Sorted",5000,32,18176,5700,true,true
"insertion","Nearly Sorted",5000,33,17760,5700,true,true
"insertion","Nearly Sorted",5000,34,17728,5600,true,true
"insertion","Nearly Sorted",5000,35,17568,5500,true,true
"insertion","Nearly Sorted",5000,36,17920,5700,true,true
"insertion","Nearly Sorted",5000,37,17696,5600,true,true
"insertion","Nearly Sorted",5000,38,18176,5800,true,true
"insertion","Nearly Sorted",5000,39,17632,5600,true,true
"insertion","Nearly Sorted",5000,40,17536,5600,true,true
"insertion","Nearly Sorted",5000,41,17728,5600,true,true
"insertion","Nearly Sorted",5000,42,17600,5600,true,true
"insertion","Nearly Sorted",5000,43,17856,5700,true,true
"insertion","Nearly Sorted",5000,44,18112,5700,true,true
"insertion","Nearly Sorted",5000,45,17696,5600,true,true
"insertion","Nearly Sorted",5000,46,17632,5600,true,true
"insertion","Nearly Sorted",5000,47,17920,5700,true,true
"insertion","Nearly Sorted",5000,48,18048,5700,true,true
"insertion","Nearly Sorted",5000,49,18592,5900,true,true
"insertion","Nearly Sorted",5000,50,18400,5900,true,true
"insertion","Nearly Sorted",5000,51,17952,5600,true,true
"insertion","Nearly Sorted",5000,52,18112,5800,true,true
"insertion","Nearly Sorted",5000,53,18368,5900,true,true
"insertion","Nearly Sorted",5000,54,17760,5600,true,true
"insertion","Nearly Sorted",5000,55,18048,5700,true,true
"insertion","Nearly Sorted",5000,56,17792,5600,true,true
"insertion","Nearly Sorted",5000,57,17344,5500,true,true
"insertion","Nearly Sorted",5000,58,17440,5600,true,true
"insertion","Nearly Sorted",5000,59,17568,5500,true,true
"insertion","Nearly Sorted",5000,60,18080,5700,true,true
"insertion","Nearly Sorted",5000,61,17824,5700,true,true
"insertion","Nearly Sorted",5000,62,18400,5900,true,true
"insertion","Nearly Sorted",5000,63,17888,5600,true,true
"insertion","Nearly Sorted",5000,64,17536,5600,true,true
"insertion","Nearly Sorted",5000,65,17632,5600,true,true
"insertion","Nearly Sorted",5000,66,17568,5500,true,true
"insertion","Nearly Sorted",5000,67,17728,5700,true,true
"insertion","Nearly Sorted",5000,68,17504,5600,true,true
"insertion","Nearly Sorted",5000,69,17536,5500,true,true
"insertion","Nearly Sorted",5000,70,17536,5600,true,true
"insertion","Nearly Sorted",5000,71,17824,5600,true,true
"insertion","Nearly Sorted",5000,72,17408,5500,true,true
"insertion","Nearly Sorted",5000,73,18816,6000,true,true
"insertion","Nearly Sorted",5000,74,17728,5600,true,true
"insertion","Nearly Sorted",5000,75,17600,5600,true,true
"insertion","Nearly Sorted",5000,76,17440,5600,true,true
"insertion","Nearly Sorted",5000,77,17952,5700,true,true
"insertion","Nearly Sorted",5000,78,17536,5600,true,true
"insertion","Nearly Sorted",5000,79,17568,5600,true,true
"insertion","Nearly Sorted",5000,80,17312,5500,true,true
"insertion","Nearly Sorted",5000,81,17632,5600,true,true
"insertion","Nearly Sorted",5000,82,17952,5700,true,true
"insertion","Nearly Sorted",5000,83,17920,5700,true,true
"insertion","Nearly Sorted",5000,84,17600,5600,true,true
"insertion","Nearly Sorted",5000,85,18080,5800,true,true
"insertion","Nearly Sorted",5000,86,18144,5700,true,true
"insertion","Nearly Sorted",5000,87,17216,5500,true,true
"insertion","Nearly Sorted",5000,88,18080,5800,true,true
"insertion","Nearly Sorted",5000,89,18048,5700,true,true
"insertion","Nearly Sorted",5000,90,17984,5700,true,true
"insertion","Nearly Sorted",5000,91,18560,5900,true,true
"insertion","Nearly Sorted",5000,92,18432,5800,true,true
"insertion","Nearly Sorted",5000,93,17888,5700,true,true
"insertion","Nearly Sorted",5000,94,17920,5600,true,true
"insertion","Nearly Sorted",5000,95,17792,5700,true,true
"insertion","Nearly Sorted",5000,96,17824,5700,true,true
"insertion","Nearly Sorted",5000,97,17888,5700,true,true
"insertion","Nearly Sorted",5000,98,18240,5700,true,true
"insertion","Nearly Sorted",5000,99,17920,5700,true,true
"selection","Nearly Sorted",5000,0,11068640,3465900,true,true
"selection","Nearly Sorted",5000,1,10941664,3426100,true,true
"selection","Nearly Sorted",5000,2,10902944,3413900,true,true
"selection","Nearly Sorted",5000,3,10934112,3423700,true,true
"selection","Nearly Sorted",5000,4,10955680,3430400,true,true
"selection","Nearly Sorted",5000,5,11442656,3583000,true,true
"selection","Nearly Sorted",5000,6,10926432,3421300,true,true
"selection","Nearly Sorted",5000,7,10933696,3423700,true,true
"selection","Nearly Sorted",5000,8,10851904,3397900,true,true
"selection","Nearly Sorted",5000,9,10853632,3398500,true,true
"selection","Nearly Sorted",5000,10,11099552,3475800,true,true
"selection","Nearly Sorted",5000,11,10858816,3400100,true,true
"selection","Nearly Sorted",5000,12,10836032,3393000,true,true
"selection","Nearly Sorted",5000,13,10860384,3400600,true,true
"selection","Nearly Sorted",5000,14,10786752,3377700,true,true
"selection","Nearly Sorted",5000,15,10821984,3388700,true,true
"selection","Nearly Sorted",5000,16,10785728,3377200,true,true
"selection","Nearly Sorted",5000,17,10803456,3382700,true,true
"selection","Nearly Sorted",5000,18,10740768,3363100,true,true
"selection","Nearly Sorted",5000,19,10735264,3361400,true,true
"selection","Nearly Sorted",5000,20,10761568,3369600,true,true
"selection","Nearly Sorted",5000,21,10740672,3363100,true,true
"selection","Nearly Sorted",5000,22,10723072,3357600,true,true
"selection","Nearly Sorted",5000,23,10703360,3351600,true,true
"selection","Nearly Sorted",5000,24,10683424,3345200,true,true
"selection","Nearly Sorted",5000,25,10695232,3348900,true,true
"selection","Nearly Sorted",5000,26,10694656,3348700,true,true
"selection","Nearly Sorted",5000,27,10623040,3326200,true,true
"selection","Nearly Sorted",5000,28,10643584,3332700,true,true
"selection","Nearly Sorted",5000,29,10619232,3325100,true,true
"selection","Nearly Sorted",5000,30,10671808,3341500,true,true
"selection","Nearly Sorted",5000,31,15178976,4752700,true,true
"selection","Nearly Sorted",5000,32,10992064,3441900,true,true
"selection","Nearly Sorted",5000,33,10972608,3435800,true,true
"selection","Nearly Sorted",5000,34,11539072,3613200,true,true
"selection","Nearly Sorted",5000,35,10904416,3414500,true,true
"selection","Nearly Sorted",5000,36,11058304,3462600,true,true
"selection","Nearly Sorted",5000,37,10969664,3434800,true,true
"selection","Nearly Sorted",5000,38,10912608,3417000,true,true
"selection","Nearly Sorted",5000,39,11115200,3480400,true,true
"selection","Nearly Sorted",5000,40,10914656,3417700,true,true
"selection","Nearly Sorted",5000,41,10932864,3423500,true,true
"selection","Nearly Sorted",5000,42,10911360,3416500,true,true
"selection","Nearly Sorted",5000,43,10925472,3420900,true,true
"selection","Nearly Sorted",5000,44,11148640,3490900,true,true
"selection","Nearly Sorted",5000,45,10936864,3424600,true,true
"selection","Nearly Sorted",5000,46,10913184,3417100,true,true
"selection","Nearly Sorted",5000,47,10880608,3407000,true,true
"selection","Nearly Sorted",5000,48,10931168,3422800,true,true
"selection","Nearly Sorted",5000,49,11107872,3478200,true,true
"selection","Nearly Sorted",5000,50,10878176,3406200,true,true
"selection","Nearly Sorted",5000,51,10838240,3393900,true,true
"selection","Nearly Sorted",5000,52,10867680,3403000,true,true
"selection","Nearly Sorted",5000,53,10793856,3379900,true,true
"selection","Nearly Sorted",5000,54,10800384,3381800,true,true
"selection","Nearly Sorted",5000,55,10816224,3386700,true,true
"selection","Nearly Sorted",5000,56,10756800,3368200,true,true
"selection","Nearly Sorted",5000,57,10758528,3368700,true,true
"selection","Nearly Sorted",5000,58,10788000,3378000,true,true
"selection","Nearly Sorted",5000,59,10740352,3363200,true,true
"selection","Nearly Sorted",5000,60,10765664,3370900,true,true
"selection","Nearly Sorted",5000,61,10687456,3346400,true,true
"selection","Nearly Sorted",5000,62,10680352,3344200,true,true
"selection","Nearly Sorted",5000,63,10715360,3355200,true,true
"selection","Nearly Sorted",5000,64,10672128,3341600,true,true
"selection","Nearly Sorted",5000,65,10680864,3344300,true,true
"selection","Nearly Sorted",5000,66,10685856,3345900,true,true
"selection","Nearly Sorted",5000,67,10617120,3324500,true,true
"selection","Nearly Sorted",5000,68,10761152,3369500,true,true
"selection","Nearly Sorted",5000,69,10651712,3335500,true,true
"selection","Nearly Sorted",5000,70,10668544,3340500,true,true
"selection","Nearly Sorted",5000,71,10626048,3327200,true,true
"selection","Nearly Sorted",5000,72,10635168,3330100,true,true
"selection","Nearly Sorted",5000,73,11404688,3572600,true,true
"selection","Nearly Sorted",5000,74,10728768,3359500,true,true
"selection","Nearly Sorted",5000,75,10789440,3378500,true,true
"selection","Nearly Sorted",5000,76,10644800,3333100,true,true
"selection","Nearly Sorted",5000,77,10706464,3352400,true,true
"selection","Nearly Sorted",5000,78,10766304,3371500,true,true
"selection","Nearly Sorted",5000,79,10745440,3364600,true,true
"selection","Nearly Sorted",5000,80,10718464,3356200,true,true
"selection","Nearly Sorted",5000,81,10652992,3335700,true,true
"selection","Nearly Sorted",5000,82,10705792,3352200,true,true
"selection","Nearly Sorted",5000,83,10725984,3358500,true,true
"selection","Nearly Sorted",5000,84,10680384,3344200,true,true
"selection","Nearly Sorted",5000,85,10700224,3350400,true,true
"selection","Nearly Sorted",5000,86,10648864,3334400,true,true
"selection","Nearly Sorted",5000,87,10800032,3381800,true,true
"selection","Nearly Sorted",5000,88,10629920,3328400,true,true
"selection","Nearly Sorted",5000,89,10730592,3359900,true,true
"selection","Nearly Sorted",5000,90,10638784,3331200,true,true
"selection","Nearly Sorted",5000,91,10655360,3336400,true,true
"selection","Nearly Sorted",5000,92,10710176,3353500,true,true
"selection","Nearly Sorted",5000,93,10690144,3347500,true,true
"selection","Nearly Sorted",5000,94,10659040,3337500,true,true
"selection","Nearly Sorted",5000,95,10678016,3343500,true,true
"selection","Nearly Sorted",5000,96,10698752,3350000,true,true
"selection","Nearly Sorted",5000,97,10705248,3352000,true,true
"selection","Nearly Sorted",5000,98,10765536,3370800,true,true
"selection","Nearly Sorted",5000,99,10678048,3343500,true,true
"merge","Nearly Sorted",5000,0,144224,45300,true,true
"merge","Nearly Sorted",5000,1,144896,45500,true,true
"merge","Nearly Sorted",5000,2,156704,49100,true,true
"merge","Nearly Sorted",5000,3,143840,45100,true,true
"merge","Nearly Sorted",5000,4,144032,45200,true,true
"merge","Nearly Sorted",5000,5,144000,45100,true,true
"merge","Nearly Sorted",5000,6,144032,45200,true,true
"merge","Nearly Sorted",5000,7,143776,45100,true,true
"merge","Nearly Sorted",5000,8,143648,45000,true,true
"merge","Nearly Sorted",5000,9,144384,45300,true,true
"merge","Nearly Sorted",5000,10,143488,45000,true,true
"merge","Nearly Sorted",5000,11,143520,45000,true,true
"merge","Nearly Sorted",5000,12,143392,44900,true,true
"merge","Nearly Sorted",5000,13,143616,45100,true,true
"merge","Nearly Sorted",5000,14,172288,54000,true,true
"merge","Nearly Sorted",5000,15,143712,45100,true,true
"merge","Nearly Sorted",5000,16,143712,45100,true,true
"merge","Nearly Sorted",5000,17,143616,45000,true,true
"merge","Nearly Sorted",5000,18,143232,45000,true,true
"merge","Nearly Sorted",5000,19,143520,45100,true,true
"merge","Nearly Sorted",5000,20,143360,44900,true,true
"merge","Nearly Sorted",5000,21,143648,45100,true,true
"merge","Nearly Sorted",5000,22,143168,44900,true,true
"merge","Nearly Sorted",5000,23,144000,45200,true,true
"merge","Nearly Sorted",5000,24,156224,49000,true,true
"merge","Nearly Sorted",5000,25,143104,44900,true,true
"merge","Nearly Sorted",5000,26,153792,48200,true,true
"merge","Nearly Sorted",5000,27,144704,45500,true,true
"merge","Nearly Sorted",5000,28,143040,44900,true,true
"merge","Nearly Sorted",5000,29,143232,44900,true,true
"merge","Nearly Sorted",5000,30,143360,44900,true,true
"merge","Nearly Sorted",5000,31,143168,44900,true,true
"merge","Nearly Sorted",5000,32,142400,44600,true,true
"merge","Nearly Sorted",5000,33,143296,45000,true,true
"merge","Nearly Sorted",5000,34,170752,53600,true,true
"merge","Nearly Sorted",5000,35,142912,45000,true,true
"merge","Nearly Sorted",5000,36,142720,44800,true,true
"merge","Nearly Sorted",5000,37,143008,44800,true,true
"merge","Nearly Sorted",5000,38,143136,44900,true,true
"merge","Nearly Sorted",5000,39,142912,44800,true,true
"merge","Nearly Sorted",5000,40,142368,44600,true,true
"merge","Nearly Sorted",5000,41,142880,44800,true,true
"merge","Nearly Sorted",5000,42,142816,44800,true,true
"merge","Nearly Sorted",5000,43,142880,44800,true,true
"merge","Nearly Sorted",5000,44,142912,44800,true,true
"merge","Nearly Sorted",5000,45,143072,44900,true,true
"merge","Nearly Sorted",5000,46,142624,44700,true,true
"merge","Nearly Sorted",5000,47,142528,44700,true,true
"merge","Nearly Sorted",5000,48,147104,46200,true,true
"merge","Nearly Sorted",5000,49,147072,46100,true,true
"merge","Nearly Sorted",5000,50,146560,45900,true,true
"merge","Nearly Sorted",5000,51,146528,46000,true,true
"merge","Nearly Sorted",5000,52,146432,45900,true,true
"merge","Nearly Sorted",5000,53,146336,45900,true,true
"merge","Nearly Sorted",5000,54,178496,56000,true,true
"merge","Nearly Sorted",5000,55,146784,46100,true,true
"merge","Nearly Sorted",5000,56,146528,46000,true,true
"merge","Nearly Sorted",5000,57,146784,46000,true,true
"merge","Nearly Sorted",5000,58,146208,45900,true,true
"merge","Nearly Sorted",5000,59,146240,45800,true,true
"merge","Nearly Sorted",5000,60,146368,45900,true,true
"merge","Nearly Sorted",5000,61,146272,45900,true,true
"merge","Nearly Sorted",5000,62,146272,45800,true,true
"merge","Nearly Sorted",5000,63,146752,46100,true,true
"merge","Nearly Sorted",5000,64,145984,45800,true,true
"merge","Nearly Sorted",5000,65,147136,46100,true,true
"merge","Nearly Sorted",5000,66,156256,49000,true,true
"merge","Nearly Sorted",5000,67,146720,46100,true,true
"merge","Nearly Sorted",5000,68,146304,45900,true,true
"merge","Nearly Sorted",5000,69,146592,46000,true,true
"merge","Nearly Sorted",5000,70,146592,46300,true,true
"merge","Nearly Sorted",5000,71,146592,46000,true,true
"merge","Nearly Sorted",5000,72,146304,45800,true,true
"merge","Nearly Sorted",5000,73,146528,46000,true,true
"merge","Nearly Sorted",5000,74,174272,54700,true,true
"merge","Nearly Sorted",5000,75,147200,46200,true,true
"merge","Nearly Sorted",5000,76,146528,45900,true,true
"merge","Nearly Sorted",5000,77,147008,46100,true,true
"merge","Nearly Sorted",5000,78,146208,45900,true,true
"merge","Nearly Sorted",5000,79,146624,46000,true,true
"merge","Nearly Sorted",5000,80,146336,45900,true,true
"merge","Nearly Sorted",5000,81,146432,45900,true,true
"merge","Nearly Sorted",5000,82,146368,45900,true,true
"merge","Nearly Sorted",5000,83,146944,46100,true,true
"merge","Nearly Sorted",5000,84,146240,45900,true,true
"merge","Nearly Sorted",5000,85,146464,45900,true,true
"merge","Nearly Sorted",5000,86,146400,45900,true,true
"merge","Nearly Sorted",5000,87,146624,46000,true,true
"merge","Nearly Sorted",5000,88,146624,46000,true,true
"merge","Nearly Sorted",5000,89,146240,45900,true,true
"merge","Nearly Sorted",5000,90,146400,45900,true,true
"merge","Nearly Sorted",5000,91,146784,46000,true,true
"merge","Nearly Sorted",5000,92,146496,45900,true,true
"merge","Nearly Sorted",5000,93,146368,45900,true,true
"merge","Nearly Sorted",5000,94,173024,54300,true,true
"merge","Nearly Sorted",5000,95,146720,46000,true,true
"merge","Nearly Sorted",5000,96,146528,46000,true,true
"merge","Nearly Sorted",5000,97,146272,45900,true,true
"merge","Nearly Sorted",5000,98,146016,45800,true,true
"merge","Nearly Sorted",5000,99,146368,45900,true,true
"quicksort","Nearly Sorted",5000,0,96160,30200,true,true
"quicksort","Nearly Sorted",5000,1,96416,30300,true,true
"quicksort","Nearly Sorted",5000,2,95072,29900,true,true
"quicksort","Nearly Sorted",5000,3,96672,30400,true,true
"quicksort","Nearly Sorted",5000,4,96512,30300,true,true
"quicksort","Nearly Sorted",5000,5,96064,30100,true,true
"quicksort","Nearly Sorted",5000,6,94368,29600,true,true
"quicksort","Nearly Sorted",5000,7,95776,30000,true,true
"quicksort","Nearly Sorted",5000,8,96448,30200,true,true
"quicksort","Nearly Sorted",5000,9,95712,30000,true,true
"quicksort","Nearly Sorted",5000,10,94912,29800,true,true
"quicksort","Nearly Sorted",5000,11,94528,29600,true,true
"quicksort","Nearly Sorted",5000,12,94656,29700,true,true
"quicksort","Nearly Sorted",5000,13,93888,29500,true,true
"quicksort","Nearly Sorted",5000,14,95040,29900,true,true
"quicksort","Nearly Sorted",5000,15,95264,29900,true,true
"quicksort","Nearly Sorted",5000,16,95008,29800,true,true
"quicksort","Nearly Sorted",5000,17,94368,29700,true,true
"quicksort","Nearly Sorted",5000,18,94880,29700,true,true
"quicksort","Nearly Sorted",5000,19,94368,29700,true,true
"quicksort","Nearly Sorted",5000,20,93728,29400,true,true
"quicksort","Nearly Sorted",5000,21,93312,29300,true,true
"quicksort","Nearly Sorted",5000,22,95648,30000,true,true
"quicksort","Nearly Sorted",5000,23,94752,29700,true,true
"quicksort","Nearly Sorted",5000,24,95552,30000,true,true
"quicksort","Nearly Sorted",5000,25,95616,30000,true,true
"quicksort","Nearly Sorted",5000,26,94240,29600,true,true
"quicksort","Nearly Sorted",5000,27,94976,29800,true,true
"quicksort","Nearly Sorted",5000,28,95456,29900,true,true
"quicksort","Nearly Sorted",5000,29,94368,29600,true,true
"quicksort","Nearly Sorted",5000,30,95040,29800,true,true
"quicksort","Nearly Sorted",5000,31,94912,29800,true,true
"quicksort","Nearly Sorted",5000,32,93312,29300,true,true
"quicksort","Nearly Sorted",5000,33,93888,29500,true,true
"quicksort","Nearly Sorted",5000,34,94048,29500,true,true
"quicksort","Nearly Sorted",5000,35,94432,29700,true,true
"quicksort","Nearly Sorted",5000,36,192384,60500,true,true
"quicksort","Nearly Sorted",5000,37,150432,47200,true,true
"quicksort","Nearly Sorted",5000,38,105088,33300,true,true
"quicksort","Nearly Sorted",5000,39,101600,31800,true,true
"quicksort","Nearly Sorted",5000,40,110976,34900,true,true
"quicksort","Nearly Sorted",5000,41,96928,30400,true,true
"quicksort","Nearly Sorted",5000,42,97152,30600,true,true
"quicksort","Nearly Sorted",5000,43,95008,29800,true,true
"quicksort","Nearly Sorted",5000,44,94144,29500,true,true
"quicksort","Nearly Sorted",5000,45,94560,29700,true,true
"quicksort","Nearly Sorted",5000,46,93344,29300,true,true
"quicksort","Nearly Sorted",5000,47,93632,29400,true,true
"quicksort","Nearly Sorted",5000,48,94080,29500,true,true
"quicksort","Nearly Sorted",5000,49,93088,29200,true,true
"quicksort","Nearly Sorted",5000,50,93216,29200,true,true
"quicksort","Nearly Sorted",5000,51,94528,29700,true,true
"quicksort","Nearly Sorted",5000,52,91808,28800,true,true
"quicksort","Nearly Sorted",5000,53,92288,29000,true,true
"quicksort","Nearly Sorted",5000,54,93632,29400,true,true
"quicksort","Nearly Sorted",5000,55,94688,29700,true,true
"quicksort","Nearly Sorted",5000,56,93280,29300,true,true
"quicksort","Nearly Sorted",5000,57,93184,29200,true,true
"quicksort","Nearly Sorted",5000,58,92192,28900,true,true
"quicksort","Nearly Sorted",5000,59,91392,28700,true,true
"quicksort","Nearly Sorted",5000,60,92096,28900,true,true
"quicksort","Nearly Sorted",5000,61,92000,28900,true,true
"quicksort","Nearly Sorted",5000,62,93792,29500,true,true
"quicksort","Nearly Sorted",5000,63,93088,29200,true,true
"quicksort","Nearly Sorted",5000,64,93760,29400,true,true
"quicksort","Nearly Sorted",5000,65,93600,29600,true,true
"quicksort","Nearly Sorted",5000,66,93696,29400,true,true
"quicksort","Nearly Sorted",5000,67,91488,28700,true,true
"quicksort","Nearly Sorted",5000,68,93536,29400,true,true
"quicksort","Nearly Sorted",5000,69,92320,28900,true,true
"quicksort","Nearly Sorted",5000,70,92800,29100,true,true
"quicksort","Nearly Sorted",5000,71,92160,28900,true,true
"quicksort","Nearly Sorted",5000,72,91776,28800,true,true
"quicksort","Nearly Sorted",5000,73,93760,29400,true,true
"quicksort","Nearly Sorted",5000,74,93088,29200,true,true
"quicksort","Nearly Sorted",5000,75,105824,33300,true,true
"quicksort","Nearly Sorted",5000,76,90912,28500,true,true
"quicksort","Nearly Sorted",5000,77,91456,28700,true,true
"quicksort","Nearly Sorted",5000,78,90880,28500,true,true
"quicksort","Nearly Sorted",5000,79,104512,32800,true,true
"quicksort","Nearly Sorted",5000,80,90944,28600,true,true
"quicksort","Nearly Sorted",5000,81,89984,28200,true,true
"quicksort","Nearly Sorted",5000,82,90112,28200,true,true
"quicksort","Nearly Sorted",5000,83,124992,39200,true,true
"quicksort","Nearly Sorted",5000,84,90240,28300,true,true
"quicksort","Nearly Sorted",5000,85,89824,28200,true,true
"quicksort","Nearly Sorted",5000,86,90304,28400,true,true
"quicksort","Nearly Sorted",5000,87,90816,28500,true,true
"quicksort","Nearly Sorted",5000,88,90176,28300,true,true
"quicksort","Nearly Sorted",5000,89,90016,28300,true,true
"quicksort","Nearly Sorted",5000,90,91040,28600,true,true
"quicksort","Nearly Sorted",5000,91,90656,28400,true,true
"quicksort","Nearly Sorted",5000,92,91392,28600,true,true
"quicksort","Nearly Sorted",5000,93,89856,28200,true,true
"quicksort","Nearly Sorted",5000,94,90208,28300,true,true
"quicksort","Nearly Sorted",5000,95,89888,28200,true,true
"quicksort","Nearly Sorted",5000,96,90208,28300,true,true
"quicksort","Nearly Sorted",5000,97,90144,28300,true,true
"quicksort","Nearly Sorted",5000,98,89632,28100,true,true
"quicksort","Nearly Sorted",5000,99,90240,28300,true,true
"heap","Nearly Sorted",5000,0,480864,150700,true,true
"heap","Nearly Sorted",5000,1,506560,158600,true,true
"heap","Nearly Sorted",5000,2,479648,150300,true,true
"heap","Nearly Sorted",5000,3,478688,149900,true,true
"heap","Nearly Sorted",5000,4,472960,148100,true,true
"heap","Nearly Sorted",5000,5,475392,149000,true,true
"heap","Nearly Sorted",5000,6,482304,151100,true,true
"heap","Nearly Sorted",5000,7,478144,149800,true,true
"heap","Nearly Sorted",5000,8,503648,157800,true,true
"heap","Nearly Sorted",5000,9,475744,149000,true,true
"heap","Nearly Sorted",5000,10,490464,153600,true,true
"heap","Nearly Sorted",5000,11,474848,148700,true,true
"heap","Nearly Sorted",5000,12,485664,152100,true,true
"heap","Nearly Sorted",5000,13,474208,148600,true,true
"heap","Nearly Sorted",5000,14,497472,155800,true,true
"heap","Nearly Sorted",5000,15,470336,147400,true,true
"heap","Nearly Sorted",5000,16,464384,145500,true,true
"heap","Nearly Sorted",5000,17,469824,147200,true,true
"heap","Nearly Sorted",5000,18,467648,146500,true,true
"heap","Nearly Sorted",5000,19,465760,145900,true,true
"heap","Nearly Sorted",5000,20,464192,145500,true,true
"heap","Nearly Sorted",5000,21,495488,155200,true,true
"heap","Nearly Sorted",5000,22,468416,146800,true,true
"heap","Nearly Sorted",5000,23,480320,150500,true,true
"heap","Nearly Sorted",5000,24,474240,148600,true,true
"heap","Nearly Sorted",5000,25,474048,148500,true,true
"heap","Nearly Sorted",5000,26,475360,148900,true,true
"heap","Nearly Sorted",5000,27,502048,157300,true,true
"heap","Nearly Sorted",5000,28,475936,149100,true,true
"heap","Nearly Sorted",5000,29,461728,144700,true,true
"heap","Nearly Sorted",5000,30,464832,145600,true,true
"heap","Nearly Sorted",5000,31,470176,147300,true,true
"heap","Nearly Sorted",5000,32,471776,147800,true,true
"heap","Nearly Sorted",5000,33,468960,147000,true,true
"heap","Nearly Sorted",5000,34,506656,158800,true,true
"heap","Nearly Sorted",5000,35,469984,147200,true,true
"heap","Nearly Sorted",5000,36,485504,152100,true,true
"heap","Nearly Sorted",5000,37,471840,147800,true,true
"heap","Nearly Sorted",5000,38,471712,147700,true,true
"heap","Nearly Sorted",5000,39,464832,145600,true,true
"heap","Nearly Sorted",5000,40,494784,155000,true,true
"heap","Nearly Sorted",5000,41,470752,147400,true,true
"heap","Nearly Sorted",5000,42,471744,147700,true,true
"heap","Nearly Sorted",5000,43,486688,152400,true,true
"heap","Nearly Sorted",5000,44,468928,147000,true,true
"heap","Nearly Sorted",5000,45,471296,147600,true,true
"heap","Nearly Sorted",5000,46,472384,148000,true,true
"heap","Nearly Sorted",5000,47,509856,159800,true,true
"heap","Nearly Sorted",5000,48,469184,147000,true,true
"heap","Nearly Sorted",5000,49,475040,148800,true,true
"heap","Nearly Sorted",5000,50,473376,148300,true,true
"heap","Nearly Sorted",5000,51,489920,153500,true,true
"heap","Nearly Sorted",5000,52,470272,147300,true,true
"heap","Nearly Sorted",5000,53,505312,158300,true,true
"heap","Nearly Sorted",5000,54,473440,148300,true,true
"heap","Nearly Sorted",5000,55,475712,149100,true,true
"heap","Nearly Sorted",5000,56,471552,147700,true,true
"heap","Nearly Sorted",5000,57,471872,147900,true,true
"heap","Nearly Sorted",5000,58,480096,150400,true,true
"heap","Nearly Sorted",5000,59,470976,147600,true,true
"heap","Nearly Sorted",5000,60,504256,157900,true,true
"heap","Nearly Sorted",5000,61,465728,146000,true,true
"heap","Nearly Sorted",5000,62,467168,146300,true,true
"heap","Nearly Sorted",5000,63,468000,146600,true,true
"heap","Nearly Sorted",5000,64,471968,147800,true,true
"heap","Nearly Sorted",5000,65,476608,149300,true,true
"heap","Nearly Sorted",5000,66,500256,156800,true,true
"heap","Nearly Sorted",5000,67,481024,150700,true,true
"heap","Nearly Sorted",5000,68,485376,152100,true,true
"heap","Nearly Sorted",5000,69,466528,146200,true,true
"heap","Nearly Sorted",5000,70,464448,145500,true,true
"heap","Nearly Sorted",5000,71,477056,149400,true,true
"heap","Nearly Sorted",5000,72,464544,145500,true,true
"heap","Nearly Sorted",5000,73,493760,154600,true,true
"heap","Nearly Sorted",5000,74,462592,145100,true,true
"heap","Nearly Sorted",5000,75,460544,144200,true,true
"heap","Nearly Sorted",5000,76,464064,145400,true,true
"heap","Nearly Sorted",5000,77,463648,145300,true,true
"heap","Nearly Sorted",5000,78,469472,147100,true,true
"heap","Nearly Sorted",5000,79,494368,154900,true,true
"heap","Nearly Sorted",5000,80,468064,146700,true,true
"heap","Nearly Sorted",5000,81,465184,145700,true,true
"heap","Nearly Sorted",5000,82,462464,144800,true,true
"heap","Nearly Sorted",5000,83,480800,150700,true,true
"heap","Nearly Sorted",5000,84,473888,148400,true,true
"heap","Nearly Sorted",5000,85,475488,148900,true,true
"heap","Nearly Sorted",5000,86,499264,156400,true,true
"heap","Nearly Sorted",5000,87,470112,147200,true,true
"heap","Nearly Sorted",5000,88,470592,147400,true,true
"heap","Nearly Sorted",5000,89,477408,149500,true,true
"heap","Nearly Sorted",5000,90,488192,152900,true,true
"heap","Nearly Sorted",5000,91,474432,148600,true,true
"heap","Nearly Sorted",5000,92,499744,156600,true,true
"heap","Nearly Sorted",5000,93,469472,147100,true,true
"heap","Nearly Sorted",5000,94,468192,146700,true,true
"heap","Nearly Sorted",5000,95,473856,148400,true,true
"heap","Nearly Sorted",5000,96,474496,148700,true,true
"heap","Nearly Sorted",5000,97,471040,147600,true,true
"heap","Nearly Sorted",5000,98,493120,154500,true,true
"heap","Nearly Sorted",5000,99,491328,154000,true,true
"std-sort","Nearly Sorted",5000,0,74400,23400,true,true
"std-sort","Nearly Sorted",5000,1,74368,23300,true,true
"std-sort","Nearly Sorted",5000,2,74112,23300,true,true
"std-sort","Nearly Sorted",5000,3,74368,23300,true,true
"std-sort","Nearly Sorted",5000,4,74112,23300,true,true
"std-sort","Nearly Sorted",5000,5,74176,23300,true,true
"std-sort","Nearly Sorted",5000,6,74208,23300,true,true
"std-sort","Nearly Sorted",5000,7,74304,23300,true,true
"std-sort","Nearly Sorted",5000,8,72800,22900,true,true
"std-sort","Nearly Sorted",5000,9,74368,23400,true,true
"std-sort","Nearly Sorted",5000,10,73344,23100,true,true
"std-sort","Nearly Sorted",5000,11,103808,32600,true,true
"std-sort","Nearly Sorted",5000,12,74848,23500,true,true
"std-sort","Nearly Sorted",5000,13,74848,23500,true,true
"std-sort","Nearly Sorted",5000,14,86816,27200,true,true
"std-sort","Nearly Sorted",5000,15,74880,23500,true,true
"std-sort","Nearly Sorted",5000,16,75072,23500,true,true
"std-sort","Nearly Sorted",5000,17,74528,23400,true,true
"std-sort","Nearly Sorted",5000,18,74304,23400,true,true
"std-sort","Nearly Sorted",5000,19,74144,23300,true,true
"std-sort","Nearly Sorted",5000,20,74240,23300,true,true
"std-sort","Nearly Sorted",5000,21,74944,23600,true,true
"std-sort","Nearly Sorted",5000,22,74112,23200,true,true
"std-sort","Nearly Sorted",5000,23,73440,23000,true,true
"std-sort","Nearly Sorted",5000,24,74720,23500,true,true
"std-sort","Nearly Sorted",5000,25,74528,23400,true,true
"std-sort","Nearly Sorted",5000,26,73568,23100,true,true
"std-sort","Nearly Sorted",5000,27,75648,23800,true,true
"std-sort","Nearly Sorted",5000,28,75072,23500,true,true
"std-sort","Nearly Sorted",5000,29,72576,22700,true,true
"std-sort","Nearly Sorted",5000,30,74048,23300,true,true
"std-sort","Nearly Sorted",5000,31,74688,23500,true,true
"std-sort","Nearly Sorted",5000,32,74880,23500,true,true
"std-sort","Nearly Sorted",5000,33,74144,23300,true,true
"std-sort","Nearly Sorted",5000,34,74496,23400,true,true
"std-sort","Nearly Sorted",5000,35,73376,23000,true,true
"std-sort","Nearly Sorted",5000,36,74464,23400,true,true
"std-sort","Nearly Sorted",5000,37,74720,23500,true,true
"std-sort","Nearly Sorted",5000,38,74688,23500,true,true
"std-sort","Nearly Sorted",5000,39,73184,23000,true,true
"std-sort","Nearly Sorted",5000,40,72928,22900,true,true
"std-sort","Nearly Sorted",5000,41,75040,23600,true,true
"std-sort","Nearly Sorted",5000,42,73952,23300,true,true
"std-sort","Nearly Sorted",5000,43,73120,22900,true,true
"std-sort","Nearly Sorted",5000,44,72992,22900,true,true
"std-sort","Nearly Sorted",5000,45,74848,23500,true,true
"std-sort","Nearly Sorted",5000,46,74048,23200,true,true
"std-sort","Nearly Sorted",5000,47,100736,31700,true,true
"std-sort","Nearly Sorted",5000,48,71776,22500,true,true
"std-sort","Nearly Sorted",5000,49,73856,23200,true,true
"std-sort","Nearly Sorted",5000,50,73760,23100,true,true
"std-sort","Nearly Sorted",5000,51,74464,23300,true,true
"std-sort","Nearly Sorted",5000,52,74528,23400,true,true
"std-sort","Nearly Sorted",5000,53,74368,23300,true,true
"std-sort","Nearly Sorted",5000,54,74432,23400,true,true
"std-sort","Nearly Sorted",5000,55,74752,23500,true,true
"std-sort","Nearly Sorted",5000,56,73568,23100,true,true
"std-sort","Nearly Sorted",5000,57,86880,27300,true,true
"std-sort","Nearly Sorted",5000,58,75136,23600,true,true
"std-sort","Nearly Sorted",5000,59,74816,23500,true,true
"std-sort","Nearly Sorted",5000,60,74176,23300,true,true
"std-sort","Nearly Sorted",5000,61,75040,23600,true,true
"std-sort","Nearly Sorted",5000,62,74752,23400,true,true
"std-sort","Nearly Sorted",5000,63,72800,22900,true,true
"std-sort","Nearly Sorted",5000,64,76256,23900,true,true
"std-sort","Nearly Sorted",5000,65,75360,23700,true,true
"std-sort","Nearly Sorted",5000,66,74592,23400,true,true
"std-sort","Nearly Sorted",5000,67,74272,23300,true,true
"std-sort","Nearly Sorted",5000,68,75040,23500,true,true
"std-sort","Nearly Sorted",5000,69,74912,23500,true,true
"std-sort","Nearly Sorted",5000,70,75168,23600,true,true
"std-sort","Nearly Sorted",5000,71,74880,23500,true,true
"std-sort","Nearly Sorted",5000,72,73792,23200,true,true
"std-sort","Nearly Sorted",5000,73,75456,23600,true,true
"std-sort","Nearly Sorted",5000,74,74144,23300,true,true
"std-sort","Nearly Sorted",5000,75,74272,23300,true,true
"std-sort","Nearly Sorted",5000,76,75136,23700,true,true
"std-sort","Nearly Sorted",5000,77,75392,23700,true,true
"std-sort","Nearly Sorted",5000,78,75040,23600,true,true
"std-sort","Nearly Sorted",5000,79,75200,23700,true,true
"std-sort","Nearly Sorted",5000,80,75008,23500,true,true
"std-sort","Nearly Sorted",5000,81,75840,23800,true,true
"std-sort","Nearly Sorted",5000,82,73824,23200,true,true
"std-sort","Nearly Sorted",5000,83,103104,32300,true,true
"std-sort","Nearly Sorted",5000,84,76032,23900,true,true
"std-sort","Nearly Sorted",5000,85,75072,23600,true,true
"std-sort","Nearly Sorted",5000,86,75104,23600,true,true
"std-sort","Nearly Sorted",5000,87,73120,23000,true,true
"std-sort","Nearly Sorted",5000,88,74176,23300,true,true
"std-sort","Nearly Sorted",5000,89,71488,22500,true,true
"std-sort","Nearly Sorted",5000,90,75488,23700,true,true
"std-sort","Nearly Sorted",5000,91,75104,23600,true,true
"std-sort","Nearly Sorted",5000,92,74272,23400,true,true
"std-sort","Nearly Sorted",5000,93,73440,23100,true,true
"std-sort","Nearly Sorted",5000,94,76544,24000,true,true
"std-sort","Nearly Sorted",5000,95,75456,23700,true,true
"std-sort","Nearly Sorted",5000,96,74880,23500,true,true
"std-sort","Nearly Sorted",5000,97,74240,23400,true,true
"std-sort","Nearly Sorted",5000,98,72768,22800,true,true
"std-sort","Nearly Sorted",5000,99,73952,23200,true,true
"std-stable-sort","Nearly Sorted",5000,0,59232,18700,true,true
"std-stable-sort","Nearly Sorted",5000,1,59072,18500,true,true
"std-stable-sort","Nearly Sorted",5000,2,58816,18500,true,true
"std-stable-sort","Nearly Sorted",5000,3,89280,28000,true,true
"std-stable-sort","Nearly Sorted",5000,4,59488,18700,true,true
"std-stable-sort","Nearly Sorted",5000,5,58944,18600,true,true
"std-stable-sort","Nearly Sorted",5000,6,59168,18600,true,true
"std-stable-sort","Nearly Sorted",5000,7,58720,18500,true,true
"std-stable-sort","Nearly Sorted",5000,8,59008,18600,true,true
"std-stable-sort","Nearly Sorted",5000,9,58944,18600,true,true
"std-stable-sort","Nearly Sorted",5000,10,59136,18600,true,true
"std-stable-sort","Nearly Sorted",5000,11,59072,18600,true,true
"std-stable-sort","Nearly Sorted",5000,12,59008,18600,true,true
"std-stable-sort","Nearly Sorted",5000,13,58560,18400,true,true
"std-stable-sort","Nearly Sorted",5000,14,59072,18500,true,true
"std-stable-sort","Nearly Sorted",5000,15,58880,18500,true,true
"std-stable-sort","Nearly Sorted",5000,16,58976,18500,true,true
"std-stable-sort","Nearly Sorted",5000,17,58944,18600,true,true
"std-stable-sort","Nearly Sorted",5000,18,58976,18600,true,true
"std-stable-sort","Nearly Sorted",5000,19,58688,18500,true,true
"std-stable-sort","Nearly Sorted",5000,20,58848,18500,true,true
"std-stable-sort","Nearly Sorted",5000,21,58848,18500,true,true
"std-stable-sort","Nearly Sorted",5000,22,59104,18600,true,true
"std-stable-sort","Nearly Sorted",5000,23,58656,18500,true,true
"std-stable-sort","Nearly Sorted",5000,24,58912,18500,true,true
"std-stable-sort","Nearly Sorted",5000,25,58944,18600,true,true
"std-stable-sort","Nearly Sorted",5000,26,58880,18500,true,true
"std-stable-sort","Nearly Sorted",5000,27,59040,18500,true,true
"std-stable-sort","Nearly Sorted",5000,28,58848,18500,true,true
"std-stable-sort","Nearly Sorted",5000,29,58752,18400,true,true
"std-stable-sort","Nearly Sorted",5000,30,59008,18500,true,true
"std-stable-sort","Nearly Sorted",5000,31,58912,18500,true,true
"std-stable-sort","Nearly Sorted",5000,32,59104,18600,true,true
"std-stable-sort","Nearly Sorted",5000,33,71648,22500,true,true
"std-stable-sort","Nearly Sorted",5000,34,58656,18400,true,true
"std-stable-sort","Nearly Sorted",5000,35,58432,18400,true,true
"std-stable-sort","Nearly Sorted",5000,36,58816,18500,true,true
"std-stable-sort","Nearly Sorted",5000,37,58016,18300,true,true
"std-stable-sort","Nearly Sorted",5000,38,58432,18300,true,true
"std-stable-sort","Nearly Sorted",5000,39,58528,18400,true,true
"std-stable-sort","Nearly Sorted",5000,40,61184,19200,true,true
"std-stable-sort","Nearly Sorted",5000,41,58528,18400,true,true
"std-stable-sort","Nearly Sorted",5000,42,58528,18500,true,true
"std-stable-sort","Nearly Sorted",5000,43,58272,18300,true,true
"std-stable-sort","Nearly Sorted",5000,44,58720,18500,true,true
"std-stable-sort","Nearly Sorted",5000,45,58272,18300,true,true
"std-stable-sort","Nearly Sorted",5000,46,58656,18500,true,true
"std-stable-sort","Nearly Sorted",5000,47,58656,18500,true,true
"std-stable-sort","Nearly Sorted",5000,48,58432,18400,true,true
"std-stable-sort","Nearly Sorted",5000,49,60672,19100,true,true
"std-stable-sort","Nearly Sorted",5000,50,58784,18500,true,true
"std-stable-sort","Nearly Sorted",5000,51,58560,18400,true,true
"std-stable-sort","Nearly Sorted",5000,52,58336,18300,true,true
"std-stable-sort","Nearly Sorted",5000,53,58336,18300,true,true
"std-stable-sort","Nearly Sorted",5000,54,58560,18400,true,true
"std-stable-sort","Nearly Sorted",5000,55,58368,18300,true,true
"std-stable-sort","Nearly Sorted",5000,56,58592,18400,true,true
"std-stable-sort","Nearly Sorted",5000,57,58272,18300,true,true
"std-stable-sort","Nearly Sorted",5000,58,58400,18300,true,true
"std-stable-sort","Nearly Sorted",5000,59,58304,18300,true,true
"std-stable-sort","Nearly Sorted",5000,60,58784,18500,true,true
"std-stable-sort","Nearly Sorted",5000,61,58464,18300,true,true
"std-stable-sort","Nearly Sorted",5000,62,58592,18500,true,true
"std-stable-sort","Nearly Sorted",5000,63,58272,18300,true,true
"std-stable-sort","Nearly Sorted",5000,64,58592,18400,true,true
"std-stable-sort","Nearly Sorted",5000,65,58880,18500,true,true
"std-stable-sort","Nearly Sorted",5000,66,58656,18500,true,true
"std-stable-sort","Nearly Sorted",5000,67,58368,18400,true,true
"std-stable-sort","Nearly Sorted",5000,68,58560,18400,true,true
"std-stable-sort","Nearly Sorted",5000,69,58368,18300,true,true
"std-stable-sort","Nearly Sorted",5000,70,68800,21600,true,true
"std-stable-sort","Nearly Sorted",5000,71,58528,18400,true,true
"std-stable-sort","Nearly Sorted",5000,72,58784,18500,true,true
"std-stable-sort","Nearly Sorted",5000,73,58656,18400,true,true
"std-stable-sort","Nearly Sorted",5000,74,58560,18400,true,true
"std-stable-sort","Nearly Sorted",5000,75,58336,18400,true,true
"std-stable-sort","Nearly Sorted",5000,76,58688,18400,true,true
"std-stable-sort","Nearly Sorted",5000,77,58432,18300,true,true
"std-stable-sort","Nearly Sorted",5000,78,58720,18400,true,true
"std-stable-sort","Nearly Sorted",5000,79,58208,18300,true,true
"std-stable-sort","Nearly Sorted",5000,80,58336,18300,true,true
"std-stable-sort","Nearly Sorted",5000,81,58240,18300,true,true
"std-stable-sort","Nearly Sorted",5000,82,58752,18500,true,true
"std-stable-sort","Nearly Sorted",5000,83,58656,18400,true,true
"std-stable-sort","Nearly Sorted",5000,84,58592,18400,true,true
"std-stable-sort","Nearly Sorted",5000,85,60704,19100,true,true
"std-stable-sort","Nearly Sorted",5000,86,58976,18500,true,true
"std-stable-sort","Nearly Sorted",5000,87,58560,18400,true,true
"std-stable-sort","Nearly Sorted",5000,88,58880,18500,true,true
"std-stable-sort","Nearly Sorted",5000,89,58880,18500,true,true
"std-stable-sort","Nearly Sorted",5000,90,88192,27700,true,true
"std-stable-sort","Nearly Sorted",5000,91,58880,18600,true,true
"std-stable-sort","Nearly Sorted",5000,92,58784,18500,true,true
"std-stable-sort","Nearly Sorted",5000,93,58816,18500,true,true
"std-stable-sort","Nearly Sorted",5000,94,58848,18500,true,true
"std-stable-sort","Nearly Sorted",5000,95,58976,18600,true,true
"std-stable-sort","Nearly Sorted",5000,96,58976,18600,true,true
"std-stable-sort","Nearly Sorted",5000,97,58560,18400,true,true
"std-stable-sort","Nearly Sorted",5000,98,58880,18500,true,true
"std-stable-sort","Nearly Sorted",5000,99,58752,18500,true,true
"bubble","Nearly Sorted",10000,0,61632,19400,true,true
"bubble","Nearly Sorted",10000,1,61664,19400,true,true
"bubble","Nearly Sorted",10000,2,48192,15100,true,true
"bubble","Nearly Sorted",10000,3,48064,15100,true,true
"bubble","Nearly Sorted",10000,4,61600,19400,true,true
"bubble","Nearly Sorted",10000,5,48000,15100,true,true
"bubble","Nearly Sorted",10000,6,61696,19400,true,true
"bubble","Nearly Sorted",10000,7,61472,19400,true,true
"bubble","Nearly Sorted",10000,8,47872,15300,true,true
"bubble","Nearly Sorted",10000,9,48128,15100,true,true
"bubble","Nearly Sorted",10000,10,61856,19400,true,true
"bubble","Nearly Sorted",10000,11,47808,15100,true,true
"bubble","Nearly Sorted",10000,12,47968,15100,true,true
"bubble","Nearly Sorted",10000,13,76896,24200,true,true
"bubble","Nearly Sorted",10000,14,61632,19400,true,true
"bubble","Nearly Sorted",10000,15,47872,15100,true,true
"bubble","Nearly Sorted",10000,16,75104,23600,true,true
"bubble","Nearly Sorted",10000,17,48352,15200,true,true
"bubble","Nearly Sorted",10000,18,47968,15100,true,true
"bubble","Nearly Sorted",10000,19,48320,15200,true,true
"bubble","Nearly Sorted",10000,20,48192,15200,true,true
"bubble","Nearly Sorted",10000,21,48192,15200,true,true
"bubble","Nearly Sorted",10000,22,48256,15100,true,true
"bubble","Nearly Sorted",10000,23,48320,15200,true,true
"bubble","Nearly Sorted",10000,24,48384,15200,true,true
"bubble","Nearly Sorted",10000,25,48416,15200,true,true
"bubble","Nearly Sorted",10000,26,48160,15100,true,true
"bubble","Nearly Sorted",10000,27,48064,15100,true,true
"bubble","Nearly Sorted",10000,28,48416,15200,true,true
"bubble","Nearly Sorted",10000,29,48352,15200,true,true
"bubble","Nearly Sorted",10000,30,48256,15200,true,true
"bubble","Nearly Sorted",10000,31,48160,15100,true,true
"bubble","Nearly Sorted",10000,32,48320,15200,true,true
"bubble","Nearly Sorted",10000,33,48320,15200,true,true
"bubble","Nearly Sorted",10000,34,61984,19400,true,true
"bubble","Nearly Sorted",10000,35,48192,15200,true,true
"bubble","Nearly Sorted",10000,36,57248,18000,true,true
"bubble","Nearly Sorted",10000,37,48064,15200,true,true
"bubble","Nearly Sorted",10000,38,48192,15200,true,true
"bubble","Nearly Sorted",10000,39,48352,15200,true,true
"bubble","Nearly Sorted",10000,40,48448,15300,true,true
"bubble","Nearly Sorted",10000,41,48256,15200,true,true
"bubble","Nearly Sorted",10000,42,48352,15200,true,true
"bubble","Nearly Sorted",10000,43,48096,15100,true,true
"bubble","Nearly Sorted",10000,44,61952,19500,true,true
"bubble","Nearly Sorted",10000,45,61824,19500,true,true
"bubble","Nearly Sorted",10000,46,48192,15200,true,true
"bubble","Nearly Sorted",10000,47,48480,15200,true,true
"bubble","Nearly Sorted",10000,48,48064,15100,true,true
"bubble","Nearly Sorted",10000,49,48384,15300,true,true
"bubble","Nearly Sorted",10000,50,48160,15100,true,true
"bubble","Nearly Sorted",10000,51,61888,19500,true,true
"bubble","Nearly Sorted",10000,52,48032,15100,true,true
"bubble","Nearly Sorted",10000,53,48192,15100,true,true
"bubble","Nearly Sorted",10000,54,48096,15200,true,true
"bubble","Nearly Sorted",10000,55,48192,15100,true,true
"bubble","Nearly Sorted",10000,56,74528,23400,true,true
"bubble","Nearly Sorted",10000,57,48064,15200,true,true
"bubble","Nearly Sorted",10000,58,48256,15100,true,true
"bubble","Nearly Sorted",10000,59,48160,15200,true,true
"bubble","Nearly Sorted",10000,60,48128,15100,true,true
"bubble","Nearly Sorted",10000,61,48256,15200,true,true
"bubble","Nearly Sorted",10000,62,48256,15200,true,true
"bubble","Nearly Sorted",10000,63,48128,15100,true,true
"bubble","Nearly Sorted",10000,64,48224,15200,true,true
"bubble","Nearly Sorted",10000,65,61952,19500,true,true
"bubble","Nearly Sorted",10000,66,48384,15200,true,true
"bubble","Nearly Sorted",10000,67,48160,15200,true,true
"bubble","Nearly Sorted",10000,68,62080,19500,true,true
"bubble","Nearly Sorted",10000,69,62048,19500,true,true
"bubble","Nearly Sorted",10000,70,48192,15100,true,true
"bubble","Nearly Sorted",10000,71,48192,15200,true,true
"bubble","Nearly Sorted",10000,72,61824,19400,true,true
"bubble","Nearly Sorted",10000,73,61888,19500,true,true
"bubble","Nearly Sorted",10000,74,48416,15300,true,true
"bubble","Nearly Sorted",10000,75,48064,15100,true,true
"bubble","Nearly Sorted",10000,76,61920,19500,true,true
"bubble","Nearly Sorted",10000,77,48128,15100,true,true
"bubble","Nearly Sorted",10000,78,48352,15200,true,true
"bubble","Nearly Sorted",10000,79,48160,15200,true,true
"bubble","Nearly Sorted",10000,80,48032,15100,true,true
"bubble","Nearly Sorted",10000,81,48192,15300,true,true
"bubble","Nearly Sorted",10000,82,48160,15200,true,true
"bubble","Nearly Sorted",10000,83,48384,15200,true,true
"bubble","Nearly Sorted",10000,84,48192,15200,true,true
"bubble","Nearly Sorted",10000,85,62048,19500,true,true
"bubble","Nearly Sorted",10000,86,48224,15200,true,true
"bubble","Nearly Sorted",10000,87,48160,15200,true,true
"bubble","Nearly Sorted",10000,88,48320,15200,true,true
"bubble","Nearly Sorted",10000,89,62240,19600,true,true
"bubble","Nearly Sorted",10000,90,48384,15200,true,true
"bubble","Nearly Sorted",10000,91,48224,15200,true,true
"bubble","Nearly Sorted",10000,92,48160,15200,true,true
"bubble","Nearly Sorted",10000,93,48288,15200,true,true
"bubble","Nearly Sorted",10000,94,48384,15200,true,true
"bubble","Nearly Sorted",10000,95,48096,15100,true,true
"bubble","Nearly Sorted",10000,96,48320,15200,true,true
"bubble","Nearly Sorted",10000,97,47936,15100,true,true
"bubble","Nearly Sorted",10000,98,86752,27300,true,true
"bubble","Nearly Sorted",10000,99,48256,15200,true,true
"insertion","Nearly Sorted",10000,0,34976,11000,true,true
"insertion","Nearly Sorted",10000,1,34464,10900,true,true
"insertion","Nearly Sorted",10000,2,35392,11200,true,true
"insertion","Nearly Sorted",10000,3,35712,11300,true,true
"insertion","Nearly Sorted",10000,4,35008,11000,true,true
"insertion","Nearly Sorted",10000,5,38528,12200,true,true
"insertion","Nearly Sorted",10000,6,33920,10700,true,true
"insertion","Nearly Sorted",10000,7,33664,10800,true,true
"insertion","Nearly Sorted",10000,8,44352,14000,true,true
"insertion","Nearly Sorted",10000,9,34496,10800,true,true
"insertion","Nearly Sorted",10000,10,33664,10600,true,true
"insertion","Nearly Sorted",10000,11,34560,10900,true,true
"insertion","Nearly Sorted",10000,12,33984,10700,true,true
"insertion","Nearly Sorted",10000,13,34912,11000,true,true
"insertion","Nearly Sorted",10000,14,33952,10700,true,true
"insertion","Nearly Sorted",10000,15,34464,10900,true,true
"insertion","Nearly Sorted",10000,16,34016,10800,true,true
"insertion","Nearly Sorted",10000,17,34048,10700,true,true
"insertion","Nearly Sorted",10000,18,34272,10800,true,true
"insertion","Nearly Sorted",10000,19,34208,10800,true,true
"insertion","Nearly Sorted",10000,20,34528,10800,true,true
"insertion","Nearly Sorted",10000,21,34784,11000,true,true
"insertion","Nearly Sorted",10000,22,34336,10900,true,true
"insertion","Nearly Sorted",10000,23,34336,10900,true,true
"insertion","Nearly Sorted",10000,24,34432,10900,true,true
"insertion","Nearly Sorted",10000,25,34720,11000,true,true
"insertion","Nearly Sorted",10000,26,34720,11000,true,true
"insertion","Nearly Sorted",10000,27,34208,10800,true,true
"insertion","Nearly Sorted",10000,28,34784,10900,true,true
"insertion","Nearly Sorted",10000,29,34048,10700,true,true
"insertion","Nearly Sorted",10000,30,34208,10800,true,true
"insertion","Nearly Sorted",10000,31,33856,10600,true,true
"insertion","Nearly Sorted",10000,32,34368,10800,true,true
"insertion","Nearly Sorted",10000,33,34240,10800,true,true
"insertion","Nearly Sorted",10000,34,34912,11000,true,true
"insertion","Nearly Sorted",10000,35,34144,10700,true,true
"insertion","Nearly Sorted",10000,36,33760,10600,true,true
"insertion","Nearly Sorted",10000,37,33696,10600,true,true
"insertion","Nearly Sorted",10000,38,34336,10800,true,true
"insertion","Nearly Sorted",10000,39,34368,10800,true,true
"insertion","Nearly Sorted",10000,40,34432,10800,true,true
"insertion","Nearly Sorted",10000,41,34688,10900,true,true
"insertion","Nearly Sorted",10000,42,34528,10900,true,true
"insertion","Nearly Sorted",10000,43,34112,10700,true,true
"insertion","Nearly Sorted",10000,44,34176,10800,true,true
"insertion","Nearly Sorted",10000,45,34016,10800,true,true
"insertion","Nearly Sorted",10000,46,34208,10800,true,true
"insertion","Nearly Sorted",10000,47,34080,10800,true,true
"insertion","Nearly Sorted",10000,48,34208,10800,true,true
"insertion","Nearly Sorted",10000,49,34208,10800,true,true
"insertion","Nearly Sorted",10000,50,33888,10700,true,true
"insertion","Nearly Sorted",10000,51,34336,10800,true,true
"insertion","Nearly Sorted",10000,52,33856,10700,true,true
"insertion","Nearly Sorted",10000,53,33920,10700,true,true
"insertion","Nearly Sorted",10000,54,34464,10900,true,true
"insertion","Nearly Sorted",10000,55,33568,10600,true,true
"insertion","Nearly Sorted",10000,56,34240,10800,true,true
"insertion","Nearly Sorted",10000,57,33952,10800,true,true
"insertion","Nearly Sorted",10000,58,34560,10900,true,true
"insertion","Nearly Sorted",10000,59,35008,11000,true,true
"insertion","Nearly Sorted",10000,60,34144,10800,true,true
"insertion","Nearly Sorted",10000,61,34656,10900,true,true
"insertion","Nearly Sorted",10000,62,34048,10700,true,true
"insertion","Nearly Sorted",10000,63,33824,10600,true,true
"insertion","Nearly Sorted",10000,64,34784,10900,true,true
"insertion","Nearly Sorted",10000,65,34400,10800,true,true
"insertion","Nearly Sorted",10000,66,34784,11000,true,true
"insertion","Nearly Sorted",10000,67,34688,10900,true,true
"insertion","Nearly Sorted",10000,68,34208,10700,true,true
"insertion","Nearly Sorted",10000,69,34240,10800,true,true
"insertion","Nearly Sorted",10000,70,34112,10800,true,true
"insertion","Nearly Sorted",10000,71,47360,14900,true,true
"insertion","Nearly Sorted",10000,72,33760,10600,true,true
"insertion","Nearly Sorted",10000,73,34144,10800,true,true
"insertion","Nearly Sorted",10000,74,33792,10700,true,true
"insertion","Nearly Sorted",10000,75,33984,10700,true,true
"insertion","Nearly Sorted",10000,76,33760,10600,true,true
"insertion","Nearly Sorted",10000,77,34080,10700,true,true
"insertion","Nearly Sorted",10000,78,34336,10800,true,true
"insertion","Nearly Sorted",10000,79,33536,10600,true,true
"insertion","Nearly Sorted",10000,80,33600,10600,true,true
"insertion","Nearly Sorted",10000,81,33856,10700,true,true
"insertion","Nearly Sorted",10000,82,33568,10600,true,true
"insertion","Nearly Sorted",10000,83,34240,10800,true,true
"insertion","Nearly Sorted",10000,84,34080,10800,true,true
"insertion","Nearly Sorted",10000,85,33888,10700,true,true
"insertion","Nearly Sorted",10000,86,34336,10900,true,true
"insertion","Nearly Sorted",10000,87,34144,10800,true,true
"insertion","Nearly Sorted",10000,88,34080,10800,true,true
"insertion","Nearly Sorted",10000,89,34240,10900,true,true
"insertion","Nearly Sorted",10000,90,34112,10800,true,true
"insertion","Nearly Sorted",10000,91,34144,10800,true,true
"insertion","Nearly Sorted",10000,92,34080,10700,true,true
"insertion","Nearly Sorted",10000,93,33888,10700,true,true
"insertion","Nearly Sorted",10000,94,46560,14600,true,true
"insertion","Nearly Sorted",10000,95,34080,10700,true,true
"insertion","Nearly Sorted",10000,96,34112,10800,true,true
"insertion","Nearly Sorted",10000,97,33312,10500,true,true
"insertion","Nearly Sorted",10000,98,33856,10700,true,true
"insertion","Nearly Sorted",10000,99,33664,10600,true,true
"selection","Nearly Sorted",10000,0,42629056,13347700,true,true
"selection","Nearly Sorted",10000,1,42745536,13384200,true,true
"selection","Nearly Sorted",10000,2,42781760,13395400,true,true
"selection","Nearly Sorted",10000,3,42620928,13345200,true,true
"selection","Nearly Sorted",10000,4,43333824,13568600,true,true
"selection","Nearly Sorted",10000,5,43734144,13693600,true,true
"selection","Nearly Sorted",10000,6,42438880,13288200,true,true
"selection","Nearly Sorted",10000,7,42570272,13329300,true,true
"selection","Nearly Sorted",10000,8,42473760,13299100,true,true
"selection","Nearly Sorted",10000,9,42428512,13284800,true,true
"selection","Nearly Sorted",10000,10,42466144,13296700,true,true
"selection","Nearly Sorted",10000,11,42391648,13273300,true,true
"selection","Nearly Sorted",10000,12,46343648,14511500,true,true
"selection","Nearly Sorted",10000,13,42480160,13301100,true,true
"selection","Nearly Sorted",10000,14,42409536,13279200,true,true
"selection","Nearly Sorted",10000,15,42459936,13294700,true,true
"selection","Nearly Sorted",10000,16,42469632,13298100,true,true
"selection","Nearly Sorted",10000,17,42419296,13282000,true,true
"selection","Nearly Sorted",10000,18,42343200,13258100,true,true
"selection","Nearly Sorted",10000,19,42531040,13317100,true,true
"selection","Nearly Sorted",10000,20,42276192,13237300,true,true
"selection","Nearly Sorted",10000,21,42463616,13295900,true,true
"selection","Nearly Sorted",10000,22,42370368,13266600,true,true
"selection","Nearly Sorted",10000,23,42658208,13357000,true,true
"selection","Nearly Sorted",10000,24,42436576,13287300,true,true
"selection","Nearly Sorted",10000,25,42628416,13347500,true,true
"selection","Nearly Sorted",10000,26,42437088,13287700,true,true
"selection","Nearly Sorted",10000,27,42354592,13262000,true,true
"selection","Nearly Sorted",10000,28,42518080,13313200,true,true
"selection","Nearly Sorted",10000,29,42634432,13350100,true,true
"selection","Nearly Sorted",10000,30,42600352,13339600,true,true
"selection","Nearly Sorted",10000,31,42461632,13295500,true,true
"selection","Nearly Sorted",10000,32,42505088,13309000,true,true
"selection","Nearly Sorted",10000,33,42621920,13345400,true,true
"selection","Nearly Sorted",10000,34,42490688,13304300,true,true
"selection","Nearly Sorted",10000,35,42538848,13319600,true,true
"selection","Nearly Sorted",10000,36,42422368,13283000,true,true
"selection","Nearly Sorted",10000,37,42421856,13282900,true,true
"selection","Nearly Sorted",10000,38,45576032,14271300,true,true
"selection","Nearly Sorted",10000,39,42681888,13364200,true,true
"selection","Nearly Sorted",10000,40,42379936,13269700,true,true
"selection","Nearly Sorted",10000,41,42401472,13276400,true,true
"selection","Nearly Sorted",10000,42,42420416,13282400,true,true
"selection","Nearly Sorted",10000,43,42433184,13286500,true,true
"selection","Nearly Sorted",10000,44,42515360,13312100,true,true
"selection","Nearly Sorted",10000,45,43163376,13515800,true,true
"selection","Nearly Sorted",10000,46,43247776,13541400,true,true
"selection","Nearly Sorted",10000,47,42477920,13300300,true,true
"selection","Nearly Sorted",10000,48,42363424,13264500,true,true
"selection","Nearly Sorted",10000,49,42366368,13265300,true,true
"selection","Nearly Sorted",10000,50,42439488,13288300,true,true
"selection","Nearly Sorted",10000,51,42504544,13308900,true,true
"selection","Nearly Sorted",10000,52,42940960,13445400,true,true
"selection","Nearly Sorted",10000,53,42386400,13271800,true,true
"selection","Nearly Sorted",10000,54,42362176,13264100,true,true
"selection","Nearly Sorted",10000,55,42274816,13237100,true,true
"selection","Nearly Sorted",10000,56,42429984,13285400,true,true
"selection","Nearly Sorted",10000,57,42366144,13265500,true,true
"selection","Nearly Sorted",10000,58,42358400,13262900,true,true
"selection","Nearly Sorted",10000,59,42376544,13269100,true,true
"selection","Nearly Sorted",10000,60,42344352,13258600,true,true
"selection","Nearly Sorted",10000,61,42366656,13265700,true,true
"selection","Nearly Sorted",10000,62,47886272,14994200,true,true
"selection","Nearly Sorted",10000,63,43421664,13596000,true,true
"selection","Nearly Sorted",10000,64,43436032,13600300,true,true
"selection","Nearly Sorted",10000,65,43208544,13529200,true,true
"selection","Nearly Sorted",10000,66,48549408,15202600,true,true
"selection","Nearly Sorted",10000,67,43400320,13589000,true,true
"selection","Nearly Sorted",10000,68,43069312,13485500,true,true
"selection","Nearly Sorted",10000,69,43024416,13471400,true,true
"selection","Nearly Sorted",10000,70,42453440,13292700,true,true
"selection","Nearly Sorted",10000,71,42477408,13300800,true,true
"selection","Nearly Sorted",10000,72,42591904,13335900,true,true
"selection","Nearly Sorted",10000,73,42757600,13388100,true,true
"selection","Nearly Sorted",10000,74,42504032,13308500,true,true
"selection","Nearly Sorted",10000,75,42446592,13290500,true,true
"selection","Nearly Sorted",10000,76,42767712,13391300,true,true
"selection","Nearly Sorted",10000,77,42479296,13300800,true,true
"selection","Nearly Sorted",10000,78,42420832,13282500,true,true
"selection","Nearly Sorted",10000,79,42656256,13356200,true,true
"selection","Nearly Sorted",10000,80,42450656,13292100,true,true
"selection","Nearly Sorted",10000,81,42403936,13277100,true,true
"selection","Nearly Sorted",10000,82,42390720,13273200,true,true
"selection","Nearly Sorted",10000,83,42845440,13416000,true,true
"selection","Nearly Sorted",10000,84,42426624,13284200,true,true
"selection","Nearly Sorted",10000,85,42336832,13256100,true,true
"selection","Nearly Sorted",10000,86,42382464,13270600,true,true
"selection","Nearly Sorted",10000,87,42407904,13278700,true,true
"selection","Nearly Sorted",10000,88,42369504,13266500,true,true
"selection","Nearly Sorted",10000,89,42313376,13248800,true,true
"selection","Nearly Sorted",10000,90,42393120,13273800,true,true
"selection","Nearly Sorted",10000,91,42393760,13274000,true,true
"selection","Nearly Sorted",10000,92,42400384,13276200,true,true
"selection","Nearly Sorted",10000,93,42402848,13276900,true,true
"selection","Nearly Sorted",10000,94,42411520,13279600,true,true
"selection","Nearly Sorted",10000,95,42464064,13296000,true,true
"selection","Nearly Sorted",10000,96,42384608,13271300,true,true
"selection","Nearly Sorted",10000,97,42379616,13269700,true,true
"selection","Nearly Sorted",10000,98,42368288,13265900,true,true
"selection","Nearly Sorted",10000,99,42305248,13246400,true,true
"merge","Nearly Sorted",10000,0,297216,93200,true,true
"merge","Nearly Sorted",10000,1,297408,93600,true,true
"merge","Nearly Sorted",10000,2,296832,93000,true,true
"merge","Nearly Sorted",10000,3,297344,93200,true,true
"merge","Nearly Sorted",10000,4,305632,95800,true,true
"merge","Nearly Sorted",10000,5,297184,93100,true,true
"merge","Nearly Sorted",10000,6,345152,108400,true,true
"merge","Nearly Sorted",10000,7,298752,93600,true,true
"merge","Nearly Sorted",10000,8,298688,93600,true,true
"merge","Nearly Sorted",10000,9,298688,93600,true,true
"merge","Nearly Sorted",10000,10,300064,94000,true,true
"merge","Nearly Sorted",10000,11,300960,94600,true,true
"merge","Nearly Sorted",10000,12,299584,94200,true,true
"merge","Nearly Sorted",10000,13,299168,93800,true,true
"merge","Nearly Sorted",10000,14,299456,93800,true,true
"merge","Nearly Sorted",10000,15,298304,93500,true,true
"merge","Nearly Sorted",10000,16,328640,103000,true,true
"merge","Nearly Sorted",10000,17,299584,93900,true,true
"merge","Nearly Sorted",10000,18,313440,98300,true,true
"merge","Nearly Sorted",10000,19,301792,94600,true,true
"merge","Nearly Sorted",10000,20,301984,94700,true,true
"merge","Nearly Sorted",10000,21,308672,96700,true,true
"merge","Nearly Sorted",10000,22,301984,94700,true,true
"merge","Nearly Sorted",10000,23,301728,94600,true,true
"merge","Nearly Sorted",10000,24,302048,94600,true,true
"merge","Nearly Sorted",10000,25,302400,94700,true,true
"merge","Nearly Sorted",10000,26,331104,103800,true,true
"merge","Nearly Sorted",10000,27,301632,94500,true,true
"merge","Nearly Sorted",10000,28,302240,94700,true,true
"merge","Nearly Sorted",10000,29,302304,94700,true,true
"merge","Nearly Sorted",10000,30,301984,94600,true,true
"merge","Nearly Sorted",10000,31,301632,94500,true,true
"merge","Nearly Sorted",10000,32,301376,94400,true,true
"merge","Nearly Sorted",10000,33,301248,94400,true,true
"merge","Nearly Sorted",10000,34,301568,94500,true,true
"merge","Nearly Sorted",10000,35,302048,94700,true,true
"merge","Nearly Sorted",10000,36,329696,103300,true,true
"merge","Nearly Sorted",10000,37,303488,95100,true,true
"merge","Nearly Sorted",10000,38,312928,98100,true,true
"merge","Nearly Sorted",10000,39,302752,94800,true,true
"merge","Nearly Sorted",10000,40,301760,94600,true,true
"merge","Nearly Sorted",10000,41,302112,94700,true,true
"merge","Nearly Sorted",10000,42,302048,94600,true,true
"merge","Nearly Sorted",10000,43,302112,94700,true,true
"merge","Nearly Sorted",10000,44,301536,94500,true,true
"merge","Nearly Sorted",10000,45,329920,103600,true,true
"merge","Nearly Sorted",10000,46,301760,94500,true,true
"merge","Nearly Sorted",10000,47,302080,94700,true,true
"merge","Nearly Sorted",10000,48,301824,94600,true,true
"merge","Nearly Sorted",10000,49,301696,94600,true,true
"merge","Nearly Sorted",10000,50,301696,94600,true,true
"merge","Nearly Sorted",10000,51,302016,94600,true,true
"merge","Nearly Sorted",10000,52,301664,94500,true,true
"merge","Nearly Sorted",10000,53,301536,94500,true,true
"merge","Nearly Sorted",10000,54,301280,94400,true,true
"merge","Nearly Sorted",10000,55,329504,103300,true,true
"merge","Nearly Sorted",10000,56,301600,94500,true,true
"merge","Nearly Sorted",10000,57,309344,96900,true,true
"merge","Nearly Sorted",10000,58,301664,94600,true,true
"merge","Nearly Sorted",10000,59,301280,94400,true,true
"merge","Nearly Sorted",10000,60,301984,94600,true,true
"merge","Nearly Sorted",10000,61,302400,94800,true,true
"merge","Nearly Sorted",10000,62,350656,109900,true,true
"merge","Nearly Sorted",10000,63,301600,94500,true,true
"merge","Nearly Sorted",10000,64,301728,94500,true,true
"merge","Nearly Sorted",10000,65,329664,103300,true,true
"merge","Nearly Sorted",10000,66,302464,94800,true,true
"merge","Nearly Sorted",10000,67,301888,94600,true,true
"merge","Nearly Sorted",10000,68,302144,94700,true,true
"merge","Nearly Sorted",10000,69,301952,94600,true,true
"merge","Nearly Sorted",10000,70,301984,94600,true,true
"merge","Nearly Sorted",10000,71,301888,94800,true,true
"merge","Nearly Sorted",10000,72,302080,94600,true,true
"merge","Nearly Sorted",10000,73,300896,94300,true,true
"merge","Nearly Sorted",10000,74,329568,103200,true,true
"merge","Nearly Sorted",10000,75,301440,94500,true,true
"merge","Nearly Sorted",10000,76,312096,97800,true,true
"merge","Nearly Sorted",10000,77,301664,94500,true,true
"merge","Nearly Sorted",10000,78,301920,94600,true,true
"merge","Nearly Sorted",10000,79,301440,94500,true,true
"merge","Nearly Sorted",10000,80,300896,94300,true,true
"merge","Nearly Sorted",10000,81,301856,94500,true,true
"merge","Nearly Sorted",10000,82,301952,94600,true,true
"merge","Nearly Sorted",10000,83,302080,94700,true,true
"merge","Nearly Sorted",10000,84,328928,103100,true,true
"merge","Nearly Sorted",10000,85,301632,94500,true,true
"merge","Nearly Sorted",10000,86,302240,94700,true,true
"merge","Nearly Sorted",10000,87,301536,94500,true,true
"merge","Nearly Sorted",10000,88,301696,94600,true,true
"merge","Nearly Sorted",10000,89,302176,94700,true,true
"merge","Nearly Sorted",10000,90,301280,94400,true,true
"merge","Nearly Sorted",10000,91,301920,94700,true,true
"merge","Nearly Sorted",10000,92,301664,94600,true,true
"merge","Nearly Sorted",10000,93,302016,94700,true,true
"merge","Nearly Sorted",10000,94,328576,102900,true,true
"merge","Nearly Sorted",10000,95,301920,94600,true,true
"merge","Nearly Sorted",10000,96,309696,97000,true,true
"merge","Nearly Sorted",10000,97,301504,94500,true,true
"merge","Nearly Sorted",10000,98,302048,94700,true,true
"merge","Nearly Sorted",10000,99,302112,94700,true,true
"quicksort","Nearly Sorted",10000,0,202848,63600,true,true
"quicksort","Nearly Sorted",10000,1,205376,64400,true,true
"quicksort","Nearly Sorted",10000,2,204960,64200,true,true
"quicksort","Nearly Sorted",10000,3,204128,64000,true,true
"quicksort","Nearly Sorted",10000,4,202880,63600,true,true
"quicksort","Nearly Sorted",10000,5,204224,64000,true,true
"quicksort","Nearly Sorted",10000,6,204672,64200,true,true
"quicksort","Nearly Sorted",10000,7,202208,63400,true,true
"quicksort","Nearly Sorted",10000,8,202464,63500,true,true
"quicksort","Nearly Sorted",10000,9,204192,64000,true,true
"quicksort","Nearly Sorted",10000,10,204128,64000,true,true
"quicksort","Nearly Sorted",10000,11,203136,63700,true,true
"quicksort","Nearly Sorted",10000,12,208416,65300,true,true
"quicksort","Nearly Sorted",10000,13,229120,71800,true,true
"quicksort","Nearly Sorted",10000,14,199648,62600,true,true
"quicksort","Nearly Sorted",10000,15,199808,62700,true,true
"quicksort","Nearly Sorted",10000,16,199264,62500,true,true
"quicksort","Nearly Sorted",10000,17,201696,63200,true,true
"quicksort","Nearly Sorted",10000,18,199648,62500,true,true
"quicksort","Nearly Sorted",10000,19,198944,62400,true,true
"quicksort","Nearly Sorted",10000,20,198848,62300,true,true
"quicksort","Nearly Sorted",10000,21,198848,62300,true,true
"quicksort","Nearly Sorted",10000,22,198240,62100,true,true
"quicksort","Nearly Sorted",10000,23,197248,61900,true,true
"quicksort","Nearly Sorted",10000,24,199584,62500,true,true
"quicksort","Nearly Sorted",10000,25,198368,62200,true,true
"quicksort","Nearly Sorted",10000,26,232992,73100,true,true
"quicksort","Nearly Sorted",10000,27,198624,62300,true,true
"quicksort","Nearly Sorted",10000,28,211040,66200,true,true
"quicksort","Nearly Sorted",10000,29,198656,62300,true,true
"quicksort","Nearly Sorted",10000,30,197600,61900,true,true
"quicksort","Nearly Sorted",10000,31,197792,62000,true,true
"quicksort","Nearly Sorted",10000,32,198848,62400,true,true
"quicksort","Nearly Sorted",10000,33,198432,62200,true,true
"quicksort","Nearly Sorted",10000,34,197088,61800,true,true
"quicksort","Nearly Sorted",10000,35,196160,61500,true,true
"quicksort","Nearly Sorted",10000,36,199168,62400,true,true
"quicksort","Nearly Sorted",10000,37,197888,62000,true,true
"quicksort","Nearly Sorted",10000,38,197376,61900,true,true
"quicksort","Nearly Sorted",10000,39,197696,62000,true,true
"quicksort","Nearly Sorted",10000,40,198112,62100,true,true
"quicksort","Nearly Sorted",10000,41,224256,70300,true,true
"quicksort","Nearly Sorted",10000,42,198176,62400,true,true
"quicksort","Nearly Sorted",10000,43,197216,61800,true,true
"quicksort","Nearly Sorted",10000,44,197792,62100,true,true
"quicksort","Nearly Sorted",10000,45,211904,66500,true,true
"quicksort","Nearly Sorted",10000,46,198368,62200,true,true
"quicksort","Nearly Sorted",10000,47,199232,62400,true,true
"quicksort","Nearly Sorted",10000,48,199776,62600,true,true
"quicksort","Nearly Sorted",10000,49,200224,62700,true,true
"quicksort","Nearly Sorted",10000,50,199200,62500,true,true
"quicksort","Nearly Sorted",10000,51,208640,65400,true,true
"quicksort","Nearly Sorted",10000,52,198848,62400,true,true
"quicksort","Nearly Sorted",10000,53,198560,62300,true,true
"quicksort","Nearly Sorted",10000,54,197696,61900,true,true
"quicksort","Nearly Sorted",10000,55,226400,71000,true,true
"quicksort","Nearly Sorted",10000,56,197824,62000,true,true
"quicksort","Nearly Sorted",10000,57,198656,62300,true,true
"quicksort","Nearly Sorted",10000,58,198848,62300,true,true
"quicksort","Nearly Sorted",10000,59,199968,62700,true,true
"quicksort","Nearly Sorted",10000,60,198880,62300,true,true
"quicksort","Nearly Sorted",10000,61,198336,62200,true,true
"quicksort","Nearly Sorted",10000,62,197248,61800,true,true
"quicksort","Nearly Sorted",10000,63,197728,62000,true,true
"quicksort","Nearly Sorted",10000,64,198880,62400,true,true
"quicksort","Nearly Sorted",10000,65,198816,62300,true,true
"quicksort","Nearly Sorted",10000,66,198496,62300,true,true
"quicksort","Nearly Sorted",10000,67,199168,62500,true,true
"quicksort","Nearly Sorted",10000,68,199328,62500,true,true
"quicksort","Nearly Sorted",10000,69,228288,71600,true,true
"quicksort","Nearly Sorted",10000,70,198400,62200,true,true
"quicksort","Nearly Sorted",10000,71,199200,62400,true,true
"quicksort","Nearly Sorted",10000,72,198464,62300,true,true
"quicksort","Nearly Sorted",10000,73,199136,62400,true,true
"quicksort","Nearly Sorted",10000,74,198752,62300,true,true
"quicksort","Nearly Sorted",10000,75,200096,62700,true,true
"quicksort","Nearly Sorted",10000,76,199456,62500,true,true
"quicksort","Nearly Sorted",10000,77,199328,62500,true,true
"quicksort","Nearly Sorted",10000,78,200032,62700,true,true
"quicksort","Nearly Sorted",10000,79,222336,69700,true,true
"quicksort","Nearly Sorted",10000,80,199328,62500,true,true
"quicksort","Nearly Sorted",10000,81,198720,62300,true,true
"quicksort","Nearly Sorted",10000,82,198880,62400,true,true
"quicksort","Nearly Sorted",10000,83,228032,71400,true,true
"quicksort","Nearly Sorted",10000,84,199488,62500,true,true
"quicksort","Nearly Sorted",10000,85,200704,63000,true,true
"quicksort","Nearly Sorted",10000,86,198048,62100,true,true
"quicksort","Nearly Sorted",10000,87,198912,62400,true,true
"quicksort","Nearly Sorted",10000,88,199168,62400,true,true
"quicksort","Nearly Sorted",10000,89,199136,62400,true,true
"quicksort","Nearly Sorted",10000,90,198720,62300,true,true
"quicksort","Nearly Sorted",10000,91,199136,62400,true,true
"quicksort","Nearly Sorted",10000,92,198400,62200,true,true
"quicksort","Nearly Sorted",10000,93,198784,62300,true,true
"quicksort","Nearly Sorted",10000,94,199872,62700,true,true
"quicksort","Nearly Sorted",10000,95,199552,62600,true,true
"quicksort","Nearly Sorted",10000,96,199040,62400,true,true
"quicksort","Nearly Sorted",10000,97,210080,65900,true,true
"quicksort","Nearly Sorted",10000,98,199744,62600,true,true
"quicksort","Nearly Sorted",10000,99,200032,62700,true,true
"heap","Nearly Sorted",10000,0,1066944,334100,true,true
"heap","Nearly Sorted",10000,1,1029216,322300,true,true
"heap","Nearly Sorted",10000,2,1032448,323400,true,true
"heap","Nearly Sorted",10000,3,1071008,335400,true,true
"heap","Nearly Sorted",10000,4,1041920,326300,true,true
"heap","Nearly Sorted",10000,5,1026112,321400,true,true
"heap","Nearly Sorted",10000,6,1052928,329800,true,true
"heap","Nearly Sorted",10000,7,1022080,320100,true,true
"heap","Nearly Sorted",10000,8,1035072,324200,true,true
"heap","Nearly Sorted",10000,9,1059104,331700,true,true
"heap","Nearly Sorted",10000,10,1021920,320100,true,true
"heap","Nearly Sorted",10000,11,1021888,320000,true,true
"heap","Nearly Sorted",10000,12,1047680,328100,true,true
"heap","Nearly Sorted",10000,13,1018496,319000,true,true
"heap","Nearly Sorted",10000,14,1030272,322700,true,true
"heap","Nearly Sorted",10000,15,1061376,332400,true,true
"heap","Nearly Sorted",10000,16,1027840,322000,true,true
"heap","Nearly Sorted",10000,17,1025152,321000,true,true
"heap","Nearly Sorted",10000,18,1067136,334300,true,true
"heap","Nearly Sorted",10000,19,1031840,323200,true,true
"heap","Nearly Sorted",10000,20,1049760,328800,true,true
"heap","Nearly Sorted",10000,21,1057568,331400,true,true
"heap","Nearly Sorted",10000,22,1046944,328100,true,true
"heap","Nearly Sorted",10000,23,1028992,322200,true,true
"heap","Nearly Sorted",10000,24,1056544,330900,true,true
"heap","Nearly Sorted",10000,25,1028768,322200,true,true
"heap","Nearly Sorted",10000,26,1043648,326800,true,true
"heap","Nearly Sorted",10000,27,1053504,329900,true,true
"heap","Nearly Sorted",10000,28,1026112,321300,true,true
"heap","Nearly Sorted",10000,29,1028800,322200,true,true
"heap","Nearly Sorted",10000,30,1053280,329900,true,true
"heap","Nearly Sorted",10000,31,1035840,324400,true,true
"heap","Nearly Sorted",10000,32,1026080,321400,true,true
"heap","Nearly Sorted",10000,33,1045504,327400,true,true
"heap","Nearly Sorted",10000,34,1030496,322800,true,true
"heap","Nearly Sorted",10000,35,1024704,320900,true,true
"heap","Nearly Sorted",10000,36,1051328,329300,true,true
"heap","Nearly Sorted",10000,37,1106176,346400,true,true
"heap","Nearly Sorted",10000,38,1023776,320700,true,true
"heap","Nearly Sorted",10000,39,1058560,331500,true,true
"heap","Nearly Sorted",10000,40,1031776,323300,true,true
"heap","Nearly Sorted",10000,41,1024384,320900,true,true
"heap","Nearly Sorted",10000,42,1056352,330800,true,true
"heap","Nearly Sorted",10000,43,1038112,325300,true,true
"heap","Nearly Sorted",10000,44,1027840,321900,true,true
"heap","Nearly Sorted",10000,45,1060288,332100,true,true
"heap","Nearly Sorted",10000,46,1027072,321600,true,true
"heap","Nearly Sorted",10000,47,1034400,323900,true,true
"heap","Nearly Sorted",10000,48,1059296,331700,true,true
"heap","Nearly Sorted",10000,49,1039648,325600,true,true
"heap","Nearly Sorted",10000,50,1033792,323800,true,true
"heap","Nearly Sorted",10000,51,1084640,339700,true,true
"heap","Nearly Sorted",10000,52,1029408,322400,true,true
"heap","Nearly Sorted",10000,53,1032288,323300,true,true
"heap","Nearly Sorted",10000,54,1070208,335100,true,true
"heap","Nearly Sorted",10000,55,1035840,324400,true,true
"heap","Nearly Sorted",10000,56,1031200,323000,true,true
"heap","Nearly Sorted",10000,57,1070048,335100,true,true
"heap","Nearly Sorted",10000,58,1028608,322100,true,true
"heap","Nearly Sorted",10000,59,1031584,323100,true,true
"heap","Nearly Sorted",10000,60,1074592,336500,true,true
"heap","Nearly Sorted",10000,61,1024256,320800,true,true
"heap","Nearly Sorted",10000,62,1034656,324000,true,true
"heap","Nearly Sorted",10000,63,1043936,327100,true,true
"heap","Nearly Sorted",10000,64,1022176,320500,true,true
"heap","Nearly Sorted",10000,65,1033088,323600,true,true
"heap","Nearly Sorted",10000,66,1060384,332100,true,true
"heap","Nearly Sorted",10000,67,1038624,325300,true,true
"heap","Nearly Sorted",10000,68,1035424,324300,true,true
"heap","Nearly Sorted",10000,69,1076480,337200,true,true
"heap","Nearly Sorted",10000,70,1035168,324200,true,true
"heap","Nearly Sorted",10000,71,1034592,324000,true,true
"heap","Nearly Sorted",10000,72,1072160,335800,true,true
"heap","Nearly Sorted",10000,73,1028224,322000,true,true
"heap","Nearly Sorted",10000,74,1032000,323200,true,true
"heap","Nearly Sorted",10000,75,1055200,330500,true,true
"heap","Nearly Sorted",10000,76,1049216,328600,true,true
"heap","Nearly Sorted",10000,77,1023552,320600,true,true
"heap","Nearly Sorted",10000,78,1068320,334600,true,true
"heap","Nearly Sorted",10000,79,1034464,323900,true,true
"heap","Nearly Sorted",10000,80,1025024,321100,true,true
"heap","Nearly Sorted",10000,81,1109824,347600,true,true
"heap","Nearly Sorted",10000,82,1029568,322700,true,true
"heap","Nearly Sorted",10000,83,1039296,325500,true,true
"heap","Nearly Sorted",10000,84,1055616,330600,true,true
"heap","Nearly Sorted",10000,85,1031904,323200,true,true
"heap","Nearly Sorted",10000,86,1028736,322200,true,true
"heap","Nearly Sorted",10000,87,1059552,331900,true,true
"heap","Nearly Sorted",10000,88,1036352,324500,true,true
"heap","Nearly Sorted",10000,89,1028448,322200,true,true
"heap","Nearly Sorted",10000,90,1053760,330100,true,true
"heap","Nearly Sorted",10000,91,1028896,322300,true,true
"heap","Nearly Sorted",10000,92,1028448,322100,true,true
"heap","Nearly Sorted",10000,93,1065408,333600,true,true
"heap","Nearly Sorted",10000,94,1044032,327000,true,true
"heap","Nearly Sorted",10000,95,1032864,323500,true,true
"heap","Nearly Sorted",10000,96,1061824,332500,true,true
"heap","Nearly Sorted",10000,97,1029216,322300,true,true
"heap","Nearly Sorted",10000,98,1033632,323800,true,true
"heap","Nearly Sorted",10000,99,1065440,333700,true,true
"std-sort","Nearly Sorted",10000,0,161728,50800,true,true
"std-sort","Nearly Sorted",10000,1,162976,51300,true,true
"std-sort","Nearly Sorted",10000,2,160320,50200,true,true
"std-sort","Nearly Sorted",10000,3,162304,50900,true,true
"std-sort","Nearly Sorted",10000,4,157248,49300,true,true
"std-sort","Nearly Sorted",10000,5,154784,48600,true,true
"std-sort","Nearly Sorted",10000,6,159424,50000,true,true
"std-sort","Nearly Sorted",10000,7,159872,50200,true,true
"std-sort","Nearly Sorted",10000,8,158656,49700,true,true
"std-sort","Nearly Sorted",10000,9,168320,52800,true,true
"std-sort","Nearly Sorted",10000,10,160640,50400,true,true
"std-sort","Nearly Sorted",10000,11,186016,58400,true,true
"std-sort","Nearly Sorted",10000,12,159040,49900,true,true
"std-sort","Nearly Sorted",10000,13,161184,50600,true,true
"std-sort","Nearly Sorted",10000,14,159296,49900,true,true
"std-sort","Nearly Sorted",10000,15,158720,49800,true,true
"std-sort","Nearly Sorted",10000,16,158944,49900,true,true
"std-sort","Nearly Sorted",10000,17,159840,50100,true,true
"std-sort","Nearly Sorted",10000,18,157984,49600,true,true
"std-sort","Nearly Sorted",10000,19,158400,49600,true,true
"std-sort","Nearly Sorted",10000,20,160416,50300,true,true
"std-sort","Nearly Sorted",10000,21,161536,50600,true,true
"std-sort","Nearly Sorted",10000,22,157248,49300,true,true
"std-sort","Nearly Sorted",10000,23,159680,50100,true,true
"std-sort","Nearly Sorted",10000,24,158880,49800,true,true
"std-sort","Nearly Sorted",10000,25,161952,50700,true,true
"std-sort","Nearly Sorted",10000,26,157056,49200,true,true
"std-sort","Nearly Sorted",10000,27,158464,49700,true,true
"std-sort","Nearly Sorted",10000,28,192512,60300,true,true
"std-sort","Nearly Sorted",10000,29,163936,51600,true,true
"std-sort","Nearly Sorted",10000,30,157824,49600,true,true
"std-sort","Nearly Sorted",10000,31,160224,50300,true,true
"std-sort","Nearly Sorted",10000,32,159840,50100,true,true
"std-sort","Nearly Sorted",10000,33,158720,49700,true,true
"std-sort","Nearly Sorted",10000,34,160448,50300,true,true
"std-sort","Nearly Sorted",10000,35,160512,50300,true,true
"std-sort","Nearly Sorted",10000,36,160416,50300,true,true
"std-sort","Nearly Sorted",10000,37,159200,50000,true,true
"std-sort","Nearly Sorted",10000,38,158816,49800,true,true
"std-sort","Nearly Sorted",10000,39,159936,50200,true,true
"std-sort","Nearly Sorted",10000,40,160320,50300,true,true
"std-sort","Nearly Sorted",10000,41,160128,50200,true,true
"std-sort","Nearly Sorted",10000,42,162016,50800,true,true
"std-sort","Nearly Sorted",10000,43,168448,52800,true,true
"std-sort","Nearly Sorted",10000,44,159488,50100,true,true
"std-sort","Nearly Sorted",10000,45,185376,58100,true,true
"std-sort","Nearly Sorted",10000,46,158752,49800,true,true
"std-sort","Nearly Sorted",10000,47,160192,50200,true,true
"std-sort","Nearly Sorted",10000,48,161920,50700,true,true
"std-sort","Nearly Sorted",10000,49,160832,50500,true,true
"std-sort","Nearly Sorted",10000,50,160064,50200,true,true
"std-sort","Nearly Sorted",10000,51,172128,54000,true,true
"std-sort","Nearly Sorted",10000,52,157920,49500,true,true
"std-sort","Nearly Sorted",10000,53,158080,49600,true,true
"std-sort","Nearly Sorted",10000,54,157536,49400,true,true
"std-sort","Nearly Sorted",10000,55,157984,49500,true,true
"std-sort","Nearly Sorted",10000,56,158656,49800,true,true
"std-sort","Nearly Sorted",10000,57,157568,49400,true,true
"std-sort","Nearly Sorted",10000,58,159072,49900,true,true
"std-sort","Nearly Sorted",10000,59,158144,49500,true,true
"std-sort","Nearly Sorted",10000,60,159520,50000,true,true
"std-sort","Nearly Sorted",10000,61,153952,48200,true,true
"std-sort","Nearly Sorted",10000,62,184864,58000,true,true
"std-sort","Nearly Sorted",10000,63,155200,48700,true,true
"std-sort","Nearly Sorted",10000,64,154496,48500,true,true
"std-sort","Nearly Sorted",10000,65,159840,50100,true,true
"std-sort","Nearly Sorted",10000,66,160320,50300,true,true
"std-sort","Nearly Sorted",10000,67,158176,49600,true,true
"std-sort","Nearly Sorted",10000,68,159424,50000,true,true
"std-sort","Nearly Sorted",10000,69,154304,48400,true,true
"std-sort","Nearly Sorted",10000,70,158048,49600,true,true
"std-sort","Nearly Sorted",10000,71,168384,52800,true,true
"std-sort","Nearly Sorted",10000,72,158848,49800,true,true
"std-sort","Nearly Sorted",10000,73,155968,48900,true,true
"std-sort","Nearly Sorted",10000,74,156288,49000,true,true
"std-sort","Nearly Sorted",10000,75,156160,48900,true,true
"std-sort","Nearly Sorted",10000,76,156448,49100,true,true
"std-sort","Nearly Sorted",10000,77,155072,48600,true,true
"std-sort","Nearly Sorted",10000,78,167712,52600,true,true
"std-sort","Nearly Sorted",10000,79,156672,49100,true,true
"std-sort","Nearly Sorted",10000,80,186432,58400,true,true
"std-sort","Nearly Sorted",10000,81,156064,48900,true,true
"std-sort","Nearly Sorted",10000,82,156960,49300,true,true
"std-sort","Nearly Sorted",10000,83,156672,49200,true,true
"std-sort","Nearly Sorted",10000,84,159008,49900,true,true
"std-sort","Nearly Sorted",10000,85,157152,49300,true,true
"std-sort","Nearly Sorted",10000,86,155840,48800,true,true
"std-sort","Nearly Sorted",10000,87,157376,49300,true,true
"std-sort","Nearly Sorted",10000,88,155872,48900,true,true
"std-sort","Nearly Sorted",10000,89,159040,49900,true,true
"std-sort","Nearly Sorted",10000,90,159200,50000,true,true
"std-sort","Nearly Sorted",10000,91,156384,49000,true,true
"std-sort","Nearly Sorted",10000,92,170720,53500,true,true
"std-sort","Nearly Sorted",10000,93,159392,49900,true,true
"std-sort","Nearly Sorted",10000,94,160544,50300,true,true
"std-sort","Nearly Sorted",10000,95,161280,50600,true,true
"std-sort","Nearly Sorted",10000,96,158208,49600,true,true
"std-sort","Nearly Sorted",10000,97,195584,61300,true,true
"std-sort","Nearly Sorted",10000,98,163104,51200,true,true
"std-sort","Nearly Sorted",10000,99,161920,50800,true,true
"std-stable-sort","Nearly Sorted",10000,0,123456,38700,true,true
"std-stable-sort","Nearly Sorted",10000,1,124128,39000,true,true
"std-stable-sort","Nearly Sorted",10000,2,122880,38600,true,true
"std-stable-sort","Nearly Sorted",10000,3,123168,38700,true,true
"std-stable-sort","Nearly Sorted",10000,4,123296,38600,true,true
"std-stable-sort","Nearly Sorted",10000,5,123360,38700,true,true
"std-stable-sort","Nearly Sorted",10000,6,123008,38600,true,true
"std-stable-sort","Nearly Sorted",10000,7,123360,38700,true,true
"std-stable-sort","Nearly Sorted",10000,8,122816,38600,true,true
"std-stable-sort","Nearly Sorted",10000,9,123392,38700,true,true
"std-stable-sort","Nearly Sorted",10000,10,123040,38600,true,true
"std-stable-sort","Nearly Sorted",10000,11,122912,38600,true,true
"std-stable-sort","Nearly Sorted",10000,12,122880,38500,true,true
"std-stable-sort","Nearly Sorted",10000,13,123232,38600,true,true
"std-stable-sort","Nearly Sorted",10000,14,123040,38600,true,true
"std-stable-sort","Nearly Sorted",10000,15,122848,38500,true,true
"std-stable-sort","Nearly Sorted",10000,16,122368,38400,true,true
"std-stable-sort","Nearly Sorted",10000,17,123328,38700,true,true
"std-stable-sort","Nearly Sorted",10000,18,122528,38400,true,true
"std-stable-sort","Nearly Sorted",10000,19,122912,38500,true,true
"std-stable-sort","Nearly Sorted",10000,20,151072,47400,true,true
"std-stable-sort","Nearly Sorted",10000,21,123584,38800,true,true
"std-stable-sort","Nearly Sorted",10000,22,136288,42800,true,true
"std-stable-sort","Nearly Sorted",10000,23,124800,39200,true,true
"std-stable-sort","Nearly Sorted",10000,24,124032,38900,true,true
"std-stable-sort","Nearly Sorted",10000,25,123648,38800,true,true
"std-stable-sort","Nearly Sorted",10000,26,123360,38700,true,true
"std-stable-sort","Nearly Sorted",10000,27,123968,38900,true,true
"std-stable-sort","Nearly Sorted",10000,28,123488,38700,true,true
"std-stable-sort","Nearly Sorted",10000,29,123680,38800,true,true
"std-stable-sort","Nearly Sorted",10000,30,123264,38700,true,true
"std-stable-sort","Nearly Sorted",10000,31,123488,38700,true,true
"std-stable-sort","Nearly Sorted",10000,32,123264,38700,true,true
"std-stable-sort","Nearly Sorted",10000,33,123712,38800,true,true
"std-stable-sort","Nearly Sorted",10000,34,124512,39100,true,true
"std-stable-sort","Nearly Sorted",10000,35,123904,38900,true,true
"std-stable-sort","Nearly Sorted",10000,36,123264,38600,true,true
"std-stable-sort","Nearly Sorted",10000,37,123584,38700,true,true
"std-stable-sort","Nearly Sorted",10000,38,123392,38700,true,true
"std-stable-sort","Nearly Sorted",10000,39,123744,38900,true,true
"std-stable-sort","Nearly Sorted",10000,40,123264,38600,true,true
"std-stable-sort","Nearly Sorted",10000,41,123616,38800,true,true
"std-stable-sort","Nearly Sorted",10000,42,151328,47500,true,true
"std-stable-sort","Nearly Sorted",10000,43,123872,38900,true,true
"std-stable-sort","Nearly Sorted",10000,44,123136,38600,true,true
"std-stable-sort","Nearly Sorted",10000,45,123456,38800,true,true
"std-stable-sort","Nearly Sorted",10000,46,123328,38700,true,true
"std-stable-sort","Nearly Sorted",10000,47,124032,38900,true,true
"std-stable-sort","Nearly Sorted",10000,48,123232,38700,true,true
"std-stable-sort","Nearly Sorted",10000,49,124032,38900,true,true
"std-stable-sort","Nearly Sorted",10000,50,123040,38600,true,true
"std-stable-sort","Nearly Sorted",10000,51,123648,38800,true,true
"std-stable-sort","Nearly Sorted",10000,52,122816,38500,true,true
"std-stable-sort","Nearly Sorted",10000,53,123584,38800,true,true
"std-stable-sort","Nearly Sorted",10000,54,122816,38500,true,true
"std-stable-sort","Nearly Sorted",10000,55,123680,38800,true,true
"std-stable-sort","Nearly Sorted",10000,56,123040,38600,true,true
"std-stable-sort","Nearly Sorted",10000,57,123456,38700,true,true
"std-stable-sort","Nearly Sorted",10000,58,123136,38700,true,true
"std-stable-sort","Nearly Sorted",10000,59,123648,38800,true,true
"std-stable-sort","Nearly Sorted",10000,60,122528,38400,true,true
"std-stable-sort","Nearly Sorted",10000,61,123456,38700,true,true
"std-stable-sort","Nearly Sorted",10000,62,123008,38500,true,true
"std-stable-sort","Nearly Sorted",10000,63,151584,47600,true,true
"std-stable-sort","Nearly Sorted",10000,64,123552,38800,true,true
"std-stable-sort","Nearly Sorted",10000,65,124032,38900,true,true
"std-stable-sort","Nearly Sorted",10000,66,123232,38600,true,true
"std-stable-sort","Nearly Sorted",10000,67,123616,38800,true,true
"std-stable-sort","Nearly Sorted",10000,68,123328,38700,true,true
"std-stable-sort","Nearly Sorted",10000,69,123616,39000,true,true
"std-stable-sort","Nearly Sorted",10000,70,123008,38600,true,true
"std-stable-sort","Nearly Sorted",10000,71,123776,38800,true,true
"std-stable-sort","Nearly Sorted",10000,72,123136,38700,true,true
"std-stable-sort","Nearly Sorted",10000,73,123488,38700,true,true
"std-stable-sort","Nearly Sorted",10000,74,123872,38900,true,true
"std-stable-sort","Nearly Sorted",10000,75,123616,38800,true,true
"std-stable-sort","Nearly Sorted",10000,76,133024,41800,true,true
"std-stable-sort","Nearly Sorted",10000,77,124512,39000,true,true
"std-stable-sort","Nearly Sorted",10000,78,123744,38800,true,true
"std-stable-sort","Nearly Sorted",10000,79,123776,38800,true,true
"std-stable-sort","Nearly Sorted",10000,80,122912,38500,true,true
"std-stable-sort","Nearly Sorted",10000,81,123712,38800,true,true
"std-stable-sort","Nearly Sorted",10000,82,123232,38700,true,true
"std-stable-sort","Nearly Sorted",10000,83,123968,38900,true,true
"std-stable-sort","Nearly Sorted",10000,84,122816,38500,true,true
"std-stable-sort","Nearly Sorted",10000,85,124832,39200,true,true
"std-stable-sort","Nearly Sorted",10000,86,123520,38700,true,true
"std-stable-sort","Nearly Sorted",10000,87,123744,38800,true,true
"std-stable-sort","Nearly Sorted",10000,88,123296,38700,true,true
"std-stable-sort","Nearly Sorted",10000,89,124032,38900,true,true
"std-stable-sort","Nearly Sorted",10000,90,123392,38800,true,true
"std-stable-sort","Nearly Sorted",10000,91,123488,38800,true,true
"std-stable-sort","Nearly Sorted",10000,92,123072,38600,true,true
"std-stable-sort","Nearly Sorted",10000,93,123680,38800,true,true
"std-stable-sort","Nearly Sorted",10000,94,123168,38700,true,true
"std-stable-sort","Nearly Sorted",10000,95,123616,38800,true,true
"std-stable-sort","Nearly Sorted",10000,96,123328,38700,true,true
"std-stable-sort","Nearly Sorted",10000,97,123584,38700,true,true
"std-stable-sort","Nearly Sorted",10000,98,123136,38700,true,true
"std-stable-sort","Nearly Sorted",10000,99,177088,55500,true,true
