benchmark_key,input_data,input_size,iteration,cycles,time_ns,verification_performed,verified
"bubble","Random",100,0,24480,7700,true,true
"bubble","Random",100,1,25088,8100,true,true
"bubble","Random",100,2,25184,7900,true,true
"bubble","Random",100,3,23904,7600,true,true
"bubble","Random",100,4,96256,30200,true,true
"bubble","Random",100,5,25472,8100,true,true
"bubble","Random",100,6,25184,7900,true,true
"bubble","Random",100,7,26592,8400,true,true
"bubble","Random",100,8,24768,7800,true,true
"bubble","Random",100,9,25280,8000,true,true
"bubble","Random",100,10,25408,8000,true,true
"bubble","Random",100,11,25952,8200,true,true
"bubble","Random",100,12,24192,7600,true,true
"bubble","Random",100,13,26336,8300,true,true
"bubble","Random",100,14,25696,8100,true,true
"bubble","Random",100,15,25248,8000,true,true
"bubble","Random",100,16,24576,7800,true,true
"bubble","Random",100,17,26336,8400,true,true
"bubble","Random",100,18,25088,7900,true,true
"bubble","Random",100,19,25472,8100,true,true
"bubble","Random",100,20,24736,7800,true,true
"bubble","Random",100,21,25856,8200,true,true
"bubble","Random",100,22,26016,8200,true,true
"bubble","Random",100,23,26240,8300,true,true
"bubble","Random",100,24,25952,8200,true,true
"bubble","Random",100,25,25504,8000,true,true
"bubble","Random",100,26,25760,8100,true,true
"bubble","Random",100,27,26752,8400,true,true
"bubble","Random",100,28,26464,8400,true,true
"bubble","Random",100,29,26272,8300,true,true
"bubble","Random",100,30,25280,8000,true,true
"bubble","Random",100,31,26496,8400,true,true
"bubble","Random",100,32,25440,8000,true,true
"bubble","Random",100,33,25504,8100,true,true
"bubble","Random",100,34,26080,8300,true,true
"bubble","Random",100,35,26816,8500,true,true
"bubble","Random",100,36,35712,11300,true,true
"bubble","Random",100,37,25120,7900,true,true
"bubble","Random",100,38,25696,8100,true,true
"bubble","Random",100,39,26592,8400,true,true
"bubble","Random",100,40,26752,8400,true,true
"bubble","Random",100,41,24320,7700,true,true
"bubble","Random",100,42,24480,7800,true,true
"bubble","Random",100,43,25760,8100,true,true
"bubble","Random",100,44,25568,8100,true,true
"bubble","Random",100,45,25056,7900,true,true
"bubble","Random",100,46,26752,8500,true,true
"bubble","Random",100,47,24896,7800,true,true
"bubble","Random",100,48,26336,8400,true,true
"bubble","Random",100,49,25056,7900,true,true
"bubble","Random",100,50,25024,7900,true,true
"bubble","Random",100,51,24128,7600,true,true
"bubble","Random",100,52,25952,8200,true,true
"bubble","Random",100,53,24832,7800,true,true
"bubble","Random",100,54,26720,8500,true,true
"bubble","Random",100,55,27104,8500,true,true
"bubble","Random",100,56,26720,8500,true,true
"bubble","Random",100,57,25504,8000,true,true
"bubble","Random",100,58,25152,8000,true,true
"bubble","Random",100,59,26432,8300,true,true
"bubble","Random",100,60,26208,8300,true,true
"bubble","Random",100,61,23584,7400,true,true
"bubble","Random",100,62,26240,8300,true,true
"bubble","Random",100,63,25024,7900,true,true
"bubble","Random",100,64,25216,7900,true,true
"bubble","Random",100,65,25248,8100,true,true
"bubble","Random",100,66,26816,8500,true,true
"bubble","Random",100,67,25888,8100,true,true
"bubble","Random",100,68,26560,8400,true,true
"bubble","Random",100,69,26016,8200,true,true
"bubble","Random",100,70,27008,8500,true,true
"bubble","Random",100,71,26272,8300,true,true
"bubble","Random",100,72,26272,8300,true,true
"bubble","Random",100,73,26688,8400,true,true
"bubble","Random",100,74,26240,8300,true,true
"bubble","Random",100,75,26144,8300,true,true
"bubble","Random",100,76,24768,7800,true,true
"bubble","Random",100,77,24448,7700,true,true
"bubble","Random",100,78,25632,8100,true,true
"bubble","Random",100,79,25984,8200,true,true
"bubble","Random",100,80,24096,7600,true,true
"bubble","Random",100,81,26848,8500,true,true
"bubble","Random",100,82,25344,8000,true,true
"bubble","Random",100,83,24992,7900,true,true
"bubble","Random",100,84,23392,7400,true,true
"bubble","Random",100,85,25184,8000,true,true
"bubble","Random",100,86,25376,8000,true,true
"bubble","Random",100,87,24160,7600,true,true
"bubble","Random",100,88,26496,8400,true,true
"bubble","Random",100,89,26208,8300,true,true
"bubble","Random",100,90,24512,7700,true,true
"bubble","Random",100,91,26560,8400,true,true
"bubble","Random",100,92,25920,8200,true,true
"bubble","Random",100,93,26368,8300,true,true
"bubble","Random",100,94,26592,8400,true,true
"bubble","Random",100,95,26496,8400,true,true
"bubble","Random",100,96,24640,7800,true,true
"bubble","Random",100,97,25696,8100,true,true
"bubble","Random",100,98,25632,8100,true,true
"bubble","Random",100,99,25504,8000,true,true
"insertion","Random",100,0,7040,2300,true,true
"insertion","Random",100,1,7104,2300,true,true
"insertion","Random",100,2,6560,2100,true,true
"insertion","Random",100,3,6560,2100,true,true
"insertion","Random",100,4,6528,2100,true,true
"insertion","Random",100,5,7232,2300,true,true
"insertion","Random",100,6,7072,2300,true,true
"insertion","Random",100,7,7296,2300,true,true
"insertion","Random",100,8,6912,2200,true,true
"insertion","Random",100,9,6784,2200,true,true
"insertion","Random",100,10,6304,2000,true,true
"insertion","Random",100,11,6848,2200,true,true
"insertion","Random",100,12,6624,2100,true,true
"insertion","Random",100,13,7360,2400,true,true
"insertion","Random",100,14,6752,2200,true,true
"insertion","Random",100,15,7456,2400,true,true
"insertion","Random",100,16,7136,2300,true,true
"insertion","Random",100,17,7008,2300,true,true
"insertion","Random",100,18,6784,2200,true,true
"insertion","Random",100,19,6496,2100,true,true
"insertion","Random",100,20,6848,2200,true,true
"insertion","Random",100,21,7008,2300,true,true
"insertion","Random",100,22,7040,2300,true,true
"insertion","Random",100,23,6624,2200,true,true
"insertion","Random",100,24,7296,2400,true,true
"insertion","Random",100,25,6752,2200,true,true
"insertion","Random",100,26,7232,2400,true,true
"insertion","Random",100,27,7072,2300,true,true
"insertion","Random",100,28,6592,2100,true,true
"insertion","Random",100,29,5344,1800,true,true
"insertion","Random",100,30,5632,1900,true,true
"insertion","Random",100,31,5472,1800,true,true
"insertion","Random",100,32,5760,1900,true,true
"insertion","Random",100,33,5536,1800,true,true
"insertion","Random",100,34,5888,1900,true,true
"insertion","Random",100,35,5600,1800,true,true
"insertion","Random",100,36,5184,1700,true,true
"insertion","Random",100,37,5280,1800,true,true
"insertion","Random",100,38,5376,1800,true,true
"insertion","Random",100,39,5632,1800,true,true
"insertion","Random",100,40,7072,2300,true,true
"insertion","Random",100,41,6656,2100,true,true
"insertion","Random",100,42,6912,2300,true,true
"insertion","Random",100,43,6784,2200,true,true
"insertion","Random",100,44,6688,2200,true,true
"insertion","Random",100,45,7104,2300,true,true
"insertion","Random",100,46,7072,2300,true,true
"insertion","Random",100,47,6528,2100,true,true
"insertion","Random",100,48,6944,2300,true,true
"insertion","Random",100,49,6368,2100,true,true
"insertion","Random",100,50,7360,2300,true,true
"insertion","Random",100,51,6816,2200,true,true
"insertion","Random",100,52,7168,2300,true,true
"insertion","Random",100,53,6816,2200,true,true
"insertion","Random",100,54,6624,2200,true,true
"insertion","Random",100,55,6688,2200,true,true
"insertion","Random",100,56,7392,2400,true,true
"insertion","Random",100,57,6976,2300,true,true
"insertion","Random",100,58,6752,2200,true,true
"insertion","Random",100,59,6592,2100,true,true
"insertion","Random",100,60,6688,2200,true,true
"insertion","Random",100,61,6784,2200,true,true
"insertion","Random",100,62,7136,2300,true,true
"insertion","Random",100,63,6752,2200,true,true
"insertion","Random",100,64,6688,2100,true,true
"insertion","Random",100,65,6624,2100,true,true
"insertion","Random",100,66,6912,2200,true,true
"insertion","Random",100,67,7072,2300,true,true
"insertion","Random",100,68,6688,2200,true,true
"insertion","Random",100,69,7136,2300,true,true
"insertion","Random",100,70,7008,2200,true,true
"insertion","Random",100,71,5632,1900,true,true
"insertion","Random",100,72,5760,1800,true,true
"insertion","Random",100,73,5856,1900,true,true
"insertion","Random",100,74,5696,1900,true,true
"insertion","Random",100,75,5408,1800,true,true
"insertion","Random",100,76,5760,1800,true,true
"insertion","Random",100,77,5344,1800,true,true
"insertion","Random",100,78,5632,1800,true,true
"insertion","Random",100,79,5120,1700,true,true
"insertion","Random",100,80,5376,1800,true,true
"insertion","Random",100,81,5632,1800,true,true
"insertion","Random",100,82,5344,1700,true,true
"insertion","Random",100,83,5280,1700,true,true
"insertion","Random",100,84,5408,1700,true,true
"insertion","Random",100,85,5248,1800,true,true
"insertion","Random",100,86,5344,1700,true,true
"insertion","Random",100,87,5376,1800,true,true
"insertion","Random",100,88,5408,1700,true,true
"insertion","Random",100,89,25792,8200,true,true
"insertion","Random",100,90,5408,1800,true,true
"insertion","Random",100,91,5696,1800,true,true
"insertion","Random",100,92,5632,1800,true,true
"insertion","Random",100,93,5472,1800,true,true
"insertion","Random",100,94,5632,1900,true,true
"insertion","Random",100,95,5888,1900,true,true
"insertion","Random",100,96,5376,1800,true,true
"insertion","Random",100,97,5760,1800,true,true
"insertion","Random",100,98,5440,1700,true,true
"insertion","Random",100,99,5312,1800,true,true
"selection","Random",100,0,16608,5300,true,true
"selection","Random",100,1,16352,5200,true,true
"selection","Random",100,2,16544,5300,true,true
"selection","Random",100,3,16064,5100,true,true
"selection","Random",100,4,16704,5300,true,true
"selection","Random",100,5,16224,5100,true,true
"selection","Random",100,6,15904,5100,true,true
"selection","Random",100,7,16128,5100,true,true
"selection","Random",100,8,16384,5200,true,true
"selection","Random",100,9,15904,5000,true,true
"selection","Random",100,10,16512,5300,true,true
"selection","Random",100,11,16096,5100,true,true
"selection","Random",100,12,16288,5200,true,true
"selection","Random",100,13,15488,4900,true,true
"selection","Random",100,14,15808,5000,true,true
"selection","Random",100,15,16160,5200,true,true
"selection","Random",100,16,16192,5100,true,true
"selection","Random",100,17,15424,5000,true,true
"selection","Random",100,18,15424,4900,true,true
"selection","Random",100,19,15904,5000,true,true
"selection","Random",100,20,15328,4800,true,true
"selection","Random",100,21,15872,5000,true,true
"selection","Random",100,22,16288,5100,true,true
"selection","Random",100,23,16000,5100,true,true
"selection","Random",100,24,15648,5000,true,true
"selection","Random",100,25,15936,5100,true,true
"selection","Random",100,26,15712,5000,true,true
"selection","Random",100,27,16352,5200,true,true
"selection","Random",100,28,16608,5300,true,true
"selection","Random",100,29,15456,4900,true,true
"selection","Random",100,30,15328,4800,true,true
"selection","Random",100,31,15968,5100,true,true
"selection","Random",100,32,16000,5100,true,true
"selection","Random",100,33,16160,5100,true,true
"selection","Random",100,34,16032,5100,true,true
"selection","Random",100,35,15776,5000,true,true
"selection","Random",100,36,15136,4800,true,true
"selection","Random",100,37,15776,5000,true,true
"selection","Random",100,38,15680,4900,true,true
"selection","Random",100,39,15616,4900,true,true
"selection","Random",100,40,15744,5000,true,true
"selection","Random",100,41,15872,5100,true,true
"selection","Random",100,42,16224,5100,true,true
"selection","Random",100,43,16448,5300,true,true
"selection","Random",100,44,15680,5000,true,true
"selection","Random",100,45,15584,4900,true,true
"selection","Random",100,46,16416,5200,true,true
"selection","Random",100,47,15808,5000,true,true
"selection","Random",100,48,65248,20500,true,true
"selection","Random",100,49,18496,5900,true,true
"selection","Random",100,50,18720,5900,true,true
"selection","Random",100,51,18496,5900,true,true
"selection","Random",100,52,18240,5800,true,true
"selection","Random",100,53,18496,5800,true,true
"selection","Random",100,54,18656,5900,true,true
"selection","Random",100,55,18464,5800,true,true
"selection","Random",100,56,18816,5900,true,true
"selection","Random",100,57,16224,5200,true,true
"selection","Random",100,58,15680,4900,true,true
"selection","Random",100,59,15584,4900,true,true
"selection","Random",100,60,15840,5100,true,true
"selection","Random",100,61,15840,5000,true,true
"selection","Random",100,62,15104,4800,true,true
"selection","Random",100,63,15456,4900,true,true
"selection","Random",100,64,15872,5100,true,true
"selection","Random",100,65,15264,4800,true,true
"selection","Random",100,66,16672,5300,true,true
"selection","Random",100,67,16160,5100,true,true
"selection","Random",100,68,16064,5100,true,true
"selection","Random",100,69,15648,4900,true,true
"selection","Random",100,70,22272,7100,true,true
"selection","Random",100,71,24224,7700,true,true
"selection","Random",100,72,24512,7700,true,true
"selection","Random",100,73,19744,6200,true,true
"selection","Random",100,74,19232,6100,true,true
"selection","Random",100,75,15488,4900,true,true
"selection","Random",100,76,15680,5000,true,true
"selection","Random",100,77,15872,5000,true,true
"selection","Random",100,78,15808,5000,true,true
"selection","Random",100,79,16480,5300,true,true
"selection","Random",100,80,16064,5100,true,true
"selection","Random",100,81,14912,4700,true,true
"selection","Random",100,82,15744,5000,true,true
"selection","Random",100,83,15392,4900,true,true
"selection","Random",100,84,15488,4900,true,true
"selection","Random",100,85,16320,5200,true,true
"selection","Random",100,86,16480,5300,true,true
"selection","Random",100,87,15392,4800,true,true
"selection","Random",100,88,15968,5000,true,true
"selection","Random",100,89,16256,5200,true,true
"selection","Random",100,90,15584,4900,true,true
"selection","Random",100,91,16576,5300,true,true
"selection","Random",100,92,16160,5100,true,true
"selection","Random",100,93,15584,5000,true,true
"selection","Random",100,94,14368,4500,true,true
"selection","Random",100,95,16384,5100,true,true
"selection","Random",100,96,15680,5000,true,true
"selection","Random",100,97,16064,5100,true,true
"selection","Random",100,98,15712,5000,true,true
"selection","Random",100,99,15616,5000,true,true
"merge","Random",100,0,9632,3000,true,true
"merge","Random",100,1,9824,3100,true,true
"merge","Random",100,2,9888,3200,true,true
"merge","Random",100,3,9760,3100,true,true
"merge","Random",100,4,9984,3200,true,true
"merge","Random",100,5,9792,3100,true,true
"merge","Random",100,6,9952,3200,true,true
"merge","Random",100,7,9152,2900,true,true
"merge","Random",100,8,9472,3000,true,true
"merge","Random",100,9,9600,3000,true,true
"merge","Random",100,10,9984,3200,true,true
"merge","Random",100,11,9536,3100,true,true
"merge","Random",100,12,9536,3100,true,true
"merge","Random",100,13,9504,3000,true,true
"merge","Random",100,14,9856,3100,true,true
"merge","Random",100,15,9824,3200,true,true
"merge","Random",100,16,9376,3000,true,true
"merge","Random",100,17,9440,3000,true,true
"merge","Random",100,18,9376,3000,true,true
"merge","Random",100,19,9472,3100,true,true
"merge","Random",100,20,9760,3100,true,true
"merge","Random",100,21,9888,3200,true,true
"merge","Random",100,22,9568,3100,true,true
"merge","Random",100,23,9312,3000,true,true
"merge","Random",100,24,9952,3200,true,true
"merge","Random",100,25,9600,3100,true,true
"merge","Random",100,26,9760,3100,true,true
"merge","Random",100,27,9760,3100,true,true
"merge","Random",100,28,9312,3000,true,true
"merge","Random",100,29,9792,3100,true,true
"merge","Random",100,30,9376,3000,true,true
"merge","Random",100,31,9632,3100,true,true
"merge","Random",100,32,9888,3100,true,true
"merge","Random",100,33,9600,3100,true,true
"merge","Random",100,34,9408,3000,true,true
"merge","Random",100,35,9600,3100,true,true
"merge","Random",100,36,9792,3100,true,true
"merge","Random",100,37,9600,3000,true,true
"merge","Random",100,38,9184,2900,true,true
"merge","Random",100,39,9248,3000,true,true
"merge","Random",100,40,9344,3000,true,true
"merge","Random",100,41,9728,3100,true,true
"merge","Random",100,42,9792,3200,true,true
"merge","Random",100,43,9440,3000,true,true
"merge","Random",100,44,9760,3100,true,true
"merge","Random",100,45,9632,3100,true,true
"merge","Random",100,46,9728,3100,true,true
"merge","Random",100,47,9664,3100,true,true
"merge","Random",100,48,9568,3100,true,true
"merge","Random",100,49,9504,3100,true,true
"merge","Random",100,50,8928,2900,true,true
"merge","Random",100,51,9696,3000,true,true
"merge","Random",100,52,10080,3200,true,true
"merge","Random",100,53,9376,3000,true,true
"merge","Random",100,54,9888,3200,true,true
"merge","Random",100,55,9344,3000,true,true
"merge","Random",100,56,9664,3100,true,true
"merge","Random",100,57,9248,3000,true,true
"merge","Random",100,58,9568,3000,true,true
"merge","Random",100,59,9216,3000,true,true
"merge","Random",100,60,9728,3100,true,true
"merge","Random",100,61,9152,2900,true,true
"merge","Random",100,62,9344,3000,true,true
"merge","Random",100,63,10688,3500,true,true
"merge","Random",100,64,14080,4500,true,true
"merge","Random",100,65,11104,3600,true,true
"merge","Random",100,66,11040,3500,true,true
"merge","Random",100,67,11232,3600,true,true
"merge","Random",100,68,10816,3400,true,true
"merge","Random",100,69,11136,3600,true,true
"merge","Random",100,70,10720,3500,true,true
"merge","Random",100,71,10624,3400,true,true
"merge","Random",100,72,10624,3400,true,true
"merge","Random",100,73,28512,9100,true,true
"merge","Random",100,74,23936,7600,true,true
"merge","Random",100,75,60960,19300,true,true
"merge","Random",100,76,79360,25200,true,true
"merge","Random",100,77,65632,20900,true,true
"merge","Random",100,78,65504,20900,true,true
"merge","Random",100,79,62848,20100,true,true
"merge","Random",100,80,63008,20100,true,true
"merge","Random",100,81,64736,20600,true,true
"merge","Random",100,82,63648,20300,true,true
"merge","Random",100,83,61024,19500,true,true
"merge","Random",100,84,61600,19700,true,true
"merge","Random",100,85,62496,20000,true,true
"merge","Random",100,86,61536,19700,true,true
"merge","Random",100,87,64384,20500,true,true
"merge","Random",100,88,61760,19700,true,true
"merge","Random",100,89,65280,20800,true,true
"merge","Random",100,90,864905,273600,true,true
"merge","Random",100,91,88032,28000,true,true
"merge","Random",100,92,78848,25100,true,true
"merge","Random",100,93,75456,24000,true,true
"merge","Random",100,94,73536,23400,true,true
"merge","Random",100,95,69952,22300,true,true
"merge","Random",100,96,69024,22000,true,true
"merge","Random",100,97,68544,21900,true,true
"merge","Random",100,98,66400,21200,true,true
"merge","Random",100,99,1257120,393900,true,true
"quicksort","Random",100,0,8736,2800,true,true
"quicksort","Random",100,1,8224,2600,true,true
"quicksort","Random",100,2,7840,2500,true,true
"quicksort","Random",100,3,8000,2600,true,true
"quicksort","Random",100,4,8576,2800,true,true
"quicksort","Random",100,5,8736,2800,true,true
"quicksort","Random",100,6,8768,2800,true,true
"quicksort","Random",100,7,8544,2700,true,true
"quicksort","Random",100,8,8224,2700,true,true
"quicksort","Random",100,9,8896,2800,true,true
"quicksort","Random",100,10,7840,2600,true,true
"quicksort","Random",100,11,8352,2700,true,true
"quicksort","Random",100,12,8000,2600,true,true
"quicksort","Random",100,13,8128,2600,true,true
"quicksort","Random",100,14,8384,2700,true,true
"quicksort","Random",100,15,8480,2700,true,true
"quicksort","Random",100,16,8224,2600,true,true
"quicksort","Random",100,17,8544,2800,true,true
"quicksort","Random",100,18,8256,2600,true,true
"quicksort","Random",100,19,8160,2600,true,true
"quicksort","Random",100,20,8608,2700,true,true
"quicksort","Random",100,21,8416,2700,true,true
"quicksort","Random",100,22,8800,2800,true,true
"quicksort","Random",100,23,8064,2600,true,true
"quicksort","Random",100,24,8640,2800,true,true
"quicksort","Random",100,25,8672,2700,true,true
"quicksort","Random",100,26,7584,2500,true,true
"quicksort","Random",100,27,8672,2700,true,true
"quicksort","Random",100,28,8320,2700,true,true
"quicksort","Random",100,29,8864,2900,true,true
"quicksort","Random",100,30,8032,2500,true,true
"quicksort","Random",100,31,8288,2700,true,true
"quicksort","Random",100,32,8192,2600,true,true
"quicksort","Random",100,33,8064,2600,true,true
"quicksort","Random",100,34,8160,2600,true,true
"quicksort","Random",100,35,8256,2700,true,true
"quicksort","Random",100,36,8128,2600,true,true
"quicksort","Random",100,37,8768,2800,true,true
"quicksort","Random",100,38,8128,2600,true,true
"quicksort","Random",100,39,8032,2600,true,true
"quicksort","Random",100,40,8128,2600,true,true
"quicksort","Random",100,41,11424,3600,true,true
"quicksort","Random",100,42,9984,3200,true,true
"quicksort","Random",100,43,9120,2900,true,true
"quicksort","Random",100,44,9824,3200,true,true
"quicksort","Random",100,45,8800,2800,true,true
"quicksort","Random",100,46,8544,2800,true,true
"quicksort","Random",100,47,8224,2700,true,true
"quicksort","Random",100,48,8128,2600,true,true
"quicksort","Random",100,49,9024,2900,true,true
"quicksort","Random",100,50,10176,3300,true,true
"quicksort","Random",100,51,11232,3600,true,true
"quicksort","Random",100,52,9088,2900,true,true
"quicksort","Random",100,53,8512,2700,true,true
"quicksort","Random",100,54,9248,3000,true,true
"quicksort","Random",100,55,8384,2700,true,true
"quicksort","Random",100,56,7872,2500,true,true
"quicksort","Random",100,57,8768,2800,true,true
"quicksort","Random",100,58,52096,16400,true,true
"quicksort","Random",100,59,7744,2500,true,true
"quicksort","Random",100,60,8768,2800,true,true
"quicksort","Random",100,61,8128,2600,true,true
"quicksort","Random",100,62,8448,2700,true,true
"quicksort","Random",100,63,87200,27400,true,true
"quicksort","Random",100,64,7616,2600,true,true
"quicksort","Random",100,65,7904,2600,true,true
"quicksort","Random",100,66,8416,2700,true,true
"quicksort","Random",100,67,8928,2900,true,true
"quicksort","Random",100,68,7840,2500,true,true
"quicksort","Random",100,69,15392,4900,true,true
"quicksort","Random",100,70,7424,2400,true,true
"quicksort","Random",100,71,7552,2400,true,true
"quicksort","Random",100,72,7872,2500,true,true
"quicksort","Random",100,73,8288,2700,true,true
"quicksort","Random",100,74,8480,2700,true,true
"quicksort","Random",100,75,7616,2500,true,true
"quicksort","Random",100,76,7840,2600,true,true
"quicksort","Random",100,77,8320,2700,true,true
"quicksort","Random",100,78,8256,2600,true,true
"quicksort","Random",100,79,8000,2600,true,true
"quicksort","Random",100,80,7872,2500,true,true
"quicksort","Random",100,81,7456,2400,true,true
"quicksort","Random",100,82,8320,2700,true,true
"quicksort","Random",100,83,7392,2400,true,true
"quicksort","Random",100,84,7872,2500,true,true
"quicksort","Random",100,85,7552,2400,true,true
"quicksort","Random",100,86,7648,2400,true,true
"quicksort","Random",100,87,7904,2500,true,true
"quicksort","Random",100,88,8000,2600,true,true
"quicksort","Random",100,89,8000,2500,true,true
"quicksort","Random",100,90,7840,2500,true,true
"quicksort","Random",100,91,8448,2700,true,true
"quicksort","Random",100,92,7936,2500,true,true
"quicksort","Random",100,93,8128,2600,true,true
"quicksort","Random",100,94,8448,2700,true,true
"quicksort","Random",100,95,7840,2500,true,true
"quicksort","Random",100,96,7808,2600,true,true
"quicksort","Random",100,97,8224,2700,true,true
"quicksort","Random",100,98,8032,2600,true,true
"quicksort","Random",100,99,8160,2600,true,true
"heap","Random",100,0,9120,2900,true,true
"heap","Random",100,1,8768,2800,true,true
"heap","Random",100,2,8864,2900,true,true
"heap","Random",100,3,8608,2700,true,true
"heap","Random",100,4,8768,2800,true,true
"heap","Random",100,5,8800,2800,true,true
"heap","Random",100,6,8704,2800,true,true
"heap","Random",100,7,8800,2800,true,true
"heap","Random",100,8,9216,3000,true,true
"heap","Random",100,9,8384,2700,true,true
"heap","Random",100,10,8480,2700,true,true
"heap","Random",100,11,8640,2700,true,true
"heap","Random",100,12,8704,2800,true,true
"heap","Random",100,13,8576,2900,true,true
"heap","Random",100,14,8480,2700,true,true
"heap","Random",100,15,8672,2700,true,true
"heap","Random",100,16,8256,2600,true,true
"heap","Random",100,17,8608,2900,true,true
"heap","Random",100,18,8576,2700,true,true
"heap","Random",100,19,8672,2900,true,true
"heap","Random",100,20,8480,2700,true,true
"heap","Random",100,21,8736,2800,true,true
"heap","Random",100,22,8736,2800,true,true
"heap","Random",100,23,8256,2700,true,true
"heap","Random",100,24,8224,2700,true,true
"heap","Random",100,25,8896,2800,true,true
"heap","Random",100,26,8256,2700,true,true
"heap","Random",100,27,62496,19600,true,true
"heap","Random",100,28,8576,2900,true,true
"heap","Random",100,29,8608,2800,true,true
"heap","Random",100,30,8416,2700,true,true
"heap","Random",100,31,8256,2600,true,true
"heap","Random",100,32,8352,2600,true,true
"heap","Random",100,33,8576,2700,true,true
"heap","Random",100,34,8064,2600,true,true
"heap","Random",100,35,8064,2600,true,true
"heap","Random",100,36,8384,2700,true,true
"heap","Random",100,37,8416,2700,true,true
"heap","Random",100,38,7936,2500,true,true
"heap","Random",100,39,8192,2600,true,true
"heap","Random",100,40,8512,2700,true,true
"heap","Random",100,41,8800,2800,true,true
"heap","Random",100,42,8352,2700,true,true
"heap","Random",100,43,8480,2700,true,true
"heap","Random",100,44,8448,2700,true,true
"heap","Random",100,45,8480,2700,true,true
"heap","Random",100,46,8448,2700,true,true
"heap","Random",100,47,8544,2800,true,true
"heap","Random",100,48,8896,2900,true,true
"heap","Random",100,49,8608,2800,true,true
"heap","Random",100,50,8768,2800,true,true
"heap","Random",100,51,8480,2700,true,true
"heap","Random",100,52,8512,2700,true,true
"heap","Random",100,53,8256,2700,true,true
"heap","Random",100,54,10208,3300,true,true
"heap","Random",100,55,12448,4000,true,true
"heap","Random",100,56,9536,3100,true,true
"heap","Random",100,57,10048,3200,true,true
"heap","Random",100,58,11616,3700,true,true
"heap","Random",100,59,9792,3200,true,true
"heap","Random",100,60,11072,3500,true,true
"heap","Random",100,61,9472,3000,true,true
"heap","Random",100,62,9504,3100,true,true
"heap","Random",100,63,10624,3300,true,true
"heap","Random",100,64,10752,3400,true,true
"heap","Random",100,65,9824,3100,true,true
"heap","Random",100,66,8832,2800,true,true
"heap","Random",100,67,9120,2900,true,true
"heap","Random",100,68,10624,3400,true,true
"heap","Random",100,69,11072,3500,true,true
"heap","Random",100,70,11680,3700,true,true
"heap","Random",100,71,9088,2900,true,true
"heap","Random",100,72,8384,2700,true,true
"heap","Random",100,73,8544,2700,true,true
"heap","Random",100,74,8256,2700,true,true
"heap","Random",100,75,8512,2700,true,true
"heap","Random",100,76,8224,2600,true,true
"heap","Random",100,77,8352,2700,true,true
"heap","Random",100,78,8512,2700,true,true
"heap","Random",100,79,8384,2600,true,true
"heap","Random",100,80,8480,2700,true,true
"heap","Random",100,81,8576,2700,true,true
"heap","Random",100,82,8320,2700,true,true
"heap","Random",100,83,8160,2600,true,true
"heap","Random",100,84,8544,2700,true,true
"heap","Random",100,85,7808,2500,true,true
"heap","Random",100,86,8544,2700,true,true
"heap","Random",100,87,8416,2700,true,true
"heap","Random",100,88,8160,2600,true,true
"heap","Random",100,89,7904,2500,true,true
"heap","Random",100,90,8736,2800,true,true
"heap","Random",100,91,8320,2600,true,true
"heap","Random",100,92,8544,2700,true,true
"heap","Random",100,93,8512,2700,true,true
"heap","Random",100,94,7904,2500,true,true
"heap","Random",100,95,8672,2800,true,true
"heap","Random",100,96,8512,2700,true,true
"heap","Random",100,97,10176,3300,true,true
"heap","Random",100,98,12800,4100,true,true
"heap","Random",100,99,9536,3000,true,true
"std-sort","Random",100,0,5280,1800,true,true
"std-sort","Random",100,1,5888,1900,true,true
"std-sort","Random",100,2,5728,2000,true,true
"std-sort","Random",100,3,5856,1900,true,true
"std-sort","Random",100,4,5696,1800,true,true
"std-sort","Random",100,5,6176,2000,true,true
"std-sort","Random",100,6,5952,1900,true,true
"std-sort","Random",100,7,7296,2300,true,true
"std-sort","Random",100,8,6432,2200,true,true
"std-sort","Random",100,9,4896,1600,true,true
"std-sort","Random",100,10,5280,1700,true,true
"std-sort","Random",100,11,5280,1800,true,true
"std-sort","Random",100,12,6080,2000,true,true
"std-sort","Random",100,13,7520,2400,true,true
"std-sort","Random",100,14,6336,2000,true,true
"std-sort","Random",100,15,6688,2100,true,true
"std-sort","Random",100,16,5280,1700,true,true
"std-sort","Random",100,17,5248,1700,true,true
"std-sort","Random",100,18,5728,1800,true,true
"std-sort","Random",100,19,5280,1700,true,true
"std-sort","Random",100,20,5536,1800,true,true
"std-sort","Random",100,21,5152,1700,true,true
"std-sort","Random",100,22,4928,1600,true,true
"std-sort","Random",100,23,5056,1600,true,true
"std-sort","Random",100,24,5184,1700,true,true
"std-sort","Random",100,25,5760,1900,true,true
"std-sort","Random",100,26,27200,8500,true,true
"std-sort","Random",100,27,4960,1600,true,true
"std-sort","Random",100,28,4928,1600,true,true
"std-sort","Random",100,29,5504,1800,true,true
"std-sort","Random",100,30,5472,1700,true,true
"std-sort","Random",100,31,5632,1800,true,true
"std-sort","Random",100,32,5344,1800,true,true
"std-sort","Random",100,33,5472,1800,true,true
"std-sort","Random",100,34,6848,2200,true,true
"std-sort","Random",100,35,7104,2300,true,true
"std-sort","Random",100,36,5568,1800,true,true
"std-sort","Random",100,37,5472,1800,true,true
"std-sort","Random",100,38,5152,1700,true,true
"std-sort","Random",100,39,5184,1600,true,true
"std-sort","Random",100,40,4896,1600,true,true
"std-sort","Random",100,41,4928,1600,true,true
"std-sort","Random",100,42,4832,1500,true,true
"std-sort","Random",100,43,6272,2000,true,true
"std-sort","Random",100,44,7008,2200,true,true
"std-sort","Random",100,45,5568,1800,true,true
"std-sort","Random",100,46,5856,1900,true,true
"std-sort","Random",100,47,5536,1700,true,true
"std-sort","Random",100,48,5312,1800,true,true
"std-sort","Random",100,49,5536,1700,true,true
"std-sort","Random",100,50,5312,1700,true,true
"std-sort","Random",100,51,5664,1800,true,true
"std-sort","Random",100,52,5120,1600,true,true
"std-sort","Random",100,53,5760,1900,true,true
"std-sort","Random",100,54,7040,2300,true,true
"std-sort","Random",100,55,5312,1700,true,true
"std-sort","Random",100,56,5216,1700,true,true
"std-sort","Random",100,57,5056,1700,true,true
"std-sort","Random",100,58,4864,1600,true,true
"std-sort","Random",100,59,4832,1600,true,true
"std-sort","Random",100,60,4704,1500,true,true
"std-sort","Random",100,61,4608,1500,true,true
"std-sort","Random",100,62,4864,1600,true,true
"std-sort","Random",100,63,4768,1600,true,true
"std-sort","Random",100,64,4704,1500,true,true
"std-sort","Random",100,65,5024,1600,true,true
"std-sort","Random",100,66,4992,1700,true,true
"std-sort","Random",100,67,5120,1700,true,true
"std-sort","Random",100,68,4736,1600,true,true
"std-sort","Random",100,69,4608,1500,true,true
"std-sort","Random",100,70,4864,1500,true,true
"std-sort","Random",100,71,4960,1600,true,true
"std-sort","Random",100,72,7040,2200,true,true
"std-sort","Random",100,73,5728,1900,true,true
"std-sort","Random",100,74,5152,1600,true,true
"std-sort","Random",100,75,6080,2000,true,true
"std-sort","Random",100,76,6464,2000,true,true
"std-sort","Random",100,77,5120,1700,true,true
"std-sort","Random",100,78,5312,1700,true,true
"std-sort","Random",100,79,5056,1700,true,true
"std-sort","Random",100,80,4800,1600,true,true
"std-sort","Random",100,81,5024,1600,true,true
"std-sort","Random",100,82,4704,1500,true,true
"std-sort","Random",100,83,4512,1500,true,true
"std-sort","Random",100,84,5248,1700,true,true
"std-sort","Random",100,85,4480,1500,true,true
"std-sort","Random",100,86,4960,1600,true,true
"std-sort","Random",100,87,4832,1500,true,true
"std-sort","Random",100,88,4864,1500,true,true
"std-sort","Random",100,89,4800,1500,true,true
"std-sort","Random",100,90,5056,1600,true,true
"std-sort","Random",100,91,4992,1600,true,true
"std-sort","Random",100,92,4512,1500,true,true
"std-sort","Random",100,93,4448,1400,true,true
"std-sort","Random",100,94,4800,1500,true,true
"std-sort","Random",100,95,4832,1500,true,true
"std-sort","Random",100,96,4800,1500,true,true
"std-sort","Random",100,97,4960,1600,true,true
"std-sort","Random",100,98,4864,1600,true,true
"std-sort","Random",100,99,4608,1500,true,true
"std-stable-sort","Random",100,0,5472,1700,true,true
"std-stable-sort","Random",100,1,5856,1800,true,true
"std-stable-sort","Random",100,2,5888,1900,true,true
"std-stable-sort","Random",100,3,5792,1900,true,true
"std-stable-sort","Random",100,4,5696,1800,true,true
"std-stable-sort","Random",100,5,5280,1700,true,true
"std-stable-sort","Random",100,6,5280,1700,true,true
"std-stable-sort","Random",100,7,5216,1600,true,true
"std-stable-sort","Random",100,8,5600,1800,true,true
"std-stable-sort","Random",100,9,6624,2100,true,true
"std-stable-sort","Random",100,10,5632,1800,true,true
"std-stable-sort","Random",100,11,5760,1800,true,true
"std-stable-sort","Random",100,12,5600,1800,true,true
"std-stable-sort","Random",100,13,5344,1700,true,true
"std-stable-sort","Random",100,14,5344,1800,true,true
"std-stable-sort","Random",100,15,5376,1700,true,true
"std-stable-sort","Random",100,16,5568,1800,true,true
"std-stable-sort","Random",100,17,5760,1900,true,true
"std-stable-sort","Random",100,18,5408,1800,true,true
"std-stable-sort","Random",100,19,5408,1700,true,true
"std-stable-sort","Random",100,20,5632,1800,true,true
"std-stable-sort","Random",100,21,5440,1700,true,true
"std-stable-sort","Random",100,22,5568,1800,true,true
"std-stable-sort","Random",100,23,5600,1800,true,true
"std-stable-sort","Random",100,24,5536,1800,true,true
"std-stable-sort","Random",100,25,5408,1800,true,true
"std-stable-sort","Random",100,26,5280,1700,true,true
"std-stable-sort","Random",100,27,5760,1800,true,true
"std-stable-sort","Random",100,28,5600,1800,true,true
"std-stable-sort","Random",100,29,5408,1700,true,true
"std-stable-sort","Random",100,30,5312,1700,true,true
"std-stable-sort","Random",100,31,5568,1800,true,true
"std-stable-sort","Random",100,32,5440,1800,true,true
"std-stable-sort","Random",100,33,5440,1700,true,true
"std-stable-sort","Random",100,34,5472,1800,true,true
"std-stable-sort","Random",100,35,5344,1700,true,true
"std-stable-sort","Random",100,36,5856,1900,true,true
"std-stable-sort","Random",100,37,5216,1700,true,true
"std-stable-sort","Random",100,38,5536,1800,true,true
"std-stable-sort","Random",100,39,5440,1800,true,true
"std-stable-sort","Random",100,40,5312,1700,true,true
"std-stable-sort","Random",100,41,59072,18600,true,true
"std-stable-sort","Random",100,42,5728,1900,true,true
"std-stable-sort","Random",100,43,5728,1800,true,true
"std-stable-sort","Random",100,44,5760,1900,true,true
"std-stable-sort","Random",100,45,5504,1800,true,true
"std-stable-sort","Random",100,46,5856,1900,true,true
"std-stable-sort","Random",100,47,5216,1700,true,true
"std-stable-sort","Random",100,48,5344,1700,true,true
"std-stable-sort","Random",100,49,5440,1700,true,true
"std-stable-sort","Random",100,50,5696,1800,true,true
"std-stable-sort","Random",100,51,5728,1800,true,true
"std-stable-sort","Random",100,52,5728,1800,true,true
"std-stable-sort","Random",100,53,5408,1700,true,true
"std-stable-sort","Random",100,54,5440,1800,true,true
"std-stable-sort","Random",100,55,5760,1900,true,true
"std-stable-sort","Random",100,56,5376,1700,true,true
"std-stable-sort","Random",100,57,5600,1800,true,true
"std-stable-sort","Random",100,58,5536,1800,true,true
"std-stable-sort","Random",100,59,5632,1800,true,true
"std-stable-sort","Random",100,60,5280,1700,true,true
"std-stable-sort","Random",100,61,5344,1800,true,true
"std-stable-sort","Random",100,62,5504,1800,true,true
"std-stable-sort","Random",100,63,5696,1800,true,true
"std-stable-sort","Random",100,64,5408,1700,true,true
"std-stable-sort","Random",100,65,5344,1700,true,true
"std-stable-sort","Random",100,66,5440,1800,true,true
"std-stable-sort","Random",100,67,5408,1700,true,true
"std-stable-sort","Random",100,68,5344,1700,true,true
"std-stable-sort","Random",100,69,5632,1800,true,true
"std-stable-sort","Random",100,70,5568,1800,true,true
"std-stable-sort","Random",100,71,5696,1800,true,true
"std-stable-sort","Random",100,72,5440,1800,true,true
"std-stable-sort","Random",100,73,5376,1700,true,true
"std-stable-sort","Random",100,74,5280,1700,true,true
"std-stable-sort","Random",100,75,5376,1700,true,true
"std-stable-sort","Random",100,76,5664,1800,true,true
"std-stable-sort","Random",100,77,5472,1800,true,true
"std-stable-sort","Random",100,78,5504,1800,true,true
"std-stable-sort","Random",100,79,5568,1800,true,true
"std-stable-sort","Random",100,80,5344,1700,true,true
"std-stable-sort","Random",100,81,5312,1700,true,true
"std-stable-sort","Random",100,82,5472,1800,true,true
"std-stable-sort","Random",100,83,5344,1700,true,true
"std-stable-sort","Random",100,84,5664,1900,true,true
"std-stable-sort","Random",100,85,5536,1800,true,true
"std-stable-sort","Random",100,86,5696,1800,true,true
"std-stable-sort","Random",100,87,5664,1800,true,true
"std-stable-sort","Random",100,88,5344,1700,true,true
"std-stable-sort","Random",100,89,5376,1700,true,true
"std-stable-sort","Random",100,90,5536,1800,true,true
"std-stable-sort","Random",100,91,5440,1700,true,true
"std-stable-sort","Random",100,92,5344,1700,true,true
"std-stable-sort","Random",100,93,5600,1800,true,true
"std-stable-sort","Random",100,94,5248,1700,true,true
"std-stable-sort","Random",100,95,5376,1800,true,true
"std-stable-sort","Random",100,96,5504,1800,true,true
"std-stable-sort","Random",100,97,5536,1800,true,true
"std-stable-sort","Random",100,98,5344,1700,true,true
"std-stable-sort","Random",100,99,5440,1700,true,true
"bubble","Random",500,0,390797,123800,true,true
"bubble","Random",500,1,335264,105100,true,true
"bubble","Random",500,2,328896,103100,true,true
"bubble","Random",500,3,305440,95900,true,true
"bubble","Random",500,4,325056,101900,true,true
"bubble","Random",500,5,463936,145400,true,true
"bubble","Random",500,6,246656,77400,true,true
"bubble","Random",500,7,260896,81800,true,true
"bubble","Random",500,8,322720,101100,true,true
"bubble","Random",500,9,322784,101200,true,true
"bubble","Random",500,10,312640,98200,true,true
"bubble","Random",500,11,339232,106400,true,true
"bubble","Random",500,12,342752,107400,true,true
"bubble","Random",500,13,435648,137100,true,true
"bubble","Random",500,14,348096,109100,true,true
"bubble","Random",500,15,297568,93500,true,true
"bubble","Random",500,16,263584,82600,true,true
"bubble","Random",500,17,266400,83500,true,true
"bubble","Random",500,18,264192,82700,true,true
"bubble","Random",500,19,263520,82500,true,true
"bubble","Random",500,20,257376,80600,true,true
"bubble","Random",500,21,305600,95800,true,true
"bubble","Random",500,22,262304,82200,true,true
"bubble","Random",500,23,255872,80200,true,true
"bubble","Random",500,24,321184,100600,true,true
"bubble","Random",500,25,284320,89100,true,true
"bubble","Random",500,26,256192,80600,true,true
"bubble","Random",500,27,259072,81200,true,true
"bubble","Random",500,28,261248,81800,true,true
"bubble","Random",500,29,276448,86600,true,true
"bubble","Random",500,30,265728,83300,true,true
"bubble","Random",500,31,273472,85700,true,true
"bubble","Random",500,32,266048,83300,true,true
"bubble","Random",500,33,265472,83300,true,true
"bubble","Random",500,34,257856,80800,true,true
"bubble","Random",500,35,269376,84400,true,true
"bubble","Random",500,36,298496,93500,true,true
"bubble","Random",500,37,270592,84800,true,true
"bubble","Random",500,38,266176,83400,true,true
"bubble","Random",500,39,265792,83200,true,true
"bubble","Random",500,40,267648,83800,true,true
"bubble","Random",500,41,271168,85000,true,true
"bubble","Random",500,42,271904,85300,true,true
"bubble","Random",500,43,262592,82300,true,true
"bubble","Random",500,44,262880,82300,true,true
"bubble","Random",500,45,259328,81200,true,true
"bubble","Random",500,46,260928,81800,true,true
"bubble","Random",500,47,272576,85400,true,true
"bubble","Random",500,48,301152,94300,true,true
"bubble","Random",500,49,263264,82500,true,true
"bubble","Random",500,50,266816,83600,true,true
"bubble","Random",500,51,262240,82100,true,true
"bubble","Random",500,52,257312,80600,true,true
"bubble","Random",500,53,262784,82300,true,true
"bubble","Random",500,54,264480,82800,true,true
"bubble","Random",500,55,255296,80000,true,true
"bubble","Random",500,56,271776,85100,true,true
"bubble","Random",500,57,262528,82300,true,true
"bubble","Random",500,58,250528,78400,true,true
"bubble","Random",500,59,290528,91100,true,true
"bubble","Random",500,60,262400,82400,true,true
"bubble","Random",500,61,261024,81800,true,true
"bubble","Random",500,62,261056,81800,true,true
"bubble","Random",500,63,262304,82200,true,true
"bubble","Random",500,64,263552,82600,true,true
"bubble","Random",500,65,261312,81900,true,true
"bubble","Random",500,66,254272,80300,true,true
"bubble","Random",500,67,259904,81500,true,true
"bubble","Random",500,68,401760,125800,true,true
"bubble","Random",500,69,260768,82000,true,true
"bubble","Random",500,70,288544,90400,true,true
"bubble","Random",500,71,273088,85700,true,true
"bubble","Random",500,72,251616,79000,true,true
"bubble","Random",500,73,253056,79300,true,true
"bubble","Random",500,74,261504,82000,true,true
"bubble","Random",500,75,255776,80100,true,true
"bubble","Random",500,76,258176,80900,true,true
"bubble","Random",500,77,259680,81400,true,true
"bubble","Random",500,78,253920,79600,true,true
"bubble","Random",500,79,261952,82100,true,true
"bubble","Random",500,80,256384,80300,true,true
"bubble","Random",500,81,255904,80200,true,true
"bubble","Random",500,82,285120,89300,true,true
"bubble","Random",500,83,252608,79200,true,true
"bubble","Random",500,84,260608,81700,true,true
"bubble","Random",500,85,261728,82200,true,true
"bubble","Random",500,86,255648,80100,true,true
"bubble","Random",500,87,253248,79300,true,true
"bubble","Random",500,88,252608,79200,true,true
"bubble","Random",500,89,254688,79800,true,true
"bubble","Random",500,90,251584,78900,true,true
"bubble","Random",500,91,257408,80600,true,true
"bubble","Random",500,92,273984,85900,true,true
"bubble","Random",500,93,259808,81400,true,true
"bubble","Random",500,94,292224,91600,true,true
"bubble","Random",500,95,259712,81400,true,true
"bubble","Random",500,96,261536,81900,true,true
"bubble","Random",500,97,250784,78600,true,true
"bubble","Random",500,98,251072,78700,true,true
"bubble","Random",500,99,261408,81900,true,true
"insertion","Random",500,0,67744,21200,true,true
"insertion","Random",500,1,65600,20600,true,true
"insertion","Random",500,2,100896,31600,true,true
"insertion","Random",500,3,68512,21500,true,true
"insertion","Random",500,4,64416,20200,true,true
"insertion","Random",500,5,66848,21000,true,true
"insertion","Random",500,6,68608,21600,true,true
"insertion","Random",500,7,64576,20200,true,true
"insertion","Random",500,8,68480,21500,true,true
"insertion","Random",500,9,66720,20900,true,true
"insertion","Random",500,10,65600,20600,true,true
"insertion","Random",500,11,66304,20900,true,true
"insertion","Random",500,12,67552,21200,true,true
"insertion","Random",500,13,64288,20200,true,true
"insertion","Random",500,14,67840,21300,true,true
"insertion","Random",500,15,68512,21500,true,true
"insertion","Random",500,16,65824,20600,true,true
"insertion","Random",500,17,66208,20700,true,true
"insertion","Random",500,18,63488,20000,true,true
"insertion","Random",500,19,64224,20100,true,true
"insertion","Random",500,20,62496,19700,true,true
"insertion","Random",500,21,64064,20100,true,true
"insertion","Random",500,22,65376,20500,true,true
"insertion","Random",500,23,73504,23100,true,true
"insertion","Random",500,24,66368,20900,true,true
"insertion","Random",500,25,65792,20700,true,true
"insertion","Random",500,26,66080,20700,true,true
"insertion","Random",500,27,67040,21000,true,true
"insertion","Random",500,28,66912,21000,true,true
"insertion","Random",500,29,64704,20300,true,true
"insertion","Random",500,30,65248,20500,true,true
"insertion","Random",500,31,66368,20900,true,true
"insertion","Random",500,32,64896,20300,true,true
"insertion","Random",500,33,67008,21000,true,true
"insertion","Random",500,34,69792,21900,true,true
"insertion","Random",500,35,65440,20500,true,true
"insertion","Random",500,36,67456,21200,true,true
"insertion","Random",500,37,66336,20800,true,true
"insertion","Random",500,38,77184,24200,true,true
"insertion","Random",500,39,65376,20600,true,true
"insertion","Random",500,40,65376,20500,true,true
"insertion","Random",500,41,62240,19600,true,true
"insertion","Random",500,42,68352,21500,true,true
"insertion","Random",500,43,66592,20900,true,true
"insertion","Random",500,44,65024,20400,true,true
"insertion","Random",500,45,97024,30400,true,true
"insertion","Random",500,46,67264,21100,true,true
"insertion","Random",500,47,64032,20000,true,true
"insertion","Random",500,48,68032,21300,true,true
"insertion","Random",500,49,62240,19500,true,true
"insertion","Random",500,50,66848,21000,true,true
"insertion","Random",500,51,65984,20700,true,true
"insertion","Random",500,52,69312,21700,true,true
"insertion","Random",500,53,63648,20000,true,true
"insertion","Random",500,54,65856,20600,true,true
"insertion","Random",500,55,66656,21000,true,true
"insertion","Random",500,56,65152,20500,true,true
"insertion","Random",500,57,66336,20800,true,true
"insertion","Random",500,58,63776,20000,true,true
"insertion","Random",500,59,66816,20900,true,true
"insertion","Random",500,60,67712,21300,true,true
"insertion","Random",500,61,65472,20600,true,true
"insertion","Random",500,62,76320,23900,true,true
"insertion","Random",500,63,72800,22900,true,true
"insertion","Random",500,64,65440,20500,true,true
"insertion","Random",500,65,67360,21200,true,true
"insertion","Random",500,66,64832,20300,true,true
"insertion","Random",500,67,68032,21300,true,true
"insertion","Random",500,68,68512,21500,true,true
"insertion","Random",500,69,63648,20000,true,true
"insertion","Random",500,70,64128,20200,true,true
"insertion","Random",500,71,63904,20000,true,true
"insertion","Random",500,72,67840,21300,true,true
"insertion","Random",500,73,66368,20900,true,true
"insertion","Random",500,74,67744,21200,true,true
"insertion","Random",500,75,68352,21500,true,true
"insertion","Random",500,76,66624,20900,true,true
"insertion","Random",500,77,67936,21300,true,true
"insertion","Random",500,78,65952,20700,true,true
"insertion","Random",500,79,67712,21300,true,true
"insertion","Random",500,80,66656,21000,true,true
"insertion","Random",500,81,64928,20400,true,true
"insertion","Random",500,82,65696,20600,true,true
"insertion","Random",500,83,67648,21300,true,true
"insertion","Random",500,84,67040,21100,true,true
"insertion","Random",500,85,65120,20400,true,true
"insertion","Random",500,86,65728,20700,true,true
"insertion","Random",500,87,63680,20000,true,true
"insertion","Random",500,88,66720,20900,true,true
"insertion","Random",500,89,64576,20300,true,true
"insertion","Random",500,90,63584,20000,true,true
"insertion","Random",500,91,64800,20400,true,true
"insertion","Random",500,92,67200,21100,true,true
"insertion","Random",500,93,65184,20500,true,true
"insertion","Random",500,94,64960,20400,true,true
"insertion","Random",500,95,67072,21100,true,true
"insertion","Random",500,96,68160,21400,true,true
"insertion","Random",500,97,63616,20000,true,true
"insertion","Random",500,98,63328,19800,true,true
"insertion","Random",500,99,68896,21700,true,true
"selection","Random",500,0,165696,51900,true,true
"selection","Random",500,1,166496,52200,true,true
"selection","Random",500,2,165344,51900,true,true
"selection","Random",500,3,165632,51900,true,true
"selection","Random",500,4,163936,51400,true,true
"selection","Random",500,5,166240,52100,true,true
"selection","Random",500,6,201760,63200,true,true
"selection","Random",500,7,183072,57400,true,true
"selection","Random",500,8,186848,58600,true,true
"selection","Random",500,9,164576,51700,true,true
"selection","Random",500,10,200800,62900,true,true
"selection","Random",500,11,167488,52500,true,true
"selection","Random",500,12,166240,52100,true,true
"selection","Random",500,13,164864,51600,true,true
"selection","Random",500,14,164224,51500,true,true
"selection","Random",500,15,163424,51200,true,true
"selection","Random",500,16,164672,51600,true,true
"selection","Random",500,17,166816,52300,true,true
"selection","Random",500,18,167584,52500,true,true
"selection","Random",500,19,168032,52600,true,true
"selection","Random",500,20,164160,51500,true,true
"selection","Random",500,21,166848,52300,true,true
"selection","Random",500,22,167296,52400,true,true
"selection","Random",500,23,167328,52400,true,true
"selection","Random",500,24,165440,51900,true,true
"selection","Random",500,25,164448,51500,true,true
"selection","Random",500,26,201056,63300,true,true
"selection","Random",500,27,164096,51500,true,true
"selection","Random",500,28,166144,52100,true,true
"selection","Random",500,29,165312,51800,true,true
"selection","Random",500,30,164768,51600,true,true
"selection","Random",500,31,178976,56000,true,true
"selection","Random",500,32,166880,52300,true,true
"selection","Random",500,33,163904,51400,true,true
"selection","Random",500,34,164000,51400,true,true
"selection","Random",500,35,164864,51700,true,true
"selection","Random",500,36,164832,51700,true,true
"selection","Random",500,37,163456,51200,true,true
"selection","Random",500,38,164256,51500,true,true
"selection","Random",500,39,164160,51400,true,true
"selection","Random",500,40,162240,50900,true,true
"selection","Random",500,41,165728,52000,true,true
"selection","Random",500,42,163328,51300,true,true
"selection","Random",500,43,160896,50400,true,true
"selection","Random",500,44,199424,62500,true,true
"selection","Random",500,45,162848,51100,true,true
"selection","Random",500,46,165056,51700,true,true
"selection","Random",500,47,162848,51100,true,true
"selection","Random",500,48,165216,51800,true,true
"selection","Random",500,49,163648,51300,true,true
"selection","Random",500,50,164352,51600,true,true
"selection","Random",500,51,164480,51600,true,true
"selection","Random",500,52,166112,52000,true,true
"selection","Random",500,53,165984,52000,true,true
"selection","Random",500,54,164640,51600,true,true
"selection","Random",500,55,187424,58700,true,true
"selection","Random",500,56,192960,60500,true,true
"selection","Random",500,57,189568,59400,true,true
"selection","Random",500,58,190368,59700,true,true
"selection","Random",500,59,191680,60000,true,true
"selection","Random",500,60,191904,60100,true,true
"selection","Random",500,61,188064,58900,true,true
"selection","Random",500,62,197472,61900,true,true
"selection","Random",500,63,166336,52300,true,true
"selection","Random",500,64,163584,51300,true,true
"selection","Random",500,65,166240,52100,true,true
"selection","Random",500,66,162784,51000,true,true
"selection","Random",500,67,162944,51000,true,true
"selection","Random",500,68,163168,51100,true,true
"selection","Random",500,69,162144,50800,true,true
"selection","Random",500,70,167072,52400,true,true
"selection","Random",500,71,166016,52000,true,true
"selection","Random",500,72,163232,51200,true,true
"selection","Random",500,73,167840,52600,true,true
"selection","Random",500,74,166720,52300,true,true
"selection","Random",500,75,164576,51600,true,true
"selection","Random",500,76,163648,51300,true,true
"selection","Random",500,77,165312,51900,true,true
"selection","Random",500,78,164032,51400,true,true
"selection","Random",500,79,165312,51800,true,true
"selection","Random",500,80,196096,61400,true,true
"selection","Random",500,81,164608,51600,true,true
"selection","Random",500,82,164320,51500,true,true
"selection","Random",500,83,165056,51700,true,true
"selection","Random",500,84,164704,51600,true,true
"selection","Random",500,85,163328,51200,true,true
"selection","Random",500,86,164096,51400,true,true
"selection","Random",500,87,163328,51200,true,true
"selection","Random",500,88,163104,51100,true,true
"selection","Random",500,89,161984,50800,true,true
"selection","Random",500,90,162976,51100,true,true
"selection","Random",500,91,174976,54900,true,true
"selection","Random",500,92,167744,52500,true,true
"selection","Random",500,93,164032,51500,true,true
"selection","Random",500,94,165088,51700,true,true
"selection","Random",500,95,163744,51300,true,true
"selection","Random",500,96,166688,52300,true,true
"selection","Random",500,97,163648,51300,true,true
"selection","Random",500,98,163040,51100,true,true
"selection","Random",500,99,192352,60300,true,true
"merge","Random",500,0,47936,15000,true,true
"merge","Random",500,1,46976,14800,true,true
"merge","Random",500,2,46976,14700,true,true
"merge","Random",500,3,47456,14900,true,true
"merge","Random",500,4,47072,14800,true,true
"merge","Random",500,5,46880,14700,true,true
"merge","Random",500,6,46368,14500,true,true
"merge","Random",500,7,46240,14600,true,true
"merge","Random",500,8,46112,14500,true,true
"merge","Random",500,9,46560,14700,true,true
"merge","Random",500,10,47072,14800,true,true
"merge","Random",500,11,45664,14400,true,true
"merge","Random",500,12,46272,14600,true,true
"merge","Random",500,13,46784,14700,true,true
"merge","Random",500,14,46304,14600,true,true
"merge","Random",500,15,46880,14800,true,true
"merge","Random",500,16,46496,14600,true,true
"merge","Random",500,17,46560,14600,true,true
"merge","Random",500,18,45984,14400,true,true
"merge","Random",500,19,47328,14900,true,true
"merge","Random",500,20,46144,14500,true,true
"merge","Random",500,21,46464,14600,true,true
"merge","Random",500,22,45984,14500,true,true
"merge","Random",500,23,46048,14500,true,true
"merge","Random",500,24,45344,14300,true,true
"merge","Random",500,25,45824,14400,true,true
"merge","Random",500,26,45952,14500,true,true
"merge","Random",500,27,46304,14600,true,true
"merge","Random",500,28,46336,14600,true,true
"merge","Random",500,29,46432,14600,true,true
"merge","Random",500,30,46432,14600,true,true
"merge","Random",500,31,46912,14700,true,true
"merge","Random",500,32,47296,14900,true,true
"merge","Random",500,33,45888,14400,true,true
"merge","Random",500,34,45472,14500,true,true
"merge","Random",500,35,86848,27300,true,true
"merge","Random",500,36,46208,14500,true,true
"merge","Random",500,37,45984,14500,true,true
"merge","Random",500,38,46240,14500,true,true
"merge","Random",500,39,45952,14400,true,true
"merge","Random",500,40,46240,14600,true,true
"merge","Random",500,41,45600,14400,true,true
"merge","Random",500,42,46208,14500,true,true
"merge","Random",500,43,45888,14400,true,true
"merge","Random",500,44,45824,14400,true,true
"merge","Random",500,45,46016,14500,true,true
"merge","Random",500,46,46304,14500,true,true
"merge","Random",500,47,46496,14600,true,true
"merge","Random",500,48,46528,14600,true,true
"merge","Random",500,49,46464,14600,true,true
"merge","Random",500,50,45536,14300,true,true
"merge","Random",500,51,46208,14500,true,true
"merge","Random",500,52,46464,30500,true,true
"merge","Random",500,53,46720,14700,true,true
"merge","Random",500,54,45792,14400,true,true
"merge","Random",500,55,46112,14500,true,true
"merge","Random",500,56,46176,14500,true,true
"merge","Random",500,57,46304,14500,true,true
"merge","Random",500,58,45888,14400,true,true
"merge","Random",500,59,48160,15100,true,true
"merge","Random",500,60,48896,15400,true,true
"merge","Random",500,61,47456,14900,true,true
"merge","Random",500,62,46784,14700,true,true
"merge","Random",500,63,47616,15000,true,true
"merge","Random",500,64,47456,14900,true,true
"merge","Random",500,65,46624,14600,true,true
"merge","Random",500,66,46336,14600,true,true
"merge","Random",500,67,47136,14800,true,true
"merge","Random",500,68,46816,14700,true,true
"merge","Random",500,69,55296,17400,true,true
"merge","Random",500,70,47040,14800,true,true
"merge","Random",500,71,46432,14600,true,true
"merge","Random",500,72,46560,14700,true,true
"merge","Random",500,73,46784,14700,true,true
"merge","Random",500,74,46272,14500,true,true
"merge","Random",500,75,47104,14800,true,true
"merge","Random",500,76,46816,14700,true,true
"merge","Random",500,77,46432,14600,true,true
"merge","Random",500,78,46656,14700,true,true
"merge","Random",500,79,46304,14500,true,true
"merge","Random",500,80,46944,14800,true,true
"merge","Random",500,81,46176,14500,true,true
"merge","Random",500,82,44832,14100,true,true
"merge","Random",500,83,46144,14500,true,true
"merge","Random",500,84,46112,14500,true,true
"merge","Random",500,85,46048,14500,true,true
"merge","Random",500,86,46784,14700,true,true
"merge","Random",500,87,46112,14500,true,true
"merge","Random",500,88,45472,14300,true,true
"merge","Random",500,89,46080,14500,true,true
"merge","Random",500,90,46304,14500,true,true
"merge","Random",500,91,46880,14700,true,true
"merge","Random",500,92,45760,14400,true,true
"merge","Random",500,93,46912,14800,true,true
"merge","Random",500,94,46880,14700,true,true
"merge","Random",500,95,46688,14700,true,true
"merge","Random",500,96,45696,14300,true,true
"merge","Random",500,97,45472,14300,true,true
"merge","Random",500,98,44864,14100,true,true
"merge","Random",500,99,45824,14500,true,true
"quicksort","Random",500,0,50368,15800,true,true
"quicksort","Random",500,1,48224,15200,true,true
"quicksort","Random",500,2,50080,15700,true,true
"quicksort","Random",500,3,49792,15700,true,true
"quicksort","Random",500,4,48672,15300,true,true
"quicksort","Random",500,5,49376,15500,true,true
"quicksort","Random",500,6,50464,15800,true,true
"quicksort","Random",500,7,49152,15500,true,true
"quicksort","Random",500,8,48160,15100,true,true
"quicksort","Random",500,9,47488,14900,true,true
"quicksort","Random",500,10,48032,15100,true,true
"quicksort","Random",500,11,48544,15200,true,true
"quicksort","Random",500,12,49536,15500,true,true
"quicksort","Random",500,13,47584,14900,true,true
"quicksort","Random",500,14,49856,15600,true,true
"quicksort","Random",500,15,48448,15200,true,true
"quicksort","Random",500,16,47808,15200,true,true
"quicksort","Random",500,17,47744,15000,true,true
"quicksort","Random",500,18,48448,15200,true,true
"quicksort","Random",500,19,47168,14900,true,true
"quicksort","Random",500,20,48672,15300,true,true
"quicksort","Random",500,21,48352,15200,true,true
"quicksort","Random",500,22,49728,15700,true,true
"quicksort","Random",500,23,48832,15300,true,true
"quicksort","Random",500,24,47296,14800,true,true
"quicksort","Random",500,25,49248,15400,true,true
"quicksort","Random",500,26,48832,15400,true,true
"quicksort","Random",500,27,46208,14600,true,true
"quicksort","Random",500,28,47712,15000,true,true
"quicksort","Random",500,29,49280,15500,true,true
"quicksort","Random",500,30,49024,15400,true,true
"quicksort","Random",500,31,47200,14900,true,true
"quicksort","Random",500,32,48256,15100,true,true
"quicksort","Random",500,33,48224,15100,true,true
"quicksort","Random",500,34,48768,15300,true,true
"quicksort","Random",500,35,48576,15200,true,true
"quicksort","Random",500,36,48000,15100,true,true
"quicksort","Random",500,37,47712,15000,true,true
"quicksort","Random",500,38,49280,15500,true,true
"quicksort","Random",500,39,48960,15400,true,true
"quicksort","Random",500,40,46240,14500,true,true
"quicksort","Random",500,41,46496,14600,true,true
"quicksort","Random",500,42,49376,15500,true,true
"quicksort","Random",500,43,46080,14500,true,true
"quicksort","Random",500,44,47232,14800,true,true
"quicksort","Random",500,45,46272,14500,true,true
"quicksort","Random",500,46,46240,14500,true,true
"quicksort","Random",500,47,47264,14900,true,true
"quicksort","Random",500,48,49216,15400,true,true
"quicksort","Random",500,49,47392,14900,true,true
"quicksort","Random",500,50,46528,14600,true,true
"quicksort","Random",500,51,49472,15600,true,true
"quicksort","Random",500,52,47904,15100,true,true
"quicksort","Random",500,53,46560,14600,true,true
"quicksort","Random",500,54,46080,14500,true,true
"quicksort","Random",500,55,47712,15000,true,true
"quicksort","Random",500,56,48096,15100,true,true
"quicksort","Random",500,57,47232,14800,true,true
"quicksort","Random",500,58,48384,15200,true,true
"quicksort","Random",500,59,49024,15400,true,true
"quicksort","Random",500,60,49728,15700,true,true
"quicksort","Random",500,61,47712,15000,true,true
"quicksort","Random",500,62,46944,14800,true,true
"quicksort","Random",500,63,49184,15500,true,true
"quicksort","Random",500,64,61056,19200,true,true
"quicksort","Random",500,65,46688,14600,true,true
"quicksort","Random",500,66,48768,15400,true,true
"quicksort","Random",500,67,47136,14800,true,true
"quicksort","Random",500,68,48416,15200,true,true
"quicksort","Random",500,69,47488,15000,true,true
"quicksort","Random",500,70,47200,14800,true,true
"quicksort","Random",500,71,46464,14600,true,true
"quicksort","Random",500,72,47968,15100,true,true
"quicksort","Random",500,73,48160,15100,true,true
"quicksort","Random",500,74,47936,15000,true,true
"quicksort","Random",500,75,48576,15200,true,true
"quicksort","Random",500,76,46976,14700,true,true
"quicksort","Random",500,77,48320,15200,true,true
"quicksort","Random",500,78,47232,14800,true,true
"quicksort","Random",500,79,45856,14400,true,true
"quicksort","Random",500,80,48768,15300,true,true
"quicksort","Random",500,81,47392,14900,true,true
"quicksort","Random",500,82,48288,15200,true,true
"quicksort","Random",500,83,48480,15200,true,true
"quicksort","Random",500,84,48128,15200,true,true
"quicksort","Random",500,85,48000,15100,true,true
"quicksort","Random",500,86,45504,14300,true,true
"quicksort","Random",500,87,82336,25800,true,true
"quicksort","Random",500,88,46560,14600,true,true
"quicksort","Random",500,89,46560,14600,true,true
"quicksort","Random",500,90,48096,15100,true,true
"quicksort","Random",500,91,46240,14500,true,true
"quicksort","Random",500,92,48000,15100,true,true
"quicksort","Random",500,93,47936,15000,true,true
"quicksort","Random",500,94,46208,14600,true,true
"quicksort","Random",500,95,47072,14800,true,true
"quicksort","Random",500,96,47776,15000,true,true
"quicksort","Random",500,97,45856,14400,true,true
"quicksort","Random",500,98,47744,15000,true,true
"quicksort","Random",500,99,46304,14600,true,true
"heap","Random",500,0,56032,17600,true,true
"heap","Random",500,1,56288,17700,true,true
"heap","Random",500,2,56096,17600,true,true
"heap","Random",500,3,55488,17400,true,true
"heap","Random",500,4,56128,17600,true,true
"heap","Random",500,5,56160,17600,true,true
"heap","Random",500,6,56000,17600,true,true
"heap","Random",500,7,55392,17400,true,true
"heap","Random",500,8,55136,17300,true,true
"heap","Random",500,9,54880,17300,true,true
"heap","Random",500,10,54880,17300,true,true
"heap","Random",500,11,56000,17600,true,true
"heap","Random",500,12,56448,17800,true,true
"heap","Random",500,13,55232,17400,true,true
"heap","Random",500,14,54944,17200,true,true
"heap","Random",500,15,54720,17200,true,true
"heap","Random",500,16,55136,17300,true,true
"heap","Random",500,17,55488,17400,true,true
"heap","Random",500,18,55936,17500,true,true
"heap","Random",500,19,88768,27800,true,true
"heap","Random",500,20,54400,17100,true,true
"heap","Random",500,21,55488,17400,true,true
"heap","Random",500,22,55072,17400,true,true
"heap","Random",500,23,54464,17200,true,true
"heap","Random",500,24,53728,16900,true,true
"heap","Random",500,25,53728,16900,true,true
"heap","Random",500,26,54912,17300,true,true
"heap","Random",500,27,55488,17500,true,true
"heap","Random",500,28,54496,17100,true,true
"heap","Random",500,29,55136,17300,true,true
"heap","Random",500,30,54784,17300,true,true
"heap","Random",500,31,55264,17400,true,true
"heap","Random",500,32,55200,17400,true,true
"heap","Random",500,33,54720,17200,true,true
"heap","Random",500,34,54496,17200,true,true
"heap","Random",500,35,54944,17300,true,true
"heap","Random",500,36,53792,16900,true,true
"heap","Random",500,37,53344,16800,true,true
"heap","Random",500,38,55840,17500,true,true
"heap","Random",500,39,55040,17300,true,true
"heap","Random",500,40,55904,17500,true,true
"heap","Random",500,41,54848,17200,true,true
"heap","Random",500,42,54560,17200,true,true
"heap","Random",500,43,55168,17300,true,true
"heap","Random",500,44,54016,17000,true,true
"heap","Random",500,45,54400,17000,true,true
"heap","Random",500,46,55040,17300,true,true
"heap","Random",500,47,53824,16900,true,true
"heap","Random",500,48,55168,17300,true,true
"heap","Random",500,49,64896,20400,true,true
"heap","Random",500,50,54368,17000,true,true
"heap","Random",500,51,54848,17200,true,true
"heap","Random",500,52,54784,17200,true,true
"heap","Random",500,53,54368,17100,true,true
"heap","Random",500,54,53760,16900,true,true
"heap","Random",500,55,54816,17200,true,true
"heap","Random",500,56,55168,17300,true,true
"heap","Random",500,57,54720,17200,true,true
"heap","Random",500,58,54848,17200,true,true
"heap","Random",500,59,54464,17100,true,true
"heap","Random",500,60,55104,17300,true,true
"heap","Random",500,61,53920,17000,true,true
"heap","Random",500,62,54368,17100,true,true
"heap","Random",500,63,54016,17000,true,true
"heap","Random",500,64,54592,17200,true,true
"heap","Random",500,65,55168,17300,true,true
"heap","Random",500,66,53600,16900,true,true
"heap","Random",500,67,54528,17100,true,true
"heap","Random",500,68,54656,17100,true,true
"heap","Random",500,69,53984,17000,true,true
"heap","Random",500,70,85760,27000,true,true
"heap","Random",500,71,55040,17300,true,true
"heap","Random",500,72,54528,17100,true,true
"heap","Random",500,73,54656,17200,true,true
"heap","Random",500,74,54560,17200,true,true
"heap","Random",500,75,54432,17100,true,true
"heap","Random",500,76,54976,17200,true,true
"heap","Random",500,77,54048,17000,true,true
"heap","Random",500,78,54048,17000,true,true
"heap","Random",500,79,54240,17100,true,true
"heap","Random",500,80,54112,17000,true,true
"heap","Random",500,81,54400,17100,true,true
"heap","Random",500,82,54496,17100,true,true
"heap","Random",500,83,55072,17300,true,true
"heap","Random",500,84,53760,16900,true,true
"heap","Random",500,85,54496,17100,true,true
"heap","Random",500,86,52992,16700,true,true
"heap","Random",500,87,54304,17100,true,true
"heap","Random",500,88,53920,16900,true,true
"heap","Random",500,89,53888,16900,true,true
"heap","Random",500,90,55264,17300,true,true
"heap","Random",500,91,52608,16500,true,true
"heap","Random",500,92,53856,16900,true,true
"heap","Random",500,93,54368,17100,true,true
"heap","Random",500,94,53344,16700,true,true
"heap","Random",500,95,53856,17000,true,true
"heap","Random",500,96,54464,17100,true,true
"heap","Random",500,97,54912,17200,true,true
"heap","Random",500,98,53504,16800,true,true
"heap","Random",500,99,53760,16900,true,true
"std-sort","Random",500,0,32640,10200,true,true
"std-sort","Random",500,1,32000,10000,true,true
"std-sort","Random",500,2,31648,9900,true,true
"std-sort","Random",500,3,31904,10100,true,true
"std-sort","Random",500,4,32544,10300,true,true
"std-sort","Random",500,5,32000,10100,true,true
"std-sort","Random",500,6,33536,10600,true,true
"std-sort","Random",500,7,31520,10000,true,true
"std-sort","Random",500,8,31904,10000,true,true
"std-sort","Random",500,9,30656,9600,true,true
"std-sort","Random",500,10,31936,10000,true,true
"std-sort","Random",500,11,32864,10300,true,true
"std-sort","Random",500,12,31872,10100,true,true
"std-sort","Random",500,13,31520,9900,true,true
"std-sort","Random",500,14,67968,21400,true,true
"std-sort","Random",500,15,32320,10100,true,true
"std-sort","Random",500,16,32192,10100,true,true
"std-sort","Random",500,17,32992,10400,true,true
"std-sort","Random",500,18,31424,9900,true,true
"std-sort","Random",500,19,31936,10100,true,true
"std-sort","Random",500,20,31488,9900,true,true
"std-sort","Random",500,21,32704,10300,true,true
"std-sort","Random",500,22,32384,10200,true,true
"std-sort","Random",500,23,32832,10400,true,true
"std-sort","Random",500,24,32960,10400,true,true
"std-sort","Random",500,25,32320,10200,true,true
"std-sort","Random",500,26,30784,9700,true,true
"std-sort","Random",500,27,32768,10300,true,true
"std-sort","Random",500,28,31616,10000,true,true
"std-sort","Random",500,29,31552,10000,true,true
"std-sort","Random",500,30,33248,10500,true,true
"std-sort","Random",500,31,31808,10000,true,true
"std-sort","Random",500,32,32352,10200,true,true
"std-sort","Random",500,33,31168,9800,true,true
"std-sort","Random",500,34,31168,9800,true,true
"std-sort","Random",500,35,32352,10200,true,true
"std-sort","Random",500,36,31392,9900,true,true
"std-sort","Random",500,37,32128,10100,true,true
"std-sort","Random",500,38,31904,10100,true,true
"std-sort","Random",500,39,31648,10000,true,true
"std-sort","Random",500,40,32224,10100,true,true
"std-sort","Random",500,41,41984,13200,true,true
"std-sort","Random",500,42,31712,10000,true,true
"std-sort","Random",500,43,32096,10100,true,true
"std-sort","Random",500,44,32160,10200,true,true
"std-sort","Random",500,45,31360,9900,true,true
"std-sort","Random",500,46,31424,9800,true,true
"std-sort","Random",500,47,31200,9800,true,true
"std-sort","Random",500,48,32000,10100,true,true
"std-sort","Random",500,49,32160,10100,true,true
"std-sort","Random",500,50,31968,10000,true,true
"std-sort","Random",500,51,31008,9800,true,true
"std-sort","Random",500,52,31552,9900,true,true
"std-sort","Random",500,53,31168,9800,true,true
"std-sort","Random",500,54,30976,9800,true,true
"std-sort","Random",500,55,31872,10100,true,true
"std-sort","Random",500,56,32032,10100,true,true
"std-sort","Random",500,57,32448,10200,true,true
"std-sort","Random",500,58,32320,10100,true,true
"std-sort","Random",500,59,31392,9800,true,true
"std-sort","Random",500,60,32736,10300,true,true
"std-sort","Random",500,61,32288,10200,true,true
"std-sort","Random",500,62,32736,10300,true,true
"std-sort","Random",500,63,30784,9700,true,true
"std-sort","Random",500,64,31744,10000,true,true
"std-sort","Random",500,65,32320,10300,true,true
"std-sort","Random",500,66,31328,9800,true,true
"std-sort","Random",500,67,32480,10200,true,true
"std-sort","Random",500,68,31392,9900,true,true
"std-sort","Random",500,69,32224,10100,true,true
"std-sort","Random",500,70,31456,9900,true,true
"std-sort","Random",500,71,32576,10200,true,true
"std-sort","Random",500,72,32160,10100,true,true
"std-sort","Random",500,73,31744,10000,true,true
"std-sort","Random",500,74,31104,9800,true,true
"std-sort","Random",500,75,31072,9800,true,true
"std-sort","Random",500,76,30688,9600,true,true
"std-sort","Random",500,77,32128,10100,true,true
"std-sort","Random",500,78,31392,9900,true,true
"std-sort","Random",500,79,31552,10000,true,true
"std-sort","Random",500,80,32032,10100,true,true
"std-sort","Random",500,81,32160,10200,true,true
"std-sort","Random",500,82,31616,10000,true,true
"std-sort","Random",500,83,32128,10100,true,true
"std-sort","Random",500,84,32448,10200,true,true
"std-sort","Random",500,85,30432,9600,true,true
"std-sort","Random",500,86,32384,10200,true,true
"std-sort","Random",500,87,31456,9900,true,true
"std-sort","Random",500,88,32288,10100,true,true
"std-sort","Random",500,89,31456,9900,true,true
"std-sort","Random",500,90,31968,10100,true,true
"std-sort","Random",500,91,31552,10000,true,true
"std-sort","Random",500,92,31264,9800,true,true
"std-sort","Random",500,93,32544,10300,true,true
"std-sort","Random",500,94,30880,9700,true,true
"std-sort","Random",500,95,33440,10600,true,true
"std-sort","Random",500,96,66208,20800,true,true
"std-sort","Random",500,97,32320,10200,true,true
"std-sort","Random",500,98,30944,9700,true,true
"std-sort","Random",500,99,32224,10100,true,true
"std-stable-sort","Random",500,0,34144,10800,true,true
"std-stable-sort","Random",500,1,35072,11100,true,true
"std-stable-sort","Random",500,2,34528,10900,true,true
"std-stable-sort","Random",500,3,34944,11000,true,true
"std-stable-sort","Random",500,4,35360,11200,true,true
"std-stable-sort","Random",500,5,34784,10900,true,true
"std-stable-sort","Random",500,6,35136,11100,true,true
"std-stable-sort","Random",500,7,34720,10900,true,true
"std-stable-sort","Random",500,8,34560,10900,true,true
"std-stable-sort","Random",500,9,35456,11100,true,true
"std-stable-sort","Random",500,10,34240,10800,true,true
"std-stable-sort","Random",500,11,35712,11300,true,true
"std-stable-sort","Random",500,12,35168,11100,true,true
"std-stable-sort","Random",500,13,34272,10800,true,true
"std-stable-sort","Random",500,14,34784,11000,true,true
"std-stable-sort","Random",500,15,35648,11200,true,true
"std-stable-sort","Random",500,16,35200,11100,true,true
"std-stable-sort","Random",500,17,34432,10900,true,true
"std-stable-sort","Random",500,18,34720,10900,true,true
"std-stable-sort","Random",500,19,34400,10800,true,true
"std-stable-sort","Random",500,20,35232,11100,true,true
"std-stable-sort","Random",500,21,35456,11200,true,true
"std-stable-sort","Random",500,22,34400,10900,true,true
"std-stable-sort","Random",500,23,34656,10900,true,true
"std-stable-sort","Random",500,24,34240,10800,true,true
"std-stable-sort","Random",500,25,34208,10800,true,true
"std-stable-sort","Random",500,26,34400,10900,true,true
"std-stable-sort","Random",500,27,34560,10900,true,true
"std-stable-sort","Random",500,28,34528,10900,true,true
"std-stable-sort","Random",500,29,34912,11000,true,true
"std-stable-sort","Random",500,30,35072,11100,true,true
"std-stable-sort","Random",500,31,34432,10800,true,true
"std-stable-sort","Random",500,32,34400,10800,true,true
"std-stable-sort","Random",500,33,34496,10800,true,true
"std-stable-sort","Random",500,34,34208,10700,true,true
"std-stable-sort","Random",500,35,34464,10800,true,true
"std-stable-sort","Random",500,36,34912,10900,true,true
"std-stable-sort","Random",500,37,34688,10900,true,true
"std-stable-sort","Random",500,38,34304,10800,true,true
"std-stable-sort","Random",500,39,34048,10700,true,true
"std-stable-sort","Random",500,40,35136,11100,true,true
"std-stable-sort","Random",500,41,34432,10900,true,true
"std-stable-sort","Random",500,42,34176,10800,true,true
"std-stable-sort","Random",500,43,34336,10800,true,true
"std-stable-sort","Random",500,44,34400,10800,true,true
"std-stable-sort","Random",500,45,34656,11000,true,true
"std-stable-sort","Random",500,46,33952,10700,true,true
"std-stable-sort","Random",500,47,34560,10900,true,true
"std-stable-sort","Random",500,48,34720,10900,true,true
"std-stable-sort","Random",500,49,34656,10900,true,true
"std-stable-sort","Random",500,50,34816,11000,true,true
"std-stable-sort","Random",500,51,34848,11000,true,true
"std-stable-sort","Random",500,52,35168,11100,true,true
"std-stable-sort","Random",500,53,35296,11100,true,true
"std-stable-sort","Random",500,54,34144,10800,true,true
"std-stable-sort","Random",500,55,34144,10700,true,true
"std-stable-sort","Random",500,56,33984,10700,true,true
"std-stable-sort","Random",500,57,34432,10800,true,true
"std-stable-sort","Random",500,58,34016,10700,true,true
"std-stable-sort","Random",500,59,35584,11200,true,true
"std-stable-sort","Random",500,60,34400,10800,true,true
"std-stable-sort","Random",500,61,34144,10800,true,true
"std-stable-sort","Random",500,62,34336,10800,true,true
"std-stable-sort","Random",500,63,34784,11000,true,true
"std-stable-sort","Random",500,64,35520,11200,true,true
"std-stable-sort","Random",500,65,34304,10800,true,true
"std-stable-sort","Random",500,66,34176,10800,true,true
"std-stable-sort","Random",500,67,35136,11000,true,true
"std-stable-sort","Random",500,68,34592,10900,true,true
"std-stable-sort","Random",500,69,34656,10900,true,true
"std-stable-sort","Random",500,70,33632,10600,true,true
"std-stable-sort","Random",500,71,34560,10900,true,true
"std-stable-sort","Random",500,72,34752,10900,true,true
"std-stable-sort","Random",500,73,34784,11000,true,true
"std-stable-sort","Random",500,74,34464,10800,true,true
"std-stable-sort","Random",500,75,34208,10800,true,true
"std-stable-sort","Random",500,76,34496,10800,true,true
"std-stable-sort","Random",500,77,42720,13400,true,true
"std-stable-sort","Random",500,78,34496,10900,true,true
"std-stable-sort","Random",500,79,34752,11000,true,true
"std-stable-sort","Random",500,80,34688,11100,true,true
"std-stable-sort","Random",500,81,34560,10900,true,true
"std-stable-sort","Random",500,82,34528,10800,true,true
"std-stable-sort","Random",500,83,34432,10800,true,true
"std-stable-sort","Random",500,84,35488,11100,true,true
"std-stable-sort","Random",500,85,34560,10900,true,true
"std-stable-sort","Random",500,86,34656,10900,true,true
"std-stable-sort","Random",500,87,33952,10700,true,true
"std-stable-sort","Random",500,88,34816,10900,true,true
"std-stable-sort","Random",500,89,34496,10800,true,true
"std-stable-sort","Random",500,90,34720,10900,true,true
"std-stable-sort","Random",500,91,34272,10800,true,true
"std-stable-sort","Random",500,92,34336,10800,true,true
"std-stable-sort","Random",500,93,34336,10800,true,true
"std-stable-sort","Random",500,94,35360,11100,true,true
"std-stable-sort","Random",500,95,35616,11200,true,true
"std-stable-sort","Random",500,96,34656,10900,true,true
"std-stable-sort","Random",500,97,34880,10900,true,true
"std-stable-sort","Random",500,98,35456,11200,true,true
"std-stable-sort","Random",500,99,34560,10900,true,true
"bubble","Random",1000,0,965856,302500,true,true
"bubble","Random",1000,1,956480,299500,true,true
"bubble","Random",1000,2,944128,295700,true,true
"bubble","Random",1000,3,946560,296400,true,true
"bubble","Random",1000,4,985696,308700,true,true
"bubble","Random",1000,5,958272,300100,true,true
"bubble","Random",1000,6,943264,295400,true,true
"bubble","Random",1000,7,976960,305900,true,true
"bubble","Random",1000,8,945152,296000,true,true
"bubble","Random",1000,9,943808,295600,true,true
"bubble","Random",1000,10,991104,310400,true,true
"bubble","Random",1000,11,930720,291500,true,true
"bubble","Random",1000,12,952256,298200,true,true
"bubble","Random",1000,13,947456,296700,true,true
"bubble","Random",1000,14,971264,304200,true,true
"bubble","Random",1000,15,957568,300000,true,true
"bubble","Random",1000,16,956288,299500,true,true
"bubble","Random",1000,17,971072,304100,true,true
"bubble","Random",1000,18,958272,300100,true,true
"bubble","Random",1000,19,949184,297200,true,true
"bubble","Random",1000,20,973792,305000,true,true
"bubble","Random",1000,21,945280,296000,true,true
"bubble","Random",1000,22,949408,297300,true,true
"bubble","Random",1000,23,931104,291600,true,true
"bubble","Random",1000,24,973536,304900,true,true
"bubble","Random",1000,25,945088,296000,true,true
"bubble","Random",1000,26,975040,305300,true,true
"bubble","Random",1000,27,976672,305900,true,true
"bubble","Random",1000,28,954464,299200,true,true
"bubble","Random",1000,29,949632,297400,true,true
"bubble","Random",1000,30,982336,307700,true,true
"bubble","Random",1000,31,948352,297000,true,true
"bubble","Random",1000,32,958720,300200,true,true
"bubble","Random",1000,33,966944,302800,true,true
"bubble","Random",1000,34,1089088,341100,true,true
"bubble","Random",1000,35,948768,297100,true,true
"bubble","Random",1000,36,1002816,314000,true,true
"bubble","Random",1000,37,963168,301700,true,true
"bubble","Random",1000,38,951200,298000,true,true
"bubble","Random",1000,39,957440,299800,true,true
"bubble","Random",1000,40,991680,310600,true,true
"bubble","Random",1000,41,954688,299000,true,true
"bubble","Random",1000,42,952544,298300,true,true
"bubble","Random",1000,43,977280,306100,true,true
"bubble","Random",1000,44,955296,299300,true,true
"bubble","Random",1000,45,965952,302500,true,true
"bubble","Random",1000,46,987520,309300,true,true
"bubble","Random",1000,47,959744,300500,true,true
"bubble","Random",1000,48,948384,297000,true,true
"bubble","Random",1000,49,934432,292600,true,true
"bubble","Random",1000,50,970368,303900,true,true
"bubble","Random",1000,51,967872,303100,true,true
"bubble","Random",1000,52,940000,294400,true,true
"bubble","Random",1000,53,1006016,315100,true,true
"bubble","Random",1000,54,943648,295500,true,true
"bubble","Random",1000,55,967488,303000,true,true
"bubble","Random",1000,56,985600,308700,true,true
"bubble","Random",1000,57,947232,296800,true,true
"bubble","Random",1000,58,943072,295300,true,true
"bubble","Random",1000,59,1056032,330700,true,true
"bubble","Random",1000,60,948512,297100,true,true
"bubble","Random",1000,61,950720,297800,true,true
"bubble","Random",1000,62,955328,299200,true,true
"bubble","Random",1000,63,975424,305400,true,true
"bubble","Random",1000,64,948224,297000,true,true
"bubble","Random",1000,65,960512,300800,true,true
"bubble","Random",1000,66,989504,309900,true,true
"bubble","Random",1000,67,951168,297900,true,true
"bubble","Random",1000,68,961472,301100,true,true
"bubble","Random",1000,69,965952,302600,true,true
"bubble","Random",1000,70,961280,301100,true,true
"bubble","Random",1000,71,951712,298100,true,true
"bubble","Random",1000,72,995904,311900,true,true
"bubble","Random",1000,73,934656,292700,true,true
"bubble","Random",1000,74,962688,301500,true,true
"bubble","Random",1000,75,958880,300300,true,true
"bubble","Random",1000,76,987328,309200,true,true
"bubble","Random",1000,77,962336,301400,true,true
"bubble","Random",1000,78,956576,299500,true,true
"bubble","Random",1000,79,983648,308000,true,true
"bubble","Random",1000,80,942112,295100,true,true
"bubble","Random",1000,81,965440,302300,true,true
"bubble","Random",1000,82,993600,311200,true,true
"bubble","Random",1000,83,954624,298900,true,true
"bubble","Random",1000,84,964704,302100,true,true
"bubble","Random",1000,85,957280,299800,true,true
"bubble","Random",1000,86,963616,304700,true,true
"bubble","Random",1000,87,940416,294500,true,true
"bubble","Random",1000,88,937472,293500,true,true
"bubble","Random",1000,89,986816,309100,true,true
"bubble","Random",1000,90,985408,308600,true,true
"bubble","Random",1000,91,942912,295200,true,true
"bubble","Random",1000,92,989472,309800,true,true
"bubble","Random",1000,93,954368,298900,true,true
"bubble","Random",1000,94,947072,296600,true,true
"bubble","Random",1000,95,996832,312400,true,true
"bubble","Random",1000,96,972320,304500,true,true
"bubble","Random",1000,97,956992,299700,true,true
"bubble","Random",1000,98,952416,298200,true,true
"bubble","Random",1000,99,971904,304400,true,true
"insertion","Random",1000,0,243360,76300,true,true
"insertion","Random",1000,1,314944,98700,true,true
"insertion","Random",1000,2,250432,78500,true,true
"insertion","Random",1000,3,243072,76200,true,true
"insertion","Random",1000,4,238752,74800,true,true
"insertion","Random",1000,5,238656,74800,true,true
"insertion","Random",1000,6,240800,75500,true,true
"insertion","Random",1000,7,243872,76400,true,true
"insertion","Random",1000,8,242560,76000,true,true
"insertion","Random",1000,9,238720,74800,true,true
"insertion","Random",1000,10,243936,76400,true,true
"insertion","Random",1000,11,255648,80100,true,true
"insertion","Random",1000,12,241536,75700,true,true
"insertion","Random",1000,13,268736,84200,true,true
"insertion","Random",1000,14,247360,77500,true,true
"insertion","Random",1000,15,254016,79600,true,true
"insertion","Random",1000,16,241888,75800,true,true
"insertion","Random",1000,17,241280,75600,true,true
"insertion","Random",1000,18,234848,73500,true,true
"insertion","Random",1000,19,242976,76200,true,true
"insertion","Random",1000,20,255200,80000,true,true
"insertion","Random",1000,21,242720,76100,true,true
"insertion","Random",1000,22,250688,78600,true,true
"insertion","Random",1000,23,250496,78400,true,true
"insertion","Random",1000,24,244736,76600,true,true
"insertion","Random",1000,25,250336,78400,true,true
"insertion","Random",1000,26,258656,81100,true,true
"insertion","Random",1000,27,246656,77300,true,true
"insertion","Random",1000,28,249152,78100,true,true
"insertion","Random",1000,29,242560,76000,true,true
"insertion","Random",1000,30,244352,76500,true,true
"insertion","Random",1000,31,251168,78700,true,true
"insertion","Random",1000,32,237728,74500,true,true
"insertion","Random",1000,33,240320,75300,true,true
"insertion","Random",1000,34,240128,75200,true,true
"insertion","Random",1000,35,239552,75100,true,true
"insertion","Random",1000,36,236736,74200,true,true
"insertion","Random",1000,37,239904,75200,true,true
"insertion","Random",1000,38,268256,84100,true,true
"insertion","Random",1000,39,254304,79700,true,true
"insertion","Random",1000,40,238944,74800,true,true
"insertion","Random",1000,41,246464,77200,true,true
"insertion","Random",1000,42,242656,76100,true,true
"insertion","Random",1000,43,248576,77900,true,true
"insertion","Random",1000,44,240192,75300,true,true
"insertion","Random",1000,45,237344,74300,true,true
"insertion","Random",1000,46,245888,77000,true,true
"insertion","Random",1000,47,233536,73200,true,true
"insertion","Random",1000,48,240384,75300,true,true
"insertion","Random",1000,49,247936,77700,true,true
"insertion","Random",1000,50,243360,76300,true,true
"insertion","Random",1000,51,267584,83900,true,true
"insertion","Random",1000,52,253312,79300,true,true
"insertion","Random",1000,53,249472,78100,true,true
"insertion","Random",1000,54,239168,75000,true,true
"insertion","Random",1000,55,233920,73300,true,true
"insertion","Random",1000,56,244416,76500,true,true
"insertion","Random",1000,57,253664,79500,true,true
"insertion","Random",1000,58,243808,76300,true,true
"insertion","Random",1000,59,248384,77800,true,true
"insertion","Random",1000,60,244864,76700,true,true
"insertion","Random",1000,61,254944,79800,true,true
"insertion","Random",1000,62,244576,76600,true,true
"insertion","Random",1000,63,271168,84900,true,true
"insertion","Random",1000,64,245888,77100,true,true
"insertion","Random",1000,65,238304,74700,true,true
"insertion","Random",1000,66,243360,76200,true,true
"insertion","Random",1000,67,245312,76900,true,true
"insertion","Random",1000,68,240352,75300,true,true
"insertion","Random",1000,69,251840,78900,true,true
"insertion","Random",1000,70,249664,78300,true,true
"insertion","Random",1000,71,239328,75000,true,true
"insertion","Random",1000,72,246016,77100,true,true
"insertion","Random",1000,73,249568,78200,true,true
"insertion","Random",1000,74,251392,78800,true,true
"insertion","Random",1000,75,241536,75700,true,true
"insertion","Random",1000,76,265056,83000,true,true
"insertion","Random",1000,77,252096,79000,true,true
"insertion","Random",1000,78,240992,75500,true,true
"insertion","Random",1000,79,245984,77100,true,true
"insertion","Random",1000,80,250624,78500,true,true
"insertion","Random",1000,81,248800,78000,true,true
"insertion","Random",1000,82,246848,77300,true,true
"insertion","Random",1000,83,238624,74700,true,true
"insertion","Random",1000,84,239424,75000,true,true
"insertion","Random",1000,85,242560,76000,true,true
"insertion","Random",1000,86,241280,75600,true,true
"insertion","Random",1000,87,243424,76300,true,true
"insertion","Random",1000,88,274016,85900,true,true
"insertion","Random",1000,89,248320,77800,true,true
"insertion","Random",1000,90,251008,78600,true,true
"insertion","Random",1000,91,247264,77400,true,true
"insertion","Random",1000,92,244000,76400,true,true
"insertion","Random",1000,93,245248,76900,true,true
"insertion","Random",1000,94,238848,74900,true,true
"insertion","Random",1000,95,232384,72800,true,true
"insertion","Random",1000,96,236160,74000,true,true
"insertion","Random",1000,97,248672,77900,true,true
"insertion","Random",1000,98,242944,76100,true,true
"insertion","Random",1000,99,242144,75800,true,true
"selection","Random",1000,0,560160,175500,true,true
"selection","Random",1000,1,559744,175400,true,true
"selection","Random",1000,2,593984,186100,true,true
"selection","Random",1000,3,557824,174700,true,true
"selection","Random",1000,4,557760,174700,true,true
"selection","Random",1000,5,560320,175500,true,true
"selection","Random",1000,6,555008,173800,true,true
"selection","Random",1000,7,587488,184000,true,true
"selection","Random",1000,8,559104,175100,true,true
"selection","Random",1000,9,557056,174500,true,true
"selection","Random",1000,10,555008,173900,true,true
"selection","Random",1000,11,559904,175300,true,true
"selection","Random",1000,12,554336,173600,true,true
"selection","Random",1000,13,585632,183400,true,true
"selection","Random",1000,14,556416,174300,true,true
"selection","Random",1000,15,559168,175100,true,true
"selection","Random",1000,16,559872,175300,true,true
"selection","Random",1000,17,558464,175000,true,true
"selection","Random",1000,18,558304,174900,true,true
"selection","Random",1000,19,585024,183200,true,true
"selection","Random",1000,20,553344,173300,true,true
"selection","Random",1000,21,558368,174900,true,true
"selection","Random",1000,22,559008,175100,true,true
"selection","Random",1000,23,561792,175900,true,true
"selection","Random",1000,24,579872,181700,true,true
"selection","Random",1000,25,560448,175600,true,true
"selection","Random",1000,26,552800,173200,true,true
"selection","Random",1000,27,558848,175000,true,true
"selection","Random",1000,28,556704,174400,true,true
"selection","Random",1000,29,555936,177400,true,true
"selection","Random",1000,30,584960,183300,true,true
"selection","Random",1000,31,554240,173600,true,true
"selection","Random",1000,32,561152,175700,true,true
"selection","Random",1000,33,553760,173400,true,true
"selection","Random",1000,34,551808,172800,true,true
"selection","Random",1000,35,591872,185400,true,true
"selection","Random",1000,36,552224,173000,true,true
"selection","Random",1000,37,549856,172300,true,true
"selection","Random",1000,38,551136,172600,true,true
"selection","Random",1000,39,552768,173100,true,true
"selection","Random",1000,40,556096,174200,true,true
"selection","Random",1000,41,581280,182000,true,true
"selection","Random",1000,42,561376,175800,true,true
"selection","Random",1000,43,555136,173900,true,true
"selection","Random",1000,44,554432,173600,true,true
"selection","Random",1000,45,550624,172500,true,true
"selection","Random",1000,46,581120,182000,true,true
"selection","Random",1000,47,557152,174500,true,true
"selection","Random",1000,48,552736,173100,true,true
"selection","Random",1000,49,556992,174500,true,true
"selection","Random",1000,50,556736,174300,true,true
"selection","Random",1000,51,553664,173400,true,true
"selection","Random",1000,52,592992,185800,true,true
"selection","Random",1000,53,555008,173800,true,true
"selection","Random",1000,54,552832,173100,true,true
"selection","Random",1000,55,556352,174200,true,true
"selection","Random",1000,56,553920,173500,true,true
"selection","Random",1000,57,556608,174300,true,true
"selection","Random",1000,58,581536,182100,true,true
"selection","Random",1000,59,555456,173900,true,true
"selection","Random",1000,60,551744,172800,true,true
"selection","Random",1000,61,560768,175600,true,true
"selection","Random",1000,62,556608,174300,true,true
"selection","Random",1000,63,589056,184500,true,true
"selection","Random",1000,64,556256,174200,true,true
"selection","Random",1000,65,554016,173500,true,true
"selection","Random",1000,66,554912,173800,true,true
"selection","Random",1000,67,555232,173900,true,true
"selection","Random",1000,68,555680,174100,true,true
"selection","Random",1000,69,581408,182100,true,true
"selection","Random",1000,70,554656,173800,true,true
"selection","Random",1000,71,556448,174300,true,true
"selection","Random",1000,72,559168,175100,true,true
"selection","Random",1000,73,564800,176900,true,true
"selection","Random",1000,74,583968,182900,true,true
"selection","Random",1000,75,625696,195900,true,true
"selection","Random",1000,76,624896,196000,true,true
"selection","Random",1000,77,625952,196100,true,true
"selection","Random",1000,78,627328,196500,true,true
"selection","Random",1000,79,640736,200700,true,true
"selection","Random",1000,80,552672,173100,true,true
"selection","Random",1000,81,552544,173000,true,true
"selection","Random",1000,82,553440,173300,true,true
"selection","Random",1000,83,560000,175400,true,true
"selection","Random",1000,84,551968,172900,true,true
"selection","Random",1000,85,582336,182500,true,true
"selection","Random",1000,86,554272,173600,true,true
"selection","Random",1000,87,553536,173400,true,true
"selection","Random",1000,88,555840,174100,true,true
"selection","Random",1000,89,560896,175600,true,true
"selection","Random",1000,90,557792,174600,true,true
"selection","Random",1000,91,585152,183300,true,true
"selection","Random",1000,92,602912,188900,true,true
"selection","Random",1000,93,659872,206700,true,true
"selection","Random",1000,94,561632,175900,true,true
"selection","Random",1000,95,556640,174400,true,true
"selection","Random",1000,96,591680,185300,true,true
"selection","Random",1000,97,555488,174000,true,true
"selection","Random",1000,98,562880,176300,true,true
"selection","Random",1000,99,556416,174200,true,true
"merge","Random",1000,0,98880,31000,true,true
"merge","Random",1000,1,99680,31300,true,true
"merge","Random",1000,2,109184,34200,true,true
"merge","Random",1000,3,99648,31200,true,true
"merge","Random",1000,4,99360,31200,true,true
"merge","Random",1000,5,100416,31600,true,true
"merge","Random",1000,6,98688,31100,true,true
"merge","Random",1000,7,100160,31400,true,true
"merge","Random",1000,8,99872,31400,true,true
"merge","Random",1000,9,99488,31200,true,true
"merge","Random",1000,10,99392,31200,true,true
"merge","Random",1000,11,98592,30900,true,true
"merge","Random",1000,12,99488,31200,true,true
"merge","Random",1000,13,99712,31300,true,true
"merge","Random",1000,14,100640,31500,true,true
"merge","Random",1000,15,100512,31500,true,true
"merge","Random",1000,16,98080,30900,true,true
"merge","Random",1000,17,99488,31200,true,true
"merge","Random",1000,18,131456,41200,true,true
"merge","Random",1000,19,99808,31300,true,true
"merge","Random",1000,20,99680,31200,true,true
"merge","Random",1000,21,99328,31200,true,true
"merge","Random",1000,22,99520,31300,true,true
"merge","Random",1000,23,98272,30800,true,true
"merge","Random",1000,24,99648,31200,true,true
"merge","Random",1000,25,99584,31200,true,true
"merge","Random",1000,26,99488,31200,true,true
"merge","Random",1000,27,99552,31200,true,true
"merge","Random",1000,28,98400,30900,true,true
"merge","Random",1000,29,98880,31000,true,true
"merge","Random",1000,30,99264,31100,true,true
"merge","Random",1000,31,105024,32900,true,true
"merge","Random",1000,32,105216,33000,true,true
"merge","Random",1000,33,104096,32600,true,true
"merge","Random",1000,34,103296,32400,true,true
"merge","Random",1000,35,102560,32100,true,true
"merge","Random",1000,36,102848,32300,true,true
"merge","Random",1000,37,101984,32000,true,true
"merge","Random",1000,38,101152,31700,true,true
"merge","Random",1000,39,102656,32200,true,true
"merge","Random",1000,40,103648,32500,true,true
"merge","Random",1000,41,101248,31700,true,true
"merge","Random",1000,42,102400,32100,true,true
"merge","Random",1000,43,101536,31900,true,true
"merge","Random",1000,44,101120,31700,true,true
"merge","Random",1000,45,101984,32000,true,true
"merge","Random",1000,46,137152,43000,true,true
"merge","Random",1000,47,103552,32500,true,true
"merge","Random",1000,48,102624,32200,true,true
"merge","Random",1000,49,101952,32000,true,true
"merge","Random",1000,50,103136,32400,true,true
"merge","Random",1000,51,101280,31800,true,true
"merge","Random",1000,52,101568,31900,true,true
"merge","Random",1000,53,101984,32000,true,true
"merge","Random",1000,54,102048,32000,true,true
"merge","Random",1000,55,103040,32300,true,true
"merge","Random",1000,56,101632,31800,true,true
"merge","Random",1000,57,101312,31800,true,true
"merge","Random",1000,58,101728,31900,true,true
"merge","Random",1000,59,102400,32100,true,true
"merge","Random",1000,60,114560,35900,true,true
"merge","Random",1000,61,102624,32300,true,true
"merge","Random",1000,62,101088,31700,true,true
"merge","Random",1000,63,101760,31900,true,true
"merge","Random",1000,64,100768,31600,true,true
"merge","Random",1000,65,100448,31500,true,true
"merge","Random",1000,66,101376,31800,true,true
"merge","Random",1000,67,101664,31900,true,true
"merge","Random",1000,68,100704,31600,true,true
"merge","Random",1000,69,101120,31800,true,true
"merge","Random",1000,70,102880,32300,true,true
"merge","Random",1000,71,100992,31600,true,true
"merge","Random",1000,72,102784,32300,true,true
"merge","Random",1000,73,101824,32000,true,true
"merge","Random",1000,74,102272,32100,true,true
"merge","Random",1000,75,132832,41600,true,true
"merge","Random",1000,76,101920,32000,true,true
"merge","Random",1000,77,101728,31900,true,true
"merge","Random",1000,78,101024,31700,true,true
"merge","Random",1000,79,102848,32300,true,true
"merge","Random",1000,80,101920,31900,true,true
"merge","Random",1000,81,101824,31900,true,true
"merge","Random",1000,82,102080,32000,true,true
"merge","Random",1000,83,101664,31900,true,true
"merge","Random",1000,84,101024,31700,true,true
"merge","Random",1000,85,100256,31500,true,true
"merge","Random",1000,86,101792,32000,true,true
"merge","Random",1000,87,102880,32300,true,true
"merge","Random",1000,88,102496,32100,true,true
"merge","Random",1000,89,101920,31900,true,true
"merge","Random",1000,90,100384,31500,true,true
"merge","Random",1000,91,101472,31800,true,true
"merge","Random",1000,92,100480,31500,true,true
"merge","Random",1000,93,101312,31800,true,true
"merge","Random",1000,94,102592,32200,true,true
"merge","Random",1000,95,100928,31700,true,true
"merge","Random",1000,96,102240,32000,true,true
"merge","Random",1000,97,101888,32000,true,true
"merge","Random",1000,98,100864,31600,true,true
"merge","Random",1000,99,101728,32000,true,true
"quicksort","Random",1000,0,103616,32500,true,true
"quicksort","Random",1000,1,103776,32600,true,true
"quicksort","Random",1000,2,103552,32500,true,true
"quicksort","Random",1000,3,104672,32800,true,true
"quicksort","Random",1000,4,103744,32500,true,true
"quicksort","Random",1000,5,102272,32100,true,true
"quicksort","Random",1000,6,100736,31600,true,true
"quicksort","Random",1000,7,104864,32900,true,true
"quicksort","Random",1000,8,107552,33800,true,true
"quicksort","Random",1000,9,100160,31400,true,true
"quicksort","Random",1000,10,100896,31600,true,true
"quicksort","Random",1000,11,104224,32700,true,true
"quicksort","Random",1000,12,104288,32700,true,true
"quicksort","Random",1000,13,103616,32500,true,true
"quicksort","Random",1000,14,98368,30800,true,true
"quicksort","Random",1000,15,103456,32400,true,true
"quicksort","Random",1000,16,99840,31300,true,true
"quicksort","Random",1000,17,105920,33200,true,true
"quicksort","Random",1000,18,105120,32900,true,true
"quicksort","Random",1000,19,102176,32100,true,true
"quicksort","Random",1000,20,101216,31700,true,true
"quicksort","Random",1000,21,103328,32400,true,true
"quicksort","Random",1000,22,104416,32700,true,true
"quicksort","Random",1000,23,105056,33000,true,true
"quicksort","Random",1000,24,104160,32600,true,true
"quicksort","Random",1000,25,101856,31900,true,true
"quicksort","Random",1000,26,105216,33000,true,true
"quicksort","Random",1000,27,103264,32400,true,true
"quicksort","Random",1000,28,104960,33000,true,true
"quicksort","Random",1000,29,102912,32300,true,true
"quicksort","Random",1000,30,102624,32200,true,true
"quicksort","Random",1000,31,104288,32700,true,true
"quicksort","Random",1000,32,101920,31900,true,true
"quicksort","Random",1000,33,103520,32500,true,true
"quicksort","Random",1000,34,115136,36100,true,true
"quicksort","Random",1000,35,101984,32000,true,true
"quicksort","Random",1000,36,105920,33200,true,true
"quicksort","Random",1000,37,110368,34600,true,true
"quicksort","Random",1000,38,101312,31700,true,true
"quicksort","Random",1000,39,102304,32200,true,true
"quicksort","Random",1000,40,105056,32900,true,true
"quicksort","Random",1000,41,99904,31300,true,true
"quicksort","Random",1000,42,103328,32400,true,true
"quicksort","Random",1000,43,102880,32300,true,true
"quicksort","Random",1000,44,103456,32500,true,true
"quicksort","Random",1000,45,98944,31100,true,true
"quicksort","Random",1000,46,104480,32800,true,true
"quicksort","Random",1000,47,101728,31900,true,true
"quicksort","Random",1000,48,101888,32000,true,true
"quicksort","Random",1000,49,103008,32400,true,true
"quicksort","Random",1000,50,101952,32000,true,true
"quicksort","Random",1000,51,100672,31600,true,true
"quicksort","Random",1000,52,99552,31200,true,true
"quicksort","Random",1000,53,101280,31800,true,true
"quicksort","Random",1000,54,99936,31300,true,true
"quicksort","Random",1000,55,101856,31900,true,true
"quicksort","Random",1000,56,103648,32500,true,true
"quicksort","Random",1000,57,103392,32400,true,true
"quicksort","Random",1000,58,102816,32200,true,true
"quicksort","Random",1000,59,102848,32300,true,true
"quicksort","Random",1000,60,101536,31900,true,true
"quicksort","Random",1000,61,103552,32500,true,true
"quicksort","Random",1000,62,102656,32200,true,true
"quicksort","Random",1000,63,102080,32000,true,true
"quicksort","Random",1000,64,102528,32100,true,true
"quicksort","Random",1000,65,141536,44400,true,true
"quicksort","Random",1000,66,102400,32200,true,true
"quicksort","Random",1000,67,101888,32000,true,true
"quicksort","Random",1000,68,102976,32300,true,true
"quicksort","Random",1000,69,102720,32200,true,true
"quicksort","Random",1000,70,102976,32300,true,true
"quicksort","Random",1000,71,103232,32400,true,true
"quicksort","Random",1000,72,101696,31900,true,true
"quicksort","Random",1000,73,99744,31300,true,true
"quicksort","Random",1000,74,102528,32200,true,true
"quicksort","Random",1000,75,100352,31500,true,true
"quicksort","Random",1000,76,100896,31600,true,true
"quicksort","Random",1000,77,101408,31800,true,true
"quicksort","Random",1000,78,103424,32500,true,true
"quicksort","Random",1000,79,104256,32700,true,true
"quicksort","Random",1000,80,104512,32800,true,true
"quicksort","Random",1000,81,99712,31300,true,true
"quicksort","Random",1000,82,99456,31200,true,true
"quicksort","Random",1000,83,101632,31900,true,true
"quicksort","Random",1000,84,99488,31200,true,true
"quicksort","Random",1000,85,116672,36600,true,true
"quicksort","Random",1000,86,102624,32200,true,true
"quicksort","Random",1000,87,102144,32000,true,true
"quicksort","Random",1000,88,104640,32800,true,true
"quicksort","Random",1000,89,101440,31800,true,true
"quicksort","Random",1000,90,104672,32900,true,true
"quicksort","Random",1000,91,101408,31800,true,true
"quicksort","Random",1000,92,104288,32700,true,true
"quicksort","Random",1000,93,131168,41100,true,true
"quicksort","Random",1000,94,101952,32000,true,true
"quicksort","Random",1000,95,100608,31500,true,true
"quicksort","Random",1000,96,100992,31700,true,true
"quicksort","Random",1000,97,103072,32300,true,true
"quicksort","Random",1000,98,103520,32500,true,true
"quicksort","Random",1000,99,102848,32300,true,true
"heap","Random",1000,0,118272,37100,true,true
"heap","Random",1000,1,118336,37100,true,true
"heap","Random",1000,2,119392,37400,true,true
"heap","Random",1000,3,118496,37200,true,true
"heap","Random",1000,4,120448,37800,true,true
"heap","Random",1000,5,118656,37200,true,true
"heap","Random",1000,6,119360,37400,true,true
"heap","Random",1000,7,118720,37200,true,true
"heap","Random",1000,8,120512,37800,true,true
"heap","Random",1000,9,118496,37200,true,true
"heap","Random",1000,10,119392,37400,true,true
"heap","Random",1000,11,117600,36900,true,true
"heap","Random",1000,12,119776,37600,true,true
"heap","Random",1000,13,119136,37400,true,true
"heap","Random",1000,14,117056,36800,true,true
"heap","Random",1000,15,119136,37400,true,true
"heap","Random",1000,16,118080,37000,true,true
"heap","Random",1000,17,118784,37300,true,true
"heap","Random",1000,18,117088,36700,true,true
"heap","Random",1000,19,118144,37000,true,true
"heap","Random",1000,20,118112,37000,true,true
"heap","Random",1000,21,118944,37300,true,true
"heap","Random",1000,22,119936,37600,true,true
"heap","Random",1000,23,147968,46400,true,true
"heap","Random",1000,24,118336,37100,true,true
"heap","Random",1000,25,117568,36900,true,true
"heap","Random",1000,26,119040,37400,true,true
"heap","Random",1000,27,117280,36800,true,true
"heap","Random",1000,28,117888,36900,true,true
"heap","Random",1000,29,118784,37200,true,true
"heap","Random",1000,30,120416,37800,true,true
"heap","Random",1000,31,118400,37100,true,true
"heap","Random",1000,32,119136,37300,true,true
"heap","Random",1000,33,119488,37400,true,true
"heap","Random",1000,34,116800,36600,true,true
"heap","Random",1000,35,116160,36400,true,true
"heap","Random",1000,36,118624,37200,true,true
"heap","Random",1000,37,119200,37400,true,true
"heap","Random",1000,38,117888,37000,true,true
"heap","Random",1000,39,118496,37200,true,true
"heap","Random",1000,40,118496,37200,true,true
"heap","Random",1000,41,119040,37300,true,true
"heap","Random",1000,42,118528,37200,true,true
"heap","Random",1000,43,119584,37500,true,true
"heap","Random",1000,44,118304,37100,true,true
"heap","Random",1000,45,118976,37300,true,true
"heap","Random",1000,46,117984,37000,true,true
"heap","Random",1000,47,118400,37100,true,true
"heap","Random",1000,48,145248,45500,true,true
"heap","Random",1000,49,119328,37600,true,true
"heap","Random",1000,50,118656,37200,true,true
"heap","Random",1000,51,117984,37000,true,true
"heap","Random",1000,52,119648,37500,true,true
"heap","Random",1000,53,118624,37200,true,true
"heap","Random",1000,54,119360,37400,true,true
"heap","Random",1000,55,118048,37000,true,true
"heap","Random",1000,56,119840,37500,true,true
"heap","Random",1000,57,118592,37200,true,true
"heap","Random",1000,58,118112,37100,true,true
"heap","Random",1000,59,127776,40100,true,true
"heap","Random",1000,60,118560,37200,true,true
"heap","Random",1000,61,117792,37000,true,true
"heap","Random",1000,62,119264,37400,true,true
"heap","Random",1000,63,119520,37500,true,true
"heap","Random",1000,64,117984,37000,true,true
"heap","Random",1000,65,118496,37100,true,true
"heap","Random",1000,66,119200,37400,true,true
"heap","Random",1000,67,118944,37300,true,true
"heap","Random",1000,68,120640,37900,true,true
"heap","Random",1000,69,120288,37800,true,true
"heap","Random",1000,70,117696,36900,true,true
"heap","Random",1000,71,118688,37200,true,true
"heap","Random",1000,72,148704,46700,true,true
"heap","Random",1000,73,119616,37500,true,true
"heap","Random",1000,74,117696,36900,true,true
"heap","Random",1000,75,118432,37200,true,true
"heap","Random",1000,76,118432,37200,true,true
"heap","Random",1000,77,117504,36900,true,true
"heap","Random",1000,78,117632,36900,true,true
"heap","Random",1000,79,117920,37000,true,true
"heap","Random",1000,80,116608,36500,true,true
"heap","Random",1000,81,116544,36500,true,true
"heap","Random",1000,82,118496,37100,true,true
"heap","Random",1000,83,117376,36800,true,true
"heap","Random",1000,84,118656,37200,true,true
"heap","Random",1000,85,117824,37000,true,true
"heap","Random",1000,86,117344,36800,true,true
"heap","Random",1000,87,118048,37000,true,true
"heap","Random",1000,88,118784,37300,true,true
"heap","Random",1000,89,118752,37200,true,true
"heap","Random",1000,90,119520,37500,true,true
"heap","Random",1000,91,118560,37200,true,true
"heap","Random",1000,92,117216,36800,true,true
"heap","Random",1000,93,119328,37400,true,true
"heap","Random",1000,94,119488,37500,true,true
"heap","Random",1000,95,117184,36800,true,true
"heap","Random",1000,96,118144,37100,true,true
"heap","Random",1000,97,147040,46100,true,true
"heap","Random",1000,98,117632,36900,true,true
"heap","Random",1000,99,116992,36600,true,true
"std-sort","Random",1000,0,72032,22600,true,true
"std-sort","Random",1000,1,71872,22600,true,true
"std-sort","Random",1000,2,71616,22400,true,true
"std-sort","Random",1000,3,70944,22200,true,true
"std-sort","Random",1000,4,69600,21900,true,true
"std-sort","Random",1000,5,72032,22600,true,true
"std-sort","Random",1000,6,69536,21800,true,true
"std-sort","Random",1000,7,72224,22700,true,true
"std-sort","Random",1000,8,71168,22400,true,true
"std-sort","Random",1000,9,68896,21600,true,true
"std-sort","Random",1000,10,71008,22300,true,true
"std-sort","Random",1000,11,69312,21700,true,true
"std-sort","Random",1000,12,71392,22400,true,true
"std-sort","Random",1000,13,71872,22500,true,true
"std-sort","Random",1000,14,67168,21100,true,true
"std-sort","Random",1000,15,168608,52800,true,true
"std-sort","Random",1000,16,69888,21900,true,true
"std-sort","Random",1000,17,70752,22200,true,true
"std-sort","Random",1000,18,70016,22000,true,true
"std-sort","Random",1000,19,70720,22200,true,true
"std-sort","Random",1000,20,70816,22300,true,true
"std-sort","Random",1000,21,69952,22000,true,true
"std-sort","Random",1000,22,69792,21900,true,true
"std-sort","Random",1000,23,69696,21900,true,true
"std-sort","Random",1000,24,70624,22200,true,true
"std-sort","Random",1000,25,69632,21800,true,true
"std-sort","Random",1000,26,71040,22300,true,true
"std-sort","Random",1000,27,70176,22000,true,true
"std-sort","Random",1000,28,71104,22300,true,true
"std-sort","Random",1000,29,69856,21900,true,true
"std-sort","Random",1000,30,70528,22100,true,true
"std-sort","Random",1000,31,71136,22300,true,true
"std-sort","Random",1000,32,68992,21700,true,true
"std-sort","Random",1000,33,70752,22200,true,true
"std-sort","Random",1000,34,70176,22000,true,true
"std-sort","Random",1000,35,69056,21700,true,true
"std-sort","Random",1000,36,71072,22300,true,true
"std-sort","Random",1000,37,70176,22000,true,true
"std-sort","Random",1000,38,70016,22000,true,true
"std-sort","Random",1000,39,71008,22300,true,true
"std-sort","Random",1000,40,71744,22500,true,true
"std-sort","Random",1000,41,72672,22800,true,true
"std-sort","Random",1000,42,70400,22100,true,true
"std-sort","Random",1000,43,70048,21900,true,true
"std-sort","Random",1000,44,69248,21700,true,true
"std-sort","Random",1000,45,71616,22500,true,true
"std-sort","Random",1000,46,70816,22200,true,true
"std-sort","Random",1000,47,71104,22300,true,true
"std-sort","Random",1000,48,68192,21500,true,true
"std-sort","Random",1000,49,71104,22300,true,true
"std-sort","Random",1000,50,69856,21900,true,true
"std-sort","Random",1000,51,71296,22300,true,true
"std-sort","Random",1000,52,70464,22100,true,true
"std-sort","Random",1000,53,70656,22200,true,true
"std-sort","Random",1000,54,104608,32800,true,true
"std-sort","Random",1000,55,68448,21500,true,true
"std-sort","Random",1000,56,69056,21700,true,true
"std-sort","Random",1000,57,70144,22100,true,true
"std-sort","Random",1000,58,69440,21800,true,true
"std-sort","Random",1000,59,70656,22100,true,true
"std-sort","Random",1000,60,70240,22000,true,true
"std-sort","Random",1000,61,70528,22100,true,true
"std-sort","Random",1000,62,71648,22400,true,true
"std-sort","Random",1000,63,69824,21900,true,true
"std-sort","Random",1000,64,70848,22200,true,true
"std-sort","Random",1000,65,69856,21900,true,true
"std-sort","Random",1000,66,68384,21500,true,true
"std-sort","Random",1000,67,69952,22000,true,true
"std-sort","Random",1000,68,71200,22400,true,true
"std-sort","Random",1000,69,70528,22200,true,true
"std-sort","Random",1000,70,71136,22400,true,true
"std-sort","Random",1000,71,68736,21600,true,true
"std-sort","Random",1000,72,72640,22800,true,true
"std-sort","Random",1000,73,71200,22300,true,true
"std-sort","Random",1000,74,70720,22200,true,true
"std-sort","Random",1000,75,68544,21600,true,true
"std-sort","Random",1000,76,69504,21800,true,true
"std-sort","Random",1000,77,70560,22100,true,true
"std-sort","Random",1000,78,71584,22400,true,true
"std-sort","Random",1000,79,70112,22000,true,true
"std-sort","Random",1000,80,69632,21800,true,true
"std-sort","Random",1000,81,71904,22600,true,true
"std-sort","Random",1000,82,70432,22100,true,true
"std-sort","Random",1000,83,70592,22200,true,true
"std-sort","Random",1000,84,71744,22600,true,true
"std-sort","Random",1000,85,72736,22800,true,true
"std-sort","Random",1000,86,71584,22500,true,true
"std-sort","Random",1000,87,70752,22200,true,true
"std-sort","Random",1000,88,71232,22300,true,true
"std-sort","Random",1000,89,70912,22200,true,true
"std-sort","Random",1000,90,69216,21700,true,true
"std-sort","Random",1000,91,67744,21200,true,true
"std-sort","Random",1000,92,69632,21800,true,true
"std-sort","Random",1000,93,70752,22200,true,true
"std-sort","Random",1000,94,99136,31100,true,true
"std-sort","Random",1000,95,70400,22000,true,true
"std-sort","Random",1000,96,70944,22300,true,true
"std-sort","Random",1000,97,69056,21700,true,true
"std-sort","Random",1000,98,70240,22000,true,true
"std-sort","Random",1000,99,69408,21800,true,true
"std-stable-sort","Random",1000,0,74688,23400,true,true
"std-stable-sort","Random",1000,1,76768,24100,true,true
"std-stable-sort","Random",1000,2,76384,23900,true,true
"std-stable-sort","Random",1000,3,76480,24000,true,true
"std-stable-sort","Random",1000,4,76256,23900,true,true
"std-stable-sort","Random",1000,5,75744,23800,true,true
"std-stable-sort","Random",1000,6,75968,23900,true,true
"std-stable-sort","Random",1000,7,76288,23900,true,true
"std-stable-sort","Random",1000,8,76224,23900,true,true
"std-stable-sort","Random",1000,9,75616,23700,true,true
"std-stable-sort","Random",1000,10,76544,24000,true,true
"std-stable-sort","Random",1000,11,107520,33700,true,true
"std-stable-sort","Random",1000,12,76384,24000,true,true
"std-stable-sort","Random",1000,13,75808,23700,true,true
"std-stable-sort","Random",1000,14,77024,24200,true,true
"std-stable-sort","Random",1000,15,76448,24000,true,true
"std-stable-sort","Random",1000,16,76480,24000,true,true
"std-stable-sort","Random",1000,17,76000,23800,true,true
"std-stable-sort","Random",1000,18,75680,23800,true,true
"std-stable-sort","Random",1000,19,77824,24500,true,true
"std-stable-sort","Random",1000,20,76352,24000,true,true
"std-stable-sort","Random",1000,21,75776,23700,true,true
"std-stable-sort","Random",1000,22,76128,23900,true,true
"std-stable-sort","Random",1000,23,75712,23800,true,true
"std-stable-sort","Random",1000,24,75488,23700,true,true
"std-stable-sort","Random",1000,25,76224,23900,true,true
"std-stable-sort","Random",1000,26,76704,24100,true,true
"std-stable-sort","Random",1000,27,84672,26600,true,true
"std-stable-sort","Random",1000,28,76032,23900,true,true
"std-stable-sort","Random",1000,29,76768,24100,true,true
"std-stable-sort","Random",1000,30,75648,23800,true,true
"std-stable-sort","Random",1000,31,76064,23900,true,true
"std-stable-sort","Random",1000,32,75712,23800,true,true
"std-stable-sort","Random",1000,33,75616,23800,true,true
"std-stable-sort","Random",1000,34,76096,23900,true,true
"std-stable-sort","Random",1000,35,75712,23800,true,true
"std-stable-sort","Random",1000,36,76032,23900,true,true
"std-stable-sort","Random",1000,37,75968,23800,true,true
"std-stable-sort","Random",1000,38,76448,24000,true,true
"std-stable-sort","Random",1000,39,75648,23800,true,true
"std-stable-sort","Random",1000,40,76192,23900,true,true
"std-stable-sort","Random",1000,41,75584,23700,true,true
"std-stable-sort","Random",1000,42,75200,23600,true,true
"std-stable-sort","Random",1000,43,76320,23900,true,true
"std-stable-sort","Random",1000,44,75936,23900,true,true
"std-stable-sort","Random",1000,45,75584,23700,true,true
"std-stable-sort","Random",1000,46,75552,23700,true,true
"std-stable-sort","Random",1000,47,75712,23800,true,true
"std-stable-sort","Random",1000,48,106720,33500,true,true
"std-stable-sort","Random",1000,49,76224,23900,true,true
"std-stable-sort","Random",1000,50,76320,23900,true,true
"std-stable-sort","Random",1000,51,77408,24300,true,true
"std-stable-sort","Random",1000,52,76000,23800,true,true
"std-stable-sort","Random",1000,53,76416,24000,true,true
"std-stable-sort","Random",1000,54,75904,23800,true,true
"std-stable-sort","Random",1000,55,76640,24000,true,true
"std-stable-sort","Random",1000,56,76896,24100,true,true
"std-stable-sort","Random",1000,57,74816,23400,true,true
"std-stable-sort","Random",1000,58,76128,23900,true,true
"std-stable-sort","Random",1000,59,76192,23900,true,true
"std-stable-sort","Random",1000,60,75360,23700,true,true
"std-stable-sort","Random",1000,61,75008,23500,true,true
"std-stable-sort","Random",1000,62,75840,23800,true,true
"std-stable-sort","Random",1000,63,74944,23500,true,true
"std-stable-sort","Random",1000,64,75968,23900,true,true
"std-stable-sort","Random",1000,65,76384,24000,true,true
"std-stable-sort","Random",1000,66,76800,24100,true,true
"std-stable-sort","Random",1000,67,75744,23800,true,true
"std-stable-sort","Random",1000,68,74816,23400,true,true
"std-stable-sort","Random",1000,69,74816,23500,true,true
"std-stable-sort","Random",1000,70,75680,23700,true,true
"std-stable-sort","Random",1000,71,75136,23600,true,true
"std-stable-sort","Random",1000,72,75968,23900,true,true
"std-stable-sort","Random",1000,73,76704,24000,true,true
"std-stable-sort","Random",1000,74,74912,23500,true,true
"std-stable-sort","Random",1000,75,76736,24100,true,true
"std-stable-sort","Random",1000,76,76288,24000,true,true
"std-stable-sort","Random",1000,77,76576,24100,true,true
"std-stable-sort","Random",1000,78,75168,23600,true,true
"std-stable-sort","Random",1000,79,75840,23800,true,true
"std-stable-sort","Random",1000,80,77088,24200,true,true
"std-stable-sort","Random",1000,81,75040,23500,true,true
"std-stable-sort","Random",1000,82,76672,24000,true,true
"std-stable-sort","Random",1000,83,74048,23300,true,true
"std-stable-sort","Random",1000,84,75840,23800,true,true
"std-stable-sort","Random",1000,85,106688,33400,true,true
"std-stable-sort","Random",1000,86,75968,23900,true,true
"std-stable-sort","Random",1000,87,75328,23700,true,true
"std-stable-sort","Random",1000,88,75712,23700,true,true
"std-stable-sort","Random",1000,89,76800,24100,true,true
"std-stable-sort","Random",1000,90,76576,24000,true,true
"std-stable-sort","Random",1000,91,76160,23900,true,true
"std-stable-sort","Random",1000,92,75936,23900,true,true
"std-stable-sort","Random",1000,93,76512,24000,true,true
"std-stable-sort","Random",1000,94,75872,23800,true,true
"std-stable-sort","Random",1000,95,76192,23900,true,true
"std-stable-sort","Random",1000,96,76064,23900,true,true
"std-stable-sort","Random",1000,97,76256,24000,true,true
"std-stable-sort","Random",1000,98,76160,23900,true,true
"std-stable-sort","Random",1000,99,76160,23800,true,true
"bubble","Random",5000,0,21746144,6809000,true,true
"bubble","Random",5000,1,21935904,6868400,true,true
"bubble","Random",5000,2,21913632,6861400,true,true
"bubble","Random",5000,3,21785984,6821700,true,true
"bubble","Random",5000,4,22015264,6893300,true,true
"bubble","Random",5000,5,21794048,6824100,true,true
"bubble","Random",5000,6,21689536,6791300,true,true
"bubble","Random",5000,7,21879008,6850500,true,true
"bubble","Random",5000,8,21842816,6839300,true,true
"bubble","Random",5000,9,21891840,6854600,true,true
"bubble","Random",5000,10,21764640,6814800,true,true
"bubble","Random",5000,11,21819104,6832300,true,true
"bubble","Random",5000,12,21837664,6837700,true,true
"bubble","Random",5000,13,21823008,6833000,true,true
"bubble","Random",5000,14,21986752,6884600,true,true
"bubble","Random",5000,15,21857792,6844000,true,true
"bubble","Random",5000,16,21946816,6871900,true,true
"bubble","Random",5000,17,21975360,6880800,true,true
"bubble","Random",5000,18,21851424,6842200,true,true
"bubble","Random",5000,19,21822496,6832800,true,true
"bubble","Random",5000,20,22296512,6982400,true,true
"bubble","Random",5000,21,21682144,6788900,true,true
"bubble","Random",5000,22,21807456,6828300,true,true
"bubble","Random",5000,23,21924096,6864800,true,true
"bubble","Random",5000,24,21865184,6846300,true,true
"bubble","Random",5000,25,21646592,6777800,true,true
"bubble","Random",5000,26,21866688,6846700,true,true
"bubble","Random",5000,27,21878976,6850600,true,true
"bubble","Random",5000,28,21823904,6833500,true,true
"bubble","Random",5000,29,21762176,6814000,true,true
"bubble","Random",5000,30,21889376,6853900,true,true
"bubble","Random",5000,31,21792096,6823500,true,true
"bubble","Random",5000,32,21887699,6854400,true,true
"bubble","Random",5000,33,21602656,6764100,true,true
"bubble","Random",5000,34,21855552,6843500,true,true
"bubble","Random",5000,35,21901600,6857700,true,true
"bubble","Random",5000,36,22115296,6925000,true,true
"bubble","Random",5000,37,21780640,6819800,true,true
"bubble","Random",5000,38,21722528,6802000,true,true
"bubble","Random",5000,39,22012224,6892300,true,true
"bubble","Random",5000,40,21764384,6814700,true,true
"bubble","Random",5000,41,21780576,6819800,true,true
"bubble","Random",5000,42,21810848,6829300,true,true
"bubble","Random",5000,43,21606400,6765200,true,true
"bubble","Random",5000,44,21744480,6808500,true,true
"bubble","Random",5000,45,21802688,6827100,true,true
"bubble","Random",5000,46,21692160,6792100,true,true
"bubble","Random",5000,47,21969664,6879100,true,true
"bubble","Random",5000,48,21866368,6846800,true,true
"bubble","Random",5000,49,21970656,6879500,true,true
"bubble","Random",5000,50,21918688,6863200,true,true
"bubble","Random",5000,51,21775008,6818000,true,true
"bubble","Random",5000,52,21999456,6888400,true,true
"bubble","Random",5000,53,21775360,6818100,true,true
"bubble","Random",5000,54,22051744,6904700,true,true
"bubble","Random",5000,55,21882656,6851800,true,true
"bubble","Random",5000,56,21848512,6841100,true,true
"bubble","Random",5000,57,22074592,6911800,true,true
"bubble","Random",5000,58,21916128,6862400,true,true
"bubble","Random",5000,59,21915552,6862400,true,true
"bubble","Random",5000,60,21755712,6812000,true,true
"bubble","Random",5000,61,21898336,6856700,true,true
"bubble","Random",5000,62,21901120,6857600,true,true
"bubble","Random",5000,63,21769088,6816300,true,true
"bubble","Random",5000,64,22251744,6967900,true,true
"bubble","Random",5000,65,21757632,6812600,true,true
"bubble","Random",5000,66,21847840,6840800,true,true
"bubble","Random",5000,67,21810560,6829200,true,true
"bubble","Random",5000,68,21954560,6874200,true,true
"bubble","Random",5000,69,21892352,6854800,true,true
"bubble","Random",5000,70,21720928,6801300,true,true
"bubble","Random",5000,71,21930944,6866800,true,true
"bubble","Random",5000,72,21846112,6840400,true,true
"bubble","Random",5000,73,21877728,6850200,true,true
"bubble","Random",5000,74,21767168,6815800,true,true
"bubble","Random",5000,75,21804096,6827300,true,true
"bubble","Random",5000,76,21936992,6868700,true,true
"bubble","Random",5000,77,21894368,6855400,true,true
"bubble","Random",5000,78,22016128,6893900,true,true
"bubble","Random",5000,79,21758784,6812900,true,true
"bubble","Random",5000,80,21938816,6869600,true,true
"bubble","Random",5000,81,21933760,6867800,true,true
"bubble","Random",5000,82,24576157,7695500,true,true
"bubble","Random",5000,83,21501536,6732600,true,true
"bubble","Random",5000,84,21562304,6751400,true,true
"bubble","Random",5000,85,21592256,6760900,true,true
"bubble","Random",5000,86,21575712,6755600,true,true
"bubble","Random",5000,87,21666368,6784100,true,true
"bubble","Random",5000,88,21603360,6764300,true,true
"bubble","Random",5000,89,21869440,6847800,true,true
"bubble","Random",5000,90,21602272,6763900,true,true
"bubble","Random",5000,91,21756224,6812200,true,true
"bubble","Random",5000,92,21660320,6782400,true,true
"bubble","Random",5000,93,21813216,6830000,true,true
"bubble","Random",5000,94,21915744,6862100,true,true
"bubble","Random",5000,95,21967904,6878500,true,true
"bubble","Random",5000,96,21893344,6855000,true,true
"bubble","Random",5000,97,21886112,6852800,true,true
"bubble","Random",5000,98,21785376,6821300,true,true
"bubble","Random",5000,99,21832128,6835900,true,true
"insertion","Random",5000,0,5755648,1802200,true,true
"insertion","Random",5000,1,5808224,1819000,true,true
"insertion","Random",5000,2,5635072,1764400,true,true
"insertion","Random",5000,3,5779840,1809800,true,true
"insertion","Random",5000,4,5803648,1817200,true,true
"insertion","Random",5000,5,5678656,1778100,true,true
"insertion","Random",5000,6,5610144,1756700,true,true
"insertion","Random",5000,7,5860064,1834900,true,true
"insertion","Random",5000,8,5827264,1824800,true,true
"insertion","Random",5000,9,5803584,1817300,true,true
"insertion","Random",5000,10,5861152,1835300,true,true
"insertion","Random",5000,11,5828416,1825000,true,true
"insertion","Random",5000,12,5821632,1823000,true,true
"insertion","Random",5000,13,5803232,1817100,true,true
"insertion","Random",5000,14,5856672,1834100,true,true
"insertion","Random",5000,15,5737536,1796600,true,true
"insertion","Random",5000,16,5610880,1756900,true,true
"insertion","Random",5000,17,6026656,1887100,true,true
"insertion","Random",5000,18,5860672,1835100,true,true
"insertion","Random",5000,19,5595904,1752200,true,true
"insertion","Random",5000,20,5725184,1792700,true,true
"insertion","Random",5000,21,5714432,1789300,true,true
"insertion","Random",5000,22,5634848,1764800,true,true
"insertion","Random",5000,23,5767264,1805900,true,true
"insertion","Random",5000,24,5746528,1799300,true,true
"insertion","Random",5000,25,5716224,1790000,true,true
"insertion","Random",5000,26,5843328,1829700,true,true
"insertion","Random",5000,27,5892704,1845200,true,true
"insertion","Random",5000,28,5721248,1791800,true,true
"insertion","Random",5000,29,5757152,1802700,true,true
"insertion","Random",5000,30,5716384,1789900,true,true
"insertion","Random",5000,31,5778976,1809500,true,true
"insertion","Random",5000,32,5689344,1781500,true,true
"insertion","Random",5000,33,5904416,1848800,true,true
"insertion","Random",5000,34,5771968,1807300,true,true
"insertion","Random",5000,35,5802560,1816900,true,true
"insertion","Random",5000,36,5840576,1828900,true,true
"insertion","Random",5000,37,5808192,1818600,true,true
"insertion","Random",5000,38,5708256,1787400,true,true
"insertion","Random",5000,39,5782976,1810800,true,true
"insertion","Random",5000,40,5836000,1827400,true,true
"insertion","Random",5000,41,5694048,1783000,true,true
"insertion","Random",5000,42,5767392,1805800,true,true
"insertion","Random",5000,43,5906368,1849400,true,true
"insertion","Random",5000,44,5795136,1814600,true,true
"insertion","Random",5000,45,5700608,1785000,true,true
"insertion","Random",5000,46,5830976,1825800,true,true
"insertion","Random",5000,47,5854976,1833400,true,true
"insertion","Random",5000,48,5591264,1750700,true,true
"insertion","Random",5000,49,5748128,1799800,true,true
"insertion","Random",5000,50,5840736,1828900,true,true
"insertion","Random",5000,51,5882720,1842200,true,true
"insertion","Random",5000,52,5647840,1768500,true,true
"insertion","Random",5000,53,5855040,1833400,true,true
"insertion","Random",5000,54,5746880,1799500,true,true
"insertion","Random",5000,55,5727584,1793400,true,true
"insertion","Random",5000,56,5841088,1829200,true,true
"insertion","Random",5000,57,5832416,1826200,true,true
"insertion","Random",5000,58,5741152,1797700,true,true
"insertion","Random",5000,59,5778016,1809200,true,true
"insertion","Random",5000,60,5894336,1845600,true,true
"insertion","Random",5000,61,5798464,1815600,true,true
"insertion","Random",5000,62,5767776,1806000,true,true
"insertion","Random",5000,63,5738400,1796800,true,true
"insertion","Random",5000,64,5791264,1813300,true,true
"insertion","Random",5000,65,5737376,1796500,true,true
"insertion","Random",5000,66,5703200,1785800,true,true
"insertion","Random",5000,67,5655968,1771000,true,true
"insertion","Random",5000,68,5668352,1774900,true,true
"insertion","Random",5000,69,5936352,1858800,true,true
"insertion","Random",5000,70,5817888,1821700,true,true
"insertion","Random",5000,71,5718240,1790500,true,true
"insertion","Random",5000,72,5880096,1841200,true,true
"insertion","Random",5000,73,5784096,1811200,true,true
"insertion","Random",5000,74,5694784,1783200,true,true
"insertion","Random",5000,75,5839264,1828500,true,true
"insertion","Random",5000,76,5886016,1843100,true,true
"insertion","Random",5000,77,5646976,1768200,true,true
"insertion","Random",5000,78,5897216,1846500,true,true
"insertion","Random",5000,79,5764704,1805000,true,true
"insertion","Random",5000,80,5757728,1802800,true,true
"insertion","Random",5000,81,5715584,1789700,true,true
"insertion","Random",5000,82,5786624,1811900,true,true
"insertion","Random",5000,83,5783744,1811000,true,true
"insertion","Random",5000,84,5708832,1787600,true,true
"insertion","Random",5000,85,5852704,1832600,true,true
"insertion","Random",5000,86,5685344,1780200,true,true
"insertion","Random",5000,87,5735456,1795800,true,true
"insertion","Random",5000,88,5889216,1844000,true,true
"insertion","Random",5000,89,5640256,1766100,true,true
"insertion","Random",5000,90,5683040,1779500,true,true
"insertion","Random",5000,91,5751040,1800800,true,true
"insertion","Random",5000,92,5759424,1803600,true,true
"insertion","Random",5000,93,5841952,1829300,true,true
"insertion","Random",5000,94,5817472,1821600,true,true
"insertion","Random",5000,95,5830528,1825700,true,true
"insertion","Random",5000,96,5736448,1796200,true,true
"insertion","Random",5000,97,5853728,1833000,true,true
"insertion","Random",5000,98,5817824,1821600,true,true
"insertion","Random",5000,99,5780576,1810000,true,true
"selection","Random",5000,0,11347360,3553000,true,true
"selection","Random",5000,1,11137184,3487200,true,true
"selection","Random",5000,2,11183168,3501600,true,true
"selection","Random",5000,3,11134592,3486400,true,true
"selection","Random",5000,4,11097120,3474600,true,true
"selection","Random",5000,5,11217248,3512300,true,true
"selection","Random",5000,6,11108416,3478200,true,true
"selection","Random",5000,7,11130912,3485200,true,true
"selection","Random",5000,8,11324416,3545800,true,true
"selection","Random",5000,9,11234976,3517800,true,true
"selection","Random",5000,10,11111424,3479100,true,true
"selection","Random",5000,11,11128352,3484500,true,true
"selection","Random",5000,12,11106368,3477600,true,true
"selection","Random",5000,13,11124384,3483200,true,true
"selection","Random",5000,14,11160160,3494400,true,true
"selection","Random",5000,15,11121600,3482400,true,true
"selection","Random",5000,16,11092128,3473100,true,true
"selection","Random",5000,17,11124448,3483200,true,true
"selection","Random",5000,18,11538944,3613100,true,true
"selection","Random",5000,19,11130304,3485000,true,true
"selection","Random",5000,20,11126912,3484100,true,true
"selection","Random",5000,21,11244032,3520700,true,true
"selection","Random",5000,22,11122272,3482600,true,true
"selection","Random",5000,23,11314912,3543500,true,true
"selection","Random",5000,24,11139552,3488000,true,true
"selection","Random",5000,25,11119744,3481800,true,true
"selection","Random",5000,26,11125248,3483500,true,true
"selection","Random",5000,27,11140544,3488300,true,true
"selection","Random",5000,28,11156128,3493200,true,true
"selection","Random",5000,29,11134080,3486500,true,true
"selection","Random",5000,30,11139040,3487800,true,true
"selection","Random",5000,31,11112800,3479500,true,true
"selection","Random",5000,32,11137888,3487400,true,true
"selection","Random",5000,33,11092576,3473200,true,true
"selection","Random",5000,34,11113504,3479900,true,true
"selection","Random",5000,35,11110848,3479100,true,true
"selection","Random",5000,36,11270688,3529000,true,true
"selection","Random",5000,37,11099680,3475600,true,true
"selection","Random",5000,38,11120160,3481900,true,true
"selection","Random",5000,39,11105760,3477400,true,true
"selection","Random",5000,40,11144768,3489900,true,true
"selection","Random",5000,41,11125920,3483800,true,true
"selection","Random",5000,42,11129056,3484700,true,true
"selection","Random",5000,43,11098656,3475200,true,true
"selection","Random",5000,44,11135872,3486900,true,true
"selection","Random",5000,45,11260704,3525900,true,true
"selection","Random",5000,46,11129184,3484700,true,true
"selection","Random",5000,47,11092832,3473400,true,true
"selection","Random",5000,48,11131072,3485300,true,true
"selection","Random",5000,49,11237664,3518600,true,true
"selection","Random",5000,50,12117040,3795000,true,true
"selection","Random",5000,51,11127040,3484100,true,true
"selection","Random",5000,52,11176256,3499500,true,true
"selection","Random",5000,53,11142720,3488900,true,true
"selection","Random",5000,54,11702912,3664400,true,true
"selection","Random",5000,55,11212320,3510700,true,true
"selection","Random",5000,56,11185792,3502500,true,true
"selection","Random",5000,57,11130112,3485100,true,true
"selection","Random",5000,58,11099392,3475400,true,true
"selection","Random",5000,59,11126688,3483900,true,true
"selection","Random",5000,60,11190688,3504100,true,true
"selection","Random",5000,61,11187232,3512800,true,true
"selection","Random",5000,62,11096288,3474400,true,true
"selection","Random",5000,63,11192512,3504500,true,true
"selection","Random",5000,64,11106432,3477600,true,true
"selection","Random",5000,65,11188352,3503200,true,true
"selection","Random",5000,66,11137248,3487300,true,true
"selection","Random",5000,67,11137408,3487300,true,true
"selection","Random",5000,68,11124320,3483200,true,true
"selection","Random",5000,69,11112800,3479700,true,true
"selection","Random",5000,70,11135232,3486600,true,true
"selection","Random",5000,71,11127680,3484200,true,true
"selection","Random",5000,72,11106048,3477500,true,true
"selection","Random",5000,73,11127232,3484100,true,true
"selection","Random",5000,74,11106336,3477800,true,true
"selection","Random",5000,75,11359360,3556800,true,true
"selection","Random",5000,76,11154208,3492600,true,true
"selection","Random",5000,77,11320224,3544600,true,true
"selection","Random",5000,78,11242336,3520100,true,true
"selection","Random",5000,79,11181280,3501100,true,true
"selection","Random",5000,80,11097824,3474900,true,true
"selection","Random",5000,81,11130208,3485000,true,true
"selection","Random",5000,82,11109088,3478500,true,true
"selection","Random",5000,83,11136864,3487200,true,true
"selection","Random",5000,84,11129760,3484900,true,true
"selection","Random",5000,85,11267936,3528200,true,true
"selection","Random",5000,86,11173152,3498500,true,true
"selection","Random",5000,87,11164352,3495900,true,true
"selection","Random",5000,88,11136704,3487000,true,true
"selection","Random",5000,89,11119616,3481700,true,true
"selection","Random",5000,90,11117408,3481000,true,true
"selection","Random",5000,91,11131968,3485600,true,true
"selection","Random",5000,92,11102368,3476300,true,true
"selection","Random",5000,93,11273408,3529900,true,true
"selection","Random",5000,94,11112544,3479500,true,true
"selection","Random",5000,95,11155872,3493200,true,true
"selection","Random",5000,96,11118848,3481700,true,true
"selection","Random",5000,97,11129248,3484700,true,true
"selection","Random",5000,98,11134080,3486300,true,true
"selection","Random",5000,99,11164640,3496100,true,true
"merge","Random",5000,0,588480,184300,true,true
"merge","Random",5000,1,585728,183400,true,true
"merge","Random",5000,2,588704,184300,true,true
"merge","Random",5000,3,610688,191300,true,true
"merge","Random",5000,4,583744,183000,true,true
"merge","Random",5000,5,576448,180500,true,true
"merge","Random",5000,6,576416,180500,true,true
"merge","Random",5000,7,573536,179600,true,true
"merge","Random",5000,8,603456,189100,true,true
"merge","Random",5000,9,578144,181100,true,true
"merge","Random",5000,10,593984,186100,true,true
"merge","Random",5000,11,594080,186100,true,true
"merge","Random",5000,12,599136,187700,true,true
"merge","Random",5000,13,629984,197400,true,true
"merge","Random",5000,14,589728,184700,true,true
"merge","Random",5000,15,589568,184700,true,true
"merge","Random",5000,16,590368,184800,true,true
"merge","Random",5000,17,588608,184400,true,true
"merge","Random",5000,18,585344,183300,true,true
"merge","Random",5000,19,579712,181600,true,true
"merge","Random",5000,20,578368,181100,true,true
"merge","Random",5000,21,574784,180000,true,true
"merge","Random",5000,22,579712,181600,true,true
"merge","Random",5000,23,588800,184400,true,true
"merge","Random",5000,24,601888,188600,true,true
"merge","Random",5000,25,576192,180400,true,true
"merge","Random",5000,26,574784,180000,true,true
"merge","Random",5000,27,572672,179500,true,true
"merge","Random",5000,28,574528,179900,true,true
"merge","Random",5000,29,631264,197700,true,true
"merge","Random",5000,30,574272,179800,true,true
"merge","Random",5000,31,586464,183700,true,true
"merge","Random",5000,32,571136,178900,true,true
"merge","Random",5000,33,575648,180300,true,true
"merge","Random",5000,34,606336,189900,true,true
"merge","Random",5000,35,574176,179900,true,true
"merge","Random",5000,36,583648,182800,true,true
"merge","Random",5000,37,566944,177600,true,true
"merge","Random",5000,38,569984,178500,true,true
"merge","Random",5000,39,602624,189000,true,true
"merge","Random",5000,40,573120,179500,true,true
"merge","Random",5000,41,572768,179400,true,true
"merge","Random",5000,42,595968,186700,true,true
"merge","Random",5000,43,576928,180800,true,true
"merge","Random",5000,44,606240,189900,true,true
"merge","Random",5000,45,575488,180200,true,true
"merge","Random",5000,46,578432,181200,true,true
"merge","Random",5000,47,602592,188700,true,true
"merge","Random",5000,48,594048,186100,true,true
"merge","Random",5000,49,592576,185600,true,true
"merge","Random",5000,50,593312,185800,true,true
"merge","Random",5000,51,592192,185500,true,true
"merge","Random",5000,52,599168,187700,true,true
"merge","Random",5000,53,593632,185900,true,true
"merge","Random",5000,54,590656,185000,true,true
"merge","Random",5000,55,624384,195600,true,true
"merge","Random",5000,56,592416,185500,true,true
"merge","Random",5000,57,590656,185000,true,true
"merge","Random",5000,58,594016,186000,true,true
"merge","Random",5000,59,591232,185100,true,true
"merge","Random",5000,60,624320,195500,true,true
"merge","Random",5000,61,586144,183500,true,true
"merge","Random",5000,62,598912,187600,true,true
"merge","Random",5000,63,591104,185200,true,true
"merge","Random",5000,64,591744,185300,true,true
"merge","Random",5000,65,619712,194100,true,true
"merge","Random",5000,66,591200,185200,true,true
"merge","Random",5000,67,591392,185200,true,true
"merge","Random",5000,68,590688,185000,true,true
"merge","Random",5000,69,591392,185200,true,true
"merge","Random",5000,70,618720,193800,true,true
"merge","Random",5000,71,590208,184900,true,true
"merge","Random",5000,72,615264,192700,true,true
"merge","Random",5000,73,588576,184400,true,true
"merge","Random",5000,74,585952,183500,true,true
"merge","Random",5000,75,617728,193500,true,true
"merge","Random",5000,76,589760,184700,true,true
"merge","Random",5000,77,587776,184100,true,true
"merge","Random",5000,78,597888,187300,true,true
"merge","Random",5000,79,590080,185000,true,true
"merge","Random",5000,80,620416,194300,true,true
"merge","Random",5000,81,595584,186600,true,true
"merge","Random",5000,82,590560,184900,true,true
"merge","Random",5000,83,590688,185000,true,true
"merge","Random",5000,84,588960,184500,true,true
"merge","Random",5000,85,620320,194300,true,true
"merge","Random",5000,86,591232,185200,true,true
"merge","Random",5000,87,593408,186000,true,true
"merge","Random",5000,88,586624,183700,true,true
"merge","Random",5000,89,588288,184200,true,true
"merge","Random",5000,90,626400,196200,true,true
"merge","Random",5000,91,593120,185900,true,true
"merge","Random",5000,92,588352,184200,true,true
"merge","Random",5000,93,585728,183400,true,true
"merge","Random",5000,94,585184,183200,true,true
"merge","Random",5000,95,620736,194500,true,true
"merge","Random",5000,96,589728,184700,true,true
"merge","Random",5000,97,590912,185100,true,true
"merge","Random",5000,98,590048,184800,true,true
"merge","Random",5000,99,596992,186900,true,true
"quicksort","Random",5000,0,610400,191200,true,true
"quicksort","Random",5000,1,566752,177500,true,true
"quicksort","Random",5000,2,590688,185000,true,true
"quicksort","Random",5000,3,587264,184000,true,true
"quicksort","Random",5000,4,595840,186700,true,true
"quicksort","Random",5000,5,579168,181400,true,true
"quicksort","Random",5000,6,606688,190000,true,true
"quicksort","Random",5000,7,595392,186600,true,true
"quicksort","Random",5000,8,586432,183700,true,true
"quicksort","Random",5000,9,580416,181800,true,true
"quicksort","Random",5000,10,571808,179100,true,true
"quicksort","Random",5000,11,621312,194600,true,true
"quicksort","Random",5000,12,579232,181400,true,true
"quicksort","Random",5000,13,586464,183700,true,true
"quicksort","Random",5000,14,567904,177900,true,true
"quicksort","Random",5000,15,583840,182900,true,true
"quicksort","Random",5000,16,612896,192000,true,true
"quicksort","Random",5000,17,576672,180700,true,true
"quicksort","Random",5000,18,587904,184100,true,true
"quicksort","Random",5000,19,583616,182900,true,true
"quicksort","Random",5000,20,583872,182800,true,true
"quicksort","Random",5000,21,610016,191100,true,true
"quicksort","Random",5000,22,580160,181800,true,true
"quicksort","Random",5000,23,578656,181300,true,true
"quicksort","Random",5000,24,580480,181800,true,true
"quicksort","Random",5000,25,572768,179400,true,true
"quicksort","Random",5000,26,622368,195000,true,true
"quicksort","Random",5000,27,581760,182200,true,true
"quicksort","Random",5000,28,579776,181600,true,true
"quicksort","Random",5000,29,579104,181600,true,true
"quicksort","Random",5000,30,575552,180400,true,true
"quicksort","Random",5000,31,627104,196400,true,true
"quicksort","Random",5000,32,583328,182700,true,true
"quicksort","Random",5000,33,574912,180100,true,true
"quicksort","Random",5000,34,584864,183200,true,true
"quicksort","Random",5000,35,585344,183300,true,true
"quicksort","Random",5000,36,608352,190500,true,true
"quicksort","Random",5000,37,561952,176000,true,true
"quicksort","Random",5000,38,587104,183900,true,true
"quicksort","Random",5000,39,572064,179200,true,true
"quicksort","Random",5000,40,582944,182600,true,true
"quicksort","Random",5000,41,594752,186300,true,true
"quicksort","Random",5000,42,627008,196400,true,true
"quicksort","Random",5000,43,581344,182100,true,true
"quicksort","Random",5000,44,587168,183900,true,true
"quicksort","Random",5000,45,574592,180000,true,true
"quicksort","Random",5000,46,582144,182300,true,true
"quicksort","Random",5000,47,623232,195200,true,true
"quicksort","Random",5000,48,578240,181100,true,true
"quicksort","Random",5000,49,567488,177700,true,true
"quicksort","Random",5000,50,582048,182300,true,true
"quicksort","Random",5000,51,571840,179100,true,true
"quicksort","Random",5000,52,607296,190400,true,true
"quicksort","Random",5000,53,588640,184300,true,true
"quicksort","Random",5000,54,594400,186200,true,true
"quicksort","Random",5000,55,575072,180100,true,true
"quicksort","Random",5000,56,589728,184700,true,true
"quicksort","Random",5000,57,611296,191500,true,true
"quicksort","Random",5000,58,580832,182000,true,true
"quicksort","Random",5000,59,581952,182300,true,true
"quicksort","Random",5000,60,583456,182800,true,true
"quicksort","Random",5000,61,581440,182100,true,true
"quicksort","Random",5000,62,614944,192600,true,true
"quicksort","Random",5000,63,579424,181500,true,true
"quicksort","Random",5000,64,592704,185700,true,true
"quicksort","Random",5000,65,583520,182800,true,true
"quicksort","Random",5000,66,585472,183400,true,true
"quicksort","Random",5000,67,617824,193500,true,true
"quicksort","Random",5000,68,583968,182900,true,true
"quicksort","Random",5000,69,582784,182500,true,true
"quicksort","Random",5000,70,582272,182400,true,true
"quicksort","Random",5000,71,577408,180900,true,true
"quicksort","Random",5000,72,571424,179000,true,true
"quicksort","Random",5000,73,670560,210100,true,true
"quicksort","Random",5000,74,580000,181700,true,true
"quicksort","Random",5000,75,584000,183000,true,true
"quicksort","Random",5000,76,588128,184200,true,true
"quicksort","Random",5000,77,576096,180500,true,true
"quicksort","Random",5000,78,573440,179700,true,true
"quicksort","Random",5000,79,586976,183800,true,true
"quicksort","Random",5000,80,590016,184800,true,true
"quicksort","Random",5000,81,3891360,1218900,true,true
"quicksort","Random",5000,82,1371648,429700,true,true
"quicksort","Random",5000,83,650880,203900,true,true
"quicksort","Random",5000,84,616480,193200,true,true
"quicksort","Random",5000,85,644352,201800,true,true
"quicksort","Random",5000,86,611136,191400,true,true
"quicksort","Random",5000,87,624480,195600,true,true
"quicksort","Random",5000,88,611968,191800,true,true
"quicksort","Random",5000,89,617088,193300,true,true
"quicksort","Random",5000,90,646816,202600,true,true
"quicksort","Random",5000,91,616928,193300,true,true
"quicksort","Random",5000,92,621280,194600,true,true
"quicksort","Random",5000,93,606112,189900,true,true
"quicksort","Random",5000,94,647520,202800,true,true
"quicksort","Random",5000,95,602784,188800,true,true
"quicksort","Random",5000,96,619680,194100,true,true
"quicksort","Random",5000,97,617376,193500,true,true
"quicksort","Random",5000,98,612928,192000,true,true
"quicksort","Random",5000,99,643744,201700,true,true
"heap","Random",5000,0,760800,238300,true,true
"heap","Random",5000,1,730144,228700,true,true
"heap","Random",5000,2,732256,229400,true,true
"heap","Random",5000,3,730336,228700,true,true
"heap","Random",5000,4,756384,237000,true,true
"heap","Random",5000,5,730176,228700,true,true
"heap","Random",5000,6,729920,228500,true,true
"heap","Random",5000,7,734400,230000,true,true
"heap","Random",5000,8,757888,237400,true,true
"heap","Random",5000,9,732448,229400,true,true
"heap","Random",5000,10,730144,228600,true,true
"heap","Random",5000,11,730176,228600,true,true
"heap","Random",5000,12,759008,237700,true,true
"heap","Random",5000,13,730784,228900,true,true
"heap","Random",5000,14,737632,231000,true,true
"heap","Random",5000,15,731584,229200,true,true
"heap","Random",5000,16,771008,241500,true,true
"heap","Random",5000,17,743232,232800,true,true
"heap","Random",5000,18,732512,229400,true,true
"heap","Random",5000,19,729696,228500,true,true
"heap","Random",5000,20,729344,228400,true,true
"heap","Random",5000,21,774624,242600,true,true
"heap","Random",5000,22,730272,228700,true,true
"heap","Random",5000,23,731840,229200,true,true
"heap","Random",5000,24,730656,228800,true,true
"heap","Random",5000,25,756064,236800,true,true
"heap","Random",5000,26,734080,229900,true,true
"heap","Random",5000,27,732416,229400,true,true
"heap","Random",5000,28,732672,229400,true,true
"heap","Random",5000,29,767232,240300,true,true
"heap","Random",5000,30,732160,229300,true,true
"heap","Random",5000,31,732896,229500,true,true
"heap","Random",5000,32,732448,229400,true,true
"heap","Random",5000,33,759904,238200,true,true
"heap","Random",5000,34,735712,230500,true,true
"heap","Random",5000,35,729568,228400,true,true
"heap","Random",5000,36,738464,231300,true,true
"heap","Random",5000,37,761696,238600,true,true
"heap","Random",5000,38,735328,230400,true,true
"heap","Random",5000,39,731328,229000,true,true
"heap","Random",5000,40,733184,229700,true,true
"heap","Random",5000,41,760832,238300,true,true
"heap","Random",5000,42,733024,229600,true,true
"heap","Random",5000,43,741792,232400,true,true
"heap","Random",5000,44,726272,227500,true,true
"heap","Random",5000,45,764288,239400,true,true
"heap","Random",5000,46,731264,229000,true,true
"heap","Random",5000,47,727168,227700,true,true
"heap","Random",5000,48,725344,227200,true,true
"heap","Random",5000,49,751968,235500,true,true
"heap","Random",5000,50,726656,227600,true,true
"heap","Random",5000,51,731200,229000,true,true
"heap","Random",5000,52,724736,227000,true,true
"heap","Random",5000,53,739808,231700,true,true
"heap","Random",5000,54,758592,237600,true,true
"heap","Random",5000,55,726368,227400,true,true
"heap","Random",5000,56,727296,227700,true,true
"heap","Random",5000,57,729632,228500,true,true
"heap","Random",5000,58,753472,235900,true,true
"heap","Random",5000,59,722528,226200,true,true
"heap","Random",5000,60,730592,228800,true,true
"heap","Random",5000,61,728864,228300,true,true
"heap","Random",5000,62,754592,236300,true,true
"heap","Random",5000,63,725504,227300,true,true
"heap","Random",5000,64,727168,227700,true,true
"heap","Random",5000,65,729216,228400,true,true
"heap","Random",5000,66,751872,235500,true,true
"heap","Random",5000,67,738912,231400,true,true
"heap","Random",5000,68,729120,228400,true,true
"heap","Random",5000,69,728832,228200,true,true
"heap","Random",5000,70,756288,236800,true,true
"heap","Random",5000,71,725600,227300,true,true
"heap","Random",5000,72,727168,227800,true,true
"heap","Random",5000,73,724064,226800,true,true
"heap","Random",5000,74,756736,237000,true,true
"heap","Random",5000,75,727616,227900,true,true
"heap","Random",5000,76,737408,230900,true,true
"heap","Random",5000,77,726976,227700,true,true
"heap","Random",5000,78,724224,226800,true,true
"heap","Random",5000,79,753440,236000,true,true
"heap","Random",5000,80,728576,228200,true,true
"heap","Random",5000,81,777312,243500,true,true
"heap","Random",5000,82,725952,227400,true,true
"heap","Random",5000,83,753824,236100,true,true
"heap","Random",5000,84,736096,230500,true,true
"heap","Random",5000,85,723424,226500,true,true
"heap","Random",5000,86,723200,226500,true,true
"heap","Random",5000,87,752992,235800,true,true
"heap","Random",5000,88,727616,227900,true,true
"heap","Random",5000,89,723104,226500,true,true
"heap","Random",5000,90,727680,227900,true,true
"heap","Random",5000,91,753024,235800,true,true
"heap","Random",5000,92,736192,230500,true,true
"heap","Random",5000,93,725152,227100,true,true
"heap","Random",5000,94,730656,228900,true,true
"heap","Random",5000,95,758912,237700,true,true
"heap","Random",5000,96,731808,229200,true,true
"heap","Random",5000,97,727744,227900,true,true
"heap","Random",5000,98,729472,228500,true,true
"heap","Random",5000,99,759488,237900,true,true
"std-sort","Random",5000,0,447488,140200,true,true
"std-sort","Random",5000,1,441920,138400,true,true
"std-sort","Random",5000,2,431424,135100,true,true
"std-sort","Random",5000,3,430592,134900,true,true
"std-sort","Random",5000,4,442144,138400,true,true
"std-sort","Random",5000,5,433600,135800,true,true
"std-sort","Random",5000,6,471552,147700,true,true
"std-sort","Random",5000,7,451360,141400,true,true
"std-sort","Random",5000,8,425856,133400,true,true
"std-sort","Random",5000,9,438240,137200,true,true
"std-sort","Random",5000,10,431232,135000,true,true
"std-sort","Random",5000,11,441440,138300,true,true
"std-sort","Random",5000,12,437984,137200,true,true
"std-sort","Random",5000,13,468608,146900,true,true
"std-sort","Random",5000,14,441792,138300,true,true
"std-sort","Random",5000,15,436160,136600,true,true
"std-sort","Random",5000,16,431008,135000,true,true
"std-sort","Random",5000,17,446720,139900,true,true
"std-sort","Random",5000,18,437184,136900,true,true
"std-sort","Random",5000,19,437920,137200,true,true
"std-sort","Random",5000,20,452160,141600,true,true
"std-sort","Random",5000,21,434624,136200,true,true
"std-sort","Random",5000,22,446400,139800,true,true
"std-sort","Random",5000,23,430688,134900,true,true
"std-sort","Random",5000,24,438240,137300,true,true
"std-sort","Random",5000,25,428864,134300,true,true
"std-sort","Random",5000,26,462432,144900,true,true
"std-sort","Random",5000,27,432896,135600,true,true
"std-sort","Random",5000,28,428416,134200,true,true
"std-sort","Random",5000,29,440192,137900,true,true
"std-sort","Random",5000,30,438688,137400,true,true
"std-sort","Random",5000,31,437920,137100,true,true
"std-sort","Random",5000,32,454336,142300,true,true
"std-sort","Random",5000,33,468640,146800,true,true
"std-sort","Random",5000,34,432960,135600,true,true
"std-sort","Random",5000,35,440320,137900,true,true
"std-sort","Random",5000,36,436320,136700,true,true
"std-sort","Random",5000,37,429472,134500,true,true
"std-sort","Random",5000,38,438336,137300,true,true
"std-sort","Random",5000,39,439232,137500,true,true
"std-sort","Random",5000,40,471776,147800,true,true
"std-sort","Random",5000,41,433376,135700,true,true
"std-sort","Random",5000,42,431968,135300,true,true
"std-sort","Random",5000,43,424128,132800,true,true
"std-sort","Random",5000,44,439104,137600,true,true
"std-sort","Random",5000,45,428128,134100,true,true
"std-sort","Random",5000,46,469664,147100,true,true
"std-sort","Random",5000,47,435072,136300,true,true
"std-sort","Random",5000,48,448128,140400,true,true
"std-sort","Random",5000,49,448576,140500,true,true
"std-sort","Random",5000,50,436928,136900,true,true
"std-sort","Random",5000,51,438336,137300,true,true
"std-sort","Random",5000,52,435296,136300,true,true
"std-sort","Random",5000,53,459296,143900,true,true
"std-sort","Random",5000,54,433792,135900,true,true
"std-sort","Random",5000,55,434912,136200,true,true
"std-sort","Random",5000,56,444288,139200,true,true
"std-sort","Random",5000,57,436544,136800,true,true
"std-sort","Random",5000,58,427328,133800,true,true
"std-sort","Random",5000,59,508800,159600,true,true
"std-sort","Random",5000,60,492096,154300,true,true
"std-sort","Random",5000,61,443520,139000,true,true
"std-sort","Random",5000,62,428224,134100,true,true
"std-sort","Random",5000,63,444320,139200,true,true
"std-sort","Random",5000,64,433184,135700,true,true
"std-sort","Random",5000,65,437344,137000,true,true
"std-sort","Random",5000,66,465792,145900,true,true
"std-sort","Random",5000,67,437952,137200,true,true
"std-sort","Random",5000,68,420672,131800,true,true
"std-sort","Random",5000,69,435136,136300,true,true
"std-sort","Random",5000,70,430016,134700,true,true
"std-sort","Random",5000,71,430528,134800,true,true
"std-sort","Random",5000,72,438816,137400,true,true
"std-sort","Random",5000,73,465056,145700,true,true
"std-sort","Random",5000,74,425376,133300,true,true
"std-sort","Random",5000,75,429824,134600,true,true
"std-sort","Random",5000,76,429184,134400,true,true
"std-sort","Random",5000,77,437824,137200,true,true
"std-sort","Random",5000,78,439136,137500,true,true
"std-sort","Random",5000,79,423904,132800,true,true
"std-sort","Random",5000,80,458656,143700,true,true
"std-sort","Random",5000,81,433440,135700,true,true
"std-sort","Random",5000,82,431264,135100,true,true
"std-sort","Random",5000,83,429056,134400,true,true
"std-sort","Random",5000,84,435936,136600,true,true
"std-sort","Random",5000,85,432928,135600,true,true
"std-sort","Random",5000,86,431424,135100,true,true
"std-sort","Random",5000,87,470752,147600,true,true
"std-sort","Random",5000,88,433408,135700,true,true
"std-sort","Random",5000,89,437184,136900,true,true
"std-sort","Random",5000,90,436160,136600,true,true
"std-sort","Random",5000,91,428064,134100,true,true
"std-sort","Random",5000,92,431904,135300,true,true
"std-sort","Random",5000,93,428384,134200,true,true
"std-sort","Random",5000,94,432864,135600,true,true
"std-sort","Random",5000,95,434400,136100,true,true
"std-sort","Random",5000,96,431008,135000,true,true
"std-sort","Random",5000,97,418560,131100,true,true
"std-sort","Random",5000,98,419744,131500,true,true
"std-sort","Random",5000,99,450112,141000,true,true
"std-stable-sort","Random",5000,0,468672,146800,true,true
"std-stable-sort","Random",5000,1,472384,148000,true,true
"std-stable-sort","Random",5000,2,469792,147200,true,true
"std-stable-sort","Random",5000,3,480704,150500,true,true
"std-stable-sort","Random",5000,4,473376,148300,true,true
"std-stable-sort","Random",5000,5,498304,156100,true,true
"std-stable-sort","Random",5000,6,470912,147500,true,true
"std-stable-sort","Random",5000,7,470624,147500,true,true
"std-stable-sort","Random",5000,8,468480,146800,true,true
"std-stable-sort","Random",5000,9,469056,146900,true,true
"std-stable-sort","Random",5000,10,471392,147700,true,true
"std-stable-sort","Random",5000,11,469056,146900,true,true
"std-stable-sort","Random",5000,12,495104,155000,true,true
"std-stable-sort","Random",5000,13,470016,147200,true,true
"std-stable-sort","Random",5000,14,469184,146900,true,true
"std-stable-sort","Random",5000,15,479776,150200,true,true
"std-stable-sort","Random",5000,16,468640,146800,true,true
"std-stable-sort","Random",5000,17,468480,146700,true,true
"std-stable-sort","Random",5000,18,497312,155800,true,true
"std-stable-sort","Random",5000,19,466688,146200,true,true
"std-stable-sort","Random",5000,20,474432,148600,true,true
"std-stable-sort","Random",5000,21,470656,147400,true,true
"std-stable-sort","Random",5000,22,471680,147700,true,true
"std-stable-sort","Random",5000,23,468064,146600,true,true
"std-stable-sort","Random",5000,24,504160,157900,true,true
"std-stable-sort","Random",5000,25,470112,147200,true,true
"std-stable-sort","Random",5000,26,478336,149900,true,true
"std-stable-sort","Random",5000,27,470048,147300,true,true
"std-stable-sort","Random",5000,28,466752,146200,true,true
"std-stable-sort","Random",5000,29,469696,147100,true,true
"std-stable-sort","Random",5000,30,471840,147800,true,true
"std-stable-sort","Random",5000,31,469216,147000,true,true
"std-stable-sort","Random",5000,32,472128,147900,true,true
"std-stable-sort","Random",5000,33,471328,147700,true,true
"std-stable-sort","Random",5000,34,473888,148400,true,true
"std-stable-sort","Random",5000,35,474240,148600,true,true
"std-stable-sort","Random",5000,36,473760,148400,true,true
"std-stable-sort","Random",5000,37,505440,158400,true,true
"std-stable-sort","Random",5000,38,470240,147300,true,true
"std-stable-sort","Random",5000,39,467872,146500,true,true
"std-stable-sort","Random",5000,40,530592,166200,true,true
"std-stable-sort","Random",5000,41,471392,147600,true,true
"std-stable-sort","Random",5000,42,470176,147200,true,true
"std-stable-sort","Random",5000,43,499392,156500,true,true
"std-stable-sort","Random",5000,44,471904,147800,true,true
"std-stable-sort","Random",5000,45,468384,146700,true,true
"std-stable-sort","Random",5000,46,472096,147900,true,true
"std-stable-sort","Random",5000,47,472736,148100,true,true
"std-stable-sort","Random",5000,48,470624,147400,true,true
"std-stable-sort","Random",5000,49,496224,155400,true,true
"std-stable-sort","Random",5000,50,479040,150000,true,true
"std-stable-sort","Random",5000,51,465280,145700,true,true
"std-stable-sort","Random",5000,52,469344,147100,true,true
"std-stable-sort","Random",5000,53,471040,147500,true,true
"std-stable-sort","Random",5000,54,468672,146800,true,true
"std-stable-sort","Random",5000,55,496896,155700,true,true
"std-stable-sort","Random",5000,56,470080,147300,true,true
"std-stable-sort","Random",5000,57,466080,146000,true,true
"std-stable-sort","Random",5000,58,467104,146400,true,true
"std-stable-sort","Random",5000,59,469792,147100,true,true
"std-stable-sort","Random",5000,60,467392,146400,true,true
"std-stable-sort","Random",5000,61,473760,148400,true,true
"std-stable-sort","Random",5000,62,510496,159900,true,true
"std-stable-sort","Random",5000,63,468416,146700,true,true
"std-stable-sort","Random",5000,64,468640,146700,true,true
"std-stable-sort","Random",5000,65,465824,145900,true,true
"std-stable-sort","Random",5000,66,469280,147000,true,true
"std-stable-sort","Random",5000,67,469088,147000,true,true
"std-stable-sort","Random",5000,68,504032,157800,true,true
"std-stable-sort","Random",5000,69,470976,147600,true,true
"std-stable-sort","Random",5000,70,466208,146000,true,true
"std-stable-sort","Random",5000,71,465504,145800,true,true
"std-stable-sort","Random",5000,72,464800,145600,true,true
"std-stable-sort","Random",5000,73,474848,148700,true,true
"std-stable-sort","Random",5000,74,497728,156000,true,true
"std-stable-sort","Random",5000,75,471168,147600,true,true
"std-stable-sort","Random",5000,76,468480,146700,true,true
"std-stable-sort","Random",5000,77,467616,146500,true,true
"std-stable-sort","Random",5000,78,468096,146600,true,true
"std-stable-sort","Random",5000,79,466336,146000,true,true
"std-stable-sort","Random",5000,80,466944,146300,true,true
"std-stable-sort","Random",5000,81,498208,156100,true,true
"std-stable-sort","Random",5000,82,467840,146500,true,true
"std-stable-sort","Random",5000,83,469024,146900,true,true
"std-stable-sort","Random",5000,84,474688,148700,true,true
"std-stable-sort","Random",5000,85,468000,146600,true,true
"std-stable-sort","Random",5000,86,469536,147100,true,true
"std-stable-sort","Random",5000,87,496416,155500,true,true
"std-stable-sort","Random",5000,88,465152,145700,true,true
"std-stable-sort","Random",5000,89,462624,144900,true,true
"std-stable-sort","Random",5000,90,467744,146500,true,true
"std-stable-sort","Random",5000,91,469408,147000,true,true
"std-stable-sort","Random",5000,92,465696,145800,true,true
"std-stable-sort","Random",5000,93,497376,155800,true,true
"std-stable-sort","Random",5000,94,465888,145900,true,true
"std-stable-sort","Random",5000,95,475072,148900,true,true
"std-stable-sort","Random",5000,96,464896,145700,true,true
"std-stable-sort","Random",5000,97,469888,147200,true,true
"std-stable-sort","Random",5000,98,470016,147200,true,true
"std-stable-sort","Random",5000,99,466624,146100,true,true
"bubble","Random",10000,0,86113312,26963500,true,true
"bubble","Random",10000,1,86269632,27011800,true,true
"bubble","Random",10000,2,86484640,27079200,true,true
"bubble","Random",10000,3,86568800,27105600,true,true
"bubble","Random",10000,4,86360512,27040400,true,true
"bubble","Random",10000,5,86519456,27090200,true,true
"bubble","Random",10000,6,88203219,27618000,true,true
"bubble","Random",10000,7,85789920,26861600,true,true
"bubble","Random",10000,8,88447645,27694000,true,true
"bubble","Random",10000,9,85259712,26695700,true,true
"bubble","Random",10000,10,86104672,26960300,true,true
"bubble","Random",10000,11,85955232,26913500,true,true
"bubble","Random",10000,12,86346080,27036100,true,true
"bubble","Random",10000,13,85783296,26860100,true,true
"bubble","Random",10000,14,86382496,27047400,true,true
"bubble","Random",10000,15,86646048,27129700,true,true
"bubble","Random",10000,16,86470688,27074800,true,true
"bubble","Random",10000,17,86658656,27133800,true,true
"bubble","Random",10000,18,86449632,27068300,true,true
"bubble","Random",10000,19,86101696,26959300,true,true
"bubble","Random",10000,20,86096832,26957700,true,true
"bubble","Random",10000,21,86442112,27066000,true,true
"bubble","Random",10000,22,86209664,26993100,true,true
"bubble","Random",10000,23,86270304,27012000,true,true
"bubble","Random",10000,24,86220864,26996500,true,true
"bubble","Random",10000,25,89666016,28076300,true,true
"bubble","Random",10000,26,86211936,26993800,true,true
"bubble","Random",10000,27,86485152,27079400,true,true
"bubble","Random",10000,28,86343424,27035200,true,true
"bubble","Random",10000,29,86446816,27067400,true,true
"bubble","Random",10000,30,86546976,27098700,true,true
"bubble","Random",10000,31,86220000,26996500,true,true
"bubble","Random",10000,32,86009440,26931000,true,true
"bubble","Random",10000,33,86447904,27067900,true,true
"bubble","Random",10000,34,86596384,27114400,true,true
"bubble","Random",10000,35,86629024,27124400,true,true
"bubble","Random",10000,36,86696800,27145700,true,true
"bubble","Random",10000,37,86501984,27084600,true,true
"bubble","Random",10000,38,86622144,27122300,true,true
"bubble","Random",10000,39,86659584,27134100,true,true
"bubble","Random",10000,40,86565952,27104700,true,true
"bubble","Random",10000,41,86399872,27052600,true,true
"bubble","Random",10000,42,85828960,26874800,true,true
"bubble","Random",10000,43,86688352,27145000,true,true
"bubble","Random",10000,44,86457984,27070800,true,true
"bubble","Random",10000,45,86285280,27017100,true,true
"bubble","Random",10000,46,86384032,27047700,true,true
"bubble","Random",10000,47,86513088,27088400,true,true
"bubble","Random",10000,48,85715680,26838400,true,true
"bubble","Random",10000,49,86318336,27027200,true,true
"bubble","Random",10000,50,86563168,27104700,true,true
"bubble","Random",10000,51,86181680,26985000,true,true
"bubble","Random",10000,52,86541152,27096900,true,true
"bubble","Random",10000,53,86835840,27189200,true,true
"bubble","Random",10000,54,86329952,27030700,true,true
"bubble","Random",10000,55,86228672,26999000,true,true
"bubble","Random",10000,56,86604288,27116700,true,true
"bubble","Random",10000,57,86679936,27140300,true,true
"bubble","Random",10000,58,86415936,27057800,true,true
"bubble","Random",10000,59,86578400,27108600,true,true
"bubble","Random",10000,60,86712640,27150500,true,true
"bubble","Random",10000,61,86453088,27069400,true,true
"bubble","Random",10000,62,86355072,27038700,true,true
"bubble","Random",10000,63,87400544,27366700,true,true
"bubble","Random",10000,64,87141152,27285600,true,true
"bubble","Random",10000,65,86260448,27008900,true,true
"bubble","Random",10000,66,86526368,27092400,true,true
"bubble","Random",10000,67,89092032,27896000,true,true
"bubble","Random",10000,68,86763072,27166500,true,true
"bubble","Random",10000,69,86551456,27101200,true,true
"bubble","Random",10000,70,86895200,27207600,true,true
"bubble","Random",10000,71,86832256,27188300,true,true
"bubble","Random",10000,72,86608032,27118400,true,true
"bubble","Random",10000,73,86583808,27110200,true,true
"bubble","Random",10000,74,86819200,27183900,true,true
"bubble","Random",10000,75,87383520,27361400,true,true
"bubble","Random",10000,76,86404096,27054000,true,true
"bubble","Random",10000,77,85878272,26889900,true,true
"bubble","Random",10000,78,87056960,27258400,true,true
"bubble","Random",10000,79,86915712,27214200,true,true
"bubble","Random",10000,80,87418195,27372200,true,true
"bubble","Random",10000,81,85405600,26741300,true,true
"bubble","Random",10000,82,86046176,26942000,true,true
"bubble","Random",10000,83,86642944,27128900,true,true
"bubble","Random",10000,84,86236736,27001500,true,true
"bubble","Random",10000,85,86551104,27100000,true,true
"bubble","Random",10000,86,86876160,27202500,true,true
"bubble","Random",10000,87,87127245,27280700,true,true
"bubble","Random",10000,88,87882944,27517300,true,true
"bubble","Random",10000,89,86416768,27058000,true,true
"bubble","Random",10000,90,86608032,27117900,true,true
"bubble","Random",10000,91,86675520,27139100,true,true
"bubble","Random",10000,92,86681792,27140900,true,true
"bubble","Random",10000,93,86763968,27166800,true,true
"bubble","Random",10000,94,86629952,27125000,true,true
"bubble","Random",10000,95,92034496,28816800,true,true
"bubble","Random",10000,96,89312672,27965100,true,true
"bubble","Random",10000,97,89261408,27948800,true,true
"bubble","Random",10000,98,88384448,27674100,true,true
"bubble","Random",10000,99,87923776,27529800,true,true
"insertion","Random",10000,0,23410464,7330100,true,true
"insertion","Random",10000,1,23226432,7272800,true,true
"insertion","Random",10000,2,23083744,7227800,true,true
"insertion","Random",10000,3,23516352,7363700,true,true
"insertion","Random",10000,4,23295392,7294300,true,true
"insertion","Random",10000,5,23020608,7208000,true,true
"insertion","Random",10000,6,23240352,7277000,true,true
"insertion","Random",10000,7,23311200,7299000,true,true
"insertion","Random",10000,8,23145600,7247400,true,true
"insertion","Random",10000,9,23259456,7282800,true,true
"insertion","Random",10000,10,23390880,7323900,true,true
"insertion","Random",10000,11,23166080,7253600,true,true
"insertion","Random",10000,12,23182624,7258700,true,true
"insertion","Random",10000,13,23024640,7209300,true,true
"insertion","Random",10000,14,23171744,7255400,true,true
"insertion","Random",10000,15,23402080,7327400,true,true
"insertion","Random",10000,16,23015968,7206500,true,true
"insertion","Random",10000,17,22748992,7123200,true,true
"insertion","Random",10000,18,23078880,7226200,true,true
"insertion","Random",10000,19,23345440,7309700,true,true
"insertion","Random",10000,20,23106752,7235200,true,true
"insertion","Random",10000,21,23270592,7286300,true,true
"insertion","Random",10000,22,23167776,7254100,true,true
"insertion","Random",10000,23,23202720,7265100,true,true
"insertion","Random",10000,24,23617792,7395900,true,true
"insertion","Random",10000,25,22976832,7194500,true,true
"insertion","Random",10000,26,23157440,7251100,true,true
"insertion","Random",10000,27,23082688,7227400,true,true
"insertion","Random",10000,28,23230880,7274000,true,true
"insertion","Random",10000,29,23150880,7248800,true,true
"insertion","Random",10000,30,23017312,7207000,true,true
"insertion","Random",10000,31,23280192,7289300,true,true
"insertion","Random",10000,32,23280256,7289300,true,true
"insertion","Random",10000,33,23071744,7224000,true,true
"insertion","Random",10000,34,23205184,7265800,true,true
"insertion","Random",10000,35,23262336,7283700,true,true
"insertion","Random",10000,36,23026688,7209900,true,true
"insertion","Random",10000,37,23190880,7261300,true,true
"insertion","Random",10000,38,23088000,7229100,true,true
"insertion","Random",10000,39,23313216,7299800,true,true
"insertion","Random",10000,40,23154400,7250000,true,true
"insertion","Random",10000,41,23493536,7356300,true,true
"insertion","Random",10000,42,23178688,7257700,true,true
"insertion","Random",10000,43,25726303,8055800,true,true
"insertion","Random",10000,44,22433120,7024100,true,true
"insertion","Random",10000,45,22623040,7083600,true,true
"insertion","Random",10000,46,22582336,7070900,true,true
"insertion","Random",10000,47,22796032,7137700,true,true
"insertion","Random",10000,48,22917600,7175900,true,true
"insertion","Random",10000,49,23202944,7265100,true,true
"insertion","Random",10000,50,22905344,7172200,true,true
"insertion","Random",10000,51,22957504,7188200,true,true
"insertion","Random",10000,52,23146560,7247400,true,true
"insertion","Random",10000,53,22813696,7143300,true,true
"insertion","Random",10000,54,23345856,7309900,true,true
"insertion","Random",10000,55,23282848,7290200,true,true
"insertion","Random",10000,56,23483424,7353000,true,true
"insertion","Random",10000,57,22915520,7175100,true,true
"insertion","Random",10000,58,23125216,7240700,true,true
"insertion","Random",10000,59,23300288,7295600,true,true
"insertion","Random",10000,60,23002144,7202200,true,true
"insertion","Random",10000,61,23375840,7319300,true,true
"insertion","Random",10000,62,23082464,7227400,true,true
"insertion","Random",10000,63,23132768,7243300,true,true
"insertion","Random",10000,64,23832800,7462400,true,true
"insertion","Random",10000,65,23501024,7358900,true,true
"insertion","Random",10000,66,23149024,7248200,true,true
"insertion","Random",10000,67,23237440,7275900,true,true
"insertion","Random",10000,68,23429952,7336300,true,true
"insertion","Random",10000,69,23255520,7281600,true,true
"insertion","Random",10000,70,23060640,7220600,true,true
"insertion","Random",10000,71,23118304,7238700,true,true
"insertion","Random",10000,72,23273728,7287400,true,true
"insertion","Random",10000,73,22793472,7137100,true,true
"insertion","Random",10000,74,23503168,7359500,true,true
"insertion","Random",10000,75,22811904,7142800,true,true
"insertion","Random",10000,76,23667840,7411000,true,true
"insertion","Random",10000,77,23397536,7326100,true,true
"insertion","Random",10000,78,23304512,7296900,true,true
"insertion","Random",10000,79,25387296,7949400,true,true
"insertion","Random",10000,80,23838464,7464500,true,true
"insertion","Random",10000,81,23247936,7279200,true,true
"insertion","Random",10000,82,23162336,7252600,true,true
"insertion","Random",10000,83,23377888,7320000,true,true
"insertion","Random",10000,84,22872032,7161500,true,true
"insertion","Random",10000,85,23314464,7300200,true,true
"insertion","Random",10000,86,23080192,7227000,true,true
"insertion","Random",10000,87,22964064,7190300,true,true
"insertion","Random",10000,88,23297120,7294700,true,true
"insertion","Random",10000,89,23101408,7233400,true,true
"insertion","Random",10000,90,23483776,7353200,true,true
"insertion","Random",10000,91,23226912,7272700,true,true
"insertion","Random",10000,92,23050336,7217400,true,true
"insertion","Random",10000,93,23305216,7297100,true,true
"insertion","Random",10000,94,25421120,7960300,true,true
"insertion","Random",10000,95,24092896,7544000,true,true
"insertion","Random",10000,96,23500064,7358400,true,true
"insertion","Random",10000,97,23433120,7337300,true,true
"insertion","Random",10000,98,23537440,7369900,true,true
"insertion","Random",10000,99,23665440,7410000,true,true
"selection","Random",10000,0,48027295,15038800,true,true
"selection","Random",10000,1,45828544,14350700,true,true
"selection","Random",10000,2,45773152,14333100,true,true
"selection","Random",10000,3,45652992,14295000,true,true
"selection","Random",10000,4,45790880,14338400,true,true
"selection","Random",10000,5,45861216,14360300,true,true
"selection","Random",10000,6,45919008,14378100,true,true
"selection","Random",10000,7,45991584,14401100,true,true
"selection","Random",10000,8,45905216,14373500,true,true
"selection","Random",10000,9,46129376,14443600,true,true
"selection","Random",10000,10,47977344,15025000,true,true
"selection","Random",10000,11,48699264,15248900,true,true
"selection","Random",10000,12,45171200,14143700,true,true
"selection","Random",10000,13,46177376,14459400,true,true
"selection","Random",10000,14,46220352,14472200,true,true
"selection","Random",10000,15,45968256,14393200,true,true
"selection","Random",10000,16,46201632,14466900,true,true
"selection","Random",10000,17,51070432,15991700,true,true
"selection","Random",10000,18,46221440,14473600,true,true
"selection","Random",10000,19,45363584,14203900,true,true
"selection","Random",10000,20,46357344,14515800,true,true
"selection","Random",10000,21,45911872,14375500,true,true
"selection","Random",10000,22,46079232,14428200,true,true
"selection","Random",10000,23,45864256,14360700,true,true
"selection","Random",10000,24,50646176,15858500,true,true
"selection","Random",10000,25,45698560,14308700,true,true
"selection","Random",10000,26,46555808,14578200,true,true
"selection","Random",10000,27,45671232,14300600,true,true
"selection","Random",10000,28,45465856,14236300,true,true
"selection","Random",10000,29,45737536,14320900,true,true
"selection","Random",10000,30,46318944,14503100,true,true
"selection","Random",10000,31,47288129,14807500,true,true
"selection","Random",10000,32,48776960,15272500,true,true
"selection","Random",10000,33,44750368,14012000,true,true
"selection","Random",10000,34,44987872,14086400,true,true
"selection","Random",10000,35,44835456,14038600,true,true
"selection","Random",10000,36,44635136,13975700,true,true
"selection","Random",10000,37,44477696,13926600,true,true
"selection","Random",10000,38,48981312,15337000,true,true
"selection","Random",10000,39,44981152,14084400,true,true
"selection","Random",10000,40,44962016,14078600,true,true
"selection","Random",10000,41,45145792,14136100,true,true
"selection","Random",10000,42,45002528,14090800,true,true
"selection","Random",10000,43,49209632,15408200,true,true
"selection","Random",10000,44,45595584,14277100,true,true
"selection","Random",10000,45,44993088,14087900,true,true
"selection","Random",10000,46,44927392,14067300,true,true
"selection","Random",10000,47,44686880,13992000,true,true
"selection","Random",10000,48,44545824,13947800,true,true
"selection","Random",10000,49,44543968,13947300,true,true
"selection","Random",10000,50,44085664,13803700,true,true
"selection","Random",10000,51,44288320,13867300,true,true
"selection","Random",10000,52,43854720,13731500,true,true
"selection","Random",10000,53,43770400,13705200,true,true
"selection","Random",10000,54,43704128,13684200,true,true
"selection","Random",10000,55,43357088,13575600,true,true
"selection","Random",10000,56,49212224,15408900,true,true
"selection","Random",10000,57,45298816,14184000,true,true
"selection","Random",10000,58,45247488,14168800,true,true
"selection","Random",10000,59,45119232,14127800,true,true
"selection","Random",10000,60,45268352,14174400,true,true
"selection","Random",10000,61,45936480,14383200,true,true
"selection","Random",10000,62,46377206,14524000,true,true
"selection","Random",10000,63,44978560,14084000,true,true
"selection","Random",10000,64,45033376,14100700,true,true
"selection","Random",10000,65,45248000,14168900,true,true
"selection","Random",10000,66,45107616,14123900,true,true
"selection","Random",10000,67,47929920,15009600,true,true
"selection","Random",10000,68,45171776,14143900,true,true
"selection","Random",10000,69,45029440,14099500,true,true
"selection","Random",10000,70,45112544,14125700,true,true
"selection","Random",10000,71,45089568,14118800,true,true
"selection","Random",10000,72,45122368,14129300,true,true
"selection","Random",10000,73,46288928,14495900,true,true
"selection","Random",10000,74,45400480,14215800,true,true
"selection","Random",10000,75,44940416,14071400,true,true
"selection","Random",10000,76,45160960,14140600,true,true
"selection","Random",10000,77,45236544,14164000,true,true
"selection","Random",10000,78,44985760,14085500,true,true
"selection","Random",10000,79,50106912,15690000,true,true
"selection","Random",10000,80,44938496,14071200,true,true
"selection","Random",10000,81,45054784,14107500,true,true
"selection","Random",10000,82,44910400,14061900,true,true
"selection","Random",10000,83,45376832,14208400,true,true
"selection","Random",10000,84,44978944,14083400,true,true
"selection","Random",10000,85,44835104,14038300,true,true
"selection","Random",10000,86,44532064,13943400,true,true
"selection","Random",10000,87,44440000,13914600,true,true
"selection","Random",10000,88,44557920,13951500,true,true
"selection","Random",10000,89,44467360,13923900,true,true
"selection","Random",10000,90,44035168,13788000,true,true
"selection","Random",10000,91,47215551,14784400,true,true
"selection","Random",10000,92,44524416,13941100,true,true
"selection","Random",10000,93,49889504,15621500,true,true
"selection","Random",10000,94,45499424,14246400,true,true
"selection","Random",10000,95,46129024,14444900,true,true
"selection","Random",10000,96,45820832,14348000,true,true
"selection","Random",10000,97,45458112,14233500,true,true
"selection","Random",10000,98,45643040,14291500,true,true
"selection","Random",10000,99,45743744,14322900,true,true
"merge","Random",10000,0,1293472,405000,true,true
"merge","Random",10000,1,1315136,411800,true,true
"merge","Random",10000,2,1305856,408900,true,true
"merge","Random",10000,3,1316928,412400,true,true
"merge","Random",10000,4,1293504,405100,true,true
"merge","Random",10000,5,1283840,402100,true,true
"merge","Random",10000,6,1304224,408500,true,true
"merge","Random",10000,7,1320032,413300,true,true
"merge","Random",10000,8,1317248,412500,true,true
"merge","Random",10000,9,1288320,403400,true,true
"merge","Random",10000,10,1309056,409900,true,true
"merge","Random",10000,11,1309376,410100,true,true
"merge","Random",10000,12,1304672,408600,true,true
"merge","Random",10000,13,1330304,416600,true,true
"merge","Random",10000,14,1293600,405100,true,true
"merge","Random",10000,15,1321856,414000,true,true
"merge","Random",10000,16,1296736,406100,true,true
"merge","Random",10000,17,1313152,411200,true,true
"merge","Random",10000,18,1313280,411200,true,true
"merge","Random",10000,19,1287424,403200,true,true
"merge","Random",10000,20,1314240,411600,true,true
"merge","Random",10000,21,1285600,402600,true,true
"merge","Random",10000,22,1340512,419800,true,true
"merge","Random",10000,23,1427168,446900,true,true
"merge","Random",10000,24,1343008,420600,true,true
"merge","Random",10000,25,1381600,432700,true,true
"merge","Random",10000,26,1279328,400900,true,true
"merge","Random",10000,27,1310624,410500,true,true
"merge","Random",10000,28,1326368,415300,true,true
"merge","Random",10000,29,1339296,419500,true,true
"merge","Random",10000,30,1322848,414300,true,true
"merge","Random",10000,31,1339008,419400,true,true
"merge","Random",10000,32,1327264,415600,true,true
"merge","Random",10000,33,1337920,419000,true,true
"merge","Random",10000,34,1320128,413400,true,true
"merge","Random",10000,35,1304992,408700,true,true
"merge","Random",10000,36,1335968,418300,true,true
"merge","Random",10000,37,1319168,413100,true,true
"merge","Random",10000,38,1344128,420900,true,true
"merge","Random",10000,39,1292416,404700,true,true
"merge","Random",10000,40,1343232,420700,true,true
"merge","Random",10000,41,1271616,398200,true,true
"merge","Random",10000,42,1269440,397500,true,true
"merge","Random",10000,43,1341568,420100,true,true
"merge","Random",10000,44,1314720,411700,true,true
"merge","Random",10000,45,1392224,436000,true,true
"merge","Random",10000,46,1310848,410500,true,true
"merge","Random",10000,47,1364672,427400,true,true
"merge","Random",10000,48,1309408,410000,true,true
"merge","Random",10000,49,1371488,429500,true,true
"merge","Random",10000,50,1304608,408600,true,true
"merge","Random",10000,51,1301056,407400,true,true
"merge","Random",10000,52,1373408,430100,true,true
"merge","Random",10000,53,1307520,409500,true,true
"merge","Random",10000,54,1371104,429400,true,true
"merge","Random",10000,55,1303840,408300,true,true
"merge","Random",10000,56,1437024,450100,true,true
"merge","Random",10000,57,1299456,406900,true,true
"merge","Random",10000,58,1313472,411400,true,true
"merge","Random",10000,59,1412896,442500,true,true
"merge","Random",10000,60,1280832,401100,true,true
"merge","Random",10000,61,1388608,435000,true,true
"merge","Random",10000,62,1292192,404600,true,true
"merge","Random",10000,63,1343296,420700,true,true
"merge","Random",10000,64,1314208,411600,true,true
"merge","Random",10000,65,1309408,410200,true,true
"merge","Random",10000,66,1272512,398500,true,true
"merge","Random",10000,67,1273632,398800,true,true
"merge","Random",10000,68,1300640,407300,true,true
"merge","Random",10000,69,1273504,398800,true,true
"merge","Random",10000,70,1298880,406700,true,true
"merge","Random",10000,71,1271456,398100,true,true
"merge","Random",10000,72,1280096,400900,true,true
"merge","Random",10000,73,1302208,407800,true,true
"merge","Random",10000,74,1267744,397000,true,true
"merge","Random",10000,75,1293888,405200,true,true
"merge","Random",10000,76,1278432,400400,true,true
"merge","Random",10000,77,1296928,406200,true,true
"merge","Random",10000,78,1319968,413300,true,true
"merge","Random",10000,79,1307904,409600,true,true
"merge","Random",10000,80,1338688,419300,true,true
"merge","Random",10000,81,1306208,409100,true,true
"merge","Random",10000,82,1299808,407100,true,true
"merge","Random",10000,83,1266944,396800,true,true
"merge","Random",10000,84,1292544,404700,true,true
"merge","Random",10000,85,1267360,396900,true,true
"merge","Random",10000,86,1277856,400200,true,true
"merge","Random",10000,87,1303104,408100,true,true
"merge","Random",10000,88,1270624,397900,true,true
"merge","Random",10000,89,1300032,407100,true,true
"merge","Random",10000,90,1267808,397000,true,true
"merge","Random",10000,91,1299232,406800,true,true
"merge","Random",10000,92,1271808,398300,true,true
"merge","Random",10000,93,1270848,398000,true,true
"merge","Random",10000,94,1299872,407000,true,true
"merge","Random",10000,95,1277408,400000,true,true
"merge","Random",10000,96,1338400,419100,true,true
"merge","Random",10000,97,1253664,392600,true,true
"merge","Random",10000,98,1259488,394400,true,true
"merge","Random",10000,99,1266624,396600,true,true
"quicksort","Random",10000,0,1293248,405100,true,true
"quicksort","Random",10000,1,1279424,400700,true,true
"quicksort","Random",10000,2,1328064,415900,true,true
"quicksort","Random",10000,3,1244256,389700,true,true
"quicksort","Random",10000,4,1310080,410300,true,true
"quicksort","Random",10000,5,1262336,395300,true,true
"quicksort","Random",10000,6,1256736,393600,true,true
"quicksort","Random",10000,7,1379200,431900,true,true
"quicksort","Random",10000,8,1278912,400500,true,true
"quicksort","Random",10000,9,1326784,415500,true,true
"quicksort","Random",10000,10,1282656,401700,true,true
"quicksort","Random",10000,11,1301504,407600,true,true
"quicksort","Random",10000,12,1249632,391300,true,true
"quicksort","Random",10000,13,1271296,398200,true,true
"quicksort","Random",10000,14,1308864,409900,true,true
"quicksort","Random",10000,15,1290496,404100,true,true
"quicksort","Random",10000,16,1303744,408300,true,true
"quicksort","Random",10000,17,1258944,394300,true,true
"quicksort","Random",10000,18,1292032,404600,true,true
"quicksort","Random",10000,19,1336928,418700,true,true
"quicksort","Random",10000,20,1285952,402700,true,true
"quicksort","Random",10000,21,1380768,432800,true,true
"quicksort","Random",10000,22,1326112,415300,true,true
"quicksort","Random",10000,23,1346464,421700,true,true
"quicksort","Random",10000,24,1277216,400000,true,true
"quicksort","Random",10000,25,1309920,410200,true,true
"quicksort","Random",10000,26,1264288,395900,true,true
"quicksort","Random",10000,27,1265888,396400,true,true
"quicksort","Random",10000,28,1296288,406000,true,true
"quicksort","Random",10000,29,1289184,403800,true,true
"quicksort","Random",10000,30,1310912,410600,true,true
"quicksort","Random",10000,31,1259104,394300,true,true
"quicksort","Random",10000,32,1314592,411700,true,true
"quicksort","Random",10000,33,1288288,403700,true,true
"quicksort","Random",10000,34,1295776,405800,true,true
"quicksort","Random",10000,35,1317888,412800,true,true
"quicksort","Random",10000,36,1281696,401500,true,true
"quicksort","Random",10000,37,1308224,409800,true,true
"quicksort","Random",10000,38,1260544,395000,true,true
"quicksort","Random",10000,39,1322400,414100,true,true
"quicksort","Random",10000,40,1258176,394000,true,true
"quicksort","Random",10000,41,1256576,393500,true,true
"quicksort","Random",10000,42,1385536,433900,true,true
"quicksort","Random",10000,43,1285216,402500,true,true
"quicksort","Random",10000,44,1345632,421400,true,true
"quicksort","Random",10000,45,1281632,401400,true,true
"quicksort","Random",10000,46,1312672,411100,true,true
"quicksort","Random",10000,47,1258624,394100,true,true
"quicksort","Random",10000,48,1294240,405300,true,true
"quicksort","Random",10000,49,1330144,416600,true,true
"quicksort","Random",10000,50,1270496,397900,true,true
"quicksort","Random",10000,51,1291904,404600,true,true
"quicksort","Random",10000,52,1240064,388300,true,true
"quicksort","Random",10000,53,1292576,404900,true,true
"quicksort","Random",10000,54,1250816,391800,true,true
"quicksort","Random",10000,55,1269344,397500,true,true
"quicksort","Random",10000,56,1327904,415900,true,true
"quicksort","Random",10000,57,1263040,395500,true,true
"quicksort","Random",10000,58,1299232,406900,true,true
"quicksort","Random",10000,59,1255744,393300,true,true
"quicksort","Random",10000,60,1287648,403300,true,true
"quicksort","Random",10000,61,1355904,424600,true,true
"quicksort","Random",10000,62,1230880,385500,true,true
"quicksort","Random",10000,63,1306784,409200,true,true
"quicksort","Random",10000,64,1263584,395700,true,true
"quicksort","Random",10000,65,1301664,407600,true,true
"quicksort","Random",10000,66,1281376,401300,true,true
"quicksort","Random",10000,67,1261760,395100,true,true
"quicksort","Random",10000,68,1312640,411100,true,true
"quicksort","Random",10000,69,1245376,390000,true,true
"quicksort","Random",10000,70,1320544,413600,true,true
"quicksort","Random",10000,71,1274112,399000,true,true
"quicksort","Random",10000,72,1297376,406200,true,true
"quicksort","Random",10000,73,1272928,398700,true,true
"quicksort","Random",10000,74,1276288,399700,true,true
"quicksort","Random",10000,75,1300992,407400,true,true
"quicksort","Random",10000,76,1253440,392500,true,true
"quicksort","Random",10000,77,1303776,408400,true,true
"quicksort","Random",10000,78,1267616,397100,true,true
"quicksort","Random",10000,79,1304704,408600,true,true
"quicksort","Random",10000,80,1260288,394700,true,true
"quicksort","Random",10000,81,1273024,398600,true,true
"quicksort","Random",10000,82,1302304,407800,true,true
"quicksort","Random",10000,83,1292800,404800,true,true
"quicksort","Random",10000,84,1277920,400200,true,true
"quicksort","Random",10000,85,1278560,400500,true,true
"quicksort","Random",10000,86,1261664,395100,true,true
"quicksort","Random",10000,87,1305600,408900,true,true
"quicksort","Random",10000,88,1274048,399000,true,true
"quicksort","Random",10000,89,1282080,401500,true,true
"quicksort","Random",10000,90,1247936,390800,true,true
"quicksort","Random",10000,91,1286784,402900,true,true
"quicksort","Random",10000,92,1279648,400700,true,true
"quicksort","Random",10000,93,1272672,398500,true,true
"quicksort","Random",10000,94,1307840,409600,true,true
"quicksort","Random",10000,95,1261984,395200,true,true
"quicksort","Random",10000,96,1309152,409900,true,true
"quicksort","Random",10000,97,1255840,393300,true,true
"quicksort","Random",10000,98,1301792,407700,true,true
"quicksort","Random",10000,99,1271456,398200,true,true
"heap","Random",10000,0,1509792,472800,true,true
"heap","Random",10000,1,1556128,487300,true,true
"heap","Random",10000,2,1510336,472900,true,true
"heap","Random",10000,3,1537600,481500,true,true
"heap","Random",10000,4,1515072,474500,true,true
"heap","Random",10000,5,1544416,483600,true,true
"heap","Random",10000,6,1511936,473400,true,true
"heap","Random",10000,7,1537856,481600,true,true
"heap","Random",10000,8,1514464,474300,true,true
"heap","Random",10000,9,1563584,489700,true,true
"heap","Random",10000,10,1523840,477200,true,true
"heap","Random",10000,11,1566624,490600,true,true
"heap","Random",10000,12,1512352,473600,true,true
"heap","Random",10000,13,1565408,490500,true,true
"heap","Random",10000,14,1507360,472200,true,true
"heap","Random",10000,15,1538784,481900,true,true
"heap","Random",10000,16,1513984,474100,true,true
"heap","Random",10000,17,1534720,480600,true,true
"heap","Random",10000,18,1502784,470600,true,true
"heap","Random",10000,19,1532640,480000,true,true
"heap","Random",10000,20,1515168,474400,true,true
"heap","Random",10000,21,1535136,480700,true,true
"heap","Random",10000,22,1509184,472600,true,true
"heap","Random",10000,23,1526944,478200,true,true
"heap","Random",10000,24,1520480,476100,true,true
"heap","Random",10000,25,1533408,480200,true,true
"heap","Random",10000,26,1503008,470700,true,true
"heap","Random",10000,27,1527072,478200,true,true
"heap","Random",10000,28,1511488,473300,true,true
"heap","Random",10000,29,1530560,479300,true,true
"heap","Random",10000,30,1505280,471400,true,true
"heap","Random",10000,31,1534752,480600,true,true
"heap","Random",10000,32,1512160,473600,true,true
"heap","Random",10000,33,1532736,480000,true,true
"heap","Random",10000,34,1503200,470800,true,true
"heap","Random",10000,35,1530656,479400,true,true
"heap","Random",10000,36,1511104,473200,true,true
"heap","Random",10000,37,1531296,479700,true,true
"heap","Random",10000,38,1509504,472700,true,true
"heap","Random",10000,39,1534592,480500,true,true
"heap","Random",10000,40,1510656,473100,true,true
"heap","Random",10000,41,1527552,478300,true,true
"heap","Random",10000,42,1655264,518500,true,true
"heap","Random",10000,43,1548224,484900,true,true
"heap","Random",10000,44,1516896,475000,true,true
"heap","Random",10000,45,1544864,483800,true,true
"heap","Random",10000,46,1501440,470200,true,true
"heap","Random",10000,47,1547328,484600,true,true
"heap","Random",10000,48,1516704,475000,true,true
"heap","Random",10000,49,1538656,481800,true,true
"heap","Random",10000,50,1501408,470200,true,true
"heap","Random",10000,51,1539680,482200,true,true
"heap","Random",10000,52,1514944,474400,true,true
"heap","Random",10000,53,1528512,478700,true,true
"heap","Random",10000,54,1504256,471100,true,true
"heap","Random",10000,55,1533216,480200,true,true
"heap","Random",10000,56,1515680,474700,true,true
"heap","Random",10000,57,1532512,479900,true,true
"heap","Random",10000,58,1503680,470900,true,true
"heap","Random",10000,59,1540000,482200,true,true
"heap","Random",10000,60,1504160,471000,true,true
"heap","Random",10000,61,1530208,479100,true,true
"heap","Random",10000,62,1501600,470300,true,true
"heap","Random",10000,63,1541408,482700,true,true
"heap","Random",10000,64,1501088,470000,true,true
"heap","Random",10000,65,1533792,480400,true,true
"heap","Random",10000,66,1505792,471500,true,true
"heap","Random",10000,67,1527392,478300,true,true
"heap","Random",10000,68,1508192,472300,true,true
"heap","Random",10000,69,1536544,481100,true,true
"heap","Random",10000,70,1512576,473600,true,true
"heap","Random",10000,71,1535616,480900,true,true
"heap","Random",10000,72,1511360,473300,true,true
"heap","Random",10000,73,1525216,477600,true,true
"heap","Random",10000,74,1556096,487300,true,true
"heap","Random",10000,75,1528576,478600,true,true
"heap","Random",10000,76,1497024,468900,true,true
"heap","Random",10000,77,1542912,483300,true,true
"heap","Random",10000,78,1508832,472500,true,true
"heap","Random",10000,79,1529664,479000,true,true
"heap","Random",10000,80,1519072,476000,true,true
"heap","Random",10000,81,1527872,478500,true,true
"heap","Random",10000,82,1570944,491900,true,true
"heap","Random",10000,83,1593088,498900,true,true
"heap","Random",10000,84,1487616,466000,true,true
"heap","Random",10000,85,1554752,486900,true,true
"heap","Random",10000,86,1504224,471000,true,true
"heap","Random",10000,87,1546432,484300,true,true
"heap","Random",10000,88,1494784,468100,true,true
"heap","Random",10000,89,1612160,504900,true,true
"heap","Random",10000,90,1504288,471100,true,true
"heap","Random",10000,91,1542784,483100,true,true
"heap","Random",10000,92,1497664,469100,true,true
"heap","Random",10000,93,1538048,481600,true,true
"heap","Random",10000,94,1505760,471600,true,true
"heap","Random",10000,95,1539872,482200,true,true
"heap","Random",10000,96,1497056,468800,true,true
"heap","Random",10000,97,1541152,482600,true,true
"heap","Random",10000,98,1511424,473300,true,true
"heap","Random",10000,99,1543168,483200,true,true
"std-sort","Random",10000,0,904512,283300,true,true
"std-sort","Random",10000,1,902720,282700,true,true
"std-sort","Random",10000,2,975424,305600,true,true
"std-sort","Random",10000,3,923936,289400,true,true
"std-sort","Random",10000,4,894176,280000,true,true
"std-sort","Random",10000,5,958144,300100,true,true
"std-sort","Random",10000,6,926016,290000,true,true
"std-sort","Random",10000,7,933440,292400,true,true
"std-sort","Random",10000,8,926336,290300,true,true
"std-sort","Random",10000,9,911712,285500,true,true
"std-sort","Random",10000,10,888416,278200,true,true
"std-sort","Random",10000,11,926432,290200,true,true
"std-sort","Random",10000,12,878112,275000,true,true
"std-sort","Random",10000,13,930048,291600,true,true
"std-sort","Random",10000,14,894912,280200,true,true
"std-sort","Random",10000,15,914816,286500,true,true
"std-sort","Random",10000,16,901888,282400,true,true
"std-sort","Random",10000,17,901728,282400,true,true
"std-sort","Random",10000,18,946944,296600,true,true
"std-sort","Random",10000,19,935232,292900,true,true
"std-sort","Random",10000,20,921088,288400,true,true
"std-sort","Random",10000,21,954784,299000,true,true
"std-sort","Random",10000,22,909440,284800,true,true
"std-sort","Random",10000,23,897824,281200,true,true
"std-sort","Random",10000,24,936064,293200,true,true
"std-sort","Random",10000,25,916256,287000,true,true
"std-sort","Random",10000,26,927584,290500,true,true
"std-sort","Random",10000,27,925376,289800,true,true
"std-sort","Random",10000,28,906048,283800,true,true
"std-sort","Random",10000,29,926208,290100,true,true
"std-sort","Random",10000,30,913664,286200,true,true
"std-sort","Random",10000,31,928640,290800,true,true
"std-sort","Random",10000,32,898336,281300,true,true
"std-sort","Random",10000,33,888512,278200,true,true
"std-sort","Random",10000,34,949152,297200,true,true
"std-sort","Random",10000,35,897472,281100,true,true
"std-sort","Random",10000,36,916224,286900,true,true
"std-sort","Random",10000,37,945024,296000,true,true
"std-sort","Random",10000,38,894752,280200,true,true
"std-sort","Random",10000,39,933472,292300,true,true
"std-sort","Random",10000,40,941504,294900,true,true
"std-sort","Random",10000,41,908640,284600,true,true
"std-sort","Random",10000,42,910880,285300,true,true
"std-sort","Random",10000,43,896032,280600,true,true
"std-sort","Random",10000,44,934400,292600,true,true
"std-sort","Random",10000,45,958848,300300,true,true
"std-sort","Random",10000,46,910496,285100,true,true
"std-sort","Random",10000,47,926080,290000,true,true
"std-sort","Random",10000,48,914400,286300,true,true
"std-sort","Random",10000,49,911584,285600,true,true
"std-sort","Random",10000,50,935040,292800,true,true
"std-sort","Random",10000,51,904384,283300,true,true
"std-sort","Random",10000,52,941760,294900,true,true
"std-sort","Random",10000,53,935712,293100,true,true
"std-sort","Random",10000,54,893824,279900,true,true
"std-sort","Random",10000,55,907968,284300,true,true
"std-sort","Random",10000,56,922816,289000,true,true
"std-sort","Random",10000,57,949280,297300,true,true
"std-sort","Random",10000,58,926624,290200,true,true
"std-sort","Random",10000,59,919584,288000,true,true
"std-sort","Random",10000,60,943328,295500,true,true
"std-sort","Random",10000,61,931200,291700,true,true
"std-sort","Random",10000,62,896192,280600,true,true
"std-sort","Random",10000,63,938336,293800,true,true
"std-sort","Random",10000,64,927840,290600,true,true
"std-sort","Random",10000,65,897792,281200,true,true
"std-sort","Random",10000,66,940544,294500,true,true
"std-sort","Random",10000,67,899840,281800,true,true
"std-sort","Random",10000,68,916352,286900,true,true
"std-sort","Random",10000,69,926208,290100,true,true
"std-sort","Random",10000,70,929184,291000,true,true
"std-sort","Random",10000,71,924864,289600,true,true
"std-sort","Random",10000,72,877152,274700,true,true
"std-sort","Random",10000,73,943104,295400,true,true
"std-sort","Random",10000,74,909760,285000,true,true
"std-sort","Random",10000,75,906912,284000,true,true
"std-sort","Random",10000,76,941888,295000,true,true
"std-sort","Random",10000,77,919296,287900,true,true
"std-sort","Random",10000,78,893792,279900,true,true
"std-sort","Random",10000,79,932320,292000,true,true
"std-sort","Random",10000,80,913088,286000,true,true
"std-sort","Random",10000,81,906400,283800,true,true
"std-sort","Random",10000,82,894016,280000,true,true
"std-sort","Random",10000,83,938080,293800,true,true
"std-sort","Random",10000,84,892096,279400,true,true
"std-sort","Random",10000,85,905216,283500,true,true
"std-sort","Random",10000,86,927776,290600,true,true
"std-sort","Random",10000,87,899840,281800,true,true
"std-sort","Random",10000,88,892096,279300,true,true
"std-sort","Random",10000,89,935264,292900,true,true
"std-sort","Random",10000,90,922272,288800,true,true
"std-sort","Random",10000,91,915200,286700,true,true
"std-sort","Random",10000,92,913888,286200,true,true
"std-sort","Random",10000,93,924416,289500,true,true
"std-sort","Random",10000,94,909568,284900,true,true
"std-sort","Random",10000,95,883168,276600,true,true
"std-sort","Random",10000,96,935200,292900,true,true
"std-sort","Random",10000,97,883328,276600,true,true
"std-sort","Random",10000,98,895616,280400,true,true
"std-sort","Random",10000,99,950656,297700,true,true
"std-stable-sort","Random",10000,0,1018400,318900,true,true
"std-stable-sort","Random",10000,1,985568,308700,true,true
"std-stable-sort","Random",10000,2,979744,306800,true,true
"std-stable-sort","Random",10000,3,1010432,316500,true,true
"std-stable-sort","Random",10000,4,979168,306600,true,true
"std-stable-sort","Random",10000,5,992960,310900,true,true
"std-stable-sort","Random",10000,6,1015104,317900,true,true
"std-stable-sort","Random",10000,7,980384,307100,true,true
"std-stable-sort","Random",10000,8,983648,308000,true,true
"std-stable-sort","Random",10000,9,1003936,314400,true,true
"std-stable-sort","Random",10000,10,983744,308100,true,true
"std-stable-sort","Random",10000,11,990624,310200,true,true
"std-stable-sort","Random",10000,12,1014272,318000,true,true
"std-stable-sort","Random",10000,13,987904,309400,true,true
"std-stable-sort","Random",10000,14,986016,308800,true,true
"std-stable-sort","Random",10000,15,1013984,317600,true,true
"std-stable-sort","Random",10000,16,988864,309700,true,true
"std-stable-sort","Random",10000,17,976864,305900,true,true
"std-stable-sort","Random",10000,18,1009984,316400,true,true
"std-stable-sort","Random",10000,19,980512,307000,true,true
"std-stable-sort","Random",10000,20,996096,312000,true,true
"std-stable-sort","Random",10000,21,1017376,318600,true,true
"std-stable-sort","Random",10000,22,990528,310200,true,true
"std-stable-sort","Random",10000,23,994464,311500,true,true
"std-stable-sort","Random",10000,24,1007584,315500,true,true
"std-stable-sort","Random",10000,25,980480,307000,true,true
"std-stable-sort","Random",10000,26,979392,306700,true,true
"std-stable-sort","Random",10000,27,978112,306300,true,true
"std-stable-sort","Random",10000,28,998624,312700,true,true
"std-stable-sort","Random",10000,29,988064,309400,true,true
"std-stable-sort","Random",10000,30,991008,310300,true,true
"std-stable-sort","Random",10000,31,980384,307000,true,true
"std-stable-sort","Random",10000,32,981984,307500,true,true
"std-stable-sort","Random",10000,33,989760,310000,true,true
"std-stable-sort","Random",10000,34,1069376,335000,true,true
"std-stable-sort","Random",10000,35,1048544,328600,true,true
"std-stable-sort","Random",10000,36,1064288,333300,true,true
"std-stable-sort","Random",10000,37,988736,309600,true,true
"std-stable-sort","Random",10000,38,978592,306600,true,true
"std-stable-sort","Random",10000,39,1012480,317400,true,true
"std-stable-sort","Random",10000,40,1077248,337400,true,true
"std-stable-sort","Random",10000,41,993088,311100,true,true
"std-stable-sort","Random",10000,42,1033312,323700,true,true
"std-stable-sort","Random",10000,43,1023776,320600,true,true
"std-stable-sort","Random",10000,44,983872,308100,true,true
"std-stable-sort","Random",10000,45,1015424,318000,true,true
"std-stable-sort","Random",10000,46,1001664,313600,true,true
"std-stable-sort","Random",10000,47,988832,309700,true,true
"std-stable-sort","Random",10000,48,1017376,318700,true,true
"std-stable-sort","Random",10000,49,995232,311700,true,true
"std-stable-sort","Random",10000,50,982880,307800,true,true
"std-stable-sort","Random",10000,51,1014112,317600,true,true
"std-stable-sort","Random",10000,52,1000384,313300,true,true
"std-stable-sort","Random",10000,53,984384,308300,true,true
"std-stable-sort","Random",10000,54,1015712,318100,true,true
"std-stable-sort","Random",10000,55,999904,313100,true,true
"std-stable-sort","Random",10000,56,982336,307600,true,true
"std-stable-sort","Random",10000,57,1010176,316300,true,true
"std-stable-sort","Random",10000,58,999232,312900,true,true
"std-stable-sort","Random",10000,59,981760,307400,true,true
"std-stable-sort","Random",10000,60,1011744,316800,true,true
"std-stable-sort","Random",10000,61,1018304,318900,true,true
"std-stable-sort","Random",10000,62,981824,307500,true,true
"std-stable-sort","Random",10000,63,1027680,321900,true,true
"std-stable-sort","Random",10000,64,1007872,315600,true,true
"std-stable-sort","Random",10000,65,994144,311300,true,true
"std-stable-sort","Random",10000,66,1017728,318700,true,true
"std-stable-sort","Random",10000,67,1065760,333800,true,true
"std-stable-sort","Random",10000,68,980896,307200,true,true
"std-stable-sort","Random",10000,69,1075744,336900,true,true
"std-stable-sort","Random",10000,70,1023136,320400,true,true
"std-stable-sort","Random",10000,71,980288,307000,true,true
"std-stable-sort","Random",10000,72,1055776,330600,true,true
"std-stable-sort","Random",10000,73,998880,312800,true,true
"std-stable-sort","Random",10000,74,983808,308100,true,true
"std-stable-sort","Random",10000,75,1033632,323700,true,true
"std-stable-sort","Random",10000,76,1006784,315500,true,true
"std-stable-sort","Random",10000,77,991328,310500,true,true
"std-stable-sort","Random",10000,78,1017728,318800,true,true
"std-stable-sort","Random",10000,79,1010816,316600,true,true
"std-stable-sort","Random",10000,80,1007392,315500,true,true
"std-stable-sort","Random",10000,81,1027040,321700,true,true
"std-stable-sort","Random",10000,82,999424,313100,true,true
"std-stable-sort","Random",10000,83,992960,311100,true,true
"std-stable-sort","Random",10000,84,1017056,318500,true,true
"std-stable-sort","Random",10000,85,999456,313000,true,true
"std-stable-sort","Random",10000,86,991712,310500,true,true
"std-stable-sort","Random",10000,87,1011712,316800,true,true
"std-stable-sort","Random",10000,88,999392,313000,true,true
"std-stable-sort","Random",10000,89,981888,307500,true,true
"std-stable-sort","Random",10000,90,1094656,342900,true,true
"std-stable-sort","Random",10000,91,986560,308900,true,true
"std-stable-sort","Random",10000,92,1015104,317900,true,true
"std-stable-sort","Random",10000,93,1061600,332400,true,true
"std-stable-sort","Random",10000,94,989376,309800,true,true
"std-stable-sort","Random",10000,95,1024672,320900,true,true
"std-stable-sort","Random",10000,96,1023296,320400,true,true
"std-stable-sort","Random",10000,97,990752,310300,true,true
"std-stable-sort","Random",10000,98,992768,310900,true,true
"std-stable-sort","Random",10000,99,1016448,318300,true,true
"bubble","Sorted",100,0,160,100,true,true
"bubble","Sorted",100,1,128,100,true,true
"bubble","Sorted",100,2,128,100,true,true
"bubble","Sorted",100,3,128,100,true,true
"bubble","Sorted",100,4,160,100,true,true
"bubble","Sorted",100,5,160,100,true,true
"bubble","Sorted",100,6,160,100,true,true
"bubble","Sorted",100,7,160,100,true,true
"bubble","Sorted",100,8,160,100,true,true
"bubble","Sorted",100,9,128,100,true,true
"bubble","Sorted",100,10,160,100,true,true
"bubble","Sorted",100,11,128,100,true,true
"bubble","Sorted",100,12,160,200,true,true
"bubble","Sorted",100,13,160,100,true,true
"bubble","Sorted",100,14,160,100,true,true
"bubble","Sorted",100,15,160,100,true,true
"bubble","Sorted",100,16,128,100,true,true
"bubble","Sorted",100,17,160,100,true,true
"bubble","Sorted",100,18,160,100,true,true
"bubble","Sorted",100,19,128,200,true,true
"bubble","Sorted",100,20,128,200,true,true
"bubble","Sorted",100,21,128,100,true,true
"bubble","Sorted",100,22,128,100,true,true
"bubble","Sorted",100,23,128,100,true,true
"bubble","Sorted",100,24,160,200,true,true
"bubble","Sorted",100,25,160,100,true,true
"bubble","Sorted",100,26,128,100,true,true
"bubble","Sorted",100,27,128,100,true,true
"bubble","Sorted",100,28,160,100,true,true
"bubble","Sorted",100,29,160,100,true,true
"bubble","Sorted",100,30,160,100,true,true
"bubble","Sorted",100,31,160,100,true,true
"bubble","Sorted",100,32,128,100,true,true
"bubble","Sorted",100,33,160,100,true,true
"bubble","Sorted",100,34,160,100,true,true
"bubble","Sorted",100,35,160,100,true,true
"bubble","Sorted",100,36,160,100,true,true
"bubble","Sorted",100,37,160,100,true,true
"bubble","Sorted",100,38,160,100,true,true
"bubble","Sorted",100,39,128,100,true,true
"bubble","Sorted",100,40,128,100,true,true
"bubble","Sorted",100,41,160,100,true,true
"bubble","Sorted",100,42,160,100,true,true
"bubble","Sorted",100,43,160,100,true,true
"bubble","Sorted",100,44,160,100,true,true
"bubble","Sorted",100,45,160,100,true,true
"bubble","Sorted",100,46,128,100,true,true
"bubble","Sorted",100,47,160,100,true,true
"bubble","Sorted",100,48,160,100,true,true
"bubble","Sorted",100,49,128,100,true,true
"bubble","Sorted",100,50,160,100,true,true
"bubble","Sorted",100,51,128,100,true,true
"bubble","Sorted",100,52,160,300,true,true
"bubble","Sorted",100,53,160,100,true,true
"bubble","Sorted",100,54,160,100,true,true
"bubble","Sorted",100,55,160,100,true,true
"bubble","Sorted",100,56,160,200,true,true
"bubble","Sorted",100,57,128,100,true,true
"bubble","Sorted",100,58,128,100,true,true
"bubble","Sorted",100,59,160,100,true,true
"bubble","Sorted",100,60,160,100,true,true
"bubble","Sorted",100,61,160,100,true,true
"bubble","Sorted",100,62,128,100,true,true
"bubble","Sorted",100,63,160,200,true,true
"bubble","Sorted",100,64,160,100,true,true
"bubble","Sorted",100,65,128,100,true,true
"bubble","Sorted",100,66,160,100,true,true
"bubble","Sorted",100,67,160,100,true,true
"bubble","Sorted",100,68,128,100,true,true
"bubble","Sorted",100,69,160,200,true,true
"bubble","Sorted",100,70,160,200,true,true
"bubble","Sorted",100,71,128,100,true,true
"bubble","Sorted",100,72,160,100,true,true
"bubble","Sorted",100,73,160,100,true,true
"bubble","Sorted",100,74,128,100,true,true
"bubble","Sorted",100,75,160,100,true,true
"bubble","Sorted",100,76,160,100,true,true
"bubble","Sorted",100,77,160,100,true,true
"bubble","Sorted",100,78,160,100,true,true
"bubble","Sorted",100,79,128,100,true,true
"bubble","Sorted",100,80,160,100,true,true
"bubble","Sorted",100,81,160,100,true,true
"bubble","Sorted",100,82,128,100,true,true
"bubble","Sorted",100,83,160,100,true,true
"bubble","Sorted",100,84,160,100,true,true
"bubble","Sorted",100,85,160,100,true,true
"bubble","Sorted",100,86,160,100,true,true
"bubble","Sorted",100,87,128,100,true,true
"bubble","Sorted",100,88,128,100,true,true
"bubble","Sorted",100,89,160,100,true,true
"bubble","Sorted",100,90,160,100,true,true
"bubble","Sorted",100,91,160,100,true,true
"bubble","Sorted",100,92,160,100,true,true
"bubble","Sorted",100,93,128,100,true,true
"bubble","Sorted",100,94,160,100,true,true
"bubble","Sorted",100,95,160,100,true,true
"bubble","Sorted",100,96,128,100,true,true
"bubble","Sorted",100,97,128,100,true,true
"bubble","Sorted",100,98,160,100,true,true
"bubble","Sorted",100,99,160,100,true,true
"insertion","Sorted",100,0,160,100,true,true
"insertion","Sorted",100,1,192,100,true,true
"insertion","Sorted",100,2,192,100,true,true
"insertion","Sorted",100,3,192,100,true,true
"insertion","Sorted",100,4,192,100,true,true
"insertion","Sorted",100,5,160,200,true,true
"insertion","Sorted",100,6,192,100,true,true
"insertion","Sorted",100,7,160,100,true,true
"insertion","Sorted",100,8,192,100,true,true
"insertion","Sorted",100,9,192,100,true,true
"insertion","Sorted",100,10,192,100,true,true
"insertion","Sorted",100,11,192,100,true,true
"insertion","Sorted",100,12,192,100,true,true
"insertion","Sorted",100,13,192,100,true,true
"insertion","Sorted",100,14,192,100,true,true
"insertion","Sorted",100,15,192,100,true,true
"insertion","Sorted",100,16,192,100,true,true
"insertion","Sorted",100,17,224,100,true,true
"insertion","Sorted",100,18,224,100,true,true
"insertion","Sorted",100,19,192,100,true,true
"insertion","Sorted",100,20,160,100,true,true
"insertion","Sorted",100,21,192,200,true,true
"insertion","Sorted",100,22,192,100,true,true
"insertion","Sorted",100,23,192,100,true,true
"insertion","Sorted",100,24,192,100,true,true
"insertion","Sorted",100,25,192,100,true,true
"insertion","Sorted",100,26,160,100,true,true
"insertion","Sorted",100,27,192,100,true,true
"insertion","Sorted",100,28,192,100,true,true
"insertion","Sorted",100,29,160,100,true,true
"insertion","Sorted",100,30,192,100,true,true
"insertion","Sorted",100,31,192,100,true,true
"insertion","Sorted",100,32,160,200,true,true
"insertion","Sorted",100,33,224,100,true,true
"insertion","Sorted",100,34,192,300,true,true
"insertion","Sorted",100,35,160,200,true,true
"insertion","Sorted",100,36,192,100,true,true
"insertion","Sorted",100,37,192,100,true,true
"insertion","Sorted",100,38,192,100,true,true
"insertion","Sorted",100,39,160,200,true,true
"insertion","Sorted",100,40,192,100,true,true
"insertion","Sorted",100,41,192,100,true,true
"insertion","Sorted",100,42,192,100,true,true
"insertion","Sorted",100,43,160,100,true,true
"insertion","Sorted",100,44,192,100,true,true
"insertion","Sorted",100,45,192,100,true,true
"insertion","Sorted",100,46,160,100,true,true
"insertion","Sorted",100,47,192,100,true,true
"insertion","Sorted",100,48,192,100,true,true
"insertion","Sorted",100,49,192,100,true,true
"insertion","Sorted",100,50,192,100,true,true
"insertion","Sorted",100,51,192,100,true,true
"insertion","Sorted",100,52,160,200,true,true
"insertion","Sorted",100,53,192,200,true,true
"insertion","Sorted",100,54,192,100,true,true
"insertion","Sorted",100,55,192,100,true,true
"insertion","Sorted",100,56,192,100,true,true
"insertion","Sorted",100,57,192,100,true,true
"insertion","Sorted",100,58,192,100,true,true
"insertion","Sorted",100,59,192,100,true,true
"insertion","Sorted",100,60,160,200,true,true
"insertion","Sorted",100,61,192,100,true,true
"insertion","Sorted",100,62,192,100,true,true
"insertion","Sorted",100,63,192,100,true,true
"insertion","Sorted",100,64,192,200,true,true
"insertion","Sorted",100,65,224,200,true,true
"insertion","Sorted",100,66,192,100,true,true
"insertion","Sorted",100,67,192,100,true,true
"insertion","Sorted",100,68,192,100,true,true
"insertion","Sorted",100,69,192,100,true,true
"insertion","Sorted",100,70,192,100,true,true
"insertion","Sorted",100,71,192,200,true,true
"insertion","Sorted",100,72,192,100,true,true
"insertion","Sorted",100,73,192,100,true,true
"insertion","Sorted",100,74,192,200,true,true
"insertion","Sorted",100,75,192,100,true,true
"insertion","Sorted",100,76,192,100,true,true
"insertion","Sorted",100,77,192,100,true,true
"insertion","Sorted",100,78,192,100,true,true
"insertion","Sorted",100,79,192,100,true,true
"insertion","Sorted",100,80,192,200,true,true
"insertion","Sorted",100,81,192,100,true,true
"insertion","Sorted",100,82,192,100,true,true
"insertion","Sorted",100,83,192,200,true,true
"insertion","Sorted",100,84,192,100,true,true
"insertion","Sorted",100,85,192,100,true,true
"insertion","Sorted",100,86,192,100,true,true
"insertion","Sorted",100,87,192,100,true,true
"insertion","Sorted",100,88,192,100,true,true
"insertion","Sorted",100,89,192,100,true,true
"insertion","Sorted",100,90,192,200,true,true
"insertion","Sorted",100,91,192,100,true,true
"insertion","Sorted",100,92,192,100,true,true
"insertion","Sorted",100,93,192,100,true,true
"insertion","Sorted",100,94,192,100,true,true
"insertion","Sorted",100,95,160,100,true,true
"insertion","Sorted",100,96,192,100,true,true
"insertion","Sorted",100,97,224,100,true,true
"insertion","Sorted",100,98,192,200,true,true
"insertion","Sorted",100,99,160,200,true,true
"selection","Sorted",100,0,5088,1600,true,true
"selection","Sorted",100,1,5088,1600,true,true
"selection","Sorted",100,2,5056,1700,true,true
"selection","Sorted",100,3,5088,1700,true,true
"selection","Sorted",100,4,5088,1700,true,true
"selection","Sorted",100,5,5088,1600,true,true
"selection","Sorted",100,6,5088,1600,true,true
"selection","Sorted",100,7,5088,1700,true,true
"selection","Sorted",100,8,5088,1800,true,true
"selection","Sorted",100,9,5088,1800,true,true
"selection","Sorted",100,10,5088,1800,true,true
"selection","Sorted",100,11,5088,1800,true,true
"selection","Sorted",100,12,5088,1800,true,true
"selection","Sorted",100,13,5088,1800,true,true
"selection","Sorted",100,14,5088,1800,true,true
"selection","Sorted",100,15,5088,1600,true,true
"selection","Sorted",100,16,5088,1700,true,true
"selection","Sorted",100,17,5088,1700,true,true
"selection","Sorted",100,18,5088,1700,true,true
"selection","Sorted",100,19,5088,1700,true,true
"selection","Sorted",100,20,5088,1600,true,true
"selection","Sorted",100,21,5088,1700,true,true
"selection","Sorted",100,22,5088,1700,true,true
"selection","Sorted",100,23,5088,1600,true,true
"selection","Sorted",100,24,5088,1600,true,true
"selection","Sorted",100,25,5088,1700,true,true
"selection","Sorted",100,26,5088,1700,true,true
"selection","Sorted",100,27,5056,1600,true,true
"selection","Sorted",100,28,5088,1600,true,true
"selection","Sorted",100,29,5088,1700,true,true
"selection","Sorted",100,30,5056,1700,true,true
"selection","Sorted",100,31,5088,1600,true,true
"selection","Sorted",100,32,5088,1600,true,true
"selection","Sorted",100,33,5088,1600,true,true
"selection","Sorted",100,34,5088,1700,true,true
"selection","Sorted",100,35,5088,1700,true,true
"selection","Sorted",100,36,5088,1600,true,true
"selection","Sorted",100,37,5088,1600,true,true
"selection","Sorted",100,38,5088,1700,true,true
"selection","Sorted",100,39,5088,1700,true,true
"selection","Sorted",100,40,5088,1700,true,true
"selection","Sorted",100,41,5088,1600,true,true
"selection","Sorted",100,42,5088,1600,true,true
"selection","Sorted",100,43,5184,1700,true,true
"selection","Sorted",100,44,5216,1700,true,true
"selection","Sorted",100,45,5152,1700,true,true
"selection","Sorted",100,46,5120,1600,true,true
"selection","Sorted",100,47,5088,1600,true,true
"selection","Sorted",100,48,5056,1600,true,true
"selection","Sorted",100,49,5088,1700,true,true
"selection","Sorted",100,50,5088,1600,true,true
"selection","Sorted",100,51,10176,3300,true,true
"selection","Sorted",100,52,10144,3300,true,true
"selection","Sorted",100,53,5952,1900,true,true
"selection","Sorted",100,54,5056,1700,true,true
"selection","Sorted",100,55,5088,1600,true,true
"selection","Sorted",100,56,5056,1800,true,true
"selection","Sorted",100,57,5056,1800,true,true
"selection","Sorted",100,58,5056,1700,true,true
"selection","Sorted",100,59,5024,1800,true,true
"selection","Sorted",100,60,5056,1800,true,true
"selection","Sorted",100,61,5056,1600,true,true
"selection","Sorted",100,62,5056,1800,true,true
"selection","Sorted",100,63,5056,1800,true,true
"selection","Sorted",100,64,5056,1700,true,true
"selection","Sorted",100,65,5056,1600,true,true
"selection","Sorted",100,66,5056,1700,true,true
"selection","Sorted",100,67,5056,1800,true,true
"selection","Sorted",100,68,5056,1800,true,true
"selection","Sorted",100,69,5056,1600,true,true
"selection","Sorted",100,70,5056,1600,true,true
"selection","Sorted",100,71,5056,1700,true,true
"selection","Sorted",100,72,5088,1700,true,true
"selection","Sorted",100,73,5056,1700,true,true
"selection","Sorted",100,74,5056,1700,true,true
"selection","Sorted",100,75,5056,1600,true,true
"selection","Sorted",100,76,5056,1600,true,true
"selection","Sorted",100,77,5056,1600,true,true
"selection","Sorted",100,78,5056,1600,true,true
"selection","Sorted",100,79,5056,1600,true,true
"selection","Sorted",100,80,5056,1600,true,true
"selection","Sorted",100,81,5056,1600,true,true
"selection","Sorted",100,82,5056,1600,true,true
"selection","Sorted",100,83,5056,1600,true,true
"selection","Sorted",100,84,5088,1600,true,true
"selection","Sorted",100,85,5056,1700,true,true
"selection","Sorted",100,86,5088,1700,true,true
"selection","Sorted",100,87,5056,1700,true,true
"selection","Sorted",100,88,5056,1700,true,true
"selection","Sorted",100,89,5056,1600,true,true
"selection","Sorted",100,90,5056,1600,true,true
"selection","Sorted",100,91,5056,1600,true,true
"selection","Sorted",100,92,5024,1600,true,true
"selection","Sorted",100,93,5056,1600,true,true
"selection","Sorted",100,94,5056,1600,true,true
"selection","Sorted",100,95,5024,1600,true,true
"selection","Sorted",100,96,5056,1600,true,true
"selection","Sorted",100,97,5056,1700,true,true
"selection","Sorted",100,98,5024,1600,true,true
"selection","Sorted",100,99,5056,1700,true,true
"merge","Sorted",100,0,2560,900,true,true
"merge","Sorted",100,1,2432,800,true,true
"merge","Sorted",100,2,2528,900,true,true
"merge","Sorted",100,3,2432,800,true,true
"merge","Sorted",100,4,2560,900,true,true
"merge","Sorted",100,5,2432,800,true,true
"merge","Sorted",100,6,2592,900,true,true
"merge","Sorted",100,7,2464,800,true,true
"merge","Sorted",100,8,2560,900,true,true
"merge","Sorted",100,9,2400,900,true,true
"merge","Sorted",100,10,2560,900,true,true
"merge","Sorted",100,11,2464,800,true,true
"merge","Sorted",100,12,2528,900,true,true
"merge","Sorted",100,13,2464,900,true,true
"merge","Sorted",100,14,2528,800,true,true
"merge","Sorted",100,15,2464,800,true,true
"merge","Sorted",100,16,2528,900,true,true
"merge","Sorted",100,17,2432,800,true,true
"merge","Sorted",100,18,2528,900,true,true
"merge","Sorted",100,19,2432,800,true,true
"merge","Sorted",100,20,2560,800,true,true
"merge","Sorted",100,21,2464,800,true,true
"merge","Sorted",100,22,2560,900,true,true
"merge","Sorted",100,23,2464,800,true,true
"merge","Sorted",100,24,2560,800,true,true
"merge","Sorted",100,25,2432,800,true,true
"merge","Sorted",100,26,2528,900,true,true
"merge","Sorted",100,27,2432,900,true,true
"merge","Sorted",100,28,2560,900,true,true
"merge","Sorted",100,29,2432,800,true,true
"merge","Sorted",100,30,2528,900,true,true
"merge","Sorted",100,31,2432,800,true,true
"merge","Sorted",100,32,2528,800,true,true
"merge","Sorted",100,33,2464,800,true,true
"merge","Sorted",100,34,2560,900,true,true
"merge","Sorted",100,35,2464,800,true,true
"merge","Sorted",100,36,2560,800,true,true
"merge","Sorted",100,37,2464,900,true,true
"merge","Sorted",100,38,2528,900,true,true
"merge","Sorted",100,39,2464,800,true,true
"merge","Sorted",100,40,2528,800,true,true
"merge","Sorted",100,41,2464,800,true,true
"merge","Sorted",100,42,2528,800,true,true
"merge","Sorted",100,43,2464,800,true,true
"merge","Sorted",100,44,2528,900,true,true
"merge","Sorted",100,45,2464,900,true,true
"merge","Sorted",100,46,2528,900,true,true
"merge","Sorted",100,47,2464,800,true,true
"merge","Sorted",100,48,2560,800,true,true
"merge","Sorted",100,49,2464,800,true,true
"merge","Sorted",100,50,2528,800,true,true
"merge","Sorted",100,51,2432,800,true,true
"merge","Sorted",100,52,2560,900,true,true
"merge","Sorted",100,53,2464,800,true,true
"merge","Sorted",100,54,2592,900,true,true
"merge","Sorted",100,55,2432,800,true,true
"merge","Sorted",100,56,2592,900,true,true
"merge","Sorted",100,57,2464,800,true,true
"merge","Sorted",100,58,2656,900,true,true
"merge","Sorted",100,59,2432,900,true,true
"merge","Sorted",100,60,2624,900,true,true
"merge","Sorted",100,61,2464,900,true,true
"merge","Sorted",100,62,2688,900,true,true
"merge","Sorted",100,63,2432,900,true,true
"merge","Sorted",100,64,2624,900,true,true
"merge","Sorted",100,65,2432,900,true,true
"merge","Sorted",100,66,2592,1000,true,true
"merge","Sorted",100,67,2464,800,true,true
"merge","Sorted",100,68,2624,900,true,true
"merge","Sorted",100,69,2400,800,true,true
"merge","Sorted",100,70,2592,800,true,true
"merge","Sorted",100,71,2464,800,true,true
"merge","Sorted",100,72,2560,900,true,true
"merge","Sorted",100,73,2432,900,true,true
"merge","Sorted",100,74,2560,900,true,true
"merge","Sorted",100,75,2432,800,true,true
"merge","Sorted",100,76,2656,800,true,true
"merge","Sorted",100,77,2432,800,true,true
"merge","Sorted",100,78,2624,900,true,true
"merge","Sorted",100,79,2432,800,true,true
"merge","Sorted",100,80,2560,900,true,true
"merge","Sorted",100,81,2432,800,true,true
"merge","Sorted",100,82,2496,800,true,true
"merge","Sorted",100,83,2432,800,true,true
"merge","Sorted",100,84,2592,800,true,true
"merge","Sorted",100,85,2400,800,true,true
"merge","Sorted",100,86,2560,900,true,true
"merge","Sorted",100,87,2400,800,true,true
"merge","Sorted",100,88,2528,900,true,true
"merge","Sorted",100,89,2400,900,true,true
"merge","Sorted",100,90,2528,900,true,true
"merge","Sorted",100,91,2432,900,true,true
"merge","Sorted",100,92,2528,900,true,true
"merge","Sorted",100,93,2432,900,true,true
"merge","Sorted",100,94,2560,900,true,true
"merge","Sorted",100,95,2400,800,true,true
"merge","Sorted",100,96,2528,900,true,true
"merge","Sorted",100,97,2464,800,true,true
"merge","Sorted",100,98,2560,800,true,true
"merge","Sorted",100,99,2432,800,true,true
"quicksort","Sorted",100,0,864,300,true,true
"quicksort","Sorted",100,1,896,300,true,true
"quicksort","Sorted",100,2,992,400,true,true
"quicksort","Sorted",100,3,928,300,true,true
"quicksort","Sorted",100,4,896,400,true,true
"quicksort","Sorted",100,5,928,300,true,true
"quicksort","Sorted",100,6,896,400,true,true
"quicksort","Sorted",100,7,928,300,true,true
"quicksort","Sorted",100,8,896,400,true,true
"quicksort","Sorted",100,9,960,400,true,true
"quicksort","Sorted",100,10,896,400,true,true
"quicksort","Sorted",100,11,864,300,true,true
"quicksort","Sorted",100,12,896,300,true,true
"quicksort","Sorted",100,13,864,300,true,true
"quicksort","Sorted",100,14,864,300,true,true
"quicksort","Sorted",100,15,896,400,true,true
"quicksort","Sorted",100,16,896,400,true,true
"quicksort","Sorted",100,17,928,400,true,true
"quicksort","Sorted",100,18,928,300,true,true
"quicksort","Sorted",100,19,960,400,true,true
"quicksort","Sorted",100,20,896,300,true,true
"quicksort","Sorted",100,21,928,300,true,true
"quicksort","Sorted",100,22,896,300,true,true
"quicksort","Sorted",100,23,928,400,true,true
"quicksort","Sorted",100,24,896,400,true,true
"quicksort","Sorted",100,25,896,400,true,true
"quicksort","Sorted",100,26,928,300,true,true
"quicksort","Sorted",100,27,928,300,true,true
"quicksort","Sorted",100,28,928,300,true,true
"quicksort","Sorted",100,29,896,300,true,true
"quicksort","Sorted",100,30,896,300,true,true
"quicksort","Sorted",100,31,896,400,true,true
"quicksort","Sorted",100,32,928,400,true,true
"quicksort","Sorted",100,33,960,300,true,true
"quicksort","Sorted",100,34,928,300,true,true
"quicksort","Sorted",100,35,928,400,true,true
"quicksort","Sorted",100,36,896,400,true,true
"quicksort","Sorted",100,37,896,300,true,true
"quicksort","Sorted",100,38,896,300,true,true
"quicksort","Sorted",100,39,896,300,true,true
"quicksort","Sorted",100,40,896,300,true,true
"quicksort","Sorted",100,41,896,300,true,true
"quicksort","Sorted",100,42,928,400,true,true
"quicksort","Sorted",100,43,896,400,true,true
"quicksort","Sorted",100,44,896,400,true,true
"quicksort","Sorted",100,45,896,300,true,true
"quicksort","Sorted",100,46,928,300,true,true
"quicksort","Sorted",100,47,896,300,true,true
"quicksort","Sorted",100,48,896,300,true,true
"quicksort","Sorted",100,49,896,300,true,true
"quicksort","Sorted",100,50,928,400,true,true
"quicksort","Sorted",100,51,928,400,true,true
"quicksort","Sorted",100,52,896,400,true,true
"quicksort","Sorted",100,53,960,400,true,true
"quicksort","Sorted",100,54,896,500,true,true
"quicksort","Sorted",100,55,896,400,true,true
"quicksort","Sorted",100,56,928,300,true,true
"quicksort","Sorted",100,57,928,300,true,true
"quicksort","Sorted",100,58,896,400,true,true
"quicksort","Sorted",100,59,896,300,true,true
"quicksort","Sorted",100,60,896,300,true,true
"quicksort","Sorted",100,61,896,400,true,true
"quicksort","Sorted",100,62,896,400,true,true
"quicksort","Sorted",100,63,896,300,true,true
"quicksort","Sorted",100,64,896,300,true,true
"quicksort","Sorted",100,65,960,400,true,true
"quicksort","Sorted",100,66,928,300,true,true
"quicksort","Sorted",100,67,896,400,true,true
"quicksort","Sorted",100,68,896,400,true,true
"quicksort","Sorted",100,69,896,400,true,true
"quicksort","Sorted",100,70,896,300,true,true
"quicksort","Sorted",100,71,896,300,true,true
"quicksort","Sorted",100,72,896,400,true,true
"quicksort","Sorted",100,73,896,300,true,true
"quicksort","Sorted",100,74,896,300,true,true
"quicksort","Sorted",100,75,896,300,true,true
"quicksort","Sorted",100,76,896,300,true,true
"quicksort","Sorted",100,77,896,300,true,true
"quicksort","Sorted",100,78,896,300,true,true
"quicksort","Sorted",100,79,928,400,true,true
"quicksort","Sorted",100,80,896,400,true,true
"quicksort","Sorted",100,81,896,400,true,true
"quicksort","Sorted",100,82,896,400,true,true
"quicksort","Sorted",100,83,896,300,true,true
"quicksort","Sorted",100,84,896,300,true,true
"quicksort","Sorted",100,85,896,300,true,true
"quicksort","Sorted",100,86,896,300,true,true
"quicksort","Sorted",100,87,896,300,true,true
"quicksort","Sorted",100,88,896,300,true,true
"quicksort","Sorted",100,89,928,300,true,true
"quicksort","Sorted",100,90,928,300,true,true
"quicksort","Sorted",100,91,896,400,true,true
"quicksort","Sorted",100,92,896,400,true,true
"quicksort","Sorted",100,93,896,300,true,true
"quicksort","Sorted",100,94,896,300,true,true
"quicksort","Sorted",100,95,896,300,true,true
"quicksort","Sorted",100,96,896,300,true,true
"quicksort","Sorted",100,97,896,300,true,true
"quicksort","Sorted",100,98,896,300,true,true
"quicksort","Sorted",100,99,960,400,true,true
"heap","Sorted",100,0,2016,700,true,true
"heap","Sorted",100,1,2048,700,true,true
"heap","Sorted",100,2,2016,700,true,true
"heap","Sorted",100,3,2048,700,true,true
"heap","Sorted",100,4,2048,700,true,true
"heap","Sorted",100,5,2080,700,true,true
"heap","Sorted",100,6,2048,700,true,true
"heap","Sorted",100,7,2016,800,true,true
"heap","Sorted",100,8,1984,700,true,true
"heap","Sorted",100,9,2048,600,true,true
"heap","Sorted",100,10,2048,700,true,true
"heap","Sorted",100,11,2016,700,true,true
"heap","Sorted",100,12,2112,700,true,true
"heap","Sorted",100,13,2048,900,true,true
"heap","Sorted",100,14,2016,700,true,true
"heap","Sorted",100,15,1984,800,true,true
"heap","Sorted",100,16,2048,700,true,true
"heap","Sorted",100,17,2048,700,true,true
"heap","Sorted",100,18,2112,700,true,true
"heap","Sorted",100,19,2048,800,true,true
"heap","Sorted",100,20,2048,700,true,true
"heap","Sorted",100,21,2016,900,true,true
"heap","Sorted",100,22,2016,700,true,true
"heap","Sorted",100,23,1952,700,true,true
"heap","Sorted",100,24,1952,700,true,true
"heap","Sorted",100,25,2016,700,true,true
"heap","Sorted",100,26,2080,700,true,true
"heap","Sorted",100,27,2016,700,true,true
"heap","Sorted",100,28,2048,700,true,true
"heap","Sorted",100,29,2016,700,true,true
"heap","Sorted",100,30,1984,700,true,true
"heap","Sorted",100,31,2048,600,true,true
"heap","Sorted",100,32,2048,700,true,true
"heap","Sorted",100,33,2048,700,true,true
"heap","Sorted",100,34,1984,700,true,true
"heap","Sorted",100,35,1984,700,true,true
"heap","Sorted",100,36,2016,700,true,true
"heap","Sorted",100,37,2016,700,true,true
"heap","Sorted",100,38,2016,600,true,true
"heap","Sorted",100,39,2016,700,true,true
"heap","Sorted",100,40,2016,600,true,true
"heap","Sorted",100,41,2016,700,true,true
"heap","Sorted",100,42,2048,700,true,true
"heap","Sorted",100,43,2080,700,true,true
"heap","Sorted",100,44,2080,700,true,true
"heap","Sorted",100,45,2048,700,true,true
"heap","Sorted",100,46,2016,700,true,true
"heap","Sorted",100,47,1984,700,true,true
"heap","Sorted",100,48,1984,600,true,true
"heap","Sorted",100,49,1984,700,true,true
"heap","Sorted",100,50,2016,700,true,true
"heap","Sorted",100,51,1952,700,true,true
"heap","Sorted",100,52,2016,700,true,true
"heap","Sorted",100,53,2080,700,true,true
"heap","Sorted",100,54,2048,700,true,true
"heap","Sorted",100,55,2016,700,true,true
"heap","Sorted",100,56,2080,800,true,true
"heap","Sorted",100,57,2080,700,true,true
"heap","Sorted",100,58,2016,700,true,true
"heap","Sorted",100,59,2016,700,true,true
"heap","Sorted",100,60,2016,800,true,true
"heap","Sorted",100,61,2016,700,true,true
"heap","Sorted",100,62,2016,800,true,true
"heap","Sorted",100,63,2016,700,true,true
"heap","Sorted",100,64,1984,700,true,true
"heap","Sorted",100,65,2048,800,true,true
"heap","Sorted",100,66,2080,700,true,true
"heap","Sorted",100,67,2048,700,true,true
"heap","Sorted",100,68,2048,800,true,true
"heap","Sorted",100,69,2016,700,true,true
"heap","Sorted",100,70,2048,700,true,true
"heap","Sorted",100,71,2016,700,true,true
"heap","Sorted",100,72,2048,700,true,true
"heap","Sorted",100,73,2016,700,true,true
"heap","Sorted",100,74,2048,700,true,true
"heap","Sorted",100,75,2016,700,true,true
"heap","Sorted",100,76,2016,700,true,true
"heap","Sorted",100,77,2016,700,true,true
"heap","Sorted",100,78,2016,700,true,true
"heap","Sorted",100,79,2016,700,true,true
"heap","Sorted",100,80,2048,700,true,true
"heap","Sorted",100,81,2048,700,true,true
"heap","Sorted",100,82,2048,700,true,true
"heap","Sorted",100,83,2048,700,true,true
"heap","Sorted",100,84,2016,700,true,true
"heap","Sorted",100,85,2048,700,true,true
"heap","Sorted",100,86,2048,700,true,true
"heap","Sorted",100,87,2048,700,true,true
"heap","Sorted",100,88,2080,700,true,true
"heap","Sorted",100,89,2048,700,true,true
"heap","Sorted",100,90,2048,700,true,true
"heap","Sorted",100,91,2048,700,true,true
"heap","Sorted",100,92,1984,600,true,true
"heap","Sorted",100,93,2048,700,true,true
"heap","Sorted",100,94,2016,700,true,true
"heap","Sorted",100,95,1984,700,true,true
"heap","Sorted",100,96,2048,700,true,true
"heap","Sorted",100,97,2016,600,true,true
"heap","Sorted",100,98,2016,700,true,true
"heap","Sorted",100,99,2016,700,true,true
"std-sort","Sorted",100,0,608,300,true,true
"std-sort","Sorted",100,1,640,200,true,true
"std-sort","Sorted",100,2,640,300,true,true
"std-sort","Sorted",100,3,672,300,true,true
"std-sort","Sorted",100,4,640,200,true,true
"std-sort","Sorted",100,5,672,300,true,true
"std-sort","Sorted",100,6,608,300,true,true
"std-sort","Sorted",100,7,672,300,true,true
"std-sort","Sorted",100,8,576,200,true,true
"std-sort","Sorted",100,9,608,200,true,true
"std-sort","Sorted",100,10,576,300,true,true
"std-sort","Sorted",100,11,640,300,true,true
"std-sort","Sorted",100,12,576,300,true,true
"std-sort","Sorted",100,13,608,200,true,true
"std-sort","Sorted",100,14,608,300,true,true
"std-sort","Sorted",100,15,608,300,true,true
"std-sort","Sorted",100,16,608,300,true,true
"std-sort","Sorted",100,17,640,300,true,true
"std-sort","Sorted",100,18,640,200,true,true
"std-sort","Sorted",100,19,608,300,true,true
"std-sort","Sorted",100,20,576,300,true,true
"std-sort","Sorted",100,21,608,200,true,true
"std-sort","Sorted",100,22,640,200,true,true
"std-sort","Sorted",100,23,608,200,true,true
"std-sort","Sorted",100,24,608,200,true,true
"std-sort","Sorted",100,25,608,300,true,true
"std-sort","Sorted",100,26,640,300,true,true
"std-sort","Sorted",100,27,608,200,true,true
"std-sort","Sorted",100,28,640,200,true,true
"std-sort","Sorted",100,29,608,200,true,true
"std-sort","Sorted",100,30,608,300,true,true
"std-sort","Sorted",100,31,576,300,true,true
"std-sort","Sorted",100,32,640,300,true,true
"std-sort","Sorted",100,33,640,200,true,true
"std-sort","Sorted",100,34,640,300,true,true
"std-sort","Sorted",100,35,640,200,true,true
"std-sort","Sorted",100,36,640,200,true,true
"std-sort","Sorted",100,37,608,300,true,true
"std-sort","Sorted",100,38,608,300,true,true
"std-sort","Sorted",100,39,608,200,true,true
"std-sort","Sorted",100,40,640,200,true,true
"std-sort","Sorted",100,41,608,200,true,true
"std-sort","Sorted",100,42,640,300,true,true
"std-sort","Sorted",100,43,608,300,true,true
"std-sort","Sorted",100,44,608,300,true,true
"std-sort","Sorted",100,45,608,200,true,true
"std-sort","Sorted",100,46,640,200,true,true
"std-sort","Sorted",100,47,608,300,true,true
"std-sort","Sorted",100,48,640,300,true,true
"std-sort","Sorted",100,49,608,200,true,true
"std-sort","Sorted",100,50,640,200,true,true
"std-sort","Sorted",100,51,608,200,true,true
"std-sort","Sorted",100,52,576,200,true,true
"std-sort","Sorted",100,53,576,300,true,true
"std-sort","Sorted",100,54,640,300,true,true
"std-sort","Sorted",100,55,640,200,true,true
"std-sort","Sorted",100,56,640,200,true,true
"std-sort","Sorted",100,57,768,300,true,true
"std-sort","Sorted",100,58,704,200,true,true
"std-sort","Sorted",100,59,640,200,true,true
"std-sort","Sorted",100,60,608,200,true,true
"std-sort","Sorted",100,61,608,300,true,true
"std-sort","Sorted",100,62,576,300,true,true
"std-sort","Sorted",100,63,608,200,true,true
"std-sort","Sorted",100,64,576,200,true,true
"std-sort","Sorted",100,65,640,200,true,true
"std-sort","Sorted",100,66,640,200,true,true
"std-sort","Sorted",100,67,608,300,true,true
"std-sort","Sorted",100,68,576,300,true,true
"std-sort","Sorted",100,69,608,200,true,true
"std-sort","Sorted",100,70,576,200,true,true
"std-sort","Sorted",100,71,640,300,true,true
"std-sort","Sorted",100,72,608,200,true,true
"std-sort","Sorted",100,73,608,200,true,true
"std-sort","Sorted",100,74,608,200,true,true
"std-sort","Sorted",100,75,608,300,true,true
"std-sort","Sorted",100,76,608,300,true,true
"std-sort","Sorted",100,77,608,200,true,true
"std-sort","Sorted",100,78,576,200,true,true
"std-sort","Sorted",100,79,608,300,true,true
"std-sort","Sorted",100,80,576,200,true,true
"std-sort","Sorted",100,81,608,200,true,true
"std-sort","Sorted",100,82,608,200,true,true
"std-sort","Sorted",100,83,608,200,true,true
"std-sort","Sorted",100,84,576,200,true,true
"std-sort","Sorted",100,85,608,300,true,true
"std-sort","Sorted",100,86,576,300,true,true
"std-sort","Sorted",100,87,640,200,true,true
"std-sort","Sorted",100,88,608,200,true,true
"std-sort","Sorted",100,89,608,200,true,true
"std-sort","Sorted",100,90,608,200,true,true
"std-sort","Sorted",100,91,608,300,true,true
"std-sort","Sorted",100,92,576,300,true,true
"std-sort","Sorted",100,93,608,300,true,true
"std-sort","Sorted",100,94,608,200,true,true
"std-sort","Sorted",100,95,608,200,true,true
"std-sort","Sorted",100,96,576,200,true,true
"std-sort","Sorted",100,97,608,200,true,true
"std-sort","Sorted",100,98,608,200,true,true
"std-sort","Sorted",100,99,608,300,true,true
"std-stable-sort","Sorted",100,0,1056,400,true,true
"std-stable-sort","Sorted",100,1,1056,300,true,true
"std-stable-sort","Sorted",100,2,1056,400,true,true
"std-stable-sort","Sorted",100,3,1120,400,true,true
"std-stable-sort","Sorted",100,4,1056,400,true,true
"std-stable-sort","Sorted",100,5,1056,400,true,true
"std-stable-sort","Sorted",100,6,1024,400,true,true
"std-stable-sort","Sorted",100,7,1024,400,true,true
"std-stable-sort","Sorted",100,8,1024,300,true,true
"std-stable-sort","Sorted",100,9,1312,500,true,true
"std-stable-sort","Sorted",100,10,1056,500,true,true
"std-stable-sort","Sorted",100,11,1056,400,true,true
"std-stable-sort","Sorted",100,12,1056,400,true,true
"std-stable-sort","Sorted",100,13,1024,500,true,true
"std-stable-sort","Sorted",100,14,1024,400,true,true
"std-stable-sort","Sorted",100,15,1024,400,true,true
"std-stable-sort","Sorted",100,16,1024,300,true,true
"std-stable-sort","Sorted",100,17,1088,400,true,true
"std-stable-sort","Sorted",100,18,1024,400,true,true
"std-stable-sort","Sorted",100,19,1056,400,true,true
"std-stable-sort","Sorted",100,20,1024,400,true,true
"std-stable-sort","Sorted",100,21,1024,400,true,true
"std-stable-sort","Sorted",100,22,1024,300,true,true
"std-stable-sort","Sorted",100,23,1024,400,true,true
"std-stable-sort","Sorted",100,24,1024,400,true,true
"std-stable-sort","Sorted",100,25,1024,400,true,true
"std-stable-sort","Sorted",100,26,1024,400,true,true
"std-stable-sort","Sorted",100,27,1024,400,true,true
"std-stable-sort","Sorted",100,28,1024,400,true,true
"std-stable-sort","Sorted",100,29,1024,400,true,true
"std-stable-sort","Sorted",100,30,1024,300,true,true
"std-stable-sort","Sorted",100,31,992,400,true,true
"std-stable-sort","Sorted",100,32,1024,400,true,true
"std-stable-sort","Sorted",100,33,1024,300,true,true
"std-stable-sort","Sorted",100,34,1024,400,true,true
"std-stable-sort","Sorted",100,35,1056,400,true,true
"std-stable-sort","Sorted",100,36,1056,400,true,true
"std-stable-sort","Sorted",100,37,1024,400,true,true
"std-stable-sort","Sorted",100,38,1024,300,true,true
"std-stable-sort","Sorted",100,39,1056,400,true,true
"std-stable-sort","Sorted",100,40,1024,300,true,true
"std-stable-sort","Sorted",100,41,1024,400,true,true
"std-stable-sort","Sorted",100,42,1024,300,true,true
"std-stable-sort","Sorted",100,43,1056,400,true,true
"std-stable-sort","Sorted",100,44,1024,300,true,true
"std-stable-sort","Sorted",100,45,1024,400,true,true
"std-stable-sort","Sorted",100,46,1024,300,true,true
"std-stable-sort","Sorted",100,47,1024,400,true,true
"std-stable-sort","Sorted",100,48,992,300,true,true
"std-stable-sort","Sorted",100,49,1024,400,true,true
"std-stable-sort","Sorted",100,50,992,400,true,true
"std-stable-sort","Sorted",100,51,992,400,true,true
"std-stable-sort","Sorted",100,52,992,400,true,true
"std-stable-sort","Sorted",100,53,1056,400,true,true
"std-stable-sort","Sorted",100,54,992,400,true,true
"std-stable-sort","Sorted",100,55,1024,300,true,true
"std-stable-sort","Sorted",100,56,992,400,true,true
"std-stable-sort","Sorted",100,57,992,300,true,true
"std-stable-sort","Sorted",100,58,1024,400,true,true
"std-stable-sort","Sorted",100,59,1024,300,true,true
"std-stable-sort","Sorted",100,60,992,400,true,true
"std-stable-sort","Sorted",100,61,1088,300,true,true
"std-stable-sort","Sorted",100,62,1024,400,true,true
"std-stable-sort","Sorted",100,63,1024,400,true,true
"std-stable-sort","Sorted",100,64,992,400,true,true
"std-stable-sort","Sorted",100,65,1024,400,true,true
"std-stable-sort","Sorted",100,66,992,400,true,true
"std-stable-sort","Sorted",100,67,1024,400,true,true
"std-stable-sort","Sorted",100,68,1024,500,true,true
"std-stable-sort","Sorted",100,69,992,400,true,true
"std-stable-sort","Sorted",100,70,992,400,true,true
"std-stable-sort","Sorted",100,71,1024,300,true,true
"std-stable-sort","Sorted",100,72,992,400,true,true
"std-stable-sort","Sorted",100,73,992,400,true,true
"std-stable-sort","Sorted",100,74,1024,500,true,true
"std-stable-sort","Sorted",100,75,1024,400,true,true
"std-stable-sort","Sorted",100,76,1024,400,true,true
"std-stable-sort","Sorted",100,77,992,400,true,true
"std-stable-sort","Sorted",100,78,1024,300,true,true
"std-stable-sort","Sorted",100,79,1024,400,true,true
"std-stable-sort","Sorted",100,80,1024,400,true,true
"std-stable-sort","Sorted",100,81,1024,300,true,true
"std-stable-sort","Sorted",100,82,992,400,true,true
"std-stable-sort","Sorted",100,83,1024,400,true,true
"std-stable-sort","Sorted",100,84,992,300,true,true
"std-stable-sort","Sorted",100,85,1024,400,true,true
"std-stable-sort","Sorted",100,86,992,400,true,true
"std-stable-sort","Sorted",100,87,1024,300,true,true
"std-stable-sort","Sorted",100,88,992,400,true,true
"std-stable-sort","Sorted",100,89,1024,300,true,true
"std-stable-sort","Sorted",100,90,992,400,true,true
"std-stable-sort","Sorted",100,91,1024,400,true,true
"std-stable-sort","Sorted",100,92,992,300,true,true
"std-stable-sort","Sorted",100,93,992,400,true,true
"std-stable-sort","Sorted",100,94,1024,300,true,true
"std-stable-sort","Sorted",100,95,1024,400,true,true
"std-stable-sort","Sorted",100,96,1024,300,true,true
"std-stable-sort","Sorted",100,97,992,400,true,true
"std-stable-sort","Sorted",100,98,1024,300,true,true
"std-stable-sort","Sorted",100,99,1024,400,true,true
"bubble","Sorted",500,0,672,200,true,true
"bubble","Sorted",500,1,672,300,true,true
"bubble","Sorted",500,2,672,300,true,true
"bubble","Sorted",500,3,672,300,true,true
"bubble","Sorted",500,4,672,300,true,true
"bubble","Sorted",500,5,672,300,true,true
"bubble","Sorted",500,6,672,300,true,true
"bubble","Sorted",500,7,672,200,true,true
"bubble","Sorted",500,8,672,200,true,true
"bubble","Sorted",500,9,672,200,true,true
"bubble","Sorted",500,10,672,200,true,true
"bubble","Sorted",500,11,672,300,true,true
"bubble","Sorted",500,12,672,300,true,true
"bubble","Sorted",500,13,672,300,true,true
"bubble","Sorted",500,14,672,200,true,true
"bubble","Sorted",500,15,672,300,true,true
"bubble","Sorted",500,16,672,300,true,true
"bubble","Sorted",500,17,672,200,true,true
"bubble","Sorted",500,18,672,300,true,true
"bubble","Sorted",500,19,672,300,true,true
"bubble","Sorted",500,20,672,300,true,true
"bubble","Sorted",500,21,672,200,true,true
"bubble","Sorted",500,22,672,300,true,true
"bubble","Sorted",500,23,672,300,true,true
"bubble","Sorted",500,24,672,300,true,true
"bubble","Sorted",500,25,672,200,true,true
"bubble","Sorted",500,26,672,200,true,true
"bubble","Sorted",500,27,672,300,true,true
"bubble","Sorted",500,28,672,300,true,true
"bubble","Sorted",500,29,704,300,true,true
"bubble","Sorted",500,30,672,300,true,true
"bubble","Sorted",500,31,672,200,true,true
"bubble","Sorted",500,32,672,300,true,true
"bubble","Sorted",500,33,672,200,true,true
"bubble","Sorted",500,34,672,300,true,true
"bubble","Sorted",500,35,704,300,true,true
"bubble","Sorted",500,36,704,200,true,true
"bubble","Sorted",500,37,672,300,true,true
"bubble","Sorted",500,38,672,300,true,true
"bubble","Sorted",500,39,672,300,true,true
"bubble","Sorted",500,40,704,300,true,true
"bubble","Sorted",500,41,672,200,true,true
"bubble","Sorted",500,42,704,300,true,true
"bubble","Sorted",500,43,672,300,true,true
"bubble","Sorted",500,44,672,300,true,true
"bubble","Sorted",500,45,704,200,true,true
"bubble","Sorted",500,46,672,200,true,true
"bubble","Sorted",500,47,704,300,true,true
"bubble","Sorted",500,48,672,300,true,true
"bubble","Sorted",500,49,672,200,true,true
"bubble","Sorted",500,50,672,200,true,true
"bubble","Sorted",500,51,672,300,true,true
"bubble","Sorted",500,52,672,300,true,true
"bubble","Sorted",500,53,672,300,true,true
"bubble","Sorted",500,54,704,300,true,true
"bubble","Sorted",500,55,672,200,true,true
"bubble","Sorted",500,56,704,200,true,true
"bubble","Sorted",500,57,672,300,true,true
"bubble","Sorted",500,58,672,300,true,true
"bubble","Sorted",500,59,672,200,true,true
"bubble","Sorted",500,60,704,200,true,true
"bubble","Sorted",500,61,672,300,true,true
"bubble","Sorted",500,62,704,300,true,true
"bubble","Sorted",500,63,672,300,true,true
"bubble","Sorted",500,64,672,300,true,true
"bubble","Sorted",500,65,672,400,true,true
"bubble","Sorted",500,66,672,300,true,true
"bubble","Sorted",500,67,672,300,true,true
"bubble","Sorted",500,68,672,200,true,true
"bubble","Sorted",500,69,672,300,true,true
"bubble","Sorted",500,70,672,200,true,true
"bubble","Sorted",500,71,672,300,true,true
"bubble","Sorted",500,72,672,200,true,true
"bubble","Sorted",500,73,672,300,true,true
"bubble","Sorted",500,74,672,300,true,true
"bubble","Sorted",500,75,672,200,true,true
"bubble","Sorted",500,76,672,300,true,true
"bubble","Sorted",500,77,672,300,true,true
"bubble","Sorted",500,78,672,200,true,true
"bubble","Sorted",500,79,672,300,true,true
"bubble","Sorted",500,80,672,200,true,true
"bubble","Sorted",500,81,704,300,true,true
"bubble","Sorted",500,82,672,300,true,true
"bubble","Sorted",500,83,704,200,true,true
"bubble","Sorted",500,84,672,300,true,true
"bubble","Sorted",500,85,672,300,true,true
"bubble","Sorted",500,86,672,200,true,true
"bubble","Sorted",500,87,704,300,true,true
"bubble","Sorted",500,88,672,300,true,true
"bubble","Sorted",500,89,704,200,true,true
"bubble","Sorted",500,90,704,300,true,true
"bubble","Sorted",500,91,672,200,true,true
"bubble","Sorted",500,92,704,300,true,true
"bubble","Sorted",500,93,672,300,true,true
"bubble","Sorted",500,94,672,200,true,true
"bubble","Sorted",500,95,672,300,true,true
"bubble","Sorted",500,96,672,300,true,true
"bubble","Sorted",500,97,672,200,true,true
"bubble","Sorted",500,98,672,300,true,true
"bubble","Sorted",500,99,672,200,true,true
"insertion","Sorted",500,0,704,300,true,true
"insertion","Sorted",500,1,736,300,true,true
"insertion","Sorted",500,2,704,300,true,true
"insertion","Sorted",500,3,704,300,true,true
"insertion","Sorted",500,4,704,300,true,true
"insertion","Sorted",500,5,736,300,true,true
"insertion","Sorted",500,6,704,300,true,true
"insertion","Sorted",500,7,736,300,true,true
"insertion","Sorted",500,8,704,300,true,true
"insertion","Sorted",500,9,736,300,true,true
"insertion","Sorted",500,10,704,300,true,true
"insertion","Sorted",500,11,736,300,true,true
"insertion","Sorted",500,12,736,300,true,true
"insertion","Sorted",500,13,704,200,true,true
"insertion","Sorted",500,14,704,400,true,true
"insertion","Sorted",500,15,704,200,true,true
"insertion","Sorted",500,16,704,300,true,true
"insertion","Sorted",500,17,736,300,true,true
"insertion","Sorted",500,18,736,300,true,true
"insertion","Sorted",500,19,736,200,true,true
"insertion","Sorted",500,20,704,300,true,true
"insertion","Sorted",500,21,736,300,true,true
"insertion","Sorted",500,22,736,300,true,true
"insertion","Sorted",500,23,704,300,true,true
"insertion","Sorted",500,24,704,300,true,true
"insertion","Sorted",500,25,704,300,true,true
"insertion","Sorted",500,26,704,200,true,true
"insertion","Sorted",500,27,736,300,true,true
"insertion","Sorted",500,28,704,300,true,true
"insertion","Sorted",500,29,736,300,true,true
"insertion","Sorted",500,30,704,300,true,true
"insertion","Sorted",500,31,736,200,true,true
"insertion","Sorted",500,32,736,300,true,true
"insertion","Sorted",500,33,736,300,true,true
"insertion","Sorted",500,34,704,300,true,true
"insertion","Sorted",500,35,704,300,true,true
"insertion","Sorted",500,36,736,300,true,true
"insertion","Sorted",500,37,704,200,true,true
"insertion","Sorted",500,38,704,300,true,true
"insertion","Sorted",500,39,736,300,true,true
"insertion","Sorted",500,40,704,300,true,true
"insertion","Sorted",500,41,736,300,true,true
"insertion","Sorted",500,42,704,300,true,true
"insertion","Sorted",500,43,736,200,true,true
"insertion","Sorted",500,44,704,300,true,true
"insertion","Sorted",500,45,736,300,true,true
"insertion","Sorted",500,46,704,300,true,true
"insertion","Sorted",500,47,736,300,true,true
"insertion","Sorted",500,48,704,300,true,true
"insertion","Sorted",500,49,736,300,true,true
"insertion","Sorted",500,50,736,200,true,true
"insertion","Sorted",500,51,704,300,true,true
"insertion","Sorted",500,52,736,300,true,true
"insertion","Sorted",500,53,704,300,true,true
"insertion","Sorted",500,54,736,300,true,true
"insertion","Sorted",500,55,704,300,true,true
"insertion","Sorted",500,56,736,200,true,true
"insertion","Sorted",500,57,704,300,true,true
"insertion","Sorted",500,58,704,300,true,true
"insertion","Sorted",500,59,704,200,true,true
"insertion","Sorted",500,60,704,300,true,true
"insertion","Sorted",500,61,736,300,true,true
"insertion","Sorted",500,62,704,300,true,true
"insertion","Sorted",500,63,736,300,true,true
"insertion","Sorted",500,64,704,300,true,true
"insertion","Sorted",500,65,704,300,true,true
"insertion","Sorted",500,66,768,300,true,true
"insertion","Sorted",500,67,704,300,true,true
"insertion","Sorted",500,68,704,300,true,true
"insertion","Sorted",500,69,704,300,true,true
"insertion","Sorted",500,70,704,300,true,true
"insertion","Sorted",500,71,736,200,true,true
"insertion","Sorted",500,72,704,200,true,true
"insertion","Sorted",500,73,736,300,true,true
"insertion","Sorted",500,74,704,300,true,true
"insertion","Sorted",500,75,704,300,true,true
"insertion","Sorted",500,76,736,300,true,true
"insertion","Sorted",500,77,736,200,true,true
"insertion","Sorted",500,78,704,300,true,true
"insertion","Sorted",500,79,704,300,true,true
"insertion","Sorted",500,80,736,300,true,true
"insertion","Sorted",500,81,736,300,true,true
"insertion","Sorted",500,82,704,300,true,true
"insertion","Sorted",500,83,704,200,true,true
"insertion","Sorted",500,84,704,300,true,true
"insertion","Sorted",500,85,704,300,true,true
"insertion","Sorted",500,86,736,300,true,true
"insertion","Sorted",500,87,704,300,true,true
"insertion","Sorted",500,88,736,300,true,true
"insertion","Sorted",500,89,704,200,true,true
"insertion","Sorted",500,90,704,300,true,true
"insertion","Sorted",500,91,704,300,true,true
"insertion","Sorted",500,92,704,300,true,true
"insertion","Sorted",500,93,704,300,true,true
"insertion","Sorted",500,94,704,300,true,true
"insertion","Sorted",500,95,704,200,true,true
"insertion","Sorted",500,96,704,200,true,true
"insertion","Sorted",500,97,736,300,true,true
"insertion","Sorted",500,98,736,300,true,true
"insertion","Sorted",500,99,736,300,true,true
"selection","Sorted",500,0,143520,45000,true,true
"selection","Sorted",500,1,113504,35600,true,true
"selection","Sorted",500,2,114816,36000,true,true
"selection","Sorted",500,3,113504,35600,true,true
"selection","Sorted",500,4,114784,36000,true,true
"selection","Sorted",500,5,113504,35600,true,true
"selection","Sorted",500,6,114816,36000,true,true
"selection","Sorted",500,7,113504,35600,true,true
"selection","Sorted",500,8,114784,36000,true,true
"selection","Sorted",500,9,113472,35600,true,true
"selection","Sorted",500,10,114816,36000,true,true
"selection","Sorted",500,11,113504,35600,true,true
"selection","Sorted",500,12,114816,36000,true,true
"selection","Sorted",500,13,113504,35600,true,true
"selection","Sorted",500,14,114784,36000,true,true
"selection","Sorted",500,15,113504,35600,true,true
"selection","Sorted",500,16,114752,36000,true,true
"selection","Sorted",500,17,113504,35600,true,true
"selection","Sorted",500,18,114816,36000,true,true
"selection","Sorted",500,19,113504,35600,true,true
"selection","Sorted",500,20,114784,36000,true,true
"selection","Sorted",500,21,113504,35600,true,true
"selection","Sorted",500,22,114784,36000,true,true
"selection","Sorted",500,23,113472,35500,true,true
"selection","Sorted",500,24,129248,40500,true,true
"selection","Sorted",500,25,115968,36400,true,true
"selection","Sorted",500,26,117280,36800,true,true
"selection","Sorted",500,27,140768,44100,true,true
"selection","Sorted",500,28,117312,36800,true,true
"selection","Sorted",500,29,115936,36400,true,true
"selection","Sorted",500,30,117280,36800,true,true
"selection","Sorted",500,31,115936,36300,true,true
"selection","Sorted",500,32,117280,36800,true,true
"selection","Sorted",500,33,115936,36400,true,true
"selection","Sorted",500,34,117216,36800,true,true
"selection","Sorted",500,35,115936,36300,true,true
"selection","Sorted",500,36,117280,36700,true,true
"selection","Sorted",500,37,115968,36400,true,true
"selection","Sorted",500,38,117248,36800,true,true
"selection","Sorted",500,39,115904,36300,true,true
"selection","Sorted",500,40,117248,36800,true,true
"selection","Sorted",500,41,115936,36400,true,true
"selection","Sorted",500,42,127168,39900,true,true
"selection","Sorted",500,43,115968,36400,true,true
"selection","Sorted",500,44,117248,36800,true,true
"selection","Sorted",500,45,115904,36400,true,true
"selection","Sorted",500,46,117248,36800,true,true
"selection","Sorted",500,47,115904,36300,true,true
"selection","Sorted",500,48,117280,36700,true,true
"selection","Sorted",500,49,115936,36400,true,true
"selection","Sorted",500,50,117248,36800,true,true
"selection","Sorted",500,51,115936,36300,true,true
"selection","Sorted",500,52,117216,36700,true,true
"selection","Sorted",500,53,115968,36400,true,true
"selection","Sorted",500,54,141408,44400,true,true
"selection","Sorted",500,55,115936,36300,true,true
"selection","Sorted",500,56,117472,36900,true,true
"selection","Sorted",500,57,125888,39500,true,true
"selection","Sorted",500,58,113600,35600,true,true
"selection","Sorted",500,59,112320,35300,true,true
"selection","Sorted",500,60,113600,35600,true,true
"selection","Sorted",500,61,112320,35200,true,true
"selection","Sorted",500,62,113600,35600,true,true
"selection","Sorted",500,63,112288,35200,true,true
"selection","Sorted",500,64,113568,35600,true,true
"selection","Sorted",500,65,113568,35600,true,true
"selection","Sorted",500,66,113568,35600,true,true
"selection","Sorted",500,67,113632,35600,true,true
"selection","Sorted",500,68,113600,35600,true,true
"selection","Sorted",500,69,113600,35600,true,true
"selection","Sorted",500,70,113600,35700,true,true
"selection","Sorted",500,71,113600,35600,true,true
"selection","Sorted",500,72,113600,35700,true,true
"selection","Sorted",500,73,113568,35600,true,true
"selection","Sorted",500,74,113600,35600,true,true
"selection","Sorted",500,75,113600,35600,true,true
"selection","Sorted",500,76,113600,35700,true,true
"selection","Sorted",500,77,113600,35600,true,true
"selection","Sorted",500,78,113600,35600,true,true
"selection","Sorted",500,79,113600,35600,true,true
"selection","Sorted",500,80,113600,35700,true,true
"selection","Sorted",500,81,135968,42700,true,true
"selection","Sorted",500,82,113600,35700,true,true
"selection","Sorted",500,83,113632,35600,true,true
"selection","Sorted",500,84,113600,35600,true,true
"selection","Sorted",500,85,113600,35600,true,true
"selection","Sorted",500,86,113568,35700,true,true
"selection","Sorted",500,87,113568,35600,true,true
"selection","Sorted",500,88,113600,35700,true,true
"selection","Sorted",500,89,137024,43000,true,true
"selection","Sorted",500,90,113024,35500,true,true
"selection","Sorted",500,91,113024,35400,true,true
"selection","Sorted",500,92,112992,35400,true,true
"selection","Sorted",500,93,112992,35400,true,true
"selection","Sorted",500,94,138112,43300,true,true
"selection","Sorted",500,95,162656,51000,true,true
"selection","Sorted",500,96,112992,35500,true,true
"selection","Sorted",500,97,142336,44600,true,true
"selection","Sorted",500,98,181760,57000,true,true
"selection","Sorted",500,99,113024,35500,true,true
"merge","Sorted",500,0,11936,3800,true,true
"merge","Sorted",500,1,11840,3700,true,true
"merge","Sorted",500,2,11904,3800,true,true
"merge","Sorted",500,3,11808,3700,true,true
"merge","Sorted",500,4,12000,3800,true,true
"merge","Sorted",500,5,11808,3800,true,true
"merge","Sorted",500,6,11968,3800,true,true
"merge","Sorted",500,7,11808,3800,true,true
"merge","Sorted",500,8,12000,3800,true,true
"merge","Sorted",500,9,11808,3700,true,true
"merge","Sorted",500,10,12000,3800,true,true
"merge","Sorted",500,11,11840,3700,true,true
"merge","Sorted",500,12,11904,3800,true,true
"merge","Sorted",500,13,11840,3800,true,true
"merge","Sorted",500,14,11904,3700,true,true
"merge","Sorted",500,15,11872,3800,true,true
"merge","Sorted",500,16,12000,3800,true,true
"merge","Sorted",500,17,11904,3700,true,true
"merge","Sorted",500,18,12032,3800,true,true
"merge","Sorted",500,19,11808,3800,true,true
"merge","Sorted",500,20,11936,3800,true,true
"merge","Sorted",500,21,11808,3700,true,true
"merge","Sorted",500,22,12000,3800,true,true
"merge","Sorted",500,23,11840,3800,true,true
"merge","Sorted",500,24,11968,3800,true,true
"merge","Sorted",500,25,11808,3800,true,true
"merge","Sorted",500,26,11968,3800,true,true
"merge","Sorted",500,27,11808,3800,true,true
"merge","Sorted",500,28,11904,3800,true,true
"merge","Sorted",500,29,11808,3700,true,true
"merge","Sorted",500,30,11968,3800,true,true
"merge","Sorted",500,31,11840,3800,true,true
"merge","Sorted",500,32,11968,3800,true,true
"merge","Sorted",500,33,11808,3700,true,true
"merge","Sorted",500,34,11904,3700,true,true
"merge","Sorted",500,35,11776,3800,true,true
"merge","Sorted",500,36,11904,3800,true,true
"merge","Sorted",500,37,11808,3700,true,true
"merge","Sorted",500,38,11904,3700,true,true
"merge","Sorted",500,39,11872,3800,true,true
"merge","Sorted",500,40,11904,3800,true,true
"merge","Sorted",500,41,39616,12500,true,true
"merge","Sorted",500,42,11968,3800,true,true
"merge","Sorted",500,43,11808,3800,true,true
"merge","Sorted",500,44,12000,3900,true,true
"merge","Sorted",500,45,11808,3800,true,true
"merge","Sorted",500,46,11936,3800,true,true
"merge","Sorted",500,47,11808,3800,true,true
"merge","Sorted",500,48,11968,3800,true,true
"merge","Sorted",500,49,11872,3800,true,true
"merge","Sorted",500,50,11968,3800,true,true
"merge","Sorted",500,51,11840,3700,true,true
"merge","Sorted",500,52,11936,3800,true,true
"merge","Sorted",500,53,11808,3800,true,true
"merge","Sorted",500,54,11968,3800,true,true
"merge","Sorted",500,55,11840,3800,true,true
"merge","Sorted",500,56,12032,3900,true,true
"merge","Sorted",500,57,11776,3800,true,true
"merge","Sorted",500,58,11968,3900,true,true
"merge","Sorted",500,59,11808,3800,true,true
"merge","Sorted",500,60,12000,3800,true,true
"merge","Sorted",500,61,11840,3800,true,true
"merge","Sorted",500,62,12032,3900,true,true
"merge","Sorted",500,63,11808,3800,true,true
"merge","Sorted",500,64,11968,3900,true,true
"merge","Sorted",500,65,11840,3800,true,true
"merge","Sorted",500,66,11968,3800,true,true
"merge","Sorted",500,67,11840,3800,true,true
"merge","Sorted",500,68,12032,3900,true,true
"merge","Sorted",500,69,11808,3800,true,true
"merge","Sorted",500,70,12000,3800,true,true
"merge","Sorted",500,71,11840,3800,true,true
"merge","Sorted",500,72,12000,3900,true,true
"merge","Sorted",500,73,11872,3800,true,true
"merge","Sorted",500,74,12032,3900,true,true
"merge","Sorted",500,75,11936,3800,true,true
"merge","Sorted",500,76,12032,3800,true,true
"merge","Sorted",500,77,11872,3700,true,true
"merge","Sorted",500,78,12000,3800,true,true
"merge","Sorted",500,79,11872,3700,true,true
"merge","Sorted",500,80,11904,3800,true,true
"merge","Sorted",500,81,11808,3700,true,true
"merge","Sorted",500,82,12000,3800,true,true
"merge","Sorted",500,83,11840,3700,true,true
"merge","Sorted",500,84,12000,3800,true,true
"merge","Sorted",500,85,11936,3800,true,true
"merge","Sorted",500,86,12000,3800,true,true
"merge","Sorted",500,87,11808,3700,true,true
"merge","Sorted",500,88,11968,3800,true,true
"merge","Sorted",500,89,11808,3700,true,true
"merge","Sorted",500,90,12000,3900,true,true
"merge","Sorted",500,91,11840,3700,true,true
"merge","Sorted",500,92,11968,3800,true,true
"merge","Sorted",500,93,11904,3800,true,true
"merge","Sorted",500,94,12000,3800,true,true
"merge","Sorted",500,95,11840,3700,true,true
"merge","Sorted",500,96,11968,3800,true,true
"merge","Sorted",500,97,11840,3700,true,true
"merge","Sorted",500,98,11968,3800,true,true
"merge","Sorted",500,99,11808,3700,true,true
"quicksort","Sorted",500,0,5600,1800,true,true
"quicksort","Sorted",500,1,5632,1800,true,true
"quicksort","Sorted",500,2,5664,1800,true,true
"quicksort","Sorted",500,3,5632,1800,true,true
"quicksort","Sorted",500,4,5632,1800,true,true
"quicksort","Sorted",500,5,5632,1800,true,true
"quicksort","Sorted",500,6,5632,1800,true,true
"quicksort","Sorted",500,7,5632,1800,true,true
"quicksort","Sorted",500,8,5600,1800,true,true
"quicksort","Sorted",500,9,5632,1800,true,true
"quicksort","Sorted",500,10,5632,1800,true,true
"quicksort","Sorted",500,11,5632,1800,true,true
"quicksort","Sorted",500,12,5600,1800,true,true
"quicksort","Sorted",500,13,5600,1800,true,true
"quicksort","Sorted",500,14,5600,1800,true,true
"quicksort","Sorted",500,15,5600,1800,true,true
"quicksort","Sorted",500,16,5600,1800,true,true
"quicksort","Sorted",500,17,5728,1900,true,true
"quicksort","Sorted",500,18,5664,1800,true,true
"quicksort","Sorted",500,19,5632,1800,true,true
"quicksort","Sorted",500,20,5632,1800,true,true
"quicksort","Sorted",500,21,5632,1800,true,true
"quicksort","Sorted",500,22,5664,1800,true,true
"quicksort","Sorted",500,23,5664,1800,true,true
"quicksort","Sorted",500,24,5600,1800,true,true
"quicksort","Sorted",500,25,5632,1900,true,true
"quicksort","Sorted",500,26,5632,1800,true,true
"quicksort","Sorted",500,27,5632,1800,true,true
"quicksort","Sorted",500,28,5600,1900,true,true
"quicksort","Sorted",500,29,5600,1800,true,true
"quicksort","Sorted",500,30,5632,1800,true,true
"quicksort","Sorted",500,31,5664,1800,true,true
"quicksort","Sorted",500,32,5600,1900,true,true
"quicksort","Sorted",500,33,5696,1900,true,true
"quicksort","Sorted",500,34,5632,1800,true,true
"quicksort","Sorted",500,35,5664,1800,true,true
"quicksort","Sorted",500,36,5632,1800,true,true
"quicksort","Sorted",500,37,5632,1800,true,true
"quicksort","Sorted",500,38,5632,1800,true,true
"quicksort","Sorted",500,39,5632,1800,true,true
"quicksort","Sorted",500,40,5632,1800,true,true
"quicksort","Sorted",500,41,5632,1800,true,true
"quicksort","Sorted",500,42,5632,1800,true,true
"quicksort","Sorted",500,43,5632,1800,true,true
"quicksort","Sorted",500,44,5600,1800,true,true
"quicksort","Sorted",500,45,5664,1800,true,true
"quicksort","Sorted",500,46,5632,1800,true,true
"quicksort","Sorted",500,47,5632,1800,true,true
"quicksort","Sorted",500,48,5632,1800,true,true
"quicksort","Sorted",500,49,5632,1900,true,true
"quicksort","Sorted",500,50,5632,1800,true,true
"quicksort","Sorted",500,51,5632,1800,true,true
"quicksort","Sorted",500,52,5600,1800,true,true
"quicksort","Sorted",500,53,5632,1900,true,true
"quicksort","Sorted",500,54,5632,1800,true,true
"quicksort","Sorted",500,55,5632,1800,true,true
"quicksort","Sorted",500,56,5632,1900,true,true
"quicksort","Sorted",500,57,5632,1800,true,true
"quicksort","Sorted",500,58,5632,1800,true,true
"quicksort","Sorted",500,59,5632,1800,true,true
"quicksort","Sorted",500,60,5632,1800,true,true
"quicksort","Sorted",500,61,5632,1800,true,true
"quicksort","Sorted",500,62,5632,1800,true,true
"quicksort","Sorted",500,63,5664,1800,true,true
"quicksort","Sorted",500,64,5632,1800,true,true
"quicksort","Sorted",500,65,5984,2000,true,true
"quicksort","Sorted",500,66,9216,3000,true,true
"quicksort","Sorted",500,67,13984,4500,true,true
"quicksort","Sorted",500,68,8640,2800,true,true
"quicksort","Sorted",500,69,8576,2700,true,true
"quicksort","Sorted",500,70,9280,3000,true,true
"quicksort","Sorted",500,71,8704,2800,true,true
"quicksort","Sorted",500,72,14880,4800,true,true
"quicksort","Sorted",500,73,14368,4600,true,true
"quicksort","Sorted",500,74,12128,3900,true,true
"quicksort","Sorted",500,75,8288,2600,true,true
"quicksort","Sorted",500,76,8672,2800,true,true
"quicksort","Sorted",500,77,8544,2800,true,true
"quicksort","Sorted",500,78,9088,2900,true,true
"quicksort","Sorted",500,79,8256,2600,true,true
"quicksort","Sorted",500,80,8256,2600,true,true
"quicksort","Sorted",500,81,8256,2600,true,true
"quicksort","Sorted",500,82,8320,2700,true,true
"quicksort","Sorted",500,83,8288,2600,true,true
"quicksort","Sorted",500,84,8288,2700,true,true
"quicksort","Sorted",500,85,8256,2600,true,true
"quicksort","Sorted",500,86,8320,2700,true,true
"quicksort","Sorted",500,87,8288,2600,true,true
"quicksort","Sorted",500,88,8352,2700,true,true
"quicksort","Sorted",500,89,8416,2600,true,true
"quicksort","Sorted",500,90,9056,2900,true,true
"quicksort","Sorted",500,91,8640,2800,true,true
"quicksort","Sorted",500,92,10560,3400,true,true
"quicksort","Sorted",500,93,13216,4200,true,true
"quicksort","Sorted",500,94,12512,4000,true,true
"quicksort","Sorted",500,95,7040,2200,true,true
"quicksort","Sorted",500,96,5728,1900,true,true
"quicksort","Sorted",500,97,5696,1800,true,true
"quicksort","Sorted",500,98,5792,1900,true,true
"quicksort","Sorted",500,99,5696,1800,true,true
"heap","Sorted",500,0,13088,4100,true,true
"heap","Sorted",500,1,13248,4200,true,true
"heap","Sorted",500,2,13248,4200,true,true
"heap","Sorted",500,3,13024,4200,true,true
"heap","Sorted",500,4,13152,4200,true,true
"heap","Sorted",500,5,13088,4200,true,true
"heap","Sorted",500,6,13120,4200,true,true
"heap","Sorted",500,7,13088,4100,true,true
"heap","Sorted",500,8,13120,4100,true,true
"heap","Sorted",500,9,13088,4100,true,true
"heap","Sorted",500,10,13024,4100,true,true
"heap","Sorted",500,11,13056,4200,true,true
"heap","Sorted",500,12,12992,4100,true,true
"heap","Sorted",500,13,13184,4200,true,true
"heap","Sorted",500,14,13024,4200,true,true
"heap","Sorted",500,15,13088,4200,true,true
"heap","Sorted",500,16,13056,4200,true,true
"heap","Sorted",500,17,13056,4100,true,true
"heap","Sorted",500,18,13056,4100,true,true
"heap","Sorted",500,19,13056,4100,true,true
"heap","Sorted",500,20,13216,4200,true,true
"heap","Sorted",500,21,13120,4200,true,true
"heap","Sorted",500,22,13088,4200,true,true
"heap","Sorted",500,23,13184,4100,true,true
"heap","Sorted",500,24,13024,4100,true,true
"heap","Sorted",500,25,13120,4100,true,true
"heap","Sorted",500,26,12992,4300,true,true
"heap","Sorted",500,27,13088,4300,true,true
"heap","Sorted",500,28,13120,4100,true,true
"heap","Sorted",500,29,13024,4200,true,true
"heap","Sorted",500,30,13152,4200,true,true
"heap","Sorted",500,31,13056,4100,true,true
"heap","Sorted",500,32,13120,4200,true,true
"heap","Sorted",500,33,13088,4100,true,true
"heap","Sorted",500,34,13120,4300,true,true
"heap","Sorted",500,35,13184,4200,true,true
"heap","Sorted",500,36,13152,4200,true,true
"heap","Sorted",500,37,13056,4200,true,true
"heap","Sorted",500,38,13024,4200,true,true
"heap","Sorted",500,39,12992,4200,true,true
"heap","Sorted",500,40,13088,4100,true,true
"heap","Sorted",500,41,13120,4200,true,true
"heap","Sorted",500,42,13152,4200,true,true
"heap","Sorted",500,43,13216,4200,true,true
"heap","Sorted",500,44,13152,4200,true,true
"heap","Sorted",500,45,13088,4100,true,true
"heap","Sorted",500,46,13152,4100,true,true
"heap","Sorted",500,47,13056,4100,true,true
"heap","Sorted",500,48,13056,4100,true,true
"heap","Sorted",500,49,13024,4100,true,true
"heap","Sorted",500,50,13152,4100,true,true
"heap","Sorted",500,51,13184,4200,true,true
"heap","Sorted",500,52,12992,4200,true,true
"heap","Sorted",500,53,13024,4200,true,true
"heap","Sorted",500,54,13120,4200,true,true
"heap","Sorted",500,55,13120,4200,true,true
"heap","Sorted",500,56,13120,4200,true,true
"heap","Sorted",500,57,13120,4100,true,true
"heap","Sorted",500,58,13056,4100,true,true
"heap","Sorted",500,59,13024,4100,true,true
"heap","Sorted",500,60,13056,4100,true,true
"heap","Sorted",500,61,13056,4100,true,true
"heap","Sorted",500,62,13088,4100,true,true
"heap","Sorted",500,63,13056,4100,true,true
"heap","Sorted",500,64,13152,4100,true,true
"heap","Sorted",500,65,13024,4200,true,true
"heap","Sorted",500,66,41728,13100,true,true
"heap","Sorted",500,67,13024,4200,true,true
"heap","Sorted",500,68,13184,4200,true,true
"heap","Sorted",500,69,13024,4100,true,true
"heap","Sorted",500,70,13024,4100,true,true
"heap","Sorted",500,71,13056,4100,true,true
"heap","Sorted",500,72,13056,4100,true,true
"heap","Sorted",500,73,13056,4100,true,true
"heap","Sorted",500,74,13056,4200,true,true
"heap","Sorted",500,75,13088,4200,true,true
"heap","Sorted",500,76,13024,4200,true,true
"heap","Sorted",500,77,13120,4200,true,true
"heap","Sorted",500,78,13056,4200,true,true
"heap","Sorted",500,79,13056,4100,true,true
"heap","Sorted",500,80,13024,4100,true,true
"heap","Sorted",500,81,12992,4100,true,true
"heap","Sorted",500,82,13088,4100,true,true
"heap","Sorted",500,83,13024,4100,true,true
"heap","Sorted",500,84,13056,4100,true,true
"heap","Sorted",500,85,12960,4100,true,true
"heap","Sorted",500,86,12896,4100,true,true
"heap","Sorted",500,87,12960,4100,true,true
"heap","Sorted",500,88,13056,4200,true,true
"heap","Sorted",500,89,13184,4200,true,true
"heap","Sorted",500,90,13120,4200,true,true
"heap","Sorted",500,91,13152,4200,true,true
"heap","Sorted",500,92,13056,4200,true,true
"heap","Sorted",500,93,13088,4100,true,true
"heap","Sorted",500,94,13024,4100,true,true
"heap","Sorted",500,95,13088,4100,true,true
"heap","Sorted",500,96,13088,4100,true,true
"heap","Sorted",500,97,12960,4100,true,true
"heap","Sorted",500,98,13088,4100,true,true
"heap","Sorted",500,99,13152,4200,true,true
"std-sort","Sorted",500,0,3904,1200,true,true
"std-sort","Sorted",500,1,3936,1300,true,true
"std-sort","Sorted",500,2,3968,1300,true,true
"std-sort","Sorted",500,3,3968,1200,true,true
"std-sort","Sorted",500,4,4000,1300,true,true
"std-sort","Sorted",500,5,3936,1300,true,true
"std-sort","Sorted",500,6,3968,1300,true,true
"std-sort","Sorted",500,7,3936,1300,true,true
"std-sort","Sorted",500,8,4000,1300,true,true
"std-sort","Sorted",500,9,3968,1300,true,true
"std-sort","Sorted",500,10,3968,1300,true,true
"std-sort","Sorted",500,11,3936,1300,true,true
"std-sort","Sorted",500,12,3904,1300,true,true
"std-sort","Sorted",500,13,3968,1300,true,true
"std-sort","Sorted",500,14,3936,1300,true,true
"std-sort","Sorted",500,15,3936,1300,true,true
"std-sort","Sorted",500,16,3968,1300,true,true
"std-sort","Sorted",500,17,3936,1300,true,true
"std-sort","Sorted",500,18,3968,1300,true,true
"std-sort","Sorted",500,19,3904,1300,true,true
"std-sort","Sorted",500,20,3936,1300,true,true
"std-sort","Sorted",500,21,3904,1200,true,true
"std-sort","Sorted",500,22,3936,1300,true,true
"std-sort","Sorted",500,23,3904,1300,true,true
"std-sort","Sorted",500,24,3936,1300,true,true
"std-sort","Sorted",500,25,3904,1300,true,true
"std-sort","Sorted",500,26,3904,1300,true,true
"std-sort","Sorted",500,27,3904,1300,true,true
"std-sort","Sorted",500,28,3936,1300,true,true
"std-sort","Sorted",500,29,3904,1300,true,true
"std-sort","Sorted",500,30,3936,1300,true,true
"std-sort","Sorted",500,31,3904,1300,true,true
"std-sort","Sorted",500,32,3968,1300,true,true
"std-sort","Sorted",500,33,4000,1400,true,true
"std-sort","Sorted",500,34,3904,1300,true,true
"std-sort","Sorted",500,35,3904,1300,true,true
"std-sort","Sorted",500,36,3936,1200,true,true
"std-sort","Sorted",500,37,3936,1300,true,true
"std-sort","Sorted",500,38,3904,1200,true,true
"std-sort","Sorted",500,39,3936,1300,true,true
"std-sort","Sorted",500,40,3936,1300,true,true
"std-sort","Sorted",500,41,3936,1300,true,true
"std-sort","Sorted",500,42,3936,1400,true,true
"std-sort","Sorted",500,43,3936,1300,true,true
"std-sort","Sorted",500,44,3936,1300,true,true
"std-sort","Sorted",500,45,3936,1300,true,true
"std-sort","Sorted",500,46,4000,1300,true,true
"std-sort","Sorted",500,47,3904,1300,true,true
"std-sort","Sorted",500,48,3904,1300,true,true
"std-sort","Sorted",500,49,3936,1200,true,true
"std-sort","Sorted",500,50,3904,1300,true,true
"std-sort","Sorted",500,51,3936,1300,true,true
"std-sort","Sorted",500,52,3904,1300,true,true
"std-sort","Sorted",500,53,3936,1300,true,true
"std-sort","Sorted",500,54,3968,1300,true,true
"std-sort","Sorted",500,55,3904,1300,true,true
"std-sort","Sorted",500,56,3904,1300,true,true
"std-sort","Sorted",500,57,3968,1300,true,true
"std-sort","Sorted",500,58,3904,1200,true,true
"std-sort","Sorted",500,59,3872,1200,true,true
"std-sort","Sorted",500,60,3904,1300,true,true
"std-sort","Sorted",500,61,3872,1300,true,true
"std-sort","Sorted",500,62,3904,1300,true,true
"std-sort","Sorted",500,63,3872,1300,true,true
"std-sort","Sorted",500,64,3904,1300,true,true
"std-sort","Sorted",500,65,4128,1400,true,true
"std-sort","Sorted",500,66,3968,1300,true,true
"std-sort","Sorted",500,67,3968,1300,true,true
"std-sort","Sorted",500,68,3968,1200,true,true
"std-sort","Sorted",500,69,13120,4200,true,true
"std-sort","Sorted",500,70,3936,1300,true,true
"std-sort","Sorted",500,71,3968,1300,true,true
"std-sort","Sorted",500,72,3968,1300,true,true
"std-sort","Sorted",500,73,3968,1300,true,true
"std-sort","Sorted",500,74,3872,1200,true,true
"std-sort","Sorted",500,75,3968,1300,true,true
"std-sort","Sorted",500,76,3968,1200,true,true
"std-sort","Sorted",500,77,3968,1300,true,true
"std-sort","Sorted",500,78,3872,1300,true,true
"std-sort","Sorted",500,79,3968,1300,true,true
"std-sort","Sorted",500,80,3968,1400,true,true
"std-sort","Sorted",500,81,3968,1400,true,true
"std-sort","Sorted",500,82,3936,1300,true,true
"std-sort","Sorted",500,83,3968,1300,true,true
"std-sort","Sorted",500,84,3968,1300,true,true
"std-sort","Sorted",500,85,3968,1400,true,true
"std-sort","Sorted",500,86,3936,1300,true,true
"std-sort","Sorted",500,87,3968,1300,true,true
"std-sort","Sorted",500,88,3968,1200,true,true
"std-sort","Sorted",500,89,3968,1300,true,true
"std-sort","Sorted",500,90,3872,1300,true,true
"std-sort","Sorted",500,91,3968,1300,true,true
"std-sort","Sorted",500,92,3968,1400,true,true
"std-sort","Sorted",500,93,3968,1300,true,true
"std-sort","Sorted",500,94,3872,1300,true,true
"std-sort","Sorted",500,95,3968,1300,true,true
"std-sort","Sorted",500,96,3968,1300,true,true
"std-sort","Sorted",500,97,3968,1200,true,true
"std-sort","Sorted",500,98,3872,1300,true,true
"std-sort","Sorted",500,99,3968,1300,true,true
"std-stable-sort","Sorted",500,0,4800,1600,true,true
"std-stable-sort","Sorted",500,1,4800,1500,true,true
"std-stable-sort","Sorted",500,2,4800,1500,true,true
"std-stable-sort","Sorted",500,3,4768,1500,true,true
"std-stable-sort","Sorted",500,4,4768,1500,true,true
"std-stable-sort","Sorted",500,5,4736,1500,true,true
"std-stable-sort","Sorted",500,6,4800,1500,true,true
"std-stable-sort","Sorted",500,7,4768,1500,true,true
"std-stable-sort","Sorted",500,8,4768,1500,true,true
"std-stable-sort","Sorted",500,9,4800,1600,true,true
"std-stable-sort","Sorted",500,10,4896,1500,true,true
"std-stable-sort","Sorted",500,11,4736,1600,true,true
"std-stable-sort","Sorted",500,12,4800,1600,true,true
"std-stable-sort","Sorted",500,13,4768,1600,true,true
"std-stable-sort","Sorted",500,14,4800,1600,true,true
"std-stable-sort","Sorted",500,15,4768,1500,true,true
"std-stable-sort","Sorted",500,16,4768,1500,true,true
"std-stable-sort","Sorted",500,17,4832,1500,true,true
"std-stable-sort","Sorted",500,18,4800,1500,true,true
"std-stable-sort","Sorted",500,19,4800,1600,true,true
"std-stable-sort","Sorted",500,20,4800,1600,true,true
"std-stable-sort","Sorted",500,21,4832,1500,true,true
"std-stable-sort","Sorted",500,22,4800,1500,true,true
"std-stable-sort","Sorted",500,23,4768,1500,true,true
"std-stable-sort","Sorted",500,24,4768,1500,true,true
"std-stable-sort","Sorted",500,25,4768,1500,true,true
"std-stable-sort","Sorted",500,26,4768,1500,true,true
"std-stable-sort","Sorted",500,27,4768,1600,true,true
"std-stable-sort","Sorted",500,28,4800,1600,true,true
"std-stable-sort","Sorted",500,29,4800,1500,true,true
"std-stable-sort","Sorted",500,30,4800,1500,true,true
"std-stable-sort","Sorted",500,31,4800,1600,true,true
"std-stable-sort","Sorted",500,32,4768,1500,true,true
"std-stable-sort","Sorted",500,33,4864,1600,true,true
"std-stable-sort","Sorted",500,34,5088,1700,true,true
"std-stable-sort","Sorted",500,35,4768,1500,true,true
"std-stable-sort","Sorted",500,36,4896,1600,true,true
"std-stable-sort","Sorted",500,37,4768,1600,true,true
"std-stable-sort","Sorted",500,38,4832,1600,true,true
"std-stable-sort","Sorted",500,39,4768,1500,true,true
"std-stable-sort","Sorted",500,40,4832,1500,true,true
"std-stable-sort","Sorted",500,41,4736,1600,true,true
"std-stable-sort","Sorted",500,42,4864,1600,true,true
"std-stable-sort","Sorted",500,43,4768,1500,true,true
"std-stable-sort","Sorted",500,44,4864,1500,true,true
"std-stable-sort","Sorted",500,45,4768,1600,true,true
"std-stable-sort","Sorted",500,46,4864,1600,true,true
"std-stable-sort","Sorted",500,47,4768,1500,true,true
"std-stable-sort","Sorted",500,48,4864,1500,true,true
"std-stable-sort","Sorted",500,49,4736,1600,true,true
"std-stable-sort","Sorted",500,50,4832,1600,true,true
"std-stable-sort","Sorted",500,51,4768,1500,true,true
"std-stable-sort","Sorted",500,52,4864,1500,true,true
"std-stable-sort","Sorted",500,53,4768,1500,true,true
"std-stable-sort","Sorted",500,54,4864,1600,true,true
"std-stable-sort","Sorted",500,55,4768,1600,true,true
"std-stable-sort","Sorted",500,56,4864,1600,true,true
"std-stable-sort","Sorted",500,57,4768,1500,true,true
"std-stable-sort","Sorted",500,58,4864,1500,true,true
"std-stable-sort","Sorted",500,59,4768,1600,true,true
"std-stable-sort","Sorted",500,60,4832,1600,true,true
"std-stable-sort","Sorted",500,61,4768,1500,true,true
"std-stable-sort","Sorted",500,62,4832,1600,true,true
"std-stable-sort","Sorted",500,63,4768,1500,true,true
"std-stable-sort","Sorted",500,64,4832,1600,true,true
"std-stable-sort","Sorted",500,65,4928,1600,true,true
"std-stable-sort","Sorted",500,66,4864,1600,true,true
"std-stable-sort","Sorted",500,67,4864,1600,true,true
"std-stable-sort","Sorted",500,68,4768,1600,true,true
"std-stable-sort","Sorted",500,69,4832,1600,true,true
"std-stable-sort","Sorted",500,70,4768,1600,true,true
"std-stable-sort","Sorted",500,71,4832,1500,true,true
"std-stable-sort","Sorted",500,72,4736,1500,true,true
"std-stable-sort","Sorted",500,73,4832,1500,true,true
"std-stable-sort","Sorted",500,74,4736,1500,true,true
"std-stable-sort","Sorted",500,75,4800,1600,true,true
"std-stable-sort","Sorted",500,76,4736,1500,true,true
"std-stable-sort","Sorted",500,77,4832,1600,true,true
"std-stable-sort","Sorted",500,78,4736,1600,true,true
"std-stable-sort","Sorted",500,79,4800,1600,true,true
"std-stable-sort","Sorted",500,80,4736,1600,true,true
"std-stable-sort","Sorted",500,81,4832,1500,true,true
"std-stable-sort","Sorted",500,82,4736,1500,true,true
"std-stable-sort","Sorted",500,83,4832,1600,true,true
"std-stable-sort","Sorted",500,84,4736,1600,true,true
"std-stable-sort","Sorted",500,85,4832,1600,true,true
"std-stable-sort","Sorted",500,86,4736,1600,true,true
"std-stable-sort","Sorted",500,87,4800,1500,true,true
"std-stable-sort","Sorted",500,88,4736,1500,true,true
"std-stable-sort","Sorted",500,89,4832,1500,true,true
"std-stable-sort","Sorted",500,90,4736,1500,true,true
"std-stable-sort","Sorted",500,91,4800,1600,true,true
"std-stable-sort","Sorted",500,92,4736,1500,true,true
"std-stable-sort","Sorted",500,93,4832,1600,true,true
"std-stable-sort","Sorted",500,94,4736,1600,true,true
"std-stable-sort","Sorted",500,95,4832,1500,true,true
"std-stable-sort","Sorted",500,96,4736,1500,true,true
"std-stable-sort","Sorted",500,97,4832,1500,true,true
"std-stable-sort","Sorted",500,98,5056,1600,true,true
"std-stable-sort","Sorted",500,99,5152,1700,true,true
"bubble","Sorted",1000,0,1344,500,true,true
"bubble","Sorted",1000,1,1344,500,true,true
"bubble","Sorted",1000,2,1344,500,true,true
"bubble","Sorted",1000,3,1344,500,true,true
"bubble","Sorted",1000,4,1344,500,true,true
"bubble","Sorted",1000,5,1344,400,true,true
"bubble","Sorted",1000,6,1344,400,true,true
"bubble","Sorted",1000,7,1344,400,true,true
"bubble","Sorted",1000,8,1344,400,true,true
"bubble","Sorted",1000,9,1344,500,true,true
"bubble","Sorted",1000,10,1344,500,true,true
"bubble","Sorted",1000,11,1344,500,true,true
"bubble","Sorted",1000,12,1312,500,true,true
"bubble","Sorted",1000,13,1344,500,true,true
"bubble","Sorted",1000,14,1344,500,true,true
"bubble","Sorted",1000,15,1344,500,true,true
"bubble","Sorted",1000,16,1344,500,true,true
"bubble","Sorted",1000,17,1344,500,true,true
"bubble","Sorted",1000,18,1344,500,true,true
"bubble","Sorted",1000,19,1344,500,true,true
"bubble","Sorted",1000,20,1344,500,true,true
"bubble","Sorted",1000,21,1344,500,true,true
"bubble","Sorted",1000,22,1344,500,true,true
"bubble","Sorted",1000,23,1344,500,true,true
"bubble","Sorted",1000,24,1344,500,true,true
"bubble","Sorted",1000,25,1344,500,true,true
"bubble","Sorted",1000,26,1344,400,true,true
"bubble","Sorted",1000,27,1344,400,true,true
"bubble","Sorted",1000,28,1344,400,true,true
"bubble","Sorted",1000,29,1344,400,true,true
"bubble","Sorted",1000,30,1344,400,true,true
"bubble","Sorted",1000,31,1344,400,true,true
"bubble","Sorted",1000,32,1344,400,true,true
"bubble","Sorted",1000,33,1344,500,true,true
"bubble","Sorted",1000,34,1344,500,true,true
"bubble","Sorted",1000,35,1344,500,true,true
"bubble","Sorted",1000,36,1344,500,true,true
"bubble","Sorted",1000,37,1344,500,true,true
"bubble","Sorted",1000,38,1344,500,true,true
"bubble","Sorted",1000,39,1344,500,true,true
"bubble","Sorted",1000,40,1344,500,true,true
"bubble","Sorted",1000,41,1344,500,true,true
"bubble","Sorted",1000,42,1344,500,true,true
"bubble","Sorted",1000,43,1344,500,true,true
"bubble","Sorted",1000,44,1344,400,true,true
"bubble","Sorted",1000,45,1344,400,true,true
"bubble","Sorted",1000,46,1344,400,true,true
"bubble","Sorted",1000,47,1344,500,true,true
"bubble","Sorted",1000,48,1344,500,true,true
"bubble","Sorted",1000,49,1344,500,true,true
"bubble","Sorted",1000,50,1344,500,true,true
"bubble","Sorted",1000,51,1344,500,true,true
"bubble","Sorted",1000,52,1344,500,true,true
"bubble","Sorted",1000,53,1344,500,true,true
"bubble","Sorted",1000,54,1344,500,true,true
"bubble","Sorted",1000,55,2784,900,true,true
"bubble","Sorted",1000,56,2784,1000,true,true
"bubble","Sorted",1000,57,2784,1000,true,true
"bubble","Sorted",1000,58,2784,1000,true,true
"bubble","Sorted",1000,59,1376,400,true,true
"bubble","Sorted",1000,60,1376,500,true,true
"bubble","Sorted",1000,61,1344,500,true,true
"bubble","Sorted",1000,62,1344,500,true,true
"bubble","Sorted",1000,63,1376,500,true,true
"bubble","Sorted",1000,64,1376,500,true,true
"bubble","Sorted",1000,65,1376,500,true,true
"bubble","Sorted",1000,66,1376,500,true,true
"bubble","Sorted",1000,67,1376,500,true,true
"bubble","Sorted",1000,68,1376,500,true,true
"bubble","Sorted",1000,69,1376,500,true,true
"bubble","Sorted",1000,70,1376,500,true,true
"bubble","Sorted",1000,71,1376,500,true,true
"bubble","Sorted",1000,72,1376,500,true,true
"bubble","Sorted",1000,73,1376,400,true,true
"bubble","Sorted",1000,74,1376,500,true,true
"bubble","Sorted",1000,75,1376,500,true,true
"bubble","Sorted",1000,76,1376,500,true,true
"bubble","Sorted",1000,77,1376,500,true,true
"bubble","Sorted",1000,78,1376,500,true,true
"bubble","Sorted",1000,79,1376,500,true,true
"bubble","Sorted",1000,80,1376,500,true,true
"bubble","Sorted",1000,81,1376,500,true,true
"bubble","Sorted",1000,82,1376,500,true,true
"bubble","Sorted",1000,83,1376,500,true,true
"bubble","Sorted",1000,84,1376,500,true,true
"bubble","Sorted",1000,85,1376,400,true,true
"bubble","Sorted",1000,86,1376,400,true,true
"bubble","Sorted",1000,87,1376,400,true,true
"bubble","Sorted",1000,88,1376,500,true,true
"bubble","Sorted",1000,89,1376,500,true,true
"bubble","Sorted",1000,90,1376,400,true,true
"bubble","Sorted",1000,91,1376,500,true,true
"bubble","Sorted",1000,92,1376,500,true,true
"bubble","Sorted",1000,93,1376,500,true,true
"bubble","Sorted",1000,94,1376,500,true,true
"bubble","Sorted",1000,95,1376,400,true,true
"bubble","Sorted",1000,96,1376,500,true,true
"bubble","Sorted",1000,97,1376,500,true,true
"bubble","Sorted",1000,98,1376,500,true,true
"bubble","Sorted",1000,99,1376,500,true,true
"insertion","Sorted",1000,0,1440,700,true,true
"insertion","Sorted",1000,1,1440,500,true,true
"insertion","Sorted",1000,2,1440,500,true,true
"insertion","Sorted",1000,3,1440,500,true,true
"insertion","Sorted",1000,4,1408,500,true,true
"insertion","Sorted",1000,5,1408,500,true,true
"insertion","Sorted",1000,6,1440,500,true,true
"insertion","Sorted",1000,7,1408,500,true,true
"insertion","Sorted",1000,8,1408,500,true,true
"insertion","Sorted",1000,9,1440,500,true,true
"insertion","Sorted",1000,10,1440,500,true,true
"insertion","Sorted",1000,11,1408,500,true,true
"insertion","Sorted",1000,12,1440,500,true,true
"insertion","Sorted",1000,13,1408,500,true,true
"insertion","Sorted",1000,14,1440,600,true,true
"insertion","Sorted",1000,15,1408,500,true,true
"insertion","Sorted",1000,16,1440,500,true,true
"insertion","Sorted",1000,17,1440,500,true,true
"insertion","Sorted",1000,18,1440,500,true,true
"insertion","Sorted",1000,19,1440,500,true,true
"insertion","Sorted",1000,20,1440,600,true,true
"insertion","Sorted",1000,21,1440,500,true,true
"insertion","Sorted",1000,22,1440,500,true,true
"insertion","Sorted",1000,23,1408,500,true,true
"insertion","Sorted",1000,24,1440,500,true,true
"insertion","Sorted",1000,25,1440,500,true,true
"insertion","Sorted",1000,26,1440,500,true,true
"insertion","Sorted",1000,27,1440,500,true,true
"insertion","Sorted",1000,28,1440,500,true,true
"insertion","Sorted",1000,29,1440,500,true,true
"insertion","Sorted",1000,30,1408,500,true,true
"insertion","Sorted",1000,31,1440,500,true,true
"insertion","Sorted",1000,32,1440,500,true,true
"insertion","Sorted",1000,33,1440,500,true,true
"insertion","Sorted",1000,34,1440,500,true,true
"insertion","Sorted",1000,35,1440,500,true,true
"insertion","Sorted",1000,36,1440,600,true,true
"insertion","Sorted",1000,37,1440,500,true,true
"insertion","Sorted",1000,38,1440,500,true,true
"insertion","Sorted",1000,39,1440,500,true,true
"insertion","Sorted",1000,40,1440,500,true,true
"insertion","Sorted",1000,41,1408,500,true,true
"insertion","Sorted",1000,42,1440,500,true,true
"insertion","Sorted",1000,43,1440,500,true,true
"insertion","Sorted",1000,44,1440,500,true,true
"insertion","Sorted",1000,45,1440,500,true,true
"insertion","Sorted",1000,46,1440,500,true,true
"insertion","Sorted",1000,47,1440,500,true,true
"insertion","Sorted",1000,48,1440,500,true,true
"insertion","Sorted",1000,49,1440,500,true,true
"insertion","Sorted",1000,50,1440,500,true,true
"insertion","Sorted",1000,51,1440,500,true,true
"insertion","Sorted",1000,52,1440,500,true,true
"insertion","Sorted",1000,53,1440,500,true,true
"insertion","Sorted",1000,54,1440,500,true,true
"insertion","Sorted",1000,55,1440,500,true,true
"insertion","Sorted",1000,56,1440,500,true,true
"insertion","Sorted",1000,57,1440,500,true,true
"insertion","Sorted",1000,58,1440,500,true,true
"insertion","Sorted",1000,59,1408,500,true,true
"insertion","Sorted",1000,60,1440,500,true,true
"insertion","Sorted",1000,61,1408,500,true,true
"insertion","Sorted",1000,62,1440,500,true,true
"insertion","Sorted",1000,63,1440,500,true,true
"insertion","Sorted",1000,64,1440,500,true,true
"insertion","Sorted",1000,65,1440,500,true,true
"insertion","Sorted",1000,66,1440,500,true,true
"insertion","Sorted",1000,67,1440,500,true,true
"insertion","Sorted",1000,68,1440,500,true,true
"insertion","Sorted",1000,69,1440,500,true,true
"insertion","Sorted",1000,70,1440,500,true,true
"insertion","Sorted",1000,71,1440,500,true,true
"insertion","Sorted",1000,72,1440,500,true,true
"insertion","Sorted",1000,73,1440,500,true,true
"insertion","Sorted",1000,74,1440,500,true,true
"insertion","Sorted",1000,75,1440,500,true,true
"insertion","Sorted",1000,76,1408,500,true,true
"insertion","Sorted",1000,77,1440,500,true,true
"insertion","Sorted",1000,78,1408,600,true,true
"insertion","Sorted",1000,79,1440,500,true,true
"insertion","Sorted",1000,80,1440,500,true,true
"insertion","Sorted",1000,81,1440,500,true,true
"insertion","Sorted",1000,82,1440,500,true,true
"insertion","Sorted",1000,83,1440,500,true,true
"insertion","Sorted",1000,84,1440,500,true,true
"insertion","Sorted",1000,85,1440,500,true,true
"insertion","Sorted",1000,86,1440,500,true,true
"insertion","Sorted",1000,87,1440,500,true,true
"insertion","Sorted",1000,88,1440,600,true,true
"insertion","Sorted",1000,89,1440,500,true,true
"insertion","Sorted",1000,90,1440,500,true,true
"insertion","Sorted",1000,91,1408,500,true,true
"insertion","Sorted",1000,92,1440,500,true,true
"insertion","Sorted",1000,93,1440,500,true,true
"insertion","Sorted",1000,94,1440,500,true,true
"insertion","Sorted",1000,95,1440,500,true,true
"insertion","Sorted",1000,96,1440,500,true,true
"insertion","Sorted",1000,97,1440,500,true,true
"insertion","Sorted",1000,98,1440,500,true,true
"insertion","Sorted",1000,99,1440,500,true,true
"selection","Sorted",1000,0,439520,137600,true,true
"selection","Sorted",1000,1,436672,136800,true,true
"selection","Sorted",1000,2,469248,147000,true,true
"selection","Sorted",1000,3,436704,136700,true,true
"selection","Sorted",1000,4,449344,140800,true,true
"selection","Sorted",1000,5,427680,134000,true,true
"selection","Sorted",1000,6,430368,134800,true,true
"selection","Sorted",1000,7,430464,134800,true,true
"selection","Sorted",1000,8,430368,134800,true,true
"selection","Sorted",1000,9,464736,145600,true,true
"selection","Sorted",1000,10,544544,170800,true,true
"selection","Sorted",1000,11,430592,134900,true,true
"selection","Sorted",1000,12,427712,134000,true,true
"selection","Sorted",1000,13,430400,134800,true,true
"selection","Sorted",1000,14,427712,134000,true,true
"selection","Sorted",1000,15,430496,134800,true,true
"selection","Sorted",1000,16,457024,143100,true,true
"selection","Sorted",1000,17,430496,134900,true,true
"selection","Sorted",1000,18,509792,159700,true,true
"selection","Sorted",1000,19,596160,186800,true,true
"selection","Sorted",1000,20,427680,134000,true,true
"selection","Sorted",1000,21,444352,139500,true,true
"selection","Sorted",1000,22,434944,136300,true,true
"selection","Sorted",1000,23,460032,144100,true,true
"selection","Sorted",1000,24,509568,159600,true,true
"selection","Sorted",1000,25,471936,147800,true,true
"selection","Sorted",1000,26,434912,136300,true,true
"selection","Sorted",1000,27,434976,136200,true,true
"selection","Sorted",1000,28,434880,136200,true,true
"selection","Sorted",1000,29,449120,140700,true,true
"selection","Sorted",1000,30,469696,147200,true,true
"selection","Sorted",1000,31,434432,136100,true,true
"selection","Sorted",1000,32,437120,136900,true,true
"selection","Sorted",1000,33,437088,136900,true,true
"selection","Sorted",1000,34,434400,136100,true,true
"selection","Sorted",1000,35,437184,136900,true,true
"selection","Sorted",1000,36,437120,136900,true,true
"selection","Sorted",1000,37,462656,144900,true,true
"selection","Sorted",1000,38,437248,137000,true,true
"selection","Sorted",1000,39,437088,136900,true,true
"selection","Sorted",1000,40,437248,137000,true,true
"selection","Sorted",1000,41,434400,136100,true,true
"selection","Sorted",1000,42,437152,136900,true,true
"selection","Sorted",1000,43,437216,137000,true,true
"selection","Sorted",1000,44,460416,144200,true,true
"selection","Sorted",1000,45,445760,139600,true,true
"selection","Sorted",1000,46,450176,141000,true,true
"selection","Sorted",1000,47,430368,134800,true,true
"selection","Sorted",1000,48,430464,134800,true,true
"selection","Sorted",1000,49,427648,134000,true,true
"selection","Sorted",1000,50,430368,134800,true,true
"selection","Sorted",1000,51,453088,142000,true,true
"selection","Sorted",1000,52,427680,134000,true,true
"selection","Sorted",1000,53,430368,134800,true,true
"selection","Sorted",1000,54,430464,134900,true,true
"selection","Sorted",1000,55,427680,134000,true,true
"selection","Sorted",1000,56,430336,134800,true,true
"selection","Sorted",1000,57,435840,136600,true,true
"selection","Sorted",1000,58,430368,134800,true,true
"selection","Sorted",1000,59,452896,141900,true,true
"selection","Sorted",1000,60,427680,133900,true,true
"selection","Sorted",1000,61,430400,134800,true,true
"selection","Sorted",1000,62,430464,134800,true,true
"selection","Sorted",1000,63,427680,133900,true,true
"selection","Sorted",1000,64,447712,140200,true,true
"selection","Sorted",1000,65,437248,137000,true,true
"selection","Sorted",1000,66,456448,143000,true,true
"selection","Sorted",1000,67,437088,136900,true,true
"selection","Sorted",1000,68,437248,137000,true,true
"selection","Sorted",1000,69,434400,136100,true,true
"selection","Sorted",1000,70,446464,139900,true,true
"selection","Sorted",1000,71,437152,137000,true,true
"selection","Sorted",1000,72,437120,136900,true,true
"selection","Sorted",1000,73,612192,191700,true,true
"selection","Sorted",1000,74,470464,147300,true,true
"selection","Sorted",1000,75,434848,136200,true,true
"selection","Sorted",1000,76,434880,136200,true,true
"selection","Sorted",1000,77,432128,135400,true,true
"selection","Sorted",1000,78,434912,136200,true,true
"selection","Sorted",1000,79,527424,165300,true,true
"selection","Sorted",1000,80,500928,156900,true,true
"selection","Sorted",1000,81,455968,142800,true,true
"selection","Sorted",1000,82,430432,134800,true,true
"selection","Sorted",1000,83,583680,182900,true,true
"selection","Sorted",1000,84,430496,134800,true,true
"selection","Sorted",1000,85,427712,134000,true,true
"selection","Sorted",1000,86,430528,134800,true,true
"selection","Sorted",1000,87,455424,142600,true,true
"selection","Sorted",1000,88,430400,134800,true,true
"selection","Sorted",1000,89,449408,140800,true,true
"selection","Sorted",1000,90,510336,159900,true,true
"selection","Sorted",1000,91,498976,156300,true,true
"selection","Sorted",1000,92,576832,180700,true,true
"selection","Sorted",1000,93,480128,150700,true,true
"selection","Sorted",1000,94,430528,134800,true,true
"selection","Sorted",1000,95,430432,134800,true,true
"selection","Sorted",1000,96,430432,134800,true,true
"selection","Sorted",1000,97,456832,143100,true,true
"selection","Sorted",1000,98,434944,136200,true,true
"selection","Sorted",1000,99,499488,156400,true,true
"merge","Sorted",1000,0,24960,7900,true,true
"merge","Sorted",1000,1,25120,8000,true,true
"merge","Sorted",1000,2,25024,7900,true,true
"merge","Sorted",1000,3,27008,8500,true,true
"merge","Sorted",1000,4,24928,7800,true,true
"merge","Sorted",1000,5,25088,7900,true,true
"merge","Sorted",1000,6,25024,7900,true,true
"merge","Sorted",1000,7,25024,7900,true,true
"merge","Sorted",1000,8,24928,7800,true,true
"merge","Sorted",1000,9,25088,7900,true,true
"merge","Sorted",1000,10,24992,7900,true,true
"merge","Sorted",1000,11,25120,7900,true,true
"merge","Sorted",1000,12,25024,7900,true,true
"merge","Sorted",1000,13,26816,8500,true,true
"merge","Sorted",1000,14,24960,7900,true,true
"merge","Sorted",1000,15,25024,7900,true,true
"merge","Sorted",1000,16,24992,7900,true,true
"merge","Sorted",1000,17,27008,8500,true,true
"merge","Sorted",1000,18,25024,7900,true,true
"merge","Sorted",1000,19,25056,7900,true,true
"merge","Sorted",1000,20,24928,7900,true,true
"merge","Sorted",1000,21,25056,7900,true,true
"merge","Sorted",1000,22,25056,7800,true,true
"merge","Sorted",1000,23,25024,7900,true,true
"merge","Sorted",1000,24,24960,7900,true,true
"merge","Sorted",1000,25,25152,7900,true,true
"merge","Sorted",1000,26,25056,7900,true,true
"merge","Sorted",1000,27,25024,7900,true,true
"merge","Sorted",1000,28,25088,7900,true,true
"merge","Sorted",1000,29,25056,7900,true,true
"merge","Sorted",1000,30,26496,8400,true,true
"merge","Sorted",1000,31,25056,7900,true,true
"merge","Sorted",1000,32,24992,7800,true,true
"merge","Sorted",1000,33,24992,7900,true,true
"merge","Sorted",1000,34,25088,7900,true,true
"merge","Sorted",1000,35,24960,7900,true,true
"merge","Sorted",1000,36,24992,7900,true,true
"merge","Sorted",1000,37,25088,7900,true,true
"merge","Sorted",1000,38,24992,7900,true,true
"merge","Sorted",1000,39,25056,7900,true,true
"merge","Sorted",1000,40,24960,7900,true,true
"merge","Sorted",1000,41,24928,7900,true,true
"merge","Sorted",1000,42,26816,8400,true,true
"merge","Sorted",1000,43,24992,7900,true,true
"merge","Sorted",1000,44,24960,7800,true,true
"merge","Sorted",1000,45,25184,7900,true,true
"merge","Sorted",1000,46,25056,7900,true,true
"merge","Sorted",1000,47,25088,8000,true,true
"merge","Sorted",1000,48,24928,7800,true,true
"merge","Sorted",1000,49,25056,7900,true,true
"merge","Sorted",1000,50,24928,7800,true,true
"merge","Sorted",1000,51,27264,8600,true,true
"merge","Sorted",1000,52,25056,7900,true,true
"merge","Sorted",1000,53,26560,8400,true,true
"merge","Sorted",1000,54,25152,7900,true,true
"merge","Sorted",1000,55,24992,7900,true,true
"merge","Sorted",1000,56,26944,8500,true,true
"merge","Sorted",1000,57,24928,7800,true,true
"merge","Sorted",1000,58,25184,8000,true,true
"merge","Sorted",1000,59,25024,7900,true,true
"merge","Sorted",1000,60,25088,7900,true,true
"merge","Sorted",1000,61,24896,7900,true,true
"merge","Sorted",1000,62,25184,7900,true,true
"merge","Sorted",1000,63,25120,7900,true,true
"merge","Sorted",1000,64,25152,8000,true,true
"merge","Sorted",1000,65,24960,7900,true,true
"merge","Sorted",1000,66,24960,7900,true,true
"merge","Sorted",1000,67,27008,8500,true,true
"merge","Sorted",1000,68,25024,7900,true,true
"merge","Sorted",1000,69,25024,7800,true,true
"merge","Sorted",1000,70,24960,7800,true,true
"merge","Sorted",1000,71,25088,7900,true,true
"merge","Sorted",1000,72,25088,7900,true,true
"merge","Sorted",1000,73,25120,8000,true,true
"merge","Sorted",1000,74,30848,9700,true,true
"merge","Sorted",1000,75,31808,10000,true,true
"merge","Sorted",1000,76,24704,7800,true,true
"merge","Sorted",1000,77,24832,7800,true,true
"merge","Sorted",1000,78,24640,7700,true,true
"merge","Sorted",1000,79,26496,8300,true,true
"merge","Sorted",1000,80,24800,7900,true,true
"merge","Sorted",1000,81,24896,7800,true,true
"merge","Sorted",1000,82,24672,7800,true,true
"merge","Sorted",1000,83,24736,7800,true,true
"merge","Sorted",1000,84,24800,7800,true,true
"merge","Sorted",1000,85,24736,7800,true,true
"merge","Sorted",1000,86,24768,7900,true,true
"merge","Sorted",1000,87,24800,7800,true,true
"merge","Sorted",1000,88,24864,7800,true,true
"merge","Sorted",1000,89,35360,11100,true,true
"merge","Sorted",1000,90,40192,12600,true,true
"merge","Sorted",1000,91,33984,10700,true,true
"merge","Sorted",1000,92,26848,8500,true,true
"merge","Sorted",1000,93,24672,7800,true,true
"merge","Sorted",1000,94,26496,8300,true,true
"merge","Sorted",1000,95,24960,7800,true,true
"merge","Sorted",1000,96,26944,8500,true,true
"merge","Sorted",1000,97,24896,7800,true,true
"merge","Sorted",1000,98,24896,7800,true,true
"merge","Sorted",1000,99,25088,7900,true,true
"quicksort","Sorted",1000,0,12256,3900,true,true
"quicksort","Sorted",1000,1,12320,3900,true,true
"quicksort","Sorted",1000,2,12352,4000,true,true
"quicksort","Sorted",1000,3,12320,3900,true,true
"quicksort","Sorted",1000,4,12288,3900,true,true
"quicksort","Sorted",1000,5,12288,3900,true,true
"quicksort","Sorted",1000,6,12320,3900,true,true
"quicksort","Sorted",1000,7,12288,3900,true,true
"quicksort","Sorted",1000,8,12320,3900,true,true
"quicksort","Sorted",1000,9,12384,3900,true,true
"quicksort","Sorted",1000,10,12288,3900,true,true
"quicksort","Sorted",1000,11,12288,3900,true,true
"quicksort","Sorted",1000,12,12288,3900,true,true
"quicksort","Sorted",1000,13,12288,3900,true,true
"quicksort","Sorted",1000,14,12288,3900,true,true
"quicksort","Sorted",1000,15,12288,3900,true,true
"quicksort","Sorted",1000,16,12288,3900,true,true
"quicksort","Sorted",1000,17,12480,4000,true,true
"quicksort","Sorted",1000,18,12352,3900,true,true
"quicksort","Sorted",1000,19,12320,3900,true,true
"quicksort","Sorted",1000,20,12320,3900,true,true
"quicksort","Sorted",1000,21,12320,3900,true,true
"quicksort","Sorted",1000,22,12352,3900,true,true
"quicksort","Sorted",1000,23,12320,3900,true,true
"quicksort","Sorted",1000,24,12320,4000,true,true
"quicksort","Sorted",1000,25,12320,3900,true,true
"quicksort","Sorted",1000,26,12320,3900,true,true
"quicksort","Sorted",1000,27,12288,3900,true,true
"quicksort","Sorted",1000,28,12320,3900,true,true
"quicksort","Sorted",1000,29,12320,4000,true,true
"quicksort","Sorted",1000,30,12320,3900,true,true
"quicksort","Sorted",1000,31,12320,3900,true,true
"quicksort","Sorted",1000,32,12320,3900,true,true
"quicksort","Sorted",1000,33,12416,4000,true,true
"quicksort","Sorted",1000,34,12352,3900,true,true
"quicksort","Sorted",1000,35,12320,3900,true,true
"quicksort","Sorted",1000,36,12320,3900,true,true
"quicksort","Sorted",1000,37,12320,3900,true,true
"quicksort","Sorted",1000,38,12320,3900,true,true
"quicksort","Sorted",1000,39,12352,4000,true,true
"quicksort","Sorted",1000,40,12320,3900,true,true
"quicksort","Sorted",1000,41,12320,3900,true,true
"quicksort","Sorted",1000,42,12320,3900,true,true
"quicksort","Sorted",1000,43,12320,3900,true,true
"quicksort","Sorted",1000,44,12320,4000,true,true
"quicksort","Sorted",1000,45,12320,3900,true,true
"quicksort","Sorted",1000,46,12320,3900,true,true
"quicksort","Sorted",1000,47,12320,3900,true,true
"quicksort","Sorted",1000,48,12320,3900,true,true
"quicksort","Sorted",1000,49,12320,3900,true,true
"quicksort","Sorted",1000,50,12352,3900,true,true
"quicksort","Sorted",1000,51,12352,3900,true,true
"quicksort","Sorted",1000,52,12352,3900,true,true
"quicksort","Sorted",1000,53,12320,3900,true,true
"quicksort","Sorted",1000,54,12320,3900,true,true
"quicksort","Sorted",1000,55,12288,4000,true,true
"quicksort","Sorted",1000,56,12320,3900,true,true
"quicksort","Sorted",1000,57,12320,3900,true,true
"quicksort","Sorted",1000,58,12352,3900,true,true
"quicksort","Sorted",1000,59,12320,4000,true,true
"quicksort","Sorted",1000,60,12320,3900,true,true
"quicksort","Sorted",1000,61,12320,3900,true,true
"quicksort","Sorted",1000,62,12320,3900,true,true
"quicksort","Sorted",1000,63,12320,3900,true,true
"quicksort","Sorted",1000,64,12320,3900,true,true
"quicksort","Sorted",1000,65,12480,3900,true,true
"quicksort","Sorted",1000,66,12320,4000,true,true
"quicksort","Sorted",1000,67,12352,3900,true,true
"quicksort","Sorted",1000,68,12352,3900,true,true
"quicksort","Sorted",1000,69,12320,3900,true,true
"quicksort","Sorted",1000,70,12352,3900,true,true
"quicksort","Sorted",1000,71,12320,3900,true,true
"quicksort","Sorted",1000,72,12320,3900,true,true
"quicksort","Sorted",1000,73,12352,3900,true,true
"quicksort","Sorted",1000,74,12352,3900,true,true
"quicksort","Sorted",1000,75,12320,3900,true,true
"quicksort","Sorted",1000,76,12320,3900,true,true
"quicksort","Sorted",1000,77,12288,4000,true,true
"quicksort","Sorted",1000,78,12320,3900,true,true
"quicksort","Sorted",1000,79,12320,3900,true,true
"quicksort","Sorted",1000,80,12320,3900,true,true
"quicksort","Sorted",1000,81,12352,4000,true,true
"quicksort","Sorted",1000,82,12320,3900,true,true
"quicksort","Sorted",1000,83,12320,3900,true,true
"quicksort","Sorted",1000,84,12288,3900,true,true
"quicksort","Sorted",1000,85,12320,3900,true,true
"quicksort","Sorted",1000,86,12320,3900,true,true
"quicksort","Sorted",1000,87,12320,3900,true,true
"quicksort","Sorted",1000,88,12320,3900,true,true
"quicksort","Sorted",1000,89,12352,3900,true,true
"quicksort","Sorted",1000,90,12320,4000,true,true
"quicksort","Sorted",1000,91,12320,3900,true,true
"quicksort","Sorted",1000,92,12320,3900,true,true
"quicksort","Sorted",1000,93,12288,3900,true,true
"quicksort","Sorted",1000,94,12288,3900,true,true
"quicksort","Sorted",1000,95,12320,3900,true,true
"quicksort","Sorted",1000,96,12320,3900,true,true
"quicksort","Sorted",1000,97,12320,3900,true,true
"quicksort","Sorted",1000,98,12320,3900,true,true
"quicksort","Sorted",1000,99,12288,3900,true,true
"heap","Sorted",1000,0,27008,8500,true,true
"heap","Sorted",1000,1,27040,8600,true,true
"heap","Sorted",1000,2,27072,8500,true,true
"heap","Sorted",1000,3,27040,8500,true,true
"heap","Sorted",1000,4,27040,8500,true,true
"heap","Sorted",1000,5,26912,8500,true,true
"heap","Sorted",1000,6,26976,8500,true,true
"heap","Sorted",1000,7,27008,8500,true,true
"heap","Sorted",1000,8,27040,8500,true,true
"heap","Sorted",1000,9,26944,8400,true,true
"heap","Sorted",1000,10,27104,8500,true,true
"heap","Sorted",1000,11,37984,12000,true,true
"heap","Sorted",1000,12,47872,15000,true,true
"heap","Sorted",1000,13,43104,13500,true,true
"heap","Sorted",1000,14,27008,8500,true,true
"heap","Sorted",1000,15,27008,8500,true,true
"heap","Sorted",1000,16,27040,8500,true,true
"heap","Sorted",1000,17,27200,8600,true,true
"heap","Sorted",1000,18,27104,8500,true,true
"heap","Sorted",1000,19,27168,8600,true,true
"heap","Sorted",1000,20,27168,8600,true,true
"heap","Sorted",1000,21,27104,8500,true,true
"heap","Sorted",1000,22,26912,8500,true,true
"heap","Sorted",1000,23,26976,8500,true,true
"heap","Sorted",1000,24,27072,8600,true,true
"heap","Sorted",1000,25,27168,8600,true,true
"heap","Sorted",1000,26,57600,18100,true,true
"heap","Sorted",1000,27,27008,8500,true,true
"heap","Sorted",1000,28,27200,8600,true,true
"heap","Sorted",1000,29,27136,8500,true,true
"heap","Sorted",1000,30,26816,8500,true,true
"heap","Sorted",1000,31,27040,8500,true,true
"heap","Sorted",1000,32,27008,8500,true,true
"heap","Sorted",1000,33,26944,8400,true,true
"heap","Sorted",1000,34,26912,8400,true,true
"heap","Sorted",1000,35,26944,8400,true,true
"heap","Sorted",1000,36,26880,8500,true,true
"heap","Sorted",1000,37,27040,8600,true,true
"heap","Sorted",1000,38,27104,8500,true,true
"heap","Sorted",1000,39,26944,8500,true,true
"heap","Sorted",1000,40,26944,8500,true,true
"heap","Sorted",1000,41,27040,8500,true,true
"heap","Sorted",1000,42,26976,8500,true,true
"heap","Sorted",1000,43,26880,8500,true,true
"heap","Sorted",1000,44,27040,8500,true,true
"heap","Sorted",1000,45,26784,8500,true,true
"heap","Sorted",1000,46,26944,8500,true,true
"heap","Sorted",1000,47,26848,8500,true,true
"heap","Sorted",1000,48,27008,8500,true,true
"heap","Sorted",1000,49,27072,8500,true,true
"heap","Sorted",1000,50,26944,8400,true,true
"heap","Sorted",1000,51,26912,8400,true,true
"heap","Sorted",1000,52,26912,8400,true,true
"heap","Sorted",1000,53,26880,8500,true,true
"heap","Sorted",1000,54,26944,8500,true,true
"heap","Sorted",1000,55,26944,8500,true,true
"heap","Sorted",1000,56,27008,8500,true,true
"heap","Sorted",1000,57,26816,8500,true,true
"heap","Sorted",1000,58,26944,8500,true,true
"heap","Sorted",1000,59,27168,8600,true,true
"heap","Sorted",1000,60,27008,8500,true,true
"heap","Sorted",1000,61,26912,8500,true,true
"heap","Sorted",1000,62,26976,8500,true,true
"heap","Sorted",1000,63,26912,8500,true,true
"heap","Sorted",1000,64,26816,8400,true,true
"heap","Sorted",1000,65,26944,8500,true,true
"heap","Sorted",1000,66,26880,8500,true,true
"heap","Sorted",1000,67,26976,8500,true,true
"heap","Sorted",1000,68,27072,8500,true,true
"heap","Sorted",1000,69,27040,8600,true,true
"heap","Sorted",1000,70,26976,8500,true,true
"heap","Sorted",1000,71,26816,8400,true,true
"heap","Sorted",1000,72,26976,8500,true,true
"heap","Sorted",1000,73,26944,8400,true,true
"heap","Sorted",1000,74,27008,8500,true,true
"heap","Sorted",1000,75,26944,8500,true,true
"heap","Sorted",1000,76,26944,8500,true,true
"heap","Sorted",1000,77,27200,8500,true,true
"heap","Sorted",1000,78,27104,8600,true,true
"heap","Sorted",1000,79,27040,8500,true,true
"heap","Sorted",1000,80,26976,8500,true,true
"heap","Sorted",1000,81,26656,8400,true,true
"heap","Sorted",1000,82,26944,8500,true,true
"heap","Sorted",1000,83,26880,8400,true,true
"heap","Sorted",1000,84,26976,8500,true,true
"heap","Sorted",1000,85,26944,8500,true,true
"heap","Sorted",1000,86,26976,8500,true,true
"heap","Sorted",1000,87,27168,8600,true,true
"heap","Sorted",1000,88,27168,8600,true,true
"heap","Sorted",1000,89,27168,8600,true,true
"heap","Sorted",1000,90,26816,8400,true,true
"heap","Sorted",1000,91,26752,8400,true,true
"heap","Sorted",1000,92,27104,8500,true,true
"heap","Sorted",1000,93,26944,8500,true,true
"heap","Sorted",1000,94,26912,8500,true,true
"heap","Sorted",1000,95,26880,8500,true,true
"heap","Sorted",1000,96,26944,8500,true,true
"heap","Sorted",1000,97,27072,8500,true,true
"heap","Sorted",1000,98,27008,8500,true,true
"heap","Sorted",1000,99,26976,8500,true,true
"std-sort","Sorted",1000,0,8768,2800,true,true
"std-sort","Sorted",1000,1,8832,2900,true,true
"std-sort","Sorted",1000,2,8832,2900,true,true
"std-sort","Sorted",1000,3,8832,2900,true,true
"std-sort","Sorted",1000,4,8896,2800,true,true
"std-sort","Sorted",1000,5,8896,2900,true,true
"std-sort","Sorted",1000,6,8928,2800,true,true
"std-sort","Sorted",1000,7,8896,2800,true,true
"std-sort","Sorted",1000,8,8896,2900,true,true
"std-sort","Sorted",1000,9,8896,2900,true,true
"std-sort","Sorted",1000,10,8832,2800,true,true
"std-sort","Sorted",1000,11,8832,2800,true,true
"std-sort","Sorted",1000,12,8864,2800,true,true
"std-sort","Sorted",1000,13,8832,2800,true,true
"std-sort","Sorted",1000,14,8800,2800,true,true
"std-sort","Sorted",1000,15,8896,2900,true,true
"std-sort","Sorted",1000,16,8832,2800,true,true
"std-sort","Sorted",1000,17,8832,2900,true,true
"std-sort","Sorted",1000,18,8864,2800,true,true
"std-sort","Sorted",1000,19,8800,2800,true,true
"std-sort","Sorted",1000,20,8832,2800,true,true
"std-sort","Sorted",1000,21,8832,2800,true,true
"std-sort","Sorted",1000,22,8928,2900,true,true
"std-sort","Sorted",1000,23,8864,2800,true,true
"std-sort","Sorted",1000,24,8864,2800,true,true
"std-sort","Sorted",1000,25,8928,2800,true,true
"std-sort","Sorted",1000,26,8864,2800,true,true
"std-sort","Sorted",1000,27,8864,2800,true,true
"std-sort","Sorted",1000,28,8800,2800,true,true
"std-sort","Sorted",1000,29,9952,3200,true,true
"std-sort","Sorted",1000,30,18240,5700,true,true
"std-sort","Sorted",1000,31,17664,5600,true,true
"std-sort","Sorted",1000,32,12384,4000,true,true
"std-sort","Sorted",1000,33,12288,3900,true,true
"std-sort","Sorted",1000,34,12288,3900,true,true
"std-sort","Sorted",1000,35,12256,3900,true,true
"std-sort","Sorted",1000,36,10784,3400,true,true
"std-sort","Sorted",1000,37,8768,2800,true,true
"std-sort","Sorted",1000,38,8864,2800,true,true
"std-sort","Sorted",1000,39,8736,2800,true,true
"std-sort","Sorted",1000,40,8768,2800,true,true
"std-sort","Sorted",1000,41,8768,2900,true,true
"std-sort","Sorted",1000,42,8768,2800,true,true
"std-sort","Sorted",1000,43,8736,2800,true,true
"std-sort","Sorted",1000,44,8768,2800,true,true
"std-sort","Sorted",1000,45,8832,2800,true,true
"std-sort","Sorted",1000,46,8800,2800,true,true
"std-sort","Sorted",1000,47,8768,2800,true,true
"std-sort","Sorted",1000,48,8768,2800,true,true
"std-sort","Sorted",1000,49,8800,2800,true,true
"std-sort","Sorted",1000,50,8832,2900,true,true
"std-sort","Sorted",1000,51,8768,2800,true,true
"std-sort","Sorted",1000,52,8768,2800,true,true
"std-sort","Sorted",1000,53,8736,2800,true,true
"std-sort","Sorted",1000,54,8736,2800,true,true
"std-sort","Sorted",1000,55,8864,2900,true,true
"std-sort","Sorted",1000,56,8736,2800,true,true
"std-sort","Sorted",1000,57,8768,2800,true,true
"std-sort","Sorted",1000,58,8832,2800,true,true
"std-sort","Sorted",1000,59,8832,2800,true,true
"std-sort","Sorted",1000,60,8768,2800,true,true
"std-sort","Sorted",1000,61,8800,2800,true,true
"std-sort","Sorted",1000,62,8736,2800,true,true
"std-sort","Sorted",1000,63,8832,2800,true,true
"std-sort","Sorted",1000,64,8704,2800,true,true
"std-sort","Sorted",1000,65,8768,2800,true,true
"std-sort","Sorted",1000,66,8736,2800,true,true
"std-sort","Sorted",1000,67,8832,2800,true,true
"std-sort","Sorted",1000,68,8704,2800,true,true
"std-sort","Sorted",1000,69,35712,11300,true,true
"std-sort","Sorted",1000,70,8960,2800,true,true
"std-sort","Sorted",1000,71,8896,2800,true,true
"std-sort","Sorted",1000,72,8864,2800,true,true
"std-sort","Sorted",1000,73,8864,2800,true,true
"std-sort","Sorted",1000,74,8864,2800,true,true
"std-sort","Sorted",1000,75,8896,2900,true,true
"std-sort","Sorted",1000,76,8896,2800,true,true
"std-sort","Sorted",1000,77,8864,2900,true,true
"std-sort","Sorted",1000,78,8864,2800,true,true
"std-sort","Sorted",1000,79,8864,2900,true,true
"std-sort","Sorted",1000,80,8832,2800,true,true
"std-sort","Sorted",1000,81,8896,2900,true,true
"std-sort","Sorted",1000,82,8864,2800,true,true
"std-sort","Sorted",1000,83,8896,2900,true,true
"std-sort","Sorted",1000,84,8864,2800,true,true
"std-sort","Sorted",1000,85,8896,2800,true,true
"std-sort","Sorted",1000,86,8864,2800,true,true
"std-sort","Sorted",1000,87,8896,2800,true,true
"std-sort","Sorted",1000,88,8864,2800,true,true
"std-sort","Sorted",1000,89,8864,2800,true,true
"std-sort","Sorted",1000,90,8864,2900,true,true
"std-sort","Sorted",1000,91,8864,2800,true,true
"std-sort","Sorted",1000,92,8864,2900,true,true
"std-sort","Sorted",1000,93,8864,2800,true,true
"std-sort","Sorted",1000,94,8864,2800,true,true
"std-sort","Sorted",1000,95,8832,2800,true,true
"std-sort","Sorted",1000,96,8832,2800,true,true
"std-sort","Sorted",1000,97,17536,5600,true,true
"std-sort","Sorted",1000,98,11648,3800,true,true
"std-sort","Sorted",1000,99,8960,2800,true,true
"std-stable-sort","Sorted",1000,0,9024,2800,true,true
"std-stable-sort","Sorted",1000,1,9024,2900,true,true
"std-stable-sort","Sorted",1000,2,9152,2900,true,true
"std-stable-sort","Sorted",1000,3,8992,2900,true,true
"std-stable-sort","Sorted",1000,4,9024,2900,true,true
"std-stable-sort","Sorted",1000,5,9184,2900,true,true
"std-stable-sort","Sorted",1000,6,8960,2800,true,true
"std-stable-sort","Sorted",1000,7,9056,2900,true,true
"std-stable-sort","Sorted",1000,8,9120,2900,true,true
"std-stable-sort","Sorted",1000,9,9056,2900,true,true
"std-stable-sort","Sorted",1000,10,8960,2900,true,true
"std-stable-sort","Sorted",1000,11,9056,2900,true,true
"std-stable-sort","Sorted",1000,12,9056,2900,true,true
"std-stable-sort","Sorted",1000,13,8960,2900,true,true
"std-stable-sort","Sorted",1000,14,9088,2900,true,true
"std-stable-sort","Sorted",1000,15,8960,2900,true,true
"std-stable-sort","Sorted",1000,16,8992,2900,true,true
"std-stable-sort","Sorted",1000,17,9504,3000,true,true
"std-stable-sort","Sorted",1000,18,9472,3000,true,true
"std-stable-sort","Sorted",1000,19,9408,3000,true,true
"std-stable-sort","Sorted",1000,20,9344,3000,true,true
"std-stable-sort","Sorted",1000,21,9408,3000,true,true
"std-stable-sort","Sorted",1000,22,9344,3000,true,true
"std-stable-sort","Sorted",1000,23,9312,3000,true,true
"std-stable-sort","Sorted",1000,24,9344,3000,true,true
"std-stable-sort","Sorted",1000,25,9376,3000,true,true
"std-stable-sort","Sorted",1000,26,9376,3000,true,true
"std-stable-sort","Sorted",1000,27,9408,3000,true,true
"std-stable-sort","Sorted",1000,28,9408,3000,true,true
"std-stable-sort","Sorted",1000,29,9472,3000,true,true
"std-stable-sort","Sorted",1000,30,9280,3000,true,true
"std-stable-sort","Sorted",1000,31,9376,3000,true,true
"std-stable-sort","Sorted",1000,32,9408,3100,true,true
"std-stable-sort","Sorted",1000,33,9408,3000,true,true
"std-stable-sort","Sorted",1000,34,9344,3000,true,true
"std-stable-sort","Sorted",1000,35,9408,3000,true,true
"std-stable-sort","Sorted",1000,36,9408,2900,true,true
"std-stable-sort","Sorted",1000,37,9344,2900,true,true
"std-stable-sort","Sorted",1000,38,9472,3000,true,true
"std-stable-sort","Sorted",1000,39,9312,3000,true,true
"std-stable-sort","Sorted",1000,40,9376,3000,true,true
"std-stable-sort","Sorted",1000,41,9504,3000,true,true
"std-stable-sort","Sorted",1000,42,9440,3000,true,true
"std-stable-sort","Sorted",1000,43,9472,3000,true,true
"std-stable-sort","Sorted",1000,44,9376,3000,true,true
"std-stable-sort","Sorted",1000,45,9440,3000,true,true
"std-stable-sort","Sorted",1000,46,9344,2900,true,true
"std-stable-sort","Sorted",1000,47,9440,3000,true,true
"std-stable-sort","Sorted",1000,48,9376,3000,true,true
"std-stable-sort","Sorted",1000,49,9280,3000,true,true
"std-stable-sort","Sorted",1000,50,9536,3000,true,true
"std-stable-sort","Sorted",1000,51,9376,3000,true,true
"std-stable-sort","Sorted",1000,52,9376,3000,true,true
"std-stable-sort","Sorted",1000,53,9344,2900,true,true
"std-stable-sort","Sorted",1000,54,9440,3000,true,true
"std-stable-sort","Sorted",1000,55,9376,3000,true,true
"std-stable-sort","Sorted",1000,56,9440,3000,true,true
"std-stable-sort","Sorted",1000,57,9280,3000,true,true
"std-stable-sort","Sorted",1000,58,9408,3000,true,true
"std-stable-sort","Sorted",1000,59,9440,3000,true,true
"std-stable-sort","Sorted",1000,60,9376,3000,true,true
"std-stable-sort","Sorted",1000,61,9440,3100,true,true
"std-stable-sort","Sorted",1000,62,9376,3000,true,true
"std-stable-sort","Sorted",1000,63,9408,3000,true,true
"std-stable-sort","Sorted",1000,64,9376,3000,true,true
"std-stable-sort","Sorted",1000,65,9536,3000,true,true
"std-stable-sort","Sorted",1000,66,9408,3000,true,true
"std-stable-sort","Sorted",1000,67,9344,3000,true,true
"std-stable-sort","Sorted",1000,68,9376,3000,true,true
"std-stable-sort","Sorted",1000,69,9376,3000,true,true
"std-stable-sort","Sorted",1000,70,9504,3100,true,true
"std-stable-sort","Sorted",1000,71,9344,3000,true,true
"std-stable-sort","Sorted",1000,72,9344,3000,true,true
"std-stable-sort","Sorted",1000,73,9312,3000,true,true
"std-stable-sort","Sorted",1000,74,9344,3000,true,true
"std-stable-sort","Sorted",1000,75,9472,3000,true,true
"std-stable-sort","Sorted",1000,76,9376,3000,true,true
"std-stable-sort","Sorted",1000,77,9376,3000,true,true
"std-stable-sort","Sorted",1000,78,9376,3000,true,true
"std-stable-sort","Sorted",1000,79,9536,3100,true,true
"std-stable-sort","Sorted",1000,80,9408,3000,true,true
"std-stable-sort","Sorted",1000,81,9408,3000,true,true
"std-stable-sort","Sorted",1000,82,9344,3000,true,true
"std-stable-sort","Sorted",1000,83,9472,3000,true,true
"std-stable-sort","Sorted",1000,84,9344,3000,true,true
"std-stable-sort","Sorted",1000,85,9504,3100,true,true
"std-stable-sort","Sorted",1000,86,9312,2900,true,true
"std-stable-sort","Sorted",1000,87,9376,3000,true,true
"std-stable-sort","Sorted",1000,88,9408,3000,true,true
"std-stable-sort","Sorted",1000,89,9504,3000,true,true
"std-stable-sort","Sorted",1000,90,9376,3000,true,true
"std-stable-sort","Sorted",1000,91,9344,2900,true,true
"std-stable-sort","Sorted",1000,92,9344,3000,true,true
"std-stable-sort","Sorted",1000,93,9376,2900,true,true
"std-stable-sort","Sorted",1000,94,9344,2900,true,true
"std-stable-sort","Sorted",1000,95,9472,3000,true,true
"std-stable-sort","Sorted",1000,96,12512,4000,true,true
"std-stable-sort","Sorted",1000,97,18304,5800,true,true
"std-stable-sort","Sorted",1000,98,16576,5200,true,true
"std-stable-sort","Sorted",1000,99,17056,5400,true,true
"bubble","Sorted",5000,0,6688,2100,true,true
"bubble","Sorted",5000,1,6688,2200,true,true
"bubble","Sorted",5000,2,9472,3100,true,true
"bubble","Sorted",5000,3,7136,2300,true,true
"bubble","Sorted",5000,4,7680,2400,true,true
"bubble","Sorted",5000,5,6720,2200,true,true
"bubble","Sorted",5000,6,6752,2200,true,true
"bubble","Sorted",5000,7,6752,2200,true,true
"bubble","Sorted",5000,8,6752,2200,true,true
"bubble","Sorted",5000,9,6720,2200,true,true
"bubble","Sorted",5000,10,6752,2200,true,true
"bubble","Sorted",5000,11,6752,2200,true,true
"bubble","Sorted",5000,12,6720,2200,true,true
"bubble","Sorted",5000,13,12000,3900,true,true
"bubble","Sorted",5000,14,6880,2200,true,true
"bubble","Sorted",5000,15,6656,2200,true,true
"bubble","Sorted",5000,16,6688,2200,true,true
"bubble","Sorted",5000,17,6688,2100,true,true
"bubble","Sorted",5000,18,6720,2200,true,true
"bubble","Sorted",5000,19,6688,2100,true,true
"bubble","Sorted",5000,20,6688,2200,true,true
"bubble","Sorted",5000,21,6688,2100,true,true
"bubble","Sorted",5000,22,6656,2100,true,true
"bubble","Sorted",5000,23,6688,2200,true,true
"bubble","Sorted",5000,24,6688,2100,true,true
"bubble","Sorted",5000,25,6688,2200,true,true
"bubble","Sorted",5000,26,6688,2100,true,true
"bubble","Sorted",5000,27,6688,2200,true,true
"bubble","Sorted",5000,28,6656,2100,true,true
"bubble","Sorted",5000,29,6688,2200,true,true
"bubble","Sorted",5000,30,6688,2100,true,true
"bubble","Sorted",5000,31,6688,2200,true,true
"bubble","Sorted",5000,32,6688,2100,true,true
"bubble","Sorted",5000,33,6688,2100,true,true
"bubble","Sorted",5000,34,6688,2200,true,true
"bubble","Sorted",5000,35,6688,2100,true,true
"bubble","Sorted",5000,36,6688,2200,true,true
"bubble","Sorted",5000,37,6656,2200,true,true
"bubble","Sorted",5000,38,9152,2900,true,true
"bubble","Sorted",5000,39,12480,3900,true,true
"bubble","Sorted",5000,40,6752,2200,true,true
"bubble","Sorted",5000,41,6720,2100,true,true
"bubble","Sorted",5000,42,6720,2200,true,true
"bubble","Sorted",5000,43,6880,2200,true,true
"bubble","Sorted",5000,44,6688,2200,true,true
"bubble","Sorted",5000,45,6688,2100,true,true
"bubble","Sorted",5000,46,6688,2100,true,true
"bubble","Sorted",5000,47,6656,2200,true,true
"bubble","Sorted",5000,48,6688,2100,true,true
"bubble","Sorted",5000,49,6688,2100,true,true
"bubble","Sorted",5000,50,6688,2100,true,true
"bubble","Sorted",5000,51,6688,2200,true,true
"bubble","Sorted",5000,52,6688,2100,true,true
"bubble","Sorted",5000,53,6688,2100,true,true
"bubble","Sorted",5000,54,6688,2100,true,true
"bubble","Sorted",5000,55,6688,2200,true,true
"bubble","Sorted",5000,56,6688,2200,true,true
"bubble","Sorted",5000,57,6688,2100,true,true
"bubble","Sorted",5000,58,6688,2100,true,true
"bubble","Sorted",5000,59,6688,2200,true,true
"bubble","Sorted",5000,60,6688,2100,true,true
"bubble","Sorted",5000,61,6688,2200,true,true
"bubble","Sorted",5000,62,6688,2200,true,true
"bubble","Sorted",5000,63,6688,2100,true,true
"bubble","Sorted",5000,64,6688,2100,true,true
"bubble","Sorted",5000,65,6688,2100,true,true
"bubble","Sorted",5000,66,6688,2200,true,true
"bubble","Sorted",5000,67,6688,2100,true,true
"bubble","Sorted",5000,68,6656,2200,true,true
"bubble","Sorted",5000,69,6688,2100,true,true
"bubble","Sorted",5000,70,6688,2100,true,true
"bubble","Sorted",5000,71,33664,10700,true,true
"bubble","Sorted",5000,72,6688,2100,true,true
"bubble","Sorted",5000,73,6688,2200,true,true
"bubble","Sorted",5000,74,6688,2200,true,true
"bubble","Sorted",5000,75,6688,2100,true,true
"bubble","Sorted",5000,76,6688,2200,true,true
"bubble","Sorted",5000,77,6688,2100,true,true
"bubble","Sorted",5000,78,6656,2200,true,true
"bubble","Sorted",5000,79,6688,2100,true,true
"bubble","Sorted",5000,80,6688,2100,true,true
"bubble","Sorted",5000,81,6656,2200,true,true
"bubble","Sorted",5000,82,6688,2100,true,true
"bubble","Sorted",5000,83,6688,2100,true,true
"bubble","Sorted",5000,84,6688,2200,true,true
"bubble","Sorted",5000,85,6656,2100,true,true
"bubble","Sorted",5000,86,6688,2200,true,true
"bubble","Sorted",5000,87,6688,2200,true,true
"bubble","Sorted",5000,88,6688,2100,true,true
"bubble","Sorted",5000,89,6688,2200,true,true
"bubble","Sorted",5000,90,6688,2200,true,true
"bubble","Sorted",5000,91,6688,2100,true,true
"bubble","Sorted",5000,92,6688,2200,true,true
"bubble","Sorted",5000,93,6688,2100,true,true
"bubble","Sorted",5000,94,6688,2200,true,true
"bubble","Sorted",5000,95,6656,2200,true,true
"bubble","Sorted",5000,96,6688,2100,true,true
"bubble","Sorted",5000,97,6688,2200,true,true
"bubble","Sorted",5000,98,6720,2100,true,true
"bubble","Sorted",5000,99,6688,2200,true,true
"insertion","Sorted",5000,0,6752,2100,true,true
"insertion","Sorted",5000,1,6720,2100,true,true
"insertion","Sorted",5000,2,6720,2200,true,true
"insertion","Sorted",5000,3,6720,2200,true,true
"insertion","Sorted",5000,4,6720,2200,true,true
"insertion","Sorted",5000,5,6720,2100,true,true
"insertion","Sorted",5000,6,6720,2200,true,true
"insertion","Sorted",5000,7,6720,2100,true,true
"insertion","Sorted",5000,8,6720,2200,true,true
"insertion","Sorted",5000,9,6720,2200,true,true
"insertion","Sorted",5000,10,6720,2200,true,true
"insertion","Sorted",5000,11,6720,2100,true,true
"insertion","Sorted",5000,12,6752,2200,true,true
"insertion","Sorted",5000,13,6720,2100,true,true
"insertion","Sorted",5000,14,13920,4400,true,true
"insertion","Sorted",5000,15,6944,2300,true,true
"insertion","Sorted",5000,16,6944,2300,true,true
"insertion","Sorted",5000,17,6944,2200,true,true
"insertion","Sorted",5000,18,6944,2200,true,true
"insertion","Sorted",5000,19,6944,2200,true,true
"insertion","Sorted",5000,20,6944,2200,true,true
"insertion","Sorted",5000,21,6944,2300,true,true
"insertion","Sorted",5000,22,6912,2200,true,true
"insertion","Sorted",5000,23,6944,2300,true,true
"insertion","Sorted",5000,24,6944,2200,true,true
"insertion","Sorted",5000,25,6944,2300,true,true
"insertion","Sorted",5000,26,6944,2300,true,true
"insertion","Sorted",5000,27,6944,2300,true,true
"insertion","Sorted",5000,28,6944,2300,true,true
"insertion","Sorted",5000,29,6944,2300,true,true
"insertion","Sorted",5000,30,6944,2300,true,true
"insertion","Sorted",5000,31,6944,2300,true,true
"insertion","Sorted",5000,32,6944,2300,true,true
"insertion","Sorted",5000,33,6944,2200,true,true
"insertion","Sorted",5000,34,6944,2300,true,true
"insertion","Sorted",5000,35,6944,2300,true,true
"insertion","Sorted",5000,36,6912,2300,true,true
"insertion","Sorted",5000,37,6944,2300,true,true
"insertion","Sorted",5000,38,6976,2200,true,true
"insertion","Sorted",5000,39,6944,2200,true,true
"insertion","Sorted",5000,40,6944,2200,true,true
"insertion","Sorted",5000,41,6944,2200,true,true
"insertion","Sorted",5000,42,6912,2200,true,true
"insertion","Sorted",5000,43,6944,2200,true,true
"insertion","Sorted",5000,44,6912,2200,true,true
"insertion","Sorted",5000,45,6944,2200,true,true
"insertion","Sorted",5000,46,6944,2300,true,true
"insertion","Sorted",5000,47,6944,2300,true,true
"insertion","Sorted",5000,48,6944,2200,true,true
"insertion","Sorted",5000,49,6912,2200,true,true
"insertion","Sorted",5000,50,6944,2200,true,true
"insertion","Sorted",5000,51,6944,2200,true,true
"insertion","Sorted",5000,52,17120,5400,true,true
"insertion","Sorted",5000,53,13376,4200,true,true
"insertion","Sorted",5000,54,17728,5600,true,true
"insertion","Sorted",5000,55,13248,4200,true,true
"insertion","Sorted",5000,56,9920,3200,true,true
"insertion","Sorted",5000,57,8704,2800,true,true
"insertion","Sorted",5000,58,8704,2800,true,true
"insertion","Sorted",5000,59,10400,3300,true,true
"insertion","Sorted",5000,60,10400,3300,true,true
"insertion","Sorted",5000,61,10432,3300,true,true
"insertion","Sorted",5000,62,11616,3800,true,true
"insertion","Sorted",5000,63,13856,4400,true,true
"insertion","Sorted",5000,64,16896,5400,true,true
"insertion","Sorted",5000,65,6944,2200,true,true
"insertion","Sorted",5000,66,6944,2200,true,true
"insertion","Sorted",5000,67,6944,2200,true,true
"insertion","Sorted",5000,68,6944,2200,true,true
"insertion","Sorted",5000,69,6944,2300,true,true
"insertion","Sorted",5000,70,6944,2300,true,true
"insertion","Sorted",5000,71,6944,2200,true,true
"insertion","Sorted",5000,72,6912,2200,true,true
"insertion","Sorted",5000,73,6912,2200,true,true
"insertion","Sorted",5000,74,6912,2200,true,true
"insertion","Sorted",5000,75,6944,2200,true,true
"insertion","Sorted",5000,76,6944,2200,true,true
"insertion","Sorted",5000,77,6944,2200,true,true
"insertion","Sorted",5000,78,6944,2200,true,true
"insertion","Sorted",5000,79,6944,2300,true,true
"insertion","Sorted",5000,80,6944,2200,true,true
"insertion","Sorted",5000,81,6944,2300,true,true
"insertion","Sorted",5000,82,6944,2300,true,true
"insertion","Sorted",5000,83,6944,2300,true,true
"insertion","Sorted",5000,84,6944,2200,true,true
"insertion","Sorted",5000,85,6944,2200,true,true
"insertion","Sorted",5000,86,6944,2200,true,true
"insertion","Sorted",5000,87,6944,2200,true,true
"insertion","Sorted",5000,88,6912,2200,true,true
"insertion","Sorted",5000,89,6912,2200,true,true
"insertion","Sorted",5000,90,6944,2200,true,true
"insertion","Sorted",5000,91,6944,2200,true,true
"insertion","Sorted",5000,92,6944,2200,true,true
"insertion","Sorted",5000,93,6912,2200,true,true
"insertion","Sorted",5000,94,6944,2200,true,true
"insertion","Sorted",5000,95,6944,2200,true,true
"insertion","Sorted",5000,96,6944,2200,true,true
"insertion","Sorted",5000,97,6944,2200,true,true
"insertion","Sorted",5000,98,6944,2200,true,true
"insertion","Sorted",5000,99,6944,2300,true,true
"selection","Sorted",5000,0,10793888,3380000,true,true
"selection","Sorted",5000,1,10801056,3382100,true,true
"selection","Sorted",5000,2,10853504,3398500,true,true
"selection","Sorted",5000,3,10833280,3392400,true,true
"selection","Sorted",5000,4,10824896,3389600,true,true
"selection","Sorted",5000,5,10804160,3383000,true,true
"selection","Sorted",5000,6,10794944,3380100,true,true
"selection","Sorted",5000,7,10827296,3390300,true,true
"selection","Sorted",5000,8,13466784,4218000,true,true
"selection","Sorted",5000,9,10896096,3411700,true,true
"selection","Sorted",5000,10,10878528,3406200,true,true
"selection","Sorted",5000,11,10861856,3401100,true,true
"selection","Sorted",5000,12,10879232,3406800,true,true
"selection","Sorted",5000,13,11381920,3564600,true,true
"selection","Sorted",5000,14,10883808,3407900,true,true
"selection","Sorted",5000,15,10857120,3399700,true,true
"selection","Sorted",5000,16,10854112,3398900,true,true
"selection","Sorted",5000,17,10907584,3415300,true,true
"selection","Sorted",5000,18,11004416,3445800,true,true
"selection","Sorted",5000,19,10932064,3423100,true,true
"selection","Sorted",5000,20,10880800,3406900,true,true
"selection","Sorted",5000,21,10880896,3407100,true,true
"selection","Sorted",5000,22,10862272,3401200,true,true
"selection","Sorted",5000,23,10855392,3399100,true,true
"selection","Sorted",5000,24,10886368,3408700,true,true
"selection","Sorted",5000,25,10855392,3399100,true,true
"selection","Sorted",5000,26,10884000,3407900,true,true
"selection","Sorted",5000,27,10970336,3435000,true,true
"selection","Sorted",5000,28,10894272,3411300,true,true
"selection","Sorted",5000,29,10888640,3409500,true,true
"selection","Sorted",5000,30,10849856,3397300,true,true
"selection","Sorted",5000,31,10873184,3404700,true,true
"selection","Sorted",5000,32,10979136,3438000,true,true
"selection","Sorted",5000,33,10865408,3402200,true,true
"selection","Sorted",5000,34,10870784,3403900,true,true
"selection","Sorted",5000,35,10856128,3399400,true,true
"selection","Sorted",5000,36,10874688,3405200,true,true
"selection","Sorted",5000,37,10863488,3401500,true,true
"selection","Sorted",5000,38,11045712,3459300,true,true
"selection","Sorted",5000,39,10860256,3400500,true,true
"selection","Sorted",5000,40,10878304,3406300,true,true
"selection","Sorted",5000,41,10853344,3398500,true,true
"selection","Sorted",5000,42,10870304,3403700,true,true
"selection","Sorted",5000,43,10878624,3406200,true,true
"selection","Sorted",5000,44,10861920,3401000,true,true
"selection","Sorted",5000,45,10875776,3405300,true,true
"selection","Sorted",5000,46,10845856,3396000,true,true
"selection","Sorted",5000,47,10980768,3438300,true,true
"selection","Sorted",5000,48,10889344,3409700,true,true
"selection","Sorted",5000,49,10876640,3405700,true,true
"selection","Sorted",5000,50,10881088,3407200,true,true
"selection","Sorted",5000,51,10848480,3396800,true,true
"selection","Sorted",5000,52,11452416,3586600,true,true
"selection","Sorted",5000,53,10869696,3403500,true,true
"selection","Sorted",5000,54,10864192,3402000,true,true
"selection","Sorted",5000,55,10846496,3396300,true,true
"selection","Sorted",5000,56,10882112,3407400,true,true
"selection","Sorted",5000,57,10974304,3436200,true,true
"selection","Sorted",5000,58,10921600,3419800,true,true
"selection","Sorted",5000,59,10873024,3404700,true,true
"selection","Sorted",5000,60,10850912,3397800,true,true
"selection","Sorted",5000,61,10878720,3406300,true,true
"selection","Sorted",5000,62,10886208,3408700,true,true
"selection","Sorted",5000,63,10867104,3402800,true,true
"selection","Sorted",5000,64,10872512,3404500,true,true
"selection","Sorted",5000,65,10854144,3398600,true,true
"selection","Sorted",5000,66,10869248,3403300,true,true
"selection","Sorted",5000,67,11270880,3530100,true,true
"selection","Sorted",5000,68,10867712,3402800,true,true
"selection","Sorted",5000,69,10883616,3407800,true,true
"selection","Sorted",5000,70,10852000,3398200,true,true
"selection","Sorted",5000,71,11361568,3558300,true,true
"selection","Sorted",5000,72,10860096,3400600,true,true
"selection","Sorted",5000,73,10872640,3404700,true,true
"selection","Sorted",5000,74,10863360,3401500,true,true
"selection","Sorted",5000,75,10884928,3408500,true,true
"selection","Sorted",5000,76,11151968,3491900,true,true
"selection","Sorted",5000,77,10844320,3395500,true,true
"selection","Sorted",5000,78,11005408,3446000,true,true
"selection","Sorted",5000,79,10849696,3397400,true,true
"selection","Sorted",5000,80,10912384,3416800,true,true
"selection","Sorted",5000,81,10949280,3428400,true,true
"selection","Sorted",5000,82,10850912,3397600,true,true
"selection","Sorted",5000,83,11032640,3454700,true,true
"selection","Sorted",5000,84,10849056,3397100,true,true
"selection","Sorted",5000,85,10918912,3418900,true,true
"selection","Sorted",5000,86,10924864,3420800,true,true
"selection","Sorted",5000,87,10846112,3396000,true,true
"selection","Sorted",5000,88,10788800,3378300,true,true
"selection","Sorted",5000,89,10788640,3378100,true,true
"selection","Sorted",5000,90,10942240,3426100,true,true
"selection","Sorted",5000,91,10779104,3375100,true,true
"selection","Sorted",5000,92,10729120,3359500,true,true
"selection","Sorted",5000,93,10700096,3350300,true,true
"selection","Sorted",5000,94,10477216,3280500,true,true
"selection","Sorted",5000,95,10447712,3271400,true,true
"selection","Sorted",5000,96,10484000,3282700,true,true
"selection","Sorted",5000,97,10457728,3274500,true,true
"selection","Sorted",5000,98,10418624,3262200,true,true
"selection","Sorted",5000,99,10456992,3274200,true,true
"merge","Sorted",5000,0,138080,43300,true,true
"merge","Sorted",5000,1,179392,56200,true,true
"merge","Sorted",5000,2,138176,43500,true,true
"merge","Sorted",5000,3,138080,43400,true,true
"merge","Sorted",5000,4,138304,43300,true,true
"merge","Sorted",5000,5,137504,43100,true,true
"merge","Sorted",5000,6,138144,43300,true,true
"merge","Sorted",5000,7,137728,43200,true,true
"merge","Sorted",5000,8,138464,43400,true,true
"merge","Sorted",5000,9,137568,43100,true,true
"merge","Sorted",5000,10,138368,43400,true,true
"merge","Sorted",5000,11,137472,43100,true,true
"merge","Sorted",5000,12,138048,43300,true,true
"merge","Sorted",5000,13,137984,43300,true,true
"merge","Sorted",5000,14,138272,43400,true,true
"merge","Sorted",5000,15,137568,43100,true,true
"merge","Sorted",5000,16,138080,43300,true,true
"merge","Sorted",5000,17,137536,43200,true,true
"merge","Sorted",5000,18,138496,43400,true,true
"merge","Sorted",5000,19,137696,43100,true,true
"merge","Sorted",5000,20,181312,56800,true,true
"merge","Sorted",5000,21,180192,56500,true,true
"merge","Sorted",5000,22,217056,68400,true,true
"merge","Sorted",5000,23,137472,43100,true,true
"merge","Sorted",5000,24,138144,43300,true,true
"merge","Sorted",5000,25,150240,47100,true,true
"merge","Sorted",5000,26,137536,43200,true,true
"merge","Sorted",5000,27,149312,46800,true,true
"merge","Sorted",5000,28,137024,43000,true,true
"merge","Sorted",5000,29,136256,42700,true,true
"merge","Sorted",5000,30,136640,42900,true,true
"merge","Sorted",5000,31,136320,42800,true,true
"merge","Sorted",5000,32,136896,42900,true,true
"merge","Sorted",5000,33,136288,42700,true,true
"merge","Sorted",5000,34,136800,42900,true,true
"merge","Sorted",5000,35,136544,42800,true,true
"merge","Sorted",5000,36,136672,42900,true,true
"merge","Sorted",5000,37,136320,42700,true,true
"merge","Sorted",5000,38,136832,42900,true,true
"merge","Sorted",5000,39,136384,42800,true,true
"merge","Sorted",5000,40,136992,43000,true,true
"merge","Sorted",5000,41,136256,42700,true,true
"merge","Sorted",5000,42,137184,43000,true,true
"merge","Sorted",5000,43,167168,52500,true,true
"merge","Sorted",5000,44,136960,42900,true,true
"merge","Sorted",5000,45,136160,42700,true,true
"merge","Sorted",5000,46,136864,42900,true,true
"merge","Sorted",5000,47,136064,42700,true,true
"merge","Sorted",5000,48,136960,43000,true,true
"merge","Sorted",5000,49,136160,42700,true,true
"merge","Sorted",5000,50,137024,42900,true,true
"merge","Sorted",5000,51,149728,46900,true,true
"merge","Sorted",5000,52,137504,43100,true,true
"merge","Sorted",5000,53,137120,43000,true,true
"merge","Sorted",5000,54,137440,43100,true,true
"merge","Sorted",5000,55,136736,42900,true,true
"merge","Sorted",5000,56,137472,43000,true,true
"merge","Sorted",5000,57,136896,42900,true,true
"merge","Sorted",5000,58,137536,43100,true,true
"merge","Sorted",5000,59,136640,42800,true,true
"merge","Sorted",5000,60,137696,43200,true,true
"merge","Sorted",5000,61,136800,42900,true,true
"merge","Sorted",5000,62,137632,43100,true,true
"merge","Sorted",5000,63,136896,43000,true,true
"merge","Sorted",5000,64,137824,43200,true,true
"merge","Sorted",5000,65,136960,43000,true,true
"merge","Sorted",5000,66,137696,43100,true,true
"merge","Sorted",5000,67,136736,42900,true,true
"merge","Sorted",5000,68,137536,43200,true,true
"merge","Sorted",5000,69,136736,42800,true,true
"merge","Sorted",5000,70,137504,43100,true,true
"merge","Sorted",5000,71,137056,43000,true,true
"merge","Sorted",5000,72,137536,43100,true,true
"merge","Sorted",5000,73,136896,42900,true,true
"merge","Sorted",5000,74,137920,43200,true,true
"merge","Sorted",5000,75,136800,42900,true,true
"merge","Sorted",5000,76,137728,43200,true,true
"merge","Sorted",5000,77,153024,48000,true,true
"merge","Sorted",5000,78,141952,44500,true,true
"merge","Sorted",5000,79,141120,44200,true,true
"merge","Sorted",5000,80,142336,44600,true,true
"merge","Sorted",5000,81,140992,44200,true,true
"merge","Sorted",5000,82,142112,44600,true,true
"merge","Sorted",5000,83,141408,44400,true,true
"merge","Sorted",5000,84,142208,44600,true,true
"merge","Sorted",5000,85,141024,44200,true,true
"merge","Sorted",5000,86,171904,53800,true,true
"merge","Sorted",5000,87,141408,44400,true,true
"merge","Sorted",5000,88,142336,44700,true,true
"merge","Sorted",5000,89,141408,44300,true,true
"merge","Sorted",5000,90,141984,44500,true,true
"merge","Sorted",5000,91,141024,44200,true,true
"merge","Sorted",5000,92,142048,44500,true,true
"merge","Sorted",5000,93,141376,44300,true,true
"merge","Sorted",5000,94,141824,44500,true,true
"merge","Sorted",5000,95,141216,44200,true,true
"merge","Sorted",5000,96,142080,44600,true,true
"merge","Sorted",5000,97,141440,44400,true,true
"merge","Sorted",5000,98,142080,44500,true,true
"merge","Sorted",5000,99,141248,44300,true,true
"quicksort","Sorted",5000,0,79936,25100,true,true
"quicksort","Sorted",5000,1,80064,25100,true,true
"quicksort","Sorted",5000,2,88000,27600,true,true
"quicksort","Sorted",5000,3,79040,24900,true,true
"quicksort","Sorted",5000,4,80128,25200,true,true
"quicksort","Sorted",5000,5,80224,25200,true,true
"quicksort","Sorted",5000,6,80160,25300,true,true
"quicksort","Sorted",5000,7,80320,25200,true,true
"quicksort","Sorted",5000,8,80288,25200,true,true
"quicksort","Sorted",5000,9,80608,25300,true,true
"quicksort","Sorted",5000,10,80032,25100,true,true
"quicksort","Sorted",5000,11,80000,25100,true,true
"quicksort","Sorted",5000,12,80192,25200,true,true
"quicksort","Sorted",5000,13,80192,25200,true,true
"quicksort","Sorted",5000,14,80032,25100,true,true
"quicksort","Sorted",5000,15,80000,25100,true,true
"quicksort","Sorted",5000,16,80032,25100,true,true
"quicksort","Sorted",5000,17,80320,25200,true,true
"quicksort","Sorted",5000,18,80160,25200,true,true
"quicksort","Sorted",5000,19,80224,25200,true,true
"quicksort","Sorted",5000,20,80032,25100,true,true
"quicksort","Sorted",5000,21,80128,25100,true,true
"quicksort","Sorted",5000,22,80064,25100,true,true
"quicksort","Sorted",5000,23,79968,25100,true,true
"quicksort","Sorted",5000,24,80032,25100,true,true
"quicksort","Sorted",5000,25,80128,25100,true,true
"quicksort","Sorted",5000,26,80096,25100,true,true
"quicksort","Sorted",5000,27,80288,25200,true,true
"quicksort","Sorted",5000,28,90560,28400,true,true
"quicksort","Sorted",5000,29,102880,32200,true,true
"quicksort","Sorted",5000,30,76160,23900,true,true
"quicksort","Sorted",5000,31,76224,23900,true,true
"quicksort","Sorted",5000,32,76288,24000,true,true
"quicksort","Sorted",5000,33,76832,24100,true,true
"quicksort","Sorted",5000,34,76928,24200,true,true
"quicksort","Sorted",5000,35,76960,24200,true,true
"quicksort","Sorted",5000,36,76896,24200,true,true
"quicksort","Sorted",5000,37,76864,24100,true,true
"quicksort","Sorted",5000,38,76800,24100,true,true
"quicksort","Sorted",5000,39,76864,24100,true,true
"quicksort","Sorted",5000,40,76832,24200,true,true
"quicksort","Sorted",5000,41,76832,24100,true,true
"quicksort","Sorted",5000,42,76896,24100,true,true
"quicksort","Sorted",5000,43,76832,24100,true,true
"quicksort","Sorted",5000,44,76832,24100,true,true
"quicksort","Sorted",5000,45,76896,24200,true,true
"quicksort","Sorted",5000,46,76832,24100,true,true
"quicksort","Sorted",5000,47,76832,24100,true,true
"quicksort","Sorted",5000,48,76864,24100,true,true
"quicksort","Sorted",5000,49,76864,24100,true,true
"quicksort","Sorted",5000,50,76800,24200,true,true
"quicksort","Sorted",5000,51,76864,24100,true,true
"quicksort","Sorted",5000,52,76832,24100,true,true
"quicksort","Sorted",5000,53,76832,24100,true,true
"quicksort","Sorted",5000,54,76896,24200,true,true
"quicksort","Sorted",5000,55,76864,24100,true,true
"quicksort","Sorted",5000,56,76800,24100,true,true
"quicksort","Sorted",5000,57,76864,24100,true,true
"quicksort","Sorted",5000,58,76896,24100,true,true
"quicksort","Sorted",5000,59,76896,24100,true,true
"quicksort","Sorted",5000,60,76928,24100,true,true
"quicksort","Sorted",5000,61,76864,24200,true,true
"quicksort","Sorted",5000,62,76800,24100,true,true
"quicksort","Sorted",5000,63,76864,24100,true,true
"quicksort","Sorted",5000,64,76864,24200,true,true
"quicksort","Sorted",5000,65,77152,24200,true,true
"quicksort","Sorted",5000,66,76448,24000,true,true
"quicksort","Sorted",5000,67,77248,24200,true,true
"quicksort","Sorted",5000,68,77088,24200,true,true
"quicksort","Sorted",5000,69,77056,24100,true,true
"quicksort","Sorted",5000,70,77120,24200,true,true
"quicksort","Sorted",5000,71,77088,24200,true,true
"quicksort","Sorted",5000,72,77056,24100,true,true
"quicksort","Sorted",5000,73,77056,24200,true,true
"quicksort","Sorted",5000,74,77024,24100,true,true
"quicksort","Sorted",5000,75,86048,27000,true,true
"quicksort","Sorted",5000,76,76160,23900,true,true
"quicksort","Sorted",5000,77,76576,24100,true,true
"quicksort","Sorted",5000,78,76640,24100,true,true
"quicksort","Sorted",5000,79,76672,24000,true,true
"quicksort","Sorted",5000,80,76512,24000,true,true
"quicksort","Sorted",5000,81,76512,24000,true,true
"quicksort","Sorted",5000,82,76512,24000,true,true
"quicksort","Sorted",5000,83,76544,24000,true,true
"quicksort","Sorted",5000,84,76608,24000,true,true
"quicksort","Sorted",5000,85,76608,24000,true,true
"quicksort","Sorted",5000,86,76576,24000,true,true
"quicksort","Sorted",5000,87,76608,24000,true,true
"quicksort","Sorted",5000,88,76544,24000,true,true
"quicksort","Sorted",5000,89,76512,24000,true,true
"quicksort","Sorted",5000,90,76544,24000,true,true
"quicksort","Sorted",5000,91,76512,24000,true,true
"quicksort","Sorted",5000,92,76576,24000,true,true
"quicksort","Sorted",5000,93,76512,24000,true,true
"quicksort","Sorted",5000,94,76512,24000,true,true
"quicksort","Sorted",5000,95,76544,24100,true,true
"quicksort","Sorted",5000,96,76512,24000,true,true
"quicksort","Sorted",5000,97,76608,24100,true,true
"quicksort","Sorted",5000,98,76608,24100,true,true
"quicksort","Sorted",5000,99,76576,24100,true,true
"heap","Sorted",5000,0,298432,93500,true,true
"heap","Sorted",5000,1,294496,92200,true,true
"heap","Sorted",5000,2,290240,90900,true,true
"heap","Sorted",5000,3,288256,90400,true,true
"heap","Sorted",5000,4,282880,88600,true,true
"heap","Sorted",5000,5,279968,87800,true,true
"heap","Sorted",5000,6,275744,86300,true,true
"heap","Sorted",5000,7,306016,95900,true,true
"heap","Sorted",5000,8,274336,86000,true,true
"heap","Sorted",5000,9,266464,83400,true,true
"heap","Sorted",5000,10,263584,82500,true,true
"heap","Sorted",5000,11,260608,81600,true,true
"heap","Sorted",5000,12,257280,80600,true,true
"heap","Sorted",5000,13,254752,79800,true,true
"heap","Sorted",5000,14,251264,78700,true,true
"heap","Sorted",5000,15,248896,78000,true,true
"heap","Sorted",5000,16,246464,77200,true,true
"heap","Sorted",5000,17,244096,76400,true,true
"heap","Sorted",5000,18,242912,76200,true,true
"heap","Sorted",5000,19,255680,80100,true,true
"heap","Sorted",5000,20,273600,85700,true,true
"heap","Sorted",5000,21,241824,75800,true,true
"heap","Sorted",5000,22,240704,75500,true,true
"heap","Sorted",5000,23,240384,75300,true,true
"heap","Sorted",5000,24,237824,74600,true,true
"heap","Sorted",5000,25,238048,74600,true,true
"heap","Sorted",5000,26,236800,74200,true,true
"heap","Sorted",5000,27,235584,73800,true,true
"heap","Sorted",5000,28,235200,73700,true,true
"heap","Sorted",5000,29,241504,75700,true,true
"heap","Sorted",5000,30,234144,73400,true,true
"heap","Sorted",5000,31,234176,73300,true,true
"heap","Sorted",5000,32,234464,73400,true,true
"heap","Sorted",5000,33,261792,82000,true,true
"heap","Sorted",5000,34,233312,73100,true,true
"heap","Sorted",5000,35,249184,78100,true,true
"heap","Sorted",5000,36,236448,74100,true,true
"heap","Sorted",5000,37,236160,74000,true,true
"heap","Sorted",5000,38,235200,73700,true,true
"heap","Sorted",5000,39,236384,74100,true,true
"heap","Sorted",5000,40,234560,73600,true,true
"heap","Sorted",5000,41,234720,73600,true,true
"heap","Sorted",5000,42,233792,73300,true,true
"heap","Sorted",5000,43,235360,73800,true,true
"heap","Sorted",5000,44,235520,73800,true,true
"heap","Sorted",5000,45,234528,73500,true,true
"heap","Sorted",5000,46,262752,82300,true,true
"heap","Sorted",5000,47,236608,74100,true,true
"heap","Sorted",5000,48,236960,74300,true,true
"heap","Sorted",5000,49,235520,73800,true,true
"heap","Sorted",5000,50,236544,74100,true,true
"heap","Sorted",5000,51,236000,73900,true,true
"heap","Sorted",5000,52,240992,75500,true,true
"heap","Sorted",5000,53,235296,73700,true,true
"heap","Sorted",5000,54,235840,73900,true,true
"heap","Sorted",5000,55,236800,74200,true,true
"heap","Sorted",5000,56,236864,74200,true,true
"heap","Sorted",5000,57,237248,74300,true,true
"heap","Sorted",5000,58,236640,74100,true,true
"heap","Sorted",5000,59,265408,83200,true,true
"heap","Sorted",5000,60,237952,74600,true,true
"heap","Sorted",5000,61,236512,74100,true,true
"heap","Sorted",5000,62,237280,74300,true,true
"heap","Sorted",5000,63,237664,74500,true,true
"heap","Sorted",5000,64,236224,74100,true,true
"heap","Sorted",5000,65,236416,74100,true,true
"heap","Sorted",5000,66,248032,77700,true,true
"heap","Sorted",5000,67,233152,73100,true,true
"heap","Sorted",5000,68,233088,73100,true,true
"heap","Sorted",5000,69,233024,73000,true,true
"heap","Sorted",5000,70,233024,73100,true,true
"heap","Sorted",5000,71,233056,73000,true,true
"heap","Sorted",5000,72,261088,81900,true,true
"heap","Sorted",5000,73,232064,72700,true,true
"heap","Sorted",5000,74,237184,74300,true,true
"heap","Sorted",5000,75,230976,72400,true,true
"heap","Sorted",5000,76,232320,72800,true,true
"heap","Sorted",5000,77,232512,72800,true,true
"heap","Sorted",5000,78,231072,72400,true,true
"heap","Sorted",5000,79,232640,72900,true,true
"heap","Sorted",5000,80,231200,72400,true,true
"heap","Sorted",5000,81,243200,76200,true,true
"heap","Sorted",5000,82,242784,76100,true,true
"heap","Sorted",5000,83,228800,71900,true,true
"heap","Sorted",5000,84,228416,71600,true,true
"heap","Sorted",5000,85,256960,80500,true,true
"heap","Sorted",5000,86,228352,71600,true,true
"heap","Sorted",5000,87,229824,72100,true,true
"heap","Sorted",5000,88,228160,71500,true,true
"heap","Sorted",5000,89,227488,71300,true,true
"heap","Sorted",5000,90,227232,71200,true,true
"heap","Sorted",5000,91,227520,71300,true,true
"heap","Sorted",5000,92,226496,70900,true,true
"heap","Sorted",5000,93,228224,71600,true,true
"heap","Sorted",5000,94,226304,70900,true,true
"heap","Sorted",5000,95,227680,71300,true,true
"heap","Sorted",5000,96,227616,71400,true,true
"heap","Sorted",5000,97,232736,72900,true,true
"heap","Sorted",5000,98,268960,84200,true,true
"heap","Sorted",5000,99,229376,71900,true,true
"std-sort","Sorted",5000,0,61184,19200,true,true
"std-sort","Sorted",5000,1,60480,19000,true,true
"std-sort","Sorted",5000,2,61248,19300,true,true
"std-sort","Sorted",5000,3,61216,19200,true,true
"std-sort","Sorted",5000,4,61216,19300,true,true
"std-sort","Sorted",5000,5,61280,19300,true,true
"std-sort","Sorted",5000,6,61248,19200,true,true
"std-sort","Sorted",5000,7,61248,19300,true,true
"std-sort","Sorted",5000,8,61280,19200,true,true
"std-sort","Sorted",5000,9,61280,19300,true,true
"std-sort","Sorted",5000,10,61184,19200,true,true
"std-sort","Sorted",5000,11,61184,19200,true,true
"std-sort","Sorted",5000,12,61280,19300,true,true
"std-sort","Sorted",5000,13,61248,19200,true,true
"std-sort","Sorted",5000,14,61216,19300,true,true
"std-sort","Sorted",5000,15,61280,19200,true,true
"std-sort","Sorted",5000,16,61184,19200,true,true
"std-sort","Sorted",5000,17,61152,19200,true,true
"std-sort","Sorted",5000,18,61248,19200,true,true
"std-sort","Sorted",5000,19,61152,19200,true,true
"std-sort","Sorted",5000,20,60576,19000,true,true
"std-sort","Sorted",5000,21,61280,19200,true,true
"std-sort","Sorted",5000,22,61312,19300,true,true
"std-sort","Sorted",5000,23,61312,19200,true,true
"std-sort","Sorted",5000,24,61280,19200,true,true
"std-sort","Sorted",5000,25,61312,19200,true,true
"std-sort","Sorted",5000,26,61248,19300,true,true
"std-sort","Sorted",5000,27,75040,23500,true,true
"std-sort","Sorted",5000,28,62560,19700,true,true
"std-sort","Sorted",5000,29,62592,19700,true,true
"std-sort","Sorted",5000,30,62560,19700,true,true
"std-sort","Sorted",5000,31,62624,19700,true,true
"std-sort","Sorted",5000,32,62656,19600,true,true
"std-sort","Sorted",5000,33,61760,19400,true,true
"std-sort","Sorted",5000,34,62528,19700,true,true
"std-sort","Sorted",5000,35,62624,19700,true,true
"std-sort","Sorted",5000,36,62560,19700,true,true
"std-sort","Sorted",5000,37,62496,19600,true,true
"std-sort","Sorted",5000,38,62560,19600,true,true
"std-sort","Sorted",5000,39,62656,19600,true,true
"std-sort","Sorted",5000,40,62560,19600,true,true
"std-sort","Sorted",5000,41,62560,19600,true,true
"std-sort","Sorted",5000,42,62560,19600,true,true
"std-sort","Sorted",5000,43,62528,19700,true,true
"std-sort","Sorted",5000,44,62560,19700,true,true
"std-sort","Sorted",5000,45,62688,19700,true,true
"std-sort","Sorted",5000,46,62560,19700,true,true
"std-sort","Sorted",5000,47,62528,19700,true,true
"std-sort","Sorted",5000,48,62592,19600,true,true
"std-sort","Sorted",5000,49,62560,19600,true,true
"std-sort","Sorted",5000,50,62528,19600,true,true
"std-sort","Sorted",5000,51,62592,19700,true,true
"std-sort","Sorted",5000,52,62560,19700,true,true
"std-sort","Sorted",5000,53,62592,19700,true,true
"std-sort","Sorted",5000,54,62560,19700,true,true
"std-sort","Sorted",5000,55,62560,19600,true,true
"std-sort","Sorted",5000,56,62592,19600,true,true
"std-sort","Sorted",5000,57,62592,19600,true,true
"std-sort","Sorted",5000,58,62592,19600,true,true
"std-sort","Sorted",5000,59,62560,19700,true,true
"std-sort","Sorted",5000,60,62624,19700,true,true
"std-sort","Sorted",5000,61,62688,19700,true,true
"std-sort","Sorted",5000,62,62528,19700,true,true
"std-sort","Sorted",5000,63,62592,19700,true,true
"std-sort","Sorted",5000,64,61856,19400,true,true
"std-sort","Sorted",5000,65,90240,28300,true,true
"std-sort","Sorted",5000,66,62080,19500,true,true
"std-sort","Sorted",5000,67,61888,19500,true,true
"std-sort","Sorted",5000,68,62560,19700,true,true
"std-sort","Sorted",5000,69,62656,19600,true,true
"std-sort","Sorted",5000,70,62560,19600,true,true
"std-sort","Sorted",5000,71,62592,19600,true,true
"std-sort","Sorted",5000,72,62688,19700,true,true
"std-sort","Sorted",5000,73,62592,19700,true,true
"std-sort","Sorted",5000,74,62624,19600,true,true
"std-sort","Sorted",5000,75,62656,19700,true,true
"std-sort","Sorted",5000,76,62688,19700,true,true
"std-sort","Sorted",5000,77,62656,19600,true,true
"std-sort","Sorted",5000,78,62624,19700,true,true
"std-sort","Sorted",5000,79,62592,19700,true,true
"std-sort","Sorted",5000,80,62688,19700,true,true
"std-sort","Sorted",5000,81,75488,23700,true,true
"std-sort","Sorted",5000,82,61984,19400,true,true
"std-sort","Sorted",5000,83,61856,19400,true,true
"std-sort","Sorted",5000,84,61952,19500,true,true
"std-sort","Sorted",5000,85,61984,19500,true,true
"std-sort","Sorted",5000,86,61952,19600,true,true
"std-sort","Sorted",5000,87,61920,19400,true,true
"std-sort","Sorted",5000,88,61888,19400,true,true
"std-sort","Sorted",5000,89,61952,19400,true,true
"std-sort","Sorted",5000,90,61952,19500,true,true
"std-sort","Sorted",5000,91,61952,19500,true,true
"std-sort","Sorted",5000,92,61952,19500,true,true
"std-sort","Sorted",5000,93,61888,19400,true,true
"std-sort","Sorted",5000,94,61888,19400,true,true
"std-sort","Sorted",5000,95,61984,19500,true,true
"std-sort","Sorted",5000,96,61920,19700,true,true
"std-sort","Sorted",5000,97,61952,19400,true,true
"std-sort","Sorted",5000,98,61952,19400,true,true
"std-sort","Sorted",5000,99,61920,19400,true,true
"std-stable-sort","Sorted",5000,0,52128,16400,true,true
"std-stable-sort","Sorted",5000,1,52160,16400,true,true
"std-stable-sort","Sorted",5000,2,52288,16400,true,true
"std-stable-sort","Sorted",5000,3,52160,16400,true,true
"std-stable-sort","Sorted",5000,4,52288,16400,true,true
"std-stable-sort","Sorted",5000,5,52224,16400,true,true
"std-stable-sort","Sorted",5000,6,52128,16400,true,true
"std-stable-sort","Sorted",5000,7,52224,16400,true,true
"std-stable-sort","Sorted",5000,8,52128,16400,true,true
"std-stable-sort","Sorted",5000,9,52224,16400,true,true
"std-stable-sort","Sorted",5000,10,52128,16600,true,true
"std-stable-sort","Sorted",5000,11,52192,16400,true,true
"std-stable-sort","Sorted",5000,12,52192,16400,true,true
"std-stable-sort","Sorted",5000,13,52128,16400,true,true
"std-stable-sort","Sorted",5000,14,52224,16400,true,true
"std-stable-sort","Sorted",5000,15,52096,16400,true,true
"std-stable-sort","Sorted",5000,16,52224,16400,true,true
"std-stable-sort","Sorted",5000,17,52224,16500,true,true
"std-stable-sort","Sorted",5000,18,52160,16400,true,true
"std-stable-sort","Sorted",5000,19,52096,16300,true,true
"std-stable-sort","Sorted",5000,20,52096,16300,true,true
"std-stable-sort","Sorted",5000,21,52160,16400,true,true
"std-stable-sort","Sorted",5000,22,52224,16400,true,true
"std-stable-sort","Sorted",5000,23,64032,20100,true,true
"std-stable-sort","Sorted",5000,24,50912,16000,true,true
"std-stable-sort","Sorted",5000,25,50816,16000,true,true
"std-stable-sort","Sorted",5000,26,50816,15900,true,true
"std-stable-sort","Sorted",5000,27,50848,16000,true,true
"std-stable-sort","Sorted",5000,28,50720,15900,true,true
"std-stable-sort","Sorted",5000,29,50752,16000,true,true
"std-stable-sort","Sorted",5000,30,50848,16000,true,true
"std-stable-sort","Sorted",5000,31,50880,16000,true,true
"std-stable-sort","Sorted",5000,32,50816,15900,true,true
"std-stable-sort","Sorted",5000,33,50784,16000,true,true
"std-stable-sort","Sorted",5000,34,50880,16000,true,true
"std-stable-sort","Sorted",5000,35,50816,16000,true,true
"std-stable-sort","Sorted",5000,36,50848,16000,true,true
"std-stable-sort","Sorted",5000,37,50848,15900,true,true
"std-stable-sort","Sorted",5000,38,50816,16000,true,true
"std-stable-sort","Sorted",5000,39,50880,16000,true,true
"std-stable-sort","Sorted",5000,40,50784,15900,true,true
"std-stable-sort","Sorted",5000,41,50848,16000,true,true
"std-stable-sort","Sorted",5000,42,50752,16000,true,true
"std-stable-sort","Sorted",5000,43,60384,19000,true,true
"std-stable-sort","Sorted",5000,44,74752,23500,true,true
"std-stable-sort","Sorted",5000,45,50976,16000,true,true
"std-stable-sort","Sorted",5000,46,49120,15500,true,true
"std-stable-sort","Sorted",5000,47,50912,15900,true,true
"std-stable-sort","Sorted",5000,48,48960,15400,true,true
"std-stable-sort","Sorted",5000,49,50944,16000,true,true
"std-stable-sort","Sorted",5000,50,49056,15400,true,true
"std-stable-sort","Sorted",5000,51,50976,16000,true,true
"std-stable-sort","Sorted",5000,52,49056,15400,true,true
"std-stable-sort","Sorted",5000,53,50848,16000,true,true
"std-stable-sort","Sorted",5000,54,48992,15400,true,true
"std-stable-sort","Sorted",5000,55,50880,16000,true,true
"std-stable-sort","Sorted",5000,56,48992,15400,true,true
"std-stable-sort","Sorted",5000,57,50880,16000,true,true
"std-stable-sort","Sorted",5000,58,49024,15500,true,true
"std-stable-sort","Sorted",5000,59,50848,16000,true,true
"std-stable-sort","Sorted",5000,60,49088,15400,true,true
"std-stable-sort","Sorted",5000,61,50848,15900,true,true
"std-stable-sort","Sorted",5000,62,49088,15400,true,true
"std-stable-sort","Sorted",5000,63,50880,16000,true,true
"std-stable-sort","Sorted",5000,64,49024,15400,true,true
"std-stable-sort","Sorted",5000,65,48896,15400,true,true
"std-stable-sort","Sorted",5000,66,50816,16100,true,true
"std-stable-sort","Sorted",5000,67,50912,16000,true,true
"std-stable-sort","Sorted",5000,68,48928,15400,true,true
"std-stable-sort","Sorted",5000,69,50880,16000,true,true
"std-stable-sort","Sorted",5000,70,48960,15400,true,true
"std-stable-sort","Sorted",5000,71,50784,16000,true,true
"std-stable-sort","Sorted",5000,72,48960,15400,true,true
"std-stable-sort","Sorted",5000,73,50848,16000,true,true
"std-stable-sort","Sorted",5000,74,49120,15500,true,true
"std-stable-sort","Sorted",5000,75,50816,16000,true,true
"std-stable-sort","Sorted",5000,76,49024,15400,true,true
"std-stable-sort","Sorted",5000,77,50848,16000,true,true
"std-stable-sort","Sorted",5000,78,48992,15400,true,true
"std-stable-sort","Sorted",5000,79,50816,16000,true,true
"std-stable-sort","Sorted",5000,80,48992,15400,true,true
"std-stable-sort","Sorted",5000,81,50784,15900,true,true
"std-stable-sort","Sorted",5000,82,48960,15400,true,true
"std-stable-sort","Sorted",5000,83,50784,16000,true,true
"std-stable-sort","Sorted",5000,84,49056,15400,true,true
"std-stable-sort","Sorted",5000,85,50848,16000,true,true
"std-stable-sort","Sorted",5000,86,62688,19700,true,true
"std-stable-sort","Sorted",5000,87,51840,16300,true,true
"std-stable-sort","Sorted",5000,88,50112,15700,true,true
"std-stable-sort","Sorted",5000,89,51872,16300,true,true
"std-stable-sort","Sorted",5000,90,50080,15700,true,true
"std-stable-sort","Sorted",5000,91,51936,16300,true,true
"std-stable-sort","Sorted",5000,92,50048,15700,true,true
"std-stable-sort","Sorted",5000,93,52000,16400,true,true
"std-stable-sort","Sorted",5000,94,49984,15700,true,true
"std-stable-sort","Sorted",5000,95,51872,16300,true,true
"std-stable-sort","Sorted",5000,96,50016,15700,true,true
"std-stable-sort","Sorted",5000,97,51904,16400,true,true
"std-stable-sort","Sorted",5000,98,76160,23900,true,true
"std-stable-sort","Sorted",5000,99,50048,15800,true,true
"bubble","Sorted",10000,0,13504,4300,true,true
"bubble","Sorted",10000,1,13504,4300,true,true
"bubble","Sorted",10000,2,13472,4300,true,true
"bubble","Sorted",10000,3,13536,4300,true,true
"bubble","Sorted",10000,4,13504,4300,true,true
"bubble","Sorted",10000,5,13472,4300,true,true
"bubble","Sorted",10000,6,13472,4300,true,true
"bubble","Sorted",10000,7,13504,4200,true,true
"bubble","Sorted",10000,8,13472,4300,true,true
"bubble","Sorted",10000,9,13504,4300,true,true
"bubble","Sorted",10000,10,13504,4300,true,true
"bubble","Sorted",10000,11,13504,4300,true,true
"bubble","Sorted",10000,12,13472,4300,true,true
"bubble","Sorted",10000,13,13504,4300,true,true
"bubble","Sorted",10000,14,13504,4200,true,true
"bubble","Sorted",10000,15,13504,4300,true,true
"bubble","Sorted",10000,16,13472,4200,true,true
"bubble","Sorted",10000,17,13504,4300,true,true
"bubble","Sorted",10000,18,13504,4300,true,true
"bubble","Sorted",10000,19,13504,4300,true,true
"bubble","Sorted",10000,20,13504,4300,true,true
"bubble","Sorted",10000,21,13504,4300,true,true
"bubble","Sorted",10000,22,13504,4300,true,true
"bubble","Sorted",10000,23,13504,4300,true,true
"bubble","Sorted",10000,24,13504,4300,true,true
"bubble","Sorted",10000,25,13504,4300,true,true
"bubble","Sorted",10000,26,13504,4200,true,true
"bubble","Sorted",10000,27,13504,4300,true,true
"bubble","Sorted",10000,28,13504,4300,true,true
"bubble","Sorted",10000,29,13504,4300,true,true
"bubble","Sorted",10000,30,13472,4200,true,true
"bubble","Sorted",10000,31,13504,4300,true,true
"bubble","Sorted",10000,32,13504,4300,true,true
"bubble","Sorted",10000,33,13504,4200,true,true
"bubble","Sorted",10000,34,13504,4300,true,true
"bubble","Sorted",10000,35,13504,4300,true,true
"bubble","Sorted",10000,36,13536,4300,true,true
"bubble","Sorted",10000,37,13472,4300,true,true
"bubble","Sorted",10000,38,13504,4200,true,true
"bubble","Sorted",10000,39,13504,4300,true,true
"bubble","Sorted",10000,40,13504,4200,true,true
"bubble","Sorted",10000,41,13472,4300,true,true
"bubble","Sorted",10000,42,13504,4300,true,true
"bubble","Sorted",10000,43,13504,4300,true,true
"bubble","Sorted",10000,44,13472,4300,true,true
"bubble","Sorted",10000,45,13504,4300,true,true
"bubble","Sorted",10000,46,13504,4300,true,true
"bubble","Sorted",10000,47,13504,4300,true,true
"bubble","Sorted",10000,48,13472,4200,true,true
"bubble","Sorted",10000,49,13504,4300,true,true
"bubble","Sorted",10000,50,13504,4300,true,true
"bubble","Sorted",10000,51,13504,4300,true,true
"bubble","Sorted",10000,52,13472,4200,true,true
"bubble","Sorted",10000,53,13504,4300,true,true
"bubble","Sorted",10000,54,13504,4300,true,true
"bubble","Sorted",10000,55,13472,4200,true,true
"bubble","Sorted",10000,56,13504,4300,true,true
"bubble","Sorted",10000,57,13504,4200,true,true
"bubble","Sorted",10000,58,13472,4300,true,true
"bubble","Sorted",10000,59,13504,4200,true,true
"bubble","Sorted",10000,60,13536,4300,true,true
"bubble","Sorted",10000,61,13504,4400,true,true
"bubble","Sorted",10000,62,13472,4200,true,true
"bubble","Sorted",10000,63,13504,4300,true,true
"bubble","Sorted",10000,64,13536,4300,true,true
"bubble","Sorted",10000,65,13472,4200,true,true
"bubble","Sorted",10000,66,13504,4300,true,true
"bubble","Sorted",10000,67,13504,4300,true,true
"bubble","Sorted",10000,68,13504,4300,true,true
"bubble","Sorted",10000,69,13472,4300,true,true
"bubble","Sorted",10000,70,13504,4200,true,true
"bubble","Sorted",10000,71,13504,4300,true,true
"bubble","Sorted",10000,72,13504,4300,true,true
"bubble","Sorted",10000,73,13504,4300,true,true
"bubble","Sorted",10000,74,13504,4300,true,true
"bubble","Sorted",10000,75,13504,4300,true,true
"bubble","Sorted",10000,76,13504,4300,true,true
"bubble","Sorted",10000,77,13504,4300,true,true
"bubble","Sorted",10000,78,13504,4300,true,true
"bubble","Sorted",10000,79,13472,4300,true,true
"bubble","Sorted",10000,80,13504,4300,true,true
"bubble","Sorted",10000,81,13536,4300,true,true
"bubble","Sorted",10000,82,13504,4300,true,true
"bubble","Sorted",10000,83,13472,4200,true,true
"bubble","Sorted",10000,84,13504,4300,true,true
"bubble","Sorted",10000,85,13504,4200,true,true
"bubble","Sorted",10000,86,21376,6800,true,true
"bubble","Sorted",10000,87,13792,4400,true,true
"bubble","Sorted",10000,88,13792,4400,true,true
"bubble","Sorted",10000,89,13792,4300,true,true
"bubble","Sorted",10000,90,39872,12600,true,true
"bubble","Sorted",10000,91,13792,4400,true,true
"bubble","Sorted",10000,92,13792,4400,true,true
"bubble","Sorted",10000,93,13760,4400,true,true
"bubble","Sorted",10000,94,13792,4400,true,true
"bubble","Sorted",10000,95,13792,4400,true,true
"bubble","Sorted",10000,96,13760,4300,true,true
"bubble","Sorted",10000,97,13792,4400,true,true
"bubble","Sorted",10000,98,13824,4300,true,true
"bubble","Sorted",10000,99,13792,4400,true,true
"insertion","Sorted",10000,0,13856,4400,true,true
"insertion","Sorted",10000,1,13856,4400,true,true
"insertion","Sorted",10000,2,13888,4400,true,true
"insertion","Sorted",10000,3,13856,4400,true,true
"insertion","Sorted",10000,4,13856,4400,true,true
"insertion","Sorted",10000,5,13856,4400,true,true
"insertion","Sorted",10000,6,13856,4400,true,true
"insertion","Sorted",10000,7,13824,4400,true,true
"insertion","Sorted",10000,8,13856,4400,true,true
"insertion","Sorted",10000,9,13856,4400,true,true
"insertion","Sorted",10000,10,13856,4400,true,true
"insertion","Sorted",10000,11,13856,4300,true,true
"insertion","Sorted",10000,12,13856,4400,true,true
"insertion","Sorted",10000,13,13824,4400,true,true
"insertion","Sorted",10000,14,13824,4400,true,true
"insertion","Sorted",10000,15,13856,4400,true,true
"insertion","Sorted",10000,16,13856,4400,true,true
"insertion","Sorted",10000,17,13824,4400,true,true
"insertion","Sorted",10000,18,13856,4400,true,true
"insertion","Sorted",10000,19,13856,4400,true,true
"insertion","Sorted",10000,20,13856,4400,true,true
"insertion","Sorted",10000,21,13824,4300,true,true
"insertion","Sorted",10000,22,13888,4400,true,true
"insertion","Sorted",10000,23,13856,4400,true,true
"insertion","Sorted",10000,24,13824,4400,true,true
"insertion","Sorted",10000,25,13856,4400,true,true
"insertion","Sorted",10000,26,13856,4400,true,true
"insertion","Sorted",10000,27,13824,4400,true,true
"insertion","Sorted",10000,28,13856,4400,true,true
"insertion","Sorted",10000,29,13856,4400,true,true
"insertion","Sorted",10000,30,13856,4400,true,true
"insertion","Sorted",10000,31,13856,4400,true,true
"insertion","Sorted",10000,32,13856,4400,true,true
"insertion","Sorted",10000,33,13856,4400,true,true
"insertion","Sorted",10000,34,13856,4400,true,true
"insertion","Sorted",10000,35,13824,4400,true,true
"insertion","Sorted",10000,36,13856,4400,true,true
"insertion","Sorted",10000,37,13856,4400,true,true
"insertion","Sorted",10000,38,13856,4400,true,true
"insertion","Sorted",10000,39,13856,4400,true,true
"insertion","Sorted",10000,40,13856,4400,true,true
"insertion","Sorted",10000,41,13856,4400,true,true
"insertion","Sorted",10000,42,13856,4400,true,true
"insertion","Sorted",10000,43,13856,4400,true,true
"insertion","Sorted",10000,44,13856,4400,true,true
"insertion","Sorted",10000,45,13856,4400,true,true
"insertion","Sorted",10000,46,13856,4400,true,true
"insertion","Sorted",10000,47,13856,4400,true,true
"insertion","Sorted",10000,48,13856,4400,true,true
"insertion","Sorted",10000,49,13824,4400,true,true
"insertion","Sorted",10000,50,13856,4400,true,true
"insertion","Sorted",10000,51,13856,4400,true,true
"insertion","Sorted",10000,52,13856,4400,true,true
"insertion","Sorted",10000,53,13856,4400,true,true
"insertion","Sorted",10000,54,13856,4400,true,true
"insertion","Sorted",10000,55,13856,4400,true,true
"insertion","Sorted",10000,56,13856,4400,true,true
"insertion","Sorted",10000,57,13856,4400,true,true
"insertion","Sorted",10000,58,13856,4400,true,true
"insertion","Sorted",10000,59,13856,4400,true,true
"insertion","Sorted",10000,60,13856,4400,true,true
"insertion","Sorted",10000,61,13888,4400,true,true
"insertion","Sorted",10000,62,13856,4300,true,true
"insertion","Sorted",10000,63,13856,4400,true,true
"insertion","Sorted",10000,64,13856,4400,true,true
"insertion","Sorted",10000,65,13856,4400,true,true
"insertion","Sorted",10000,66,13856,4400,true,true
"insertion","Sorted",10000,67,13856,4400,true,true
"insertion","Sorted",10000,68,13856,4400,true,true
"insertion","Sorted",10000,69,13856,4400,true,true
"insertion","Sorted",10000,70,13856,4400,true,true
"insertion","Sorted",10000,71,13856,4400,true,true
"insertion","Sorted",10000,72,13824,4400,true,true
"insertion","Sorted",10000,73,13856,4400,true,true
"insertion","Sorted",10000,74,13888,4400,true,true
"insertion","Sorted",10000,75,13856,4400,true,true
"insertion","Sorted",10000,76,13856,4400,true,true
"insertion","Sorted",10000,77,13856,4400,true,true
"insertion","Sorted",10000,78,13856,4400,true,true
"insertion","Sorted",10000,79,13856,4400,true,true
"insertion","Sorted",10000,80,13824,4400,true,true
"insertion","Sorted",10000,81,13856,4400,true,true
"insertion","Sorted",10000,82,40160,12700,true,true
"insertion","Sorted",10000,83,13920,4400,true,true
"insertion","Sorted",10000,84,13856,4400,true,true
"insertion","Sorted",10000,85,13824,4400,true,true
"insertion","Sorted",10000,86,13856,4400,true,true
"insertion","Sorted",10000,87,13856,4400,true,true
"insertion","Sorted",10000,88,13856,4300,true,true
"insertion","Sorted",10000,89,13856,4400,true,true
"insertion","Sorted",10000,90,13856,4400,true,true
"insertion","Sorted",10000,91,13856,4400,true,true
"insertion","Sorted",10000,92,13856,4400,true,true
"insertion","Sorted",10000,93,13856,4400,true,true
"insertion","Sorted",10000,94,13856,4400,true,true
"insertion","Sorted",10000,95,13824,4400,true,true
"insertion","Sorted",10000,96,13824,4400,true,true
"insertion","Sorted",10000,97,13856,4400,true,true
"insertion","Sorted",10000,98,13856,4400,true,true
"insertion","Sorted",10000,99,14144,4500,true,true
"selection","Sorted",10000,0,41753856,13073800,true,true
"selection","Sorted",10000,1,43415871,13594100,true,true
"selection","Sorted",10000,2,41409280,12965700,true,true
"selection","Sorted",10000,3,41303648,12932800,true,true
"selection","Sorted",10000,4,41420928,12969400,true,true
"selection","Sorted",10000,5,41271392,12922600,true,true
"selection","Sorted",10000,6,41588864,13021900,true,true
"selection","Sorted",10000,7,41703872,13058000,true,true
"selection","Sorted",10000,8,41601312,13025700,true,true
"selection","Sorted",10000,9,41474048,12985900,true,true
"selection","Sorted",10000,10,41769536,13078700,true,true
"selection","Sorted",10000,11,41714592,13061800,true,true
"selection","Sorted",10000,12,41716096,13061900,true,true
"selection","Sorted",10000,13,41688992,13053200,true,true
"selection","Sorted",10000,14,41458656,12981200,true,true
"selection","Sorted",10000,15,41748000,13071900,true,true
"selection","Sorted",10000,16,41693568,13054800,true,true
"selection","Sorted",10000,17,41602848,13026400,true,true
"selection","Sorted",10000,18,41639808,13038000,true,true
"selection","Sorted",10000,19,41762976,13076500,true,true
"selection","Sorted",10000,20,41566880,13015000,true,true
"selection","Sorted",10000,21,41686304,13052600,true,true
"selection","Sorted",10000,22,42428992,13285100,true,true
"selection","Sorted",10000,23,42347360,13259500,true,true
"selection","Sorted",10000,24,41845536,13102300,true,true
"selection","Sorted",10000,25,41819744,13094300,true,true
"selection","Sorted",10000,26,43890720,13743200,true,true
"selection","Sorted",10000,27,42223776,13220800,true,true
"selection","Sorted",10000,28,41960576,13138300,true,true
"selection","Sorted",10000,29,42167712,13203100,true,true
"selection","Sorted",10000,30,42566208,13328200,true,true
"selection","Sorted",10000,31,47416736,14847300,true,true
"selection","Sorted",10000,32,45566240,14268300,true,true
"selection","Sorted",10000,33,46844337,14668500,true,true
"selection","Sorted",10000,34,42905760,13434200,true,true
"selection","Sorted",10000,35,42918912,13438500,true,true
"selection","Sorted",10000,36,46209536,14470800,true,true
"selection","Sorted",10000,37,43181312,13520500,true,true
"selection","Sorted",10000,38,43837344,13727600,true,true
"selection","Sorted",10000,39,43780320,13708900,true,true
"selection","Sorted",10000,40,45171808,14145100,true,true
"selection","Sorted",10000,41,43232032,13537000,true,true
"selection","Sorted",10000,42,43340160,13570600,true,true
"selection","Sorted",10000,43,43222624,13533600,true,true
"selection","Sorted",10000,44,43231712,13536500,true,true
"selection","Sorted",10000,45,43182112,13520800,true,true
"selection","Sorted",10000,46,43018944,13469800,true,true
"selection","Sorted",10000,47,43190272,13523400,true,true
"selection","Sorted",10000,48,46395616,14528200,true,true
"selection","Sorted",10000,49,46144160,14449700,true,true
"selection","Sorted",10000,50,43231584,13536200,true,true
"selection","Sorted",10000,51,43151488,13511300,true,true
"selection","Sorted",10000,52,43183200,13521300,true,true
"selection","Sorted",10000,53,43148768,13510800,true,true
"selection","Sorted",10000,54,43573024,13645200,true,true
"selection","Sorted",10000,55,43155360,13512400,true,true
"selection","Sorted",10000,56,43236096,13537800,true,true
"selection","Sorted",10000,57,43186688,13522500,true,true
"selection","Sorted",10000,58,43611584,13656700,true,true
"selection","Sorted",10000,59,43580896,13646600,true,true
"selection","Sorted",10000,60,43120800,13501800,true,true
"selection","Sorted",10000,61,43231232,13536300,true,true
"selection","Sorted",10000,62,47234304,14789600,true,true
"selection","Sorted",10000,63,43764320,13703900,true,true
"selection","Sorted",10000,64,43218752,13532300,true,true
"selection","Sorted",10000,65,43178720,13519700,true,true
"selection","Sorted",10000,66,43946672,13760500,true,true
"selection","Sorted",10000,67,42901792,13433000,true,true
"selection","Sorted",10000,68,42643296,13352000,true,true
"selection","Sorted",10000,69,42537408,13318800,true,true
"selection","Sorted",10000,70,42373056,13267400,true,true
"selection","Sorted",10000,71,46440960,14541300,true,true
"selection","Sorted",10000,72,44384608,13897600,true,true
"selection","Sorted",10000,73,43082368,13489600,true,true
"selection","Sorted",10000,74,43121696,13501900,true,true
"selection","Sorted",10000,75,43092960,13493000,true,true
"selection","Sorted",10000,76,42889152,13429100,true,true
"selection","Sorted",10000,77,43233504,13537100,true,true
"selection","Sorted",10000,78,42539392,13319700,true,true
"selection","Sorted",10000,79,42292832,13242300,true,true
"selection","Sorted",10000,80,42317184,13250200,true,true
"selection","Sorted",10000,81,42109440,13185200,true,true
"selection","Sorted",10000,82,41910144,13122500,true,true
"selection","Sorted",10000,83,41645984,13039800,true,true
"selection","Sorted",10000,84,47181824,14773600,true,true
"selection","Sorted",10000,85,43728704,13692500,true,true
"selection","Sorted",10000,86,43161152,13514400,true,true
"selection","Sorted",10000,87,43022080,13470800,true,true
"selection","Sorted",10000,88,44843824,14042000,true,true
"selection","Sorted",10000,89,42791232,13398300,true,true
"selection","Sorted",10000,90,42632960,13348900,true,true
"selection","Sorted",10000,91,42597216,13337600,true,true
"selection","Sorted",10000,92,46848928,14669200,true,true
"selection","Sorted",10000,93,43165088,13515500,true,true
"selection","Sorted",10000,94,43313568,13562100,true,true
"selection","Sorted",10000,95,43009984,13466900,true,true
"selection","Sorted",10000,96,48186991,15089800,true,true
"selection","Sorted",10000,97,45485792,14244700,true,true
"selection","Sorted",10000,98,46186144,14462800,true,true
"selection","Sorted",10000,99,44900800,14060300,true,true
"merge","Sorted",10000,0,293728,92200,true,true
"merge","Sorted",10000,1,328480,103200,true,true
"merge","Sorted",10000,2,329536,103300,true,true
"merge","Sorted",10000,3,372704,116900,true,true
"merge","Sorted",10000,4,293664,92000,true,true
"merge","Sorted",10000,5,332480,104200,true,true
"merge","Sorted",10000,6,293632,92100,true,true
"merge","Sorted",10000,7,328928,103200,true,true
"merge","Sorted",10000,8,293696,92000,true,true
"merge","Sorted",10000,9,370400,116000,true,true
"merge","Sorted",10000,10,293376,92000,true,true
"merge","Sorted",10000,11,293120,91800,true,true
"merge","Sorted",10000,12,356448,111700,true,true
"merge","Sorted",10000,13,328544,103200,true,true
"merge","Sorted",10000,14,294080,92300,true,true
"merge","Sorted",10000,15,325472,102100,true,true
"merge","Sorted",10000,16,363712,114000,true,true
"merge","Sorted",10000,17,293920,92400,true,true
"merge","Sorted",10000,18,328960,103100,true,true
"merge","Sorted",10000,19,304480,95400,true,true
"merge","Sorted",10000,20,309216,96900,true,true
"merge","Sorted",10000,21,293696,92100,true,true
"merge","Sorted",10000,22,345632,108300,true,true
"merge","Sorted",10000,23,306848,96200,true,true
"merge","Sorted",10000,24,293920,92100,true,true
"merge","Sorted",10000,25,307328,96300,true,true
"merge","Sorted",10000,26,325248,101900,true,true
"merge","Sorted",10000,27,293440,91900,true,true
"merge","Sorted",10000,28,293568,92000,true,true
"merge","Sorted",10000,29,294048,92200,true,true
"merge","Sorted",10000,30,293152,91800,true,true
"merge","Sorted",10000,31,388384,121700,true,true
"merge","Sorted",10000,32,359968,112800,true,true
"merge","Sorted",10000,33,330368,103500,true,true
"merge","Sorted",10000,34,293536,92000,true,true
"merge","Sorted",10000,35,307008,96200,true,true
"merge","Sorted",10000,36,295136,92500,true,true
"merge","Sorted",10000,37,295040,92500,true,true
"merge","Sorted",10000,38,295072,92400,true,true
"merge","Sorted",10000,39,294912,92400,true,true
"merge","Sorted",10000,40,295040,92900,true,true
"merge","Sorted",10000,41,330048,103400,true,true
"merge","Sorted",10000,42,294912,92400,true,true
"merge","Sorted",10000,43,294720,92400,true,true
"merge","Sorted",10000,44,295104,92400,true,true
"merge","Sorted",10000,45,295232,92500,true,true
"merge","Sorted",10000,46,304768,95400,true,true
"merge","Sorted",10000,47,295008,92500,true,true
"merge","Sorted",10000,48,295552,92600,true,true
"merge","Sorted",10000,49,294976,92400,true,true
"merge","Sorted",10000,50,295136,92500,true,true
"merge","Sorted",10000,51,323264,101300,true,true
"merge","Sorted",10000,52,294976,92400,true,true
"merge","Sorted",10000,53,294784,92400,true,true
"merge","Sorted",10000,54,295136,92500,true,true
"merge","Sorted",10000,55,295136,92500,true,true
"merge","Sorted",10000,56,295264,92500,true,true
"merge","Sorted",10000,57,294688,92300,true,true
"merge","Sorted",10000,58,295552,92600,true,true
"merge","Sorted",10000,59,295072,92500,true,true
"merge","Sorted",10000,60,294944,92400,true,true
"merge","Sorted",10000,61,326656,102300,true,true
"merge","Sorted",10000,62,295232,92500,true,true
"merge","Sorted",10000,63,294816,92400,true,true
"merge","Sorted",10000,64,295424,92600,true,true
"merge","Sorted",10000,65,295264,92500,true,true
"merge","Sorted",10000,66,311520,97600,true,true
"merge","Sorted",10000,67,294816,92400,true,true
"merge","Sorted",10000,68,295424,92600,true,true
"merge","Sorted",10000,69,294688,92300,true,true
"merge","Sorted",10000,70,295296,92600,true,true
"merge","Sorted",10000,71,326240,102200,true,true
"merge","Sorted",10000,72,295392,92600,true,true
"merge","Sorted",10000,73,294816,92400,true,true
"merge","Sorted",10000,74,295488,92500,true,true
"merge","Sorted",10000,75,295168,92500,true,true
"merge","Sorted",10000,76,295328,92500,true,true
"merge","Sorted",10000,77,294976,92400,true,true
"merge","Sorted",10000,78,295200,92500,true,true
"merge","Sorted",10000,79,295040,92500,true,true
"merge","Sorted",10000,80,295200,92500,true,true
"merge","Sorted",10000,81,294496,92200,true,true
"merge","Sorted",10000,82,327712,102700,true,true
"merge","Sorted",10000,83,359232,112700,true,true
"merge","Sorted",10000,84,295520,92800,true,true
"merge","Sorted",10000,85,416832,130800,true,true
"merge","Sorted",10000,86,335808,105200,true,true
"merge","Sorted",10000,87,341344,106900,true,true
"merge","Sorted",10000,88,354112,110900,true,true
"merge","Sorted",10000,89,343232,107500,true,true
"merge","Sorted",10000,90,386528,121100,true,true
"merge","Sorted",10000,91,295680,92700,true,true
"merge","Sorted",10000,92,295168,92500,true,true
"merge","Sorted",10000,93,294752,92300,true,true
"merge","Sorted",10000,94,318976,100000,true,true
"merge","Sorted",10000,95,295104,92700,true,true
"merge","Sorted",10000,96,295168,92500,true,true
"merge","Sorted",10000,97,295008,92400,true,true
"merge","Sorted",10000,98,295232,92500,true,true
"merge","Sorted",10000,99,294720,92300,true,true
"quicksort","Sorted",10000,0,173696,54500,true,true
"quicksort","Sorted",10000,1,173728,54500,true,true
"quicksort","Sorted",10000,2,182304,57200,true,true
"quicksort","Sorted",10000,3,186432,58700,true,true
"quicksort","Sorted",10000,4,174912,54800,true,true
"quicksort","Sorted",10000,5,174752,54800,true,true
"quicksort","Sorted",10000,6,175264,54900,true,true
"quicksort","Sorted",10000,7,174912,54900,true,true
"quicksort","Sorted",10000,8,174848,54800,true,true
"quicksort","Sorted",10000,9,174752,54800,true,true
"quicksort","Sorted",10000,10,249792,78500,true,true
"quicksort","Sorted",10000,11,254752,80100,true,true
"quicksort","Sorted",10000,12,330176,103400,true,true
"quicksort","Sorted",10000,13,271456,85500,true,true
"quicksort","Sorted",10000,14,316224,99100,true,true
"quicksort","Sorted",10000,15,176288,55400,true,true
"quicksort","Sorted",10000,16,173664,54500,true,true
"quicksort","Sorted",10000,17,174080,54600,true,true
"quicksort","Sorted",10000,18,193408,60600,true,true
"quicksort","Sorted",10000,19,174432,54700,true,true
"quicksort","Sorted",10000,20,174208,54800,true,true
"quicksort","Sorted",10000,21,174176,54600,true,true
"quicksort","Sorted",10000,22,174176,54700,true,true
"quicksort","Sorted",10000,23,174240,54600,true,true
"quicksort","Sorted",10000,24,174080,54600,true,true
"quicksort","Sorted",10000,25,174144,54500,true,true
"quicksort","Sorted",10000,26,174080,54500,true,true
"quicksort","Sorted",10000,27,239520,75000,true,true
"quicksort","Sorted",10000,28,286432,89900,true,true
"quicksort","Sorted",10000,29,172032,54300,true,true
"quicksort","Sorted",10000,30,171616,54000,true,true
"quicksort","Sorted",10000,31,172768,54200,true,true
"quicksort","Sorted",10000,32,172832,54100,true,true
"quicksort","Sorted",10000,33,173792,54500,true,true
"quicksort","Sorted",10000,34,173280,54300,true,true
"quicksort","Sorted",10000,35,173152,54300,true,true
"quicksort","Sorted",10000,36,211520,66300,true,true
"quicksort","Sorted",10000,37,255136,80000,true,true
"quicksort","Sorted",10000,38,258624,81200,true,true
"quicksort","Sorted",10000,39,218656,68500,true,true
"quicksort","Sorted",10000,40,174304,54800,true,true
"quicksort","Sorted",10000,41,218368,68500,true,true
"quicksort","Sorted",10000,42,173952,54600,true,true
"quicksort","Sorted",10000,43,173856,54400,true,true
"quicksort","Sorted",10000,44,173792,54500,true,true
"quicksort","Sorted",10000,45,173888,54500,true,true
"quicksort","Sorted",10000,46,173664,54500,true,true
"quicksort","Sorted",10000,47,173728,54500,true,true
"quicksort","Sorted",10000,48,173760,54500,true,true
"quicksort","Sorted",10000,49,184992,58000,true,true
"quicksort","Sorted",10000,50,174112,54600,true,true
"quicksort","Sorted",10000,51,174144,54600,true,true
"quicksort","Sorted",10000,52,174144,54500,true,true
"quicksort","Sorted",10000,53,174080,54500,true,true
"quicksort","Sorted",10000,54,173984,54500,true,true
"quicksort","Sorted",10000,55,173952,54500,true,true
"quicksort","Sorted",10000,56,174112,54500,true,true
"quicksort","Sorted",10000,57,174112,54600,true,true
"quicksort","Sorted",10000,58,207904,65200,true,true
"quicksort","Sorted",10000,59,174592,54700,true,true
"quicksort","Sorted",10000,60,174400,54600,true,true
"quicksort","Sorted",10000,61,174400,54700,true,true
"quicksort","Sorted",10000,62,174432,54600,true,true
"quicksort","Sorted",10000,63,174560,54800,true,true
"quicksort","Sorted",10000,64,174336,54600,true,true
"quicksort","Sorted",10000,65,174624,54700,true,true
"quicksort","Sorted",10000,66,174496,54900,true,true
"quicksort","Sorted",10000,67,174432,54700,true,true
"quicksort","Sorted",10000,68,174592,54700,true,true
"quicksort","Sorted",10000,69,174464,54700,true,true
"quicksort","Sorted",10000,70,174368,54700,true,true
"quicksort","Sorted",10000,71,174368,54700,true,true
"quicksort","Sorted",10000,72,174304,54700,true,true
"quicksort","Sorted",10000,73,174272,54600,true,true
"quicksort","Sorted",10000,74,204480,64100,true,true
"quicksort","Sorted",10000,75,174144,54700,true,true
"quicksort","Sorted",10000,76,174368,55000,true,true
"quicksort","Sorted",10000,77,174080,54600,true,true
"quicksort","Sorted",10000,78,174112,54600,true,true
"quicksort","Sorted",10000,79,174144,54500,true,true
"quicksort","Sorted",10000,80,173984,54500,true,true
"quicksort","Sorted",10000,81,173888,54500,true,true
"quicksort","Sorted",10000,82,186304,58400,true,true
"quicksort","Sorted",10000,83,173248,54500,true,true
"quicksort","Sorted",10000,84,178368,55900,true,true
"quicksort","Sorted",10000,85,172256,54000,true,true
"quicksort","Sorted",10000,86,172320,54000,true,true
"quicksort","Sorted",10000,87,172384,54000,true,true
"quicksort","Sorted",10000,88,172352,54000,true,true
"quicksort","Sorted",10000,89,172352,54100,true,true
"quicksort","Sorted",10000,90,172288,54100,true,true
"quicksort","Sorted",10000,91,202720,63500,true,true
"quicksort","Sorted",10000,92,171296,53700,true,true
"quicksort","Sorted",10000,93,171424,53700,true,true
"quicksort","Sorted",10000,94,171392,53700,true,true
"quicksort","Sorted",10000,95,171776,53900,true,true
"quicksort","Sorted",10000,96,171552,53700,true,true
"quicksort","Sorted",10000,97,171424,53800,true,true
"quicksort","Sorted",10000,98,171360,53700,true,true
"quicksort","Sorted",10000,99,171424,53700,true,true
"heap","Sorted",10000,0,996000,311900,true,true
"heap","Sorted",10000,1,971776,304300,true,true
"heap","Sorted",10000,2,966208,302600,true,true
"heap","Sorted",10000,3,1013824,317500,true,true
"heap","Sorted",10000,4,1050496,329400,true,true
"heap","Sorted",10000,5,1109376,348800,true,true
"heap","Sorted",10000,6,1011648,316900,true,true
"heap","Sorted",10000,7,990656,310200,true,true
"heap","Sorted",10000,8,992352,310900,true,true
"heap","Sorted",10000,9,974912,305300,true,true
"heap","Sorted",10000,10,1007936,315700,true,true
"heap","Sorted",10000,11,974272,305200,true,true
"heap","Sorted",10000,12,1013024,317300,true,true
"heap","Sorted",10000,13,1157504,362700,true,true
"heap","Sorted",10000,14,963456,301800,true,true
"heap","Sorted",10000,15,1004960,314700,true,true
"heap","Sorted",10000,16,1008576,315800,true,true
"heap","Sorted",10000,17,1031744,323100,true,true
"heap","Sorted",10000,18,966336,302700,true,true
"heap","Sorted",10000,19,1012128,317000,true,true
"heap","Sorted",10000,20,999712,313000,true,true
"heap","Sorted",10000,21,963424,301700,true,true
"heap","Sorted",10000,22,995744,311900,true,true
"heap","Sorted",10000,23,967840,303100,true,true
"heap","Sorted",10000,24,963104,301700,true,true
"heap","Sorted",10000,25,1001280,313600,true,true
"heap","Sorted",10000,26,981824,307800,true,true
"heap","Sorted",10000,27,964352,302000,true,true
"heap","Sorted",10000,28,992192,310700,true,true
"heap","Sorted",10000,29,967136,302900,true,true
"heap","Sorted",10000,30,960096,300700,true,true
"heap","Sorted",10000,31,965728,302400,true,true
"heap","Sorted",10000,32,996736,312200,true,true
"heap","Sorted",10000,33,960352,300800,true,true
"heap","Sorted",10000,34,958240,300100,true,true
"heap","Sorted",10000,35,988480,309600,true,true
"heap","Sorted",10000,36,960512,300800,true,true
"heap","Sorted",10000,37,965376,302300,true,true
"heap","Sorted",10000,38,991360,310500,true,true
"heap","Sorted",10000,39,963360,301700,true,true
"heap","Sorted",10000,40,965248,302200,true,true
"heap","Sorted",10000,41,990720,310200,true,true
"heap","Sorted",10000,42,964256,302000,true,true
"heap","Sorted",10000,43,977760,306200,true,true
"heap","Sorted",10000,44,962272,301300,true,true
"heap","Sorted",10000,45,988096,309500,true,true
"heap","Sorted",10000,46,963584,301800,true,true
"heap","Sorted",10000,47,964320,302000,true,true
"heap","Sorted",10000,48,990016,310000,true,true
"heap","Sorted",10000,49,975712,305600,true,true
"heap","Sorted",10000,50,962176,301300,true,true
"heap","Sorted",10000,51,987488,309200,true,true
"heap","Sorted",10000,52,969504,303600,true,true
"heap","Sorted",10000,53,965792,302500,true,true
"heap","Sorted",10000,54,990304,310200,true,true
"heap","Sorted",10000,55,968256,303300,true,true
"heap","Sorted",10000,56,1068480,334700,true,true
"heap","Sorted",10000,57,1137632,356400,true,true
"heap","Sorted",10000,58,1070624,335800,true,true
"heap","Sorted",10000,59,1001792,314000,true,true
"heap","Sorted",10000,60,1063552,333100,true,true
"heap","Sorted",10000,61,981024,307300,true,true
"heap","Sorted",10000,62,990208,310300,true,true
"heap","Sorted",10000,63,1000320,313300,true,true
"heap","Sorted",10000,64,973888,305000,true,true
"heap","Sorted",10000,65,1076704,337400,true,true
"heap","Sorted",10000,66,1078720,337800,true,true
"heap","Sorted",10000,67,966528,302700,true,true
"heap","Sorted",10000,68,1002240,313900,true,true
"heap","Sorted",10000,69,1046592,327800,true,true
"heap","Sorted",10000,70,978816,306600,true,true
"heap","Sorted",10000,71,981728,307400,true,true
"heap","Sorted",10000,72,972256,304500,true,true
"heap","Sorted",10000,73,1009120,316000,true,true
"heap","Sorted",10000,74,971232,304100,true,true
"heap","Sorted",10000,75,968896,303400,true,true
"heap","Sorted",10000,76,994720,311500,true,true
"heap","Sorted",10000,77,972256,304600,true,true
"heap","Sorted",10000,78,974752,305200,true,true
"heap","Sorted",10000,79,1002752,314100,true,true
"heap","Sorted",10000,80,974432,305100,true,true
"heap","Sorted",10000,81,971264,304100,true,true
"heap","Sorted",10000,82,992448,310900,true,true
"heap","Sorted",10000,83,971520,304200,true,true
"heap","Sorted",10000,84,971552,304200,true,true
"heap","Sorted",10000,85,1003264,314200,true,true
"heap","Sorted",10000,86,968544,303400,true,true
"heap","Sorted",10000,87,978848,306500,true,true
"heap","Sorted",10000,88,961504,301100,true,true
"heap","Sorted",10000,89,994240,311400,true,true
"heap","Sorted",10000,90,962976,301500,true,true
"heap","Sorted",10000,91,960256,300800,true,true
"heap","Sorted",10000,92,1002912,314100,true,true
"heap","Sorted",10000,93,961632,301200,true,true
"heap","Sorted",10000,94,960096,300700,true,true
"heap","Sorted",10000,95,996160,312000,true,true
"heap","Sorted",10000,96,961952,301200,true,true
"heap","Sorted",10000,97,969280,303600,true,true
"heap","Sorted",10000,98,991328,310500,true,true
"heap","Sorted",10000,99,962592,301500,true,true
"std-sort","Sorted",10000,0,135392,42500,true,true
"std-sort","Sorted",10000,1,135488,42500,true,true
"std-sort","Sorted",10000,2,135136,42300,true,true
"std-sort","Sorted",10000,3,145632,45600,true,true
"std-sort","Sorted",10000,4,135456,42500,true,true
"std-sort","Sorted",10000,5,137344,43100,true,true
"std-sort","Sorted",10000,6,135680,42600,true,true
"std-sort","Sorted",10000,7,136896,42900,true,true
"std-sort","Sorted",10000,8,136928,42900,true,true
"std-sort","Sorted",10000,9,135680,42500,true,true
"std-sort","Sorted",10000,10,135584,42500,true,true
"std-sort","Sorted",10000,11,135872,42600,true,true
"std-sort","Sorted",10000,12,135872,42600,true,true
"std-sort","Sorted",10000,13,136928,42900,true,true
"std-sort","Sorted",10000,14,164256,51500,true,true
"std-sort","Sorted",10000,15,135872,42600,true,true
"std-sort","Sorted",10000,16,135648,42600,true,true
"std-sort","Sorted",10000,17,135552,42500,true,true
"std-sort","Sorted",10000,18,136384,42800,true,true
"std-sort","Sorted",10000,19,136576,42800,true,true
"std-sort","Sorted",10000,20,136480,42800,true,true
"std-sort","Sorted",10000,21,136480,42800,true,true
"std-sort","Sorted",10000,22,136384,42800,true,true
"std-sort","Sorted",10000,23,136736,42900,true,true
"std-sort","Sorted",10000,24,136448,42800,true,true
"std-sort","Sorted",10000,25,136416,42800,true,true
"std-sort","Sorted",10000,26,136224,42700,true,true
"std-sort","Sorted",10000,27,136384,42800,true,true
"std-sort","Sorted",10000,28,136448,42800,true,true
"std-sort","Sorted",10000,29,136352,42700,true,true
"std-sort","Sorted",10000,30,136352,42800,true,true
"std-sort","Sorted",10000,31,136480,42800,true,true
"std-sort","Sorted",10000,32,136448,42800,true,true
"std-sort","Sorted",10000,33,135456,42500,true,true
"std-sort","Sorted",10000,34,136288,42700,true,true
"std-sort","Sorted",10000,35,163392,51200,true,true
"std-sort","Sorted",10000,36,134848,42200,true,true
"std-sort","Sorted",10000,37,203456,63800,true,true
"std-sort","Sorted",10000,38,134400,42200,true,true
"std-sort","Sorted",10000,39,134752,42200,true,true
"std-sort","Sorted",10000,40,244864,76700,true,true
"std-sort","Sorted",10000,41,136928,43200,true,true
"std-sort","Sorted",10000,42,134368,42100,true,true
"std-sort","Sorted",10000,43,145920,45800,true,true
"std-sort","Sorted",10000,44,136000,42700,true,true
"std-sort","Sorted",10000,45,134336,42100,true,true
"std-sort","Sorted",10000,46,134336,42100,true,true
"std-sort","Sorted",10000,47,134400,42200,true,true
"std-sort","Sorted",10000,48,134368,42100,true,true
"std-sort","Sorted",10000,49,134432,42200,true,true
"std-sort","Sorted",10000,50,134240,42100,true,true
"std-sort","Sorted",10000,51,134528,42200,true,true
"std-sort","Sorted",10000,52,134336,42100,true,true
"std-sort","Sorted",10000,53,134496,42200,true,true
"std-sort","Sorted",10000,54,134176,42100,true,true
"std-sort","Sorted",10000,55,169792,53200,true,true
"std-sort","Sorted",10000,56,134688,42200,true,true
"std-sort","Sorted",10000,57,136224,42700,true,true
"std-sort","Sorted",10000,58,136256,42800,true,true
"std-sort","Sorted",10000,59,136320,42700,true,true
"std-sort","Sorted",10000,60,136256,42800,true,true
"std-sort","Sorted",10000,61,168256,52700,true,true
"std-sort","Sorted",10000,62,134656,42200,true,true
"std-sort","Sorted",10000,63,134432,42200,true,true
"std-sort","Sorted",10000,64,136352,42700,true,true
"std-sort","Sorted",10000,65,135168,42400,true,true
"std-sort","Sorted",10000,66,136128,42700,true,true
"std-sort","Sorted",10000,67,136096,42700,true,true
"std-sort","Sorted",10000,68,136288,42800,true,true
"std-sort","Sorted",10000,69,136384,42700,true,true
"std-sort","Sorted",10000,70,136096,42700,true,true
"std-sort","Sorted",10000,71,136192,42800,true,true
"std-sort","Sorted",10000,72,136320,42700,true,true
"std-sort","Sorted",10000,73,135360,42500,true,true
"std-sort","Sorted",10000,74,136096,42600,true,true
"std-sort","Sorted",10000,75,166112,52000,true,true
"std-sort","Sorted",10000,76,134272,42100,true,true
"std-sort","Sorted",10000,77,134432,42200,true,true
"std-sort","Sorted",10000,78,135712,42500,true,true
"std-sort","Sorted",10000,79,135744,42500,true,true
"std-sort","Sorted",10000,80,135936,42600,true,true
"std-sort","Sorted",10000,81,135808,42600,true,true
"std-sort","Sorted",10000,82,169248,53100,true,true
"std-sort","Sorted",10000,83,135872,42600,true,true
"std-sort","Sorted",10000,84,144768,45500,true,true
"std-sort","Sorted",10000,85,134432,42100,true,true
"std-sort","Sorted",10000,86,135872,42600,true,true
"std-sort","Sorted",10000,87,135968,42600,true,true
"std-sort","Sorted",10000,88,135936,42600,true,true
"std-sort","Sorted",10000,89,136064,42600,true,true
"std-sort","Sorted",10000,90,135904,42600,true,true
"std-sort","Sorted",10000,91,134272,42200,true,true
"std-sort","Sorted",10000,92,136000,42600,true,true
"std-sort","Sorted",10000,93,187360,58700,true,true
"std-sort","Sorted",10000,94,203264,63800,true,true
"std-sort","Sorted",10000,95,263584,82700,true,true
"std-sort","Sorted",10000,96,228672,71900,true,true
"std-sort","Sorted",10000,97,136416,42800,true,true
"std-sort","Sorted",10000,98,134240,42100,true,true
"std-sort","Sorted",10000,99,133728,41900,true,true
"std-stable-sort","Sorted",10000,0,112768,35600,true,true
"std-stable-sort","Sorted",10000,1,108928,34200,true,true
"std-stable-sort","Sorted",10000,2,121792,38200,true,true
"std-stable-sort","Sorted",10000,3,113056,35400,true,true
"std-stable-sort","Sorted",10000,4,136768,42900,true,true
"std-stable-sort","Sorted",10000,5,162752,51000,true,true
"std-stable-sort","Sorted",10000,6,172544,54100,true,true
"std-stable-sort","Sorted",10000,7,112832,35400,true,true
"std-stable-sort","Sorted",10000,8,112832,35400,true,true
"std-stable-sort","Sorted",10000,9,112896,35400,true,true
"std-stable-sort","Sorted",10000,10,112928,35400,true,true
"std-stable-sort","Sorted",10000,11,112704,35300,true,true
"std-stable-sort","Sorted",10000,12,112736,35400,true,true
"std-stable-sort","Sorted",10000,13,112704,35400,true,true
"std-stable-sort","Sorted",10000,14,112768,35400,true,true
"std-stable-sort","Sorted",10000,15,112704,35400,true,true
"std-stable-sort","Sorted",10000,16,112704,35400,true,true
"std-stable-sort","Sorted",10000,17,112864,35400,true,true
"std-stable-sort","Sorted",10000,18,112704,35400,true,true
"std-stable-sort","Sorted",10000,19,112800,35400,true,true
"std-stable-sort","Sorted",10000,20,153504,48100,true,true
"std-stable-sort","Sorted",10000,21,109248,34300,true,true
"std-stable-sort","Sorted",10000,22,112736,35400,true,true
"std-stable-sort","Sorted",10000,23,112800,35400,true,true
"std-stable-sort","Sorted",10000,24,112672,35300,true,true
"std-stable-sort","Sorted",10000,25,112864,35400,true,true
"std-stable-sort","Sorted",10000,26,112800,35400,true,true
"std-stable-sort","Sorted",10000,27,112576,35300,true,true
"std-stable-sort","Sorted",10000,28,112800,35400,true,true
"std-stable-sort","Sorted",10000,29,112672,35400,true,true
"std-stable-sort","Sorted",10000,30,113088,35500,true,true
"std-stable-sort","Sorted",10000,31,112704,35300,true,true
"std-stable-sort","Sorted",10000,32,112768,35300,true,true
"std-stable-sort","Sorted",10000,33,112832,35400,true,true
"std-stable-sort","Sorted",10000,34,112832,35400,true,true
"std-stable-sort","Sorted",10000,35,112832,35400,true,true
"std-stable-sort","Sorted",10000,36,112736,35400,true,true
"std-stable-sort","Sorted",10000,37,112672,35300,true,true
"std-stable-sort","Sorted",10000,38,112704,35400,true,true
"std-stable-sort","Sorted",10000,39,112768,35300,true,true
"std-stable-sort","Sorted",10000,40,112640,35300,true,true
"std-stable-sort","Sorted",10000,41,112704,35300,true,true
"std-stable-sort","Sorted",10000,42,112704,35400,true,true
"std-stable-sort","Sorted",10000,43,112768,35400,true,true
"std-stable-sort","Sorted",10000,44,112736,35300,true,true
"std-stable-sort","Sorted",10000,45,141184,44200,true,true
"std-stable-sort","Sorted",10000,46,112768,35400,true,true
"std-stable-sort","Sorted",10000,47,108832,34200,true,true
"std-stable-sort","Sorted",10000,48,112704,35300,true,true
"std-stable-sort","Sorted",10000,49,112864,35400,true,true
"std-stable-sort","Sorted",10000,50,118944,37300,true,true
"std-stable-sort","Sorted",10000,51,112928,35500,true,true
"std-stable-sort","Sorted",10000,52,109024,34200,true,true
"std-stable-sort","Sorted",10000,53,108896,34100,true,true
"std-stable-sort","Sorted",10000,54,108768,34100,true,true
"std-stable-sort","Sorted",10000,55,108960,34200,true,true
"std-stable-sort","Sorted",10000,56,108832,34100,true,true
"std-stable-sort","Sorted",10000,57,108864,34100,true,true
"std-stable-sort","Sorted",10000,58,108800,34100,true,true
"std-stable-sort","Sorted",10000,59,108960,34100,true,true
"std-stable-sort","Sorted",10000,60,109248,34300,true,true
"std-stable-sort","Sorted",10000,61,108960,34200,true,true
"std-stable-sort","Sorted",10000,62,108864,34100,true,true
"std-stable-sort","Sorted",10000,63,108864,34100,true,true
"std-stable-sort","Sorted",10000,64,108768,34100,true,true
"std-stable-sort","Sorted",10000,65,108864,34100,true,true
"std-stable-sort","Sorted",10000,66,108896,34100,true,true
"std-stable-sort","Sorted",10000,67,112672,35400,true,true
"std-stable-sort","Sorted",10000,68,112704,35300,true,true
"std-stable-sort","Sorted",10000,69,112800,35400,true,true
"std-stable-sort","Sorted",10000,70,139392,43700,true,true
"std-stable-sort","Sorted",10000,71,112736,35400,true,true
"std-stable-sort","Sorted",10000,72,112800,35400,true,true
"std-stable-sort","Sorted",10000,73,112640,35300,true,true
"std-stable-sort","Sorted",10000,74,112640,35300,true,true
"std-stable-sort","Sorted",10000,75,112640,35300,true,true
"std-stable-sort","Sorted",10000,76,112608,35300,true,true
"std-stable-sort","Sorted",10000,77,112896,35400,true,true
"std-stable-sort","Sorted",10000,78,112608,35300,true,true
"std-stable-sort","Sorted",10000,79,112640,35300,true,true
"std-stable-sort","Sorted",10000,80,112768,35400,true,true
"std-stable-sort","Sorted",10000,81,112832,35400,true,true
"std-stable-sort","Sorted",10000,82,112768,35300,true,true
"std-stable-sort","Sorted",10000,83,112736,35300,true,true
"std-stable-sort","Sorted",10000,84,112608,35300,true,true
"std-stable-sort","Sorted",10000,85,112832,35400,true,true
"std-stable-sort","Sorted",10000,86,112640,35300,true,true
"std-stable-sort","Sorted",10000,87,112736,35300,true,true
"std-stable-sort","Sorted",10000,88,112704,35400,true,true
"std-stable-sort","Sorted",10000,89,112672,35300,true,true
"std-stable-sort","Sorted",10000,90,112704,35400,true,true
"std-stable-sort","Sorted",10000,91,112736,35400,true,true
"std-stable-sort","Sorted",10000,92,112704,35300,true,true
"std-stable-sort","Sorted",10000,93,112800,35400,true,true
"std-stable-sort","Sorted",10000,94,112800,35400,true,true
"std-stable-sort","Sorted",10000,95,136480,42800,true,true
"std-stable-sort","Sorted",10000,96,108992,34200,true,true
"std-stable-sort","Sorted",10000,97,109120,34200,true,true
"std-stable-sort","Sorted",10000,98,112704,35400,true,true
"std-stable-sort","Sorted",10000,99,112768,35400,true,true
"bubble","Reverse",100,0,8832,2800,true,true
"bubble","Reverse",100,1,8800,2800,true,true
"bubble","Reverse",100,2,8832,2800,true,true
"bubble","Reverse",100,3,8800,2900,true,true
"bubble","Reverse",100,4,8864,2800,true,true
"bubble","Reverse",100,5,8832,2900,true,true
"bubble","Reverse",100,6,8896,2800,true,true
"bubble","Reverse",100,7,8768,2900,true,true
"bubble","Reverse",100,8,8800,2800,true,true
"bubble","Reverse",100,9,8800,2800,true,true
"bubble","Reverse",100,10,8864,2800,true,true
"bubble","Reverse",100,11,8928,2900,true,true
"bubble","Reverse",100,12,8832,2900,true,true
"bubble","Reverse",100,13,8896,2900,true,true
"bubble","Reverse",100,14,8864,2800,true,true
"bubble","Reverse",100,15,8864,2800,true,true
"bubble","Reverse",100,16,8864,2900,true,true
"bubble","Reverse",100,17,8832,2800,true,true
"bubble","Reverse",100,18,8832,2900,true,true
"bubble","Reverse",100,19,8800,2900,true,true
"bubble","Reverse",100,20,8864,2800,true,true
"bubble","Reverse",100,21,8928,2900,true,true
"bubble","Reverse",100,22,8896,2800,true,true
"bubble","Reverse",100,23,8800,2800,true,true
"bubble","Reverse",100,24,8864,2800,true,true
"bubble","Reverse",100,25,8800,2800,true,true
"bubble","Reverse",100,26,8864,2800,true,true
"bubble","Reverse",100,27,8800,2900,true,true
"bubble","Reverse",100,28,8832,2900,true,true
"bubble","Reverse",100,29,8864,2800,true,true
"bubble","Reverse",100,30,8832,2800,true,true
"bubble","Reverse",100,31,8800,2800,true,true
"bubble","Reverse",100,32,8864,2800,true,true
"bubble","Reverse",100,33,8864,2800,true,true
"bubble","Reverse",100,34,8768,2800,true,true
"bubble","Reverse",100,35,8864,2900,true,true
"bubble","Reverse",100,36,8864,2900,true,true
"bubble","Reverse",100,37,8960,2900,true,true
"bubble","Reverse",100,38,8832,2800,true,true
"bubble","Reverse",100,39,8864,2800,true,true
"bubble","Reverse",100,40,8928,2900,true,true
"bubble","Reverse",100,41,8960,2900,true,true
"bubble","Reverse",100,42,8864,2900,true,true
"bubble","Reverse",100,43,8896,2900,true,true
"bubble","Reverse",100,44,8896,2900,true,true
"bubble","Reverse",100,45,8960,2900,true,true
"bubble","Reverse",100,46,8832,2900,true,true
"bubble","Reverse",100,47,8896,2900,true,true
"bubble","Reverse",100,48,8896,2800,true,true
"bubble","Reverse",100,49,8960,3000,true,true
"bubble","Reverse",100,50,8864,2900,true,true
"bubble","Reverse",100,51,8896,2800,true,true
"bubble","Reverse",100,52,8928,2800,true,true
"bubble","Reverse",100,53,8960,2900,true,true
"bubble","Reverse",100,54,8864,2800,true,true
"bubble","Reverse",100,55,8896,2900,true,true
"bubble","Reverse",100,56,8928,2900,true,true
"bubble","Reverse",100,57,8960,2900,true,true
"bubble","Reverse",100,58,8832,2900,true,true
"bubble","Reverse",100,59,8864,2800,true,true
"bubble","Reverse",100,60,8928,2900,true,true
"bubble","Reverse",100,61,8960,2900,true,true
"bubble","Reverse",100,62,8864,2800,true,true
"bubble","Reverse",100,63,8896,2800,true,true
"bubble","Reverse",100,64,8928,2900,true,true
"bubble","Reverse",100,65,8928,2800,true,true
"bubble","Reverse",100,66,8928,2900,true,true
"bubble","Reverse",100,67,8864,2900,true,true
"bubble","Reverse",100,68,8832,2800,true,true
"bubble","Reverse",100,69,8800,2800,true,true
"bubble","Reverse",100,70,8896,2800,true,true
"bubble","Reverse",100,71,8960,2900,true,true
"bubble","Reverse",100,72,8896,2900,true,true
"bubble","Reverse",100,73,9024,2800,true,true
"bubble","Reverse",100,74,8896,2900,true,true
"bubble","Reverse",100,75,8928,2800,true,true
"bubble","Reverse",100,76,8896,2800,true,true
"bubble","Reverse",100,77,8928,2900,true,true
"bubble","Reverse",100,78,8896,2800,true,true
"bubble","Reverse",100,79,8992,2900,true,true
"bubble","Reverse",100,80,8896,2900,true,true
"bubble","Reverse",100,81,8928,2800,true,true
"bubble","Reverse",100,82,8896,2800,true,true
"bubble","Reverse",100,83,8992,2900,true,true
"bubble","Reverse",100,84,8928,2800,true,true
"bubble","Reverse",100,85,8960,2900,true,true
"bubble","Reverse",100,86,8896,2900,true,true
"bubble","Reverse",100,87,8992,2800,true,true
"bubble","Reverse",100,88,8896,2900,true,true
"bubble","Reverse",100,89,8928,2800,true,true
"bubble","Reverse",100,90,8928,2900,true,true
"bubble","Reverse",100,91,8992,2900,true,true
"bubble","Reverse",100,92,8864,2900,true,true
"bubble","Reverse",100,93,8928,2900,true,true
"bubble","Reverse",100,94,8896,2900,true,true
"bubble","Reverse",100,95,8928,2800,true,true
"bubble","Reverse",100,96,8864,2800,true,true
"bubble","Reverse",100,97,8928,2900,true,true
"bubble","Reverse",100,98,8896,2800,true,true
"bubble","Reverse",100,99,8896,2900,true,true
"insertion","Reverse",100,0,4800,1700,true,true
"insertion","Reverse",100,1,4800,1600,true,true
"insertion","Reverse",100,2,4800,1600,true,true
"insertion","Reverse",100,3,4800,1600,true,true
"insertion","Reverse",100,4,4800,1600,true,true
"insertion","Reverse",100,5,4800,1600,true,true
"insertion","Reverse",100,6,4800,1600,true,true
"insertion","Reverse",100,7,4800,1800,true,true
"insertion","Reverse",100,8,4800,1500,true,true
"insertion","Reverse",100,9,4832,1600,true,true
"insertion","Reverse",100,10,4768,1500,true,true
"insertion","Reverse",100,11,4800,1600,true,true
"insertion","Reverse",100,12,4800,1600,true,true
"insertion","Reverse",100,13,4800,1600,true,true
"insertion","Reverse",100,14,4800,1600,true,true
"insertion","Reverse",100,15,4800,1600,true,true
"insertion","Reverse",100,16,4800,1500,true,true
"insertion","Reverse",100,17,4832,1600,true,true
"insertion","Reverse",100,18,4800,1600,true,true
"insertion","Reverse",100,19,4800,1500,true,true
"insertion","Reverse",100,20,4800,1500,true,true
"insertion","Reverse",100,21,4800,1600,true,true
"insertion","Reverse",100,22,4800,1600,true,true
"insertion","Reverse",100,23,4800,1600,true,true
"insertion","Reverse",100,24,4832,1500,true,true
"insertion","Reverse",100,25,4800,1500,true,true
"insertion","Reverse",100,26,4800,1600,true,true
"insertion","Reverse",100,27,4800,1600,true,true
"insertion","Reverse",100,28,4800,1500,true,true
"insertion","Reverse",100,29,4800,1600,true,true
"insertion","Reverse",100,30,4800,1600,true,true
"insertion","Reverse",100,31,4768,1600,true,true
"insertion","Reverse",100,32,4800,1600,true,true
"insertion","Reverse",100,33,4800,1600,true,true
"insertion","Reverse",100,34,4800,1600,true,true
"insertion","Reverse",100,35,4800,1600,true,true
"insertion","Reverse",100,36,4832,1600,true,true
"insertion","Reverse",100,37,4800,1600,true,true
"insertion","Reverse",100,38,4800,1500,true,true
"insertion","Reverse",100,39,4832,1500,true,true
"insertion","Reverse",100,40,4800,1500,true,true
"insertion","Reverse",100,41,4800,1700,true,true
"insertion","Reverse",100,42,4800,1600,true,true
"insertion","Reverse",100,43,4800,1600,true,true
"insertion","Reverse",100,44,4768,1600,true,true
"insertion","Reverse",100,45,4832,1500,true,true
"insertion","Reverse",100,46,4832,1600,true,true
"insertion","Reverse",100,47,4800,1600,true,true
"insertion","Reverse",100,48,4800,1600,true,true
"insertion","Reverse",100,49,4800,1700,true,true
"insertion","Reverse",100,50,4768,1600,true,true
"insertion","Reverse",100,51,4800,1600,true,true
"insertion","Reverse",100,52,4800,1700,true,true
"insertion","Reverse",100,53,4800,1600,true,true
"insertion","Reverse",100,54,4832,1600,true,true
"insertion","Reverse",100,55,4800,1600,true,true
"insertion","Reverse",100,56,4832,1600,true,true
"insertion","Reverse",100,57,4800,1700,true,true
"insertion","Reverse",100,58,4800,1600,true,true
"insertion","Reverse",100,59,4832,1600,true,true
"insertion","Reverse",100,60,4800,1500,true,true
"insertion","Reverse",100,61,4800,1500,true,true
"insertion","Reverse",100,62,4800,1600,true,true
"insertion","Reverse",100,63,4800,1600,true,true
"insertion","Reverse",100,64,4800,1600,true,true
"insertion","Reverse",100,65,4800,1600,true,true
"insertion","Reverse",100,66,4800,1600,true,true
"insertion","Reverse",100,67,4800,1500,true,true
"insertion","Reverse",100,68,4800,1500,true,true
"insertion","Reverse",100,69,4768,1500,true,true
"insertion","Reverse",100,70,4800,1600,true,true
"insertion","Reverse",100,71,4800,1600,true,true
"insertion","Reverse",100,72,4800,1600,true,true
"insertion","Reverse",100,73,4800,1600,true,true
"insertion","Reverse",100,74,4800,1600,true,true
"insertion","Reverse",100,75,4800,1500,true,true
"insertion","Reverse",100,76,4800,1500,true,true
"insertion","Reverse",100,77,4800,1500,true,true
"insertion","Reverse",100,78,4832,1600,true,true
"insertion","Reverse",100,79,4800,1600,true,true
"insertion","Reverse",100,80,4800,1600,true,true
"insertion","Reverse",100,81,4800,1600,true,true
"insertion","Reverse",100,82,4800,1500,true,true
"insertion","Reverse",100,83,4800,1500,true,true
"insertion","Reverse",100,84,4800,1500,true,true
"insertion","Reverse",100,85,4800,1500,true,true
"insertion","Reverse",100,86,4800,1600,true,true
"insertion","Reverse",100,87,4800,1600,true,true
"insertion","Reverse",100,88,4800,1600,true,true
"insertion","Reverse",100,89,4832,1600,true,true
"insertion","Reverse",100,90,4800,1500,true,true
"insertion","Reverse",100,91,4800,1500,true,true
"insertion","Reverse",100,92,4800,1600,true,true
"insertion","Reverse",100,93,4992,1600,true,true
"insertion","Reverse",100,94,4832,1500,true,true
"insertion","Reverse",100,95,4832,1600,true,true
"insertion","Reverse",100,96,4800,1600,true,true
"insertion","Reverse",100,97,4832,1600,true,true
"insertion","Reverse",100,98,4800,1600,true,true
"insertion","Reverse",100,99,4800,1600,true,true
"selection","Reverse",100,0,6112,1900,true,true
"selection","Reverse",100,1,6112,2000,true,true
"selection","Reverse",100,2,6144,2000,true,true
"selection","Reverse",100,3,6112,1900,true,true
"selection","Reverse",100,4,6144,1900,true,true
"selection","Reverse",100,5,6112,2100,true,true
"selection","Reverse",100,6,6112,2000,true,true
"selection","Reverse",100,7,6112,2000,true,true
"selection","Reverse",100,8,6112,2000,true,true
"selection","Reverse",100,9,6176,2000,true,true
"selection","Reverse",100,10,6112,2000,true,true
"selection","Reverse",100,11,6112,2100,true,true
"selection","Reverse",100,12,6112,2100,true,true
"selection","Reverse",100,13,6144,2100,true,true
"selection","Reverse",100,14,6112,2000,true,true
"selection","Reverse",100,15,6112,2000,true,true
"selection","Reverse",100,16,6112,2100,true,true
"selection","Reverse",100,17,6176,2000,true,true
"selection","Reverse",100,18,6112,2100,true,true
"selection","Reverse",100,19,6112,2100,true,true
"selection","Reverse",100,20,6112,2000,true,true
"selection","Reverse",100,21,6112,2000,true,true
"selection","Reverse",100,22,6112,2000,true,true
"selection","Reverse",100,23,6112,2000,true,true
"selection","Reverse",100,24,6112,2000,true,true
"selection","Reverse",100,25,6112,2000,true,true
"selection","Reverse",100,26,6144,2000,true,true
"selection","Reverse",100,27,6112,2000,true,true
"selection","Reverse",100,28,6112,2000,true,true
"selection","Reverse",100,29,6112,2000,true,true
"selection","Reverse",100,30,6144,2000,true,true
"selection","Reverse",100,31,6112,2000,true,true
"selection","Reverse",100,32,6112,2000,true,true
"selection","Reverse",100,33,6144,2000,true,true
"selection","Reverse",100,34,6112,2000,true,true
"selection","Reverse",100,35,6112,2000,true,true
"selection","Reverse",100,36,6112,2000,true,true
"selection","Reverse",100,37,6112,2000,true,true
"selection","Reverse",100,38,6112,2000,true,true
"selection","Reverse",100,39,6112,1900,true,true
"selection","Reverse",100,40,6112,1900,true,true
"selection","Reverse",100,41,6112,1900,true,true
"selection","Reverse",100,42,6144,1900,true,true
"selection","Reverse",100,43,6112,2000,true,true
"selection","Reverse",100,44,6144,2100,true,true
"selection","Reverse",100,45,6112,2100,true,true
"selection","Reverse",100,46,6112,2100,true,true
"selection","Reverse",100,47,6144,2000,true,true
"selection","Reverse",100,48,6112,2000,true,true
"selection","Reverse",100,49,6112,2000,true,true
"selection","Reverse",100,50,6112,2100,true,true
"selection","Reverse",100,51,6112,2100,true,true
"selection","Reverse",100,52,6144,2000,true,true
"selection","Reverse",100,53,6112,2000,true,true
"selection","Reverse",100,54,6112,2000,true,true
"selection","Reverse",100,55,6144,2000,true,true
"selection","Reverse",100,56,6112,2000,true,true
"selection","Reverse",100,57,6112,2000,true,true
"selection","Reverse",100,58,6112,2100,true,true
"selection","Reverse",100,59,6112,2000,true,true
"selection","Reverse",100,60,6112,2000,true,true
"selection","Reverse",100,61,6112,2100,true,true
"selection","Reverse",100,62,6112,2000,true,true
"selection","Reverse",100,63,6112,2000,true,true
"selection","Reverse",100,64,6112,2000,true,true
"selection","Reverse",100,65,6144,1900,true,true
"selection","Reverse",100,66,6144,2000,true,true
"selection","Reverse",100,67,6112,2000,true,true
"selection","Reverse",100,68,6112,2000,true,true
"selection","Reverse",100,69,6112,1900,true,true
"selection","Reverse",100,70,6112,1900,true,true
"selection","Reverse",100,71,6112,1900,true,true
"selection","Reverse",100,72,6144,1900,true,true
"selection","Reverse",100,73,6080,1900,true,true
"selection","Reverse",100,74,6112,1900,true,true
"selection","Reverse",100,75,6112,2000,true,true
"selection","Reverse",100,76,6112,2000,true,true
"selection","Reverse",100,77,6112,2000,true,true
"selection","Reverse",100,78,6112,2000,true,true
"selection","Reverse",100,79,6112,2000,true,true
"selection","Reverse",100,80,6112,2000,true,true
"selection","Reverse",100,81,6112,2000,true,true
"selection","Reverse",100,82,6112,2000,true,true
"selection","Reverse",100,83,6112,1900,true,true
"selection","Reverse",100,84,6112,1900,true,true
"selection","Reverse",100,85,6144,1900,true,true
"selection","Reverse",100,86,6112,1900,true,true
"selection","Reverse",100,87,6144,1900,true,true
"selection","Reverse",100,88,6112,1900,true,true
"selection","Reverse",100,89,6112,2000,true,true
"selection","Reverse",100,90,6080,2000,true,true
"selection","Reverse",100,91,6112,2000,true,true
"selection","Reverse",100,92,6112,2000,true,true
"selection","Reverse",100,93,6112,2000,true,true
"selection","Reverse",100,94,6144,2000,true,true
"selection","Reverse",100,95,6112,2000,true,true
"selection","Reverse",100,96,6112,2100,true,true
"selection","Reverse",100,97,6112,2100,true,true
"selection","Reverse",100,98,6112,2000,true,true
"selection","Reverse",100,99,6112,2000,true,true
"merge","Reverse",100,0,2400,800,true,true
"merge","Reverse",100,1,2432,800,true,true
"merge","Reverse",100,2,2464,900,true,true
"merge","Reverse",100,3,2496,800,true,true
"merge","Reverse",100,4,2464,900,true,true
"merge","Reverse",100,5,2432,800,true,true
"merge","Reverse",100,6,2464,900,true,true
"merge","Reverse",100,7,2432,900,true,true
"merge","Reverse",100,8,2432,800,true,true
"merge","Reverse",100,9,2432,800,true,true
"merge","Reverse",100,10,2656,900,true,true
"merge","Reverse",100,11,2464,800,true,true
"merge","Reverse",100,12,2464,800,true,true
"merge","Reverse",100,13,2432,800,true,true
"merge","Reverse",100,14,2496,800,true,true
"merge","Reverse",100,15,2464,800,true,true
"merge","Reverse",100,16,2432,900,true,true
"merge","Reverse",100,17,2464,900,true,true
"merge","Reverse",100,18,2496,800,true,true
"merge","Reverse",100,19,2464,800,true,true
"merge","Reverse",100,20,2400,800,true,true
"merge","Reverse",100,21,2464,900,true,true
"merge","Reverse",100,22,2400,900,true,true
"merge","Reverse",100,23,2432,800,true,true
"merge","Reverse",100,24,2400,900,true,true
"merge","Reverse",100,25,2496,800,true,true
"merge","Reverse",100,26,2432,800,true,true
"merge","Reverse",100,27,2496,800,true,true
"merge","Reverse",100,28,2432,800,true,true
"merge","Reverse",100,29,2432,800,true,true
"merge","Reverse",100,30,2464,800,true,true
"merge","Reverse",100,31,2496,900,true,true
"merge","Reverse",100,32,2400,800,true,true
"merge","Reverse",100,33,2464,800,true,true
"merge","Reverse",100,34,2432,800,true,true
"merge","Reverse",100,35,2464,800,true,true
"merge","Reverse",100,36,2624,900,true,true
"merge","Reverse",100,37,2432,800,true,true
"merge","Reverse",100,38,2464,900,true,true
"merge","Reverse",100,39,2592,900,true,true
"merge","Reverse",100,40,2496,800,true,true
"merge","Reverse",100,41,2432,800,true,true
"merge","Reverse",100,42,2432,800,true,true
"merge","Reverse",100,43,2592,800,true,true
"merge","Reverse",100,44,2432,800,true,true
"merge","Reverse",100,45,2432,900,true,true
"merge","Reverse",100,46,2464,900,true,true
"merge","Reverse",100,47,2592,1000,true,true
"merge","Reverse",100,48,2432,900,true,true
"merge","Reverse",100,49,2432,900,true,true
"merge","Reverse",100,50,2432,900,true,true
"merge","Reverse",100,51,2592,900,true,true
"merge","Reverse",100,52,2400,800,true,true
"merge","Reverse",100,53,2432,900,true,true
"merge","Reverse",100,54,2432,900,true,true
"merge","Reverse",100,55,2432,800,true,true
"merge","Reverse",100,56,2432,900,true,true
"merge","Reverse",100,57,2592,1000,true,true
"merge","Reverse",100,58,2464,800,true,true
"merge","Reverse",100,59,2592,900,true,true
"merge","Reverse",100,60,2464,900,true,true
"merge","Reverse",100,61,2432,900,true,true
"merge","Reverse",100,62,2464,900,true,true
"merge","Reverse",100,63,2400,900,true,true
"merge","Reverse",100,64,2400,900,true,true
"merge","Reverse",100,65,2560,800,true,true
"merge","Reverse",100,66,2400,800,true,true
"merge","Reverse",100,67,2432,800,true,true
"merge","Reverse",100,68,2496,800,true,true
"merge","Reverse",100,69,2400,900,true,true
"merge","Reverse",100,70,2432,900,true,true
"merge","Reverse",100,71,2464,900,true,true
"merge","Reverse",100,72,2624,900,true,true
"merge","Reverse",100,73,2528,800,true,true
"merge","Reverse",100,74,2432,800,true,true
"merge","Reverse",100,75,2528,900,true,true
"merge","Reverse",100,76,2624,900,true,true
"merge","Reverse",100,77,2464,900,true,true
"merge","Reverse",100,78,2624,900,true,true
"merge","Reverse",100,79,2432,800,true,true
"merge","Reverse",100,80,2496,800,true,true
"merge","Reverse",100,81,2496,900,true,true
"merge","Reverse",100,82,2432,800,true,true
"merge","Reverse",100,83,2432,900,true,true
"merge","Reverse",100,84,2624,900,true,true
"merge","Reverse",100,85,2432,800,true,true
"merge","Reverse",100,86,2624,800,true,true
"merge","Reverse",100,87,2560,800,true,true
"merge","Reverse",100,88,2528,800,true,true
"merge","Reverse",100,89,2528,900,true,true
"merge","Reverse",100,90,2432,800,true,true
"merge","Reverse",100,91,2624,800,true,true
"merge","Reverse",100,92,2432,800,true,true
"merge","Reverse",100,93,2496,900,true,true
"merge","Reverse",100,94,2528,900,true,true
"merge","Reverse",100,95,2464,800,true,true
"merge","Reverse",100,96,2464,900,true,true
"merge","Reverse",100,97,2528,800,true,true
"merge","Reverse",100,98,2464,800,true,true
"merge","Reverse",100,99,2432,900,true,true
"quicksort","Reverse",100,0,960,300,true,true
"quicksort","Reverse",100,1,1024,300,true,true
"quicksort","Reverse",100,2,992,400,true,true
"quicksort","Reverse",100,3,960,400,true,true
"quicksort","Reverse",100,4,960,400,true,true
"quicksort","Reverse",100,5,992,400,true,true
"quicksort","Reverse",100,6,960,400,true,true
"quicksort","Reverse",100,7,960,400,true,true
"quicksort","Reverse",100,8,960,400,true,true
"quicksort","Reverse",100,9,1024,400,true,true
"quicksort","Reverse",100,10,992,300,true,true
"quicksort","Reverse",100,11,960,300,true,true
"quicksort","Reverse",100,12,992,300,true,true
"quicksort","Reverse",100,13,960,400,true,true
"quicksort","Reverse",100,14,960,400,true,true
"quicksort","Reverse",100,15,992,500,true,true
"quicksort","Reverse",100,16,960,400,true,true
"quicksort","Reverse",100,17,1088,500,true,true
"quicksort","Reverse",100,18,960,400,true,true
"quicksort","Reverse",100,19,960,400,true,true
"quicksort","Reverse",100,20,992,400,true,true
"quicksort","Reverse",100,21,992,400,true,true
"quicksort","Reverse",100,22,992,400,true,true
"quicksort","Reverse",100,23,992,400,true,true
"quicksort","Reverse",100,24,960,500,true,true
"quicksort","Reverse",100,25,992,400,true,true
"quicksort","Reverse",100,26,960,400,true,true
"quicksort","Reverse",100,27,960,300,true,true
"quicksort","Reverse",100,28,992,300,true,true
"quicksort","Reverse",100,29,960,300,true,true
"quicksort","Reverse",100,30,960,400,true,true
"quicksort","Reverse",100,31,992,400,true,true
"quicksort","Reverse",100,32,960,400,true,true
"quicksort","Reverse",100,33,1088,400,true,true
"quicksort","Reverse",100,34,992,400,true,true
"quicksort","Reverse",100,35,960,400,true,true
"quicksort","Reverse",100,36,992,400,true,true
"quicksort","Reverse",100,37,960,400,true,true
"quicksort","Reverse",100,38,960,300,true,true
"quicksort","Reverse",100,39,992,300,true,true
"quicksort","Reverse",100,40,960,300,true,true
"quicksort","Reverse",100,41,992,400,true,true
"quicksort","Reverse",100,42,992,400,true,true
"quicksort","Reverse",100,43,960,400,true,true
"quicksort","Reverse",100,44,992,400,true,true
"quicksort","Reverse",100,45,960,400,true,true
"quicksort","Reverse",100,46,960,300,true,true
"quicksort","Reverse",100,47,992,300,true,true
"quicksort","Reverse",100,48,1184,400,true,true
"quicksort","Reverse",100,49,1024,400,true,true
"quicksort","Reverse",100,50,960,400,true,true
"quicksort","Reverse",100,51,960,600,true,true
"quicksort","Reverse",100,52,960,600,true,true
"quicksort","Reverse",100,53,960,400,true,true
"quicksort","Reverse",100,54,992,400,true,true
"quicksort","Reverse",100,55,992,400,true,true
"quicksort","Reverse",100,56,960,500,true,true
"quicksort","Reverse",100,57,960,600,true,true
"quicksort","Reverse",100,58,992,400,true,true
"quicksort","Reverse",100,59,960,500,true,true
"quicksort","Reverse",100,60,960,400,true,true
"quicksort","Reverse",100,61,960,500,true,true
"quicksort","Reverse",100,62,960,500,true,true
"quicksort","Reverse",100,63,960,400,true,true
"quicksort","Reverse",100,64,960,600,true,true
"quicksort","Reverse",100,65,1184,500,true,true
"quicksort","Reverse",100,66,992,400,true,true
"quicksort","Reverse",100,67,992,400,true,true
"quicksort","Reverse",100,68,992,400,true,true
"quicksort","Reverse",100,69,1024,400,true,true
"quicksort","Reverse",100,70,992,400,true,true
"quicksort","Reverse",100,71,992,500,true,true
"quicksort","Reverse",100,72,992,500,true,true
"quicksort","Reverse",100,73,1024,600,true,true
"quicksort","Reverse",100,74,992,400,true,true
"quicksort","Reverse",100,75,1024,400,true,true
"quicksort","Reverse",100,76,992,400,true,true
"quicksort","Reverse",100,77,1024,400,true,true
"quicksort","Reverse",100,78,992,400,true,true
"quicksort","Reverse",100,79,1024,400,true,true
"quicksort","Reverse",100,80,992,400,true,true
"quicksort","Reverse",100,81,1024,400,true,true
"quicksort","Reverse",100,82,992,400,true,true
"quicksort","Reverse",100,83,1024,400,true,true
"quicksort","Reverse",100,84,992,400,true,true
"quicksort","Reverse",100,85,992,400,true,true
"quicksort","Reverse",100,86,992,300,true,true
"quicksort","Reverse",100,87,992,400,true,true
"quicksort","Reverse",100,88,992,300,true,true
"quicksort","Reverse",100,89,1024,300,true,true
"quicksort","Reverse",100,90,992,300,true,true
"quicksort","Reverse",100,91,992,300,true,true
"quicksort","Reverse",100,92,992,300,true,true
"quicksort","Reverse",100,93,992,300,true,true
"quicksort","Reverse",100,94,992,300,true,true
"quicksort","Reverse",100,95,992,400,true,true
"quicksort","Reverse",100,96,1024,400,true,true
"quicksort","Reverse",100,97,992,400,true,true
"quicksort","Reverse",100,98,1024,400,true,true
"quicksort","Reverse",100,99,1088,400,true,true
"heap","Reverse",100,0,2208,800,true,true
"heap","Reverse",100,1,2208,800,true,true
"heap","Reverse",100,2,2240,700,true,true
"heap","Reverse",100,3,2272,1000,true,true
"heap","Reverse",100,4,2208,800,true,true
"heap","Reverse",100,5,2240,800,true,true
"heap","Reverse",100,6,2080,700,true,true
"heap","Reverse",100,7,2176,1000,true,true
"heap","Reverse",100,8,2144,900,true,true
"heap","Reverse",100,9,2240,700,true,true
"heap","Reverse",100,10,2208,900,true,true
"heap","Reverse",100,11,2208,800,true,true
"heap","Reverse",100,12,2240,900,true,true
"heap","Reverse",100,13,2176,900,true,true
"heap","Reverse",100,14,2144,900,true,true
"heap","Reverse",100,15,2240,800,true,true
"heap","Reverse",100,16,2144,1000,true,true
"heap","Reverse",100,17,2272,900,true,true
"heap","Reverse",100,18,2208,1000,true,true
"heap","Reverse",100,19,2208,800,true,true
"heap","Reverse",100,20,2176,900,true,true
"heap","Reverse",100,21,2240,800,true,true
"heap","Reverse",100,22,2240,800,true,true
"heap","Reverse",100,23,2144,700,true,true
"heap","Reverse",100,24,2208,700,true,true
"heap","Reverse",100,25,2272,800,true,true
"heap","Reverse",100,26,2176,800,true,true
"heap","Reverse",100,27,2176,700,true,true
"heap","Reverse",100,28,2176,700,true,true
"heap","Reverse",100,29,2240,800,true,true
"heap","Reverse",100,30,2272,800,true,true
"heap","Reverse",100,31,2240,800,true,true
"heap","Reverse",100,32,2272,800,true,true
"heap","Reverse",100,33,2336,800,true,true
"heap","Reverse",100,34,2208,800,true,true
"heap","Reverse",100,35,2208,800,true,true
"heap","Reverse",100,36,2208,800,true,true
"heap","Reverse",100,37,2176,700,true,true
"heap","Reverse",100,38,2240,700,true,true
"heap","Reverse",100,39,2144,800,true,true
"heap","Reverse",100,40,2176,700,true,true
"heap","Reverse",100,41,2208,800,true,true
"heap","Reverse",100,42,2176,800,true,true
"heap","Reverse",100,43,2208,700,true,true
"heap","Reverse",100,44,2304,700,true,true
"heap","Reverse",100,45,2208,700,true,true
"heap","Reverse",100,46,2208,800,true,true
"heap","Reverse",100,47,2208,800,true,true
"heap","Reverse",100,48,2144,700,true,true
"heap","Reverse",100,49,2208,800,true,true
"heap","Reverse",100,50,2240,800,true,true
"heap","Reverse",100,51,2240,800,true,true
"heap","Reverse",100,52,2240,800,true,true
"heap","Reverse",100,53,2208,900,true,true
"heap","Reverse",100,54,2208,700,true,true
"heap","Reverse",100,55,2240,800,true,true
"heap","Reverse",100,56,2240,900,true,true
"heap","Reverse",100,57,2240,900,true,true
"heap","Reverse",100,58,2208,900,true,true
"heap","Reverse",100,59,2240,900,true,true
"heap","Reverse",100,60,2240,800,true,true
"heap","Reverse",100,61,2272,800,true,true
"heap","Reverse",100,62,2208,700,true,true
"heap","Reverse",100,63,2208,900,true,true
"heap","Reverse",100,64,2208,700,true,true
"heap","Reverse",100,65,2272,900,true,true
"heap","Reverse",100,66,2272,800,true,true
"heap","Reverse",100,67,2240,700,true,true
"heap","Reverse",100,68,2240,700,true,true
"heap","Reverse",100,69,2240,800,true,true
"heap","Reverse",100,70,2208,800,true,true
"heap","Reverse",100,71,2272,900,true,true
"heap","Reverse",100,72,2144,700,true,true
"heap","Reverse",100,73,2208,700,true,true
"heap","Reverse",100,74,2240,800,true,true
"heap","Reverse",100,75,2208,800,true,true
"heap","Reverse",100,76,2272,700,true,true
"heap","Reverse",100,77,2240,700,true,true
"heap","Reverse",100,78,2208,800,true,true
"heap","Reverse",100,79,2272,800,true,true
"heap","Reverse",100,80,2240,800,true,true
"heap","Reverse",100,81,2272,800,true,true
"heap","Reverse",100,82,2176,700,true,true
"heap","Reverse",100,83,2176,700,true,true
"heap","Reverse",100,84,2176,700,true,true
"heap","Reverse",100,85,2240,700,true,true
"heap","Reverse",100,86,2176,700,true,true
"heap","Reverse",100,87,2240,800,true,true
"heap","Reverse",100,88,2240,800,true,true
"heap","Reverse",100,89,2176,700,true,true
"heap","Reverse",100,90,2208,700,true,true
"heap","Reverse",100,91,2144,800,true,true
"heap","Reverse",100,92,2240,700,true,true
"heap","Reverse",100,93,2176,700,true,true
"heap","Reverse",100,94,2176,800,true,true
"heap","Reverse",100,95,2176,700,true,true
"heap","Reverse",100,96,2208,800,true,true
"heap","Reverse",100,97,2272,800,true,true
"heap","Reverse",100,98,2272,800,true,true
"heap","Reverse",100,99,2240,800,true,true
"std-sort","Reverse",100,0,512,200,true,true
"std-sort","Reverse",100,1,704,200,true,true
"std-sort","Reverse",100,2,544,300,true,true
"std-sort","Reverse",100,3,544,200,true,true
"std-sort","Reverse",100,4,544,300,true,true
"std-sort","Reverse",100,5,512,300,true,true
"std-sort","Reverse",100,6,512,200,true,true
"std-sort","Reverse",100,7,512,200,true,true
"std-sort","Reverse",100,8,544,300,true,true
"std-sort","Reverse",100,9,544,200,true,true
"std-sort","Reverse",100,10,512,200,true,true
"std-sort","Reverse",100,11,512,200,true,true
"std-sort","Reverse",100,12,544,300,true,true
"std-sort","Reverse",100,13,512,200,true,true
"std-sort","Reverse",100,14,480,300,true,true
"std-sort","Reverse",100,15,512,300,true,true
"std-sort","Reverse",100,16,512,300,true,true
"std-sort","Reverse",100,17,608,300,true,true
"std-sort","Reverse",100,18,544,300,true,true
"std-sort","Reverse",100,19,512,300,true,true
"std-sort","Reverse",100,20,512,300,true,true
"std-sort","Reverse",100,21,544,300,true,true
"std-sort","Reverse",100,22,512,200,true,true
"std-sort","Reverse",100,23,512,300,true,true
"std-sort","Reverse",100,24,544,300,true,true
"std-sort","Reverse",100,25,512,300,true,true
"std-sort","Reverse",100,26,544,200,true,true
"std-sort","Reverse",100,27,512,200,true,true
"std-sort","Reverse",100,28,512,200,true,true
"std-sort","Reverse",100,29,544,300,true,true
"std-sort","Reverse",100,30,544,200,true,true
"std-sort","Reverse",100,31,512,300,true,true
"std-sort","Reverse",100,32,512,200,true,true
"std-sort","Reverse",100,33,576,200,true,true
"std-sort","Reverse",100,34,512,300,true,true
"std-sort","Reverse",100,35,512,200,true,true
"std-sort","Reverse",100,36,544,300,true,true
"std-sort","Reverse",100,37,512,200,true,true
"std-sort","Reverse",100,38,544,300,true,true
"std-sort","Reverse",100,39,512,200,true,true
"std-sort","Reverse",100,40,544,300,true,true
"std-sort","Reverse",100,41,512,200,true,true
"std-sort","Reverse",100,42,544,200,true,true
"std-sort","Reverse",100,43,544,200,true,true
"std-sort","Reverse",100,44,512,200,true,true
"std-sort","Reverse",100,45,512,200,true,true
"std-sort","Reverse",100,46,544,200,true,true
"std-sort","Reverse",100,47,544,200,true,true
"std-sort","Reverse",100,48,544,200,true,true
"std-sort","Reverse",100,49,512,200,true,true
"std-sort","Reverse",100,50,544,200,true,true
"std-sort","Reverse",100,51,512,200,true,true
"std-sort","Reverse",100,52,544,200,true,true
"std-sort","Reverse",100,53,608,200,true,true
"std-sort","Reverse",100,54,480,300,true,true
"std-sort","Reverse",100,55,512,200,true,true
"std-sort","Reverse",100,56,480,200,true,true
"std-sort","Reverse",100,57,512,300,true,true
"std-sort","Reverse",100,58,512,300,true,true
"std-sort","Reverse",100,59,512,200,true,true
"std-sort","Reverse",100,60,512,200,true,true
"std-sort","Reverse",100,61,512,300,true,true
"std-sort","Reverse",100,62,512,200,true,true
"std-sort","Reverse",100,63,512,200,true,true
"std-sort","Reverse",100,64,512,300,true,true
"std-sort","Reverse",100,65,640,300,true,true
"std-sort","Reverse",100,66,544,200,true,true
"std-sort","Reverse",100,67,576,200,true,true
"std-sort","Reverse",100,68,512,300,true,true
"std-sort","Reverse",100,69,512,300,true,true
"std-sort","Reverse",100,70,512,200,true,true
"std-sort","Reverse",100,71,544,200,true,true
"std-sort","Reverse",100,72,512,200,true,true
"std-sort","Reverse",100,73,544,300,true,true
"std-sort","Reverse",100,74,512,200,true,true
"std-sort","Reverse",100,75,512,200,true,true
"std-sort","Reverse",100,76,544,200,true,true
"std-sort","Reverse",100,77,512,200,true,true
"std-sort","Reverse",100,78,512,200,true,true
"std-sort","Reverse",100,79,512,200,true,true
"std-sort","Reverse",100,80,512,200,true,true
"std-sort","Reverse",100,81,512,200,true,true
"std-sort","Reverse",100,82,512,200,true,true
"std-sort","Reverse",100,83,512,300,true,true
"std-sort","Reverse",100,84,512,200,true,true
"std-sort","Reverse",100,85,544,300,true,true
"std-sort","Reverse",100,86,512,200,true,true
"std-sort","Reverse",100,87,512,200,true,true
"std-sort","Reverse",100,88,544,200,true,true
"std-sort","Reverse",100,89,512,200,true,true
"std-sort","Reverse",100,90,512,200,true,true
"std-sort","Reverse",100,91,544,200,true,true
"std-sort","Reverse",100,92,512,200,true,true
"std-sort","Reverse",100,93,512,200,true,true
"std-sort","Reverse",100,94,512,200,true,true
"std-sort","Reverse",100,95,512,200,true,true
"std-sort","Reverse",100,96,544,200,true,true
"std-sort","Reverse",100,97,544,200,true,true
"std-sort","Reverse",100,98,544,200,true,true
"std-sort","Reverse",100,99,512,200,true,true
"std-stable-sort","Reverse",100,0,1792,600,true,true
"std-stable-sort","Reverse",100,1,1824,600,true,true
"std-stable-sort","Reverse",100,2,1856,600,true,true
"std-stable-sort","Reverse",100,3,1792,600,true,true
"std-stable-sort","Reverse",100,4,1856,600,true,true
"std-stable-sort","Reverse",100,5,1792,600,true,true
"std-stable-sort","Reverse",100,6,1792,700,true,true
"std-stable-sort","Reverse",100,7,1824,700,true,true
"std-stable-sort","Reverse",100,8,1856,700,true,true
"std-stable-sort","Reverse",100,9,1952,700,true,true
"std-stable-sort","Reverse",100,10,1824,600,true,true
"std-stable-sort","Reverse",100,11,1856,700,true,true
"std-stable-sort","Reverse",100,12,1856,700,true,true
"std-stable-sort","Reverse",100,13,1824,600,true,true
"std-stable-sort","Reverse",100,14,1824,600,true,true
"std-stable-sort","Reverse",100,15,1856,800,true,true
"std-stable-sort","Reverse",100,16,1824,700,true,true
"std-stable-sort","Reverse",100,17,1888,700,true,true
"std-stable-sort","Reverse",100,18,1760,600,true,true
"std-stable-sort","Reverse",100,19,1792,600,true,true
"std-stable-sort","Reverse",100,20,1760,700,true,true
"std-stable-sort","Reverse",100,21,1760,700,true,true
"std-stable-sort","Reverse",100,22,1792,600,true,true
"std-stable-sort","Reverse",100,23,1760,600,true,true
"std-stable-sort","Reverse",100,24,1792,600,true,true
"std-stable-sort","Reverse",100,25,1760,700,true,true
"std-stable-sort","Reverse",100,26,1760,600,true,true
"std-stable-sort","Reverse",100,27,1792,600,true,true
"std-stable-sort","Reverse",100,28,1760,600,true,true
"std-stable-sort","Reverse",100,29,1760,600,true,true
"std-stable-sort","Reverse",100,30,1792,600,true,true
"std-stable-sort","Reverse",100,31,1760,600,true,true
"std-stable-sort","Reverse",100,32,1760,600,true,true
"std-stable-sort","Reverse",100,33,1920,700,true,true
"std-stable-sort","Reverse",100,34,1920,700,true,true
"std-stable-sort","Reverse",100,35,1856,700,true,true
"std-stable-sort","Reverse",100,36,1856,700,true,true
"std-stable-sort","Reverse",100,37,1824,600,true,true
"std-stable-sort","Reverse",100,38,1824,600,true,true
"std-stable-sort","Reverse",100,39,1824,700,true,true
"std-stable-sort","Reverse",100,40,1824,600,true,true
"std-stable-sort","Reverse",100,41,1824,600,true,true
"std-stable-sort","Reverse",100,42,1824,700,true,true
"std-stable-sort","Reverse",100,43,1792,600,true,true
"std-stable-sort","Reverse",100,44,1824,600,true,true
"std-stable-sort","Reverse",100,45,1792,600,true,true
"std-stable-sort","Reverse",100,46,1792,600,true,true
"std-stable-sort","Reverse",100,47,1792,700,true,true
"std-stable-sort","Reverse",100,48,1792,600,true,true
"std-stable-sort","Reverse",100,49,1792,600,true,true
"std-stable-sort","Reverse",100,50,1824,600,true,true
"std-stable-sort","Reverse",100,51,1824,600,true,true
"std-stable-sort","Reverse",100,52,1824,700,true,true
"std-stable-sort","Reverse",100,53,1824,600,true,true
"std-stable-sort","Reverse",100,54,1792,600,true,true
"std-stable-sort","Reverse",100,55,1888,700,true,true
"std-stable-sort","Reverse",100,56,1792,600,true,true
"std-stable-sort","Reverse",100,57,1824,700,true,true
"std-stable-sort","Reverse",100,58,1824,700,true,true
"std-stable-sort","Reverse",100,59,1792,700,true,true
"std-stable-sort","Reverse",100,60,1824,700,true,true
"std-stable-sort","Reverse",100,61,1824,700,true,true
"std-stable-sort","Reverse",100,62,1824,700,true,true
"std-stable-sort","Reverse",100,63,1792,700,true,true
"std-stable-sort","Reverse",100,64,1792,700,true,true
"std-stable-sort","Reverse",100,65,1920,700,true,true
"std-stable-sort","Reverse",100,66,1856,600,true,true
"std-stable-sort","Reverse",100,67,1920,800,true,true
"std-stable-sort","Reverse",100,68,1824,600,true,true
"std-stable-sort","Reverse",100,69,1888,700,true,true
"std-stable-sort","Reverse",100,70,1856,700,true,true
"std-stable-sort","Reverse",100,71,1856,700,true,true
"std-stable-sort","Reverse",100,72,1856,700,true,true
"std-stable-sort","Reverse",100,73,1824,700,true,true
"std-stable-sort","Reverse",100,74,1856,700,true,true
"std-stable-sort","Reverse",100,75,1856,800,true,true
"std-stable-sort","Reverse",100,76,1856,600,true,true
"std-stable-sort","Reverse",100,77,1824,600,true,true
"std-stable-sort","Reverse",100,78,1856,600,true,true
"std-stable-sort","Reverse",100,79,1824,700,true,true
"std-stable-sort","Reverse",100,80,1856,600,true,true
"std-stable-sort","Reverse",100,81,1856,600,true,true
"std-stable-sort","Reverse",100,82,1856,700,true,true
"std-stable-sort","Reverse",100,83,1856,600,true,true
"std-stable-sort","Reverse",100,84,1856,600,true,true
"std-stable-sort","Reverse",100,85,1824,600,true,true
"std-stable-sort","Reverse",100,86,1856,700,true,true
"std-stable-sort","Reverse",100,87,1824,600,true,true
"std-stable-sort","Reverse",100,88,1824,600,true,true
"std-stable-sort","Reverse",100,89,1856,700,true,true
"std-stable-sort","Reverse",100,90,1824,700,true,true
"std-stable-sort","Reverse",100,91,1824,600,true,true
"std-stable-sort","Reverse",100,92,1824,600,true,true
"std-stable-sort","Reverse",100,93,1856,600,true,true
"std-stable-sort","Reverse",100,94,1856,700,true,true
"std-stable-sort","Reverse",100,95,1824,600,true,true
"std-stable-sort","Reverse",100,96,1856,600,true,true
"std-stable-sort","Reverse",100,97,1824,700,true,true
"std-stable-sort","Reverse",100,98,1824,600,true,true
"std-stable-sort","Reverse",100,99,1856,600,true,true
"bubble","Reverse",500,0,175136,54900,true,true
"bubble","Reverse",500,1,201440,63100,true,true
"bubble","Reverse",500,2,175200,54900,true,true
"bubble","Reverse",500,3,175200,54900,true,true
"bubble","Reverse",500,4,175168,55000,true,true
"bubble","Reverse",500,5,175264,55000,true,true
"bubble","Reverse",500,6,175136,54900,true,true
"bubble","Reverse",500,7,175072,54900,true,true
"bubble","Reverse",500,8,175456,55100,true,true
"bubble","Reverse",500,9,175168,54900,true,true
"bubble","Reverse",500,10,175200,54900,true,true
"bubble","Reverse",500,11,175232,55000,true,true
"bubble","Reverse",500,12,175200,55000,true,true
"bubble","Reverse",500,13,175232,54900,true,true
"bubble","Reverse",500,14,175296,55100,true,true
"bubble","Reverse",500,15,175264,55000,true,true
"bubble","Reverse",500,16,175168,55000,true,true
"bubble","Reverse",500,17,175360,55000,true,true
"bubble","Reverse",500,18,175168,54900,true,true
"bubble","Reverse",500,19,199872,62700,true,true
"bubble","Reverse",500,20,175232,54900,true,true
"bubble","Reverse",500,21,175264,55000,true,true
"bubble","Reverse",500,22,175264,55000,true,true
"bubble","Reverse",500,23,183744,57600,true,true
"bubble","Reverse",500,24,175136,54900,true,true
"bubble","Reverse",500,25,175200,55000,true,true
"bubble","Reverse",500,26,175360,55000,true,true
"bubble","Reverse",500,27,175200,54900,true,true
"bubble","Reverse",500,28,175232,55000,true,true
"bubble","Reverse",500,29,175296,55000,true,true
"bubble","Reverse",500,30,188800,59200,true,true
"bubble","Reverse",500,31,176192,55200,true,true
"bubble","Reverse",500,32,176096,55200,true,true
"bubble","Reverse",500,33,176224,55300,true,true
"bubble","Reverse",500,34,176288,55200,true,true
"bubble","Reverse",500,35,176128,55200,true,true
"bubble","Reverse",500,36,176160,55300,true,true
"bubble","Reverse",500,37,200032,62700,true,true
"bubble","Reverse",500,38,176192,55300,true,true
"bubble","Reverse",500,39,176160,55200,true,true
"bubble","Reverse",500,40,176160,55200,true,true
"bubble","Reverse",500,41,176192,55200,true,true
"bubble","Reverse",500,42,176064,55100,true,true
"bubble","Reverse",500,43,176128,55200,true,true
"bubble","Reverse",500,44,176192,55200,true,true
"bubble","Reverse",500,45,176160,55200,true,true
"bubble","Reverse",500,46,176224,55200,true,true
"bubble","Reverse",500,47,176192,55200,true,true
"bubble","Reverse",500,48,176192,55200,true,true
"bubble","Reverse",500,49,176192,55200,true,true
"bubble","Reverse",500,50,176224,55300,true,true
"bubble","Reverse",500,51,176160,55200,true,true
"bubble","Reverse",500,52,176192,55200,true,true
"bubble","Reverse",500,53,176128,55200,true,true
"bubble","Reverse",500,54,176256,55200,true,true
"bubble","Reverse",500,55,201088,63000,true,true
"bubble","Reverse",500,56,176096,55200,true,true
"bubble","Reverse",500,57,176192,55200,true,true
"bubble","Reverse",500,58,192352,60300,true,true
"bubble","Reverse",500,59,176128,55200,true,true
"bubble","Reverse",500,60,176096,55200,true,true
"bubble","Reverse",500,61,176128,55200,true,true
"bubble","Reverse",500,62,176256,55200,true,true
"bubble","Reverse",500,63,176192,55300,true,true
"bubble","Reverse",500,64,176192,55300,true,true
"bubble","Reverse",500,65,176224,55300,true,true
"bubble","Reverse",500,66,176128,55200,true,true
"bubble","Reverse",500,67,176192,55300,true,true
"bubble","Reverse",500,68,176192,55300,true,true
"bubble","Reverse",500,69,176096,55300,true,true
"bubble","Reverse",500,70,176160,55300,true,true
"bubble","Reverse",500,71,176224,55300,true,true
"bubble","Reverse",500,72,176192,55300,true,true
"bubble","Reverse",500,73,213568,66900,true,true
"bubble","Reverse",500,74,175136,54900,true,true
"bubble","Reverse",500,75,175200,54900,true,true
"bubble","Reverse",500,76,175168,54900,true,true
"bubble","Reverse",500,77,175168,55000,true,true
"bubble","Reverse",500,78,175200,55000,true,true
"bubble","Reverse",500,79,175264,54900,true,true
"bubble","Reverse",500,80,175264,55000,true,true
"bubble","Reverse",500,81,175200,54900,true,true
"bubble","Reverse",500,82,175232,54900,true,true
"bubble","Reverse",500,83,175200,54900,true,true
"bubble","Reverse",500,84,175296,55000,true,true
"bubble","Reverse",500,85,175200,54900,true,true
"bubble","Reverse",500,86,175200,54900,true,true
"bubble","Reverse",500,87,175296,55000,true,true
"bubble","Reverse",500,88,175392,55000,true,true
"bubble","Reverse",500,89,175328,54900,true,true
"bubble","Reverse",500,90,175264,55000,true,true
"bubble","Reverse",500,91,198560,62200,true,true
"bubble","Reverse",500,92,175232,54900,true,true
"bubble","Reverse",500,93,175168,54900,true,true
"bubble","Reverse",500,94,183296,57500,true,true
"bubble","Reverse",500,95,175168,54900,true,true
"bubble","Reverse",500,96,175200,54900,true,true
"bubble","Reverse",500,97,175104,54900,true,true
"bubble","Reverse",500,98,175232,54900,true,true
"bubble","Reverse",500,99,175200,54900,true,true
"insertion","Reverse",500,0,122144,38300,true,true
"insertion","Reverse",500,1,122144,38300,true,true
"insertion","Reverse",500,2,122144,38300,true,true
"insertion","Reverse",500,3,122112,38300,true,true
"insertion","Reverse",500,4,122144,38300,true,true
"insertion","Reverse",500,5,122144,38300,true,true
"insertion","Reverse",500,6,122176,38300,true,true
"insertion","Reverse",500,7,122144,38300,true,true
"insertion","Reverse",500,8,207104,65000,true,true
"insertion","Reverse",500,9,122240,38400,true,true
"insertion","Reverse",500,10,122144,38300,true,true
"insertion","Reverse",500,11,122144,38300,true,true
"insertion","Reverse",500,12,122144,38300,true,true
"insertion","Reverse",500,13,122112,38400,true,true
"insertion","Reverse",500,14,122080,38300,true,true
"insertion","Reverse",500,15,122144,38300,true,true
"insertion","Reverse",500,16,188960,59300,true,true
"insertion","Reverse",500,17,122144,38400,true,true
"insertion","Reverse",500,18,122080,38300,true,true
"insertion","Reverse",500,19,122144,38300,true,true
"insertion","Reverse",500,20,133024,41700,true,true
"insertion","Reverse",500,21,122176,38300,true,true
"insertion","Reverse",500,22,122144,38300,true,true
"insertion","Reverse",500,23,122112,38200,true,true
"insertion","Reverse",500,24,122144,38300,true,true
"insertion","Reverse",500,25,122144,38200,true,true
"insertion","Reverse",500,26,122080,38300,true,true
"insertion","Reverse",500,27,122144,38300,true,true
"insertion","Reverse",500,28,122112,38300,true,true
"insertion","Reverse",500,29,122144,38300,true,true
"insertion","Reverse",500,30,122144,38300,true,true
"insertion","Reverse",500,31,122112,38200,true,true
"insertion","Reverse",500,32,122144,38400,true,true
"insertion","Reverse",500,33,167360,52500,true,true
"insertion","Reverse",500,34,122144,38300,true,true
"insertion","Reverse",500,35,122016,38300,true,true
"insertion","Reverse",500,36,126016,39500,true,true
"insertion","Reverse",500,37,122144,38300,true,true
"insertion","Reverse",500,38,122112,38200,true,true
"insertion","Reverse",500,39,122144,38300,true,true
"insertion","Reverse",500,40,152320,47700,true,true
"insertion","Reverse",500,41,122112,38300,true,true
"insertion","Reverse",500,42,122144,38300,true,true
"insertion","Reverse",500,43,122080,38300,true,true
"insertion","Reverse",500,44,122144,38300,true,true
"insertion","Reverse",500,45,122048,38300,true,true
"insertion","Reverse",500,46,122112,38500,true,true
"insertion","Reverse",500,47,122144,38300,true,true
"insertion","Reverse",500,48,122144,38300,true,true
"insertion","Reverse",500,49,122080,38300,true,true
"insertion","Reverse",500,50,122112,38300,true,true
"insertion","Reverse",500,51,122112,38300,true,true
"insertion","Reverse",500,52,122144,38300,true,true
"insertion","Reverse",500,53,122144,38300,true,true
"insertion","Reverse",500,54,122112,38300,true,true
"insertion","Reverse",500,55,122144,38300,true,true
"insertion","Reverse",500,56,122144,38300,true,true
"insertion","Reverse",500,57,125696,39400,true,true
"insertion","Reverse",500,58,147712,46300,true,true
"insertion","Reverse",500,59,122176,38300,true,true
"insertion","Reverse",500,60,151872,47700,true,true
"insertion","Reverse",500,61,157376,49300,true,true
"insertion","Reverse",500,62,172736,54200,true,true
"insertion","Reverse",500,63,173088,54300,true,true
"insertion","Reverse",500,64,273184,85600,true,true
"insertion","Reverse",500,65,186816,58600,true,true
"insertion","Reverse",500,66,151968,47600,true,true
"insertion","Reverse",500,67,122208,38300,true,true
"insertion","Reverse",500,68,135776,42600,true,true
"insertion","Reverse",500,69,122144,38300,true,true
"insertion","Reverse",500,70,122112,38300,true,true
"insertion","Reverse",500,71,122048,38200,true,true
"insertion","Reverse",500,72,122112,38300,true,true
"insertion","Reverse",500,73,122112,38400,true,true
"insertion","Reverse",500,74,122112,38300,true,true
"insertion","Reverse",500,75,122144,38300,true,true
"insertion","Reverse",500,76,122144,38300,true,true
"insertion","Reverse",500,77,122144,38300,true,true
"insertion","Reverse",500,78,122176,38300,true,true
"insertion","Reverse",500,79,122176,38300,true,true
"insertion","Reverse",500,80,122144,38300,true,true
"insertion","Reverse",500,81,122144,38300,true,true
"insertion","Reverse",500,82,150752,48000,true,true
"insertion","Reverse",500,83,163104,51200,true,true
"insertion","Reverse",500,84,122144,38300,true,true
"insertion","Reverse",500,85,122048,38200,true,true
"insertion","Reverse",500,86,122048,38300,true,true
"insertion","Reverse",500,87,122112,38300,true,true
"insertion","Reverse",500,88,162624,51000,true,true
"insertion","Reverse",500,89,122112,38300,true,true
"insertion","Reverse",500,90,122112,38300,true,true
"insertion","Reverse",500,91,122080,38300,true,true
"insertion","Reverse",500,92,122080,38300,true,true
"insertion","Reverse",500,93,159744,50100,true,true
"insertion","Reverse",500,94,163648,51300,true,true
"insertion","Reverse",500,95,166048,52100,true,true
"insertion","Reverse",500,96,130624,41000,true,true
"insertion","Reverse",500,97,122112,38300,true,true
"insertion","Reverse",500,98,122016,38300,true,true
"insertion","Reverse",500,99,122144,38300,true,true
"selection","Reverse",500,0,134944,42300,true,true
"selection","Reverse",500,1,135040,42400,true,true
"selection","Reverse",500,2,134944,42400,true,true
"selection","Reverse",500,3,134912,42300,true,true
"selection","Reverse",500,4,134944,42300,true,true
"selection","Reverse",500,5,134912,42300,true,true
"selection","Reverse",500,6,134848,42300,true,true
"selection","Reverse",500,7,134912,42300,true,true
"selection","Reverse",500,8,134912,42300,true,true
"selection","Reverse",500,9,134464,42200,true,true
"selection","Reverse",500,10,134464,42100,true,true
"selection","Reverse",500,11,134368,42100,true,true
"selection","Reverse",500,12,134880,42300,true,true
"selection","Reverse",500,13,134816,42300,true,true
"selection","Reverse",500,14,163136,51200,true,true
"selection","Reverse",500,15,135392,42400,true,true
"selection","Reverse",500,16,135168,42400,true,true
"selection","Reverse",500,17,135104,42300,true,true
"selection","Reverse",500,18,134464,42200,true,true
"selection","Reverse",500,19,134400,42100,true,true
"selection","Reverse",500,20,134464,42200,true,true
"selection","Reverse",500,21,134432,42200,true,true
"selection","Reverse",500,22,134368,42200,true,true
"selection","Reverse",500,23,134336,42200,true,true
"selection","Reverse",500,24,134400,42200,true,true
"selection","Reverse",500,25,134624,42200,true,true
"selection","Reverse",500,26,134304,42200,true,true
"selection","Reverse",500,27,134400,42100,true,true
"selection","Reverse",500,28,134304,42100,true,true
"selection","Reverse",500,29,134272,42300,true,true
"selection","Reverse",500,30,135072,42400,true,true
"selection","Reverse",500,31,134336,42200,true,true
"selection","Reverse",500,32,134304,42100,true,true
"selection","Reverse",500,33,134432,42100,true,true
"selection","Reverse",500,34,134336,42100,true,true
"selection","Reverse",500,35,134304,42100,true,true
"selection","Reverse",500,36,134336,42100,true,true
"selection","Reverse",500,37,164064,51400,true,true
"selection","Reverse",500,38,135680,42500,true,true
"selection","Reverse",500,39,135584,42500,true,true
"selection","Reverse",500,40,134688,42200,true,true
"selection","Reverse",500,41,134656,42200,true,true
"selection","Reverse",500,42,144192,45300,true,true
"selection","Reverse",500,43,135808,42600,true,true
"selection","Reverse",500,44,135328,42400,true,true
"selection","Reverse",500,45,135392,42400,true,true
"selection","Reverse",500,46,135296,42400,true,true
"selection","Reverse",500,47,135392,42500,true,true
"selection","Reverse",500,48,135328,42400,true,true
"selection","Reverse",500,49,135296,42400,true,true
"selection","Reverse",500,50,135360,42500,true,true
"selection","Reverse",500,51,135296,42500,true,true
"selection","Reverse",500,52,135328,42500,true,true
"selection","Reverse",500,53,135328,42500,true,true
"selection","Reverse",500,54,135328,42400,true,true
"selection","Reverse",500,55,135264,42400,true,true
"selection","Reverse",500,56,135360,42500,true,true
"selection","Reverse",500,57,135296,42400,true,true
"selection","Reverse",500,58,135328,42400,true,true
"selection","Reverse",500,59,135360,42500,true,true
"selection","Reverse",500,60,160736,50400,true,true
"selection","Reverse",500,61,134752,42300,true,true
"selection","Reverse",500,62,134656,42200,true,true
"selection","Reverse",500,63,134592,42200,true,true
"selection","Reverse",500,64,134688,42400,true,true
"selection","Reverse",500,65,135296,42500,true,true
"selection","Reverse",500,66,134816,42300,true,true
"selection","Reverse",500,67,134784,42300,true,true
"selection","Reverse",500,68,134752,42300,true,true
"selection","Reverse",500,69,134720,42300,true,true
"selection","Reverse",500,70,134752,42300,true,true
"selection","Reverse",500,71,134752,42300,true,true
"selection","Reverse",500,72,134880,42300,true,true
"selection","Reverse",500,73,134752,42300,true,true
"selection","Reverse",500,74,134720,42300,true,true
"selection","Reverse",500,75,134720,42200,true,true
"selection","Reverse",500,76,134752,42300,true,true
"selection","Reverse",500,77,134912,42300,true,true
"selection","Reverse",500,78,134720,42300,true,true
"selection","Reverse",500,79,134752,42300,true,true
"selection","Reverse",500,80,134752,42300,true,true
"selection","Reverse",500,81,134720,42300,true,true
"selection","Reverse",500,82,134752,42300,true,true
"selection","Reverse",500,83,160064,50200,true,true
"selection","Reverse",500,84,134912,42300,true,true
"selection","Reverse",500,85,135168,42400,true,true
"selection","Reverse",500,86,134624,42200,true,true
"selection","Reverse",500,87,134400,42100,true,true
"selection","Reverse",500,88,142880,44700,true,true
"selection","Reverse",500,89,134784,42300,true,true
"selection","Reverse",500,90,134752,42200,true,true
"selection","Reverse",500,91,134720,42300,true,true
"selection","Reverse",500,92,134656,42200,true,true
"selection","Reverse",500,93,134752,42200,true,true
"selection","Reverse",500,94,134752,42300,true,true
"selection","Reverse",500,95,134688,42200,true,true
"selection","Reverse",500,96,134720,42300,true,true
"selection","Reverse",500,97,134752,42200,true,true
"selection","Reverse",500,98,134656,42200,true,true
"selection","Reverse",500,99,134912,42300,true,true
"merge","Reverse",500,0,12704,4100,true,true
"merge","Reverse",500,1,12672,4000,true,true
"merge","Reverse",500,2,12800,4000,true,true
"merge","Reverse",500,3,12480,4000,true,true
"merge","Reverse",500,4,12736,4100,true,true
"merge","Reverse",500,5,12512,3900,true,true
"merge","Reverse",500,6,12704,4000,true,true
"merge","Reverse",500,7,12512,4000,true,true
"merge","Reverse",500,8,12736,4100,true,true
"merge","Reverse",500,9,12832,4100,true,true
"merge","Reverse",500,10,12480,4000,true,true
"merge","Reverse",500,11,12704,4000,true,true
"merge","Reverse",500,12,12704,4100,true,true
"merge","Reverse",500,13,12512,3900,true,true
"merge","Reverse",500,14,12704,4000,true,true
"merge","Reverse",500,15,12512,4000,true,true
"merge","Reverse",500,16,12480,4000,true,true
"merge","Reverse",500,17,12768,4100,true,true
"merge","Reverse",500,18,12480,4000,true,true
"merge","Reverse",500,19,12672,4000,true,true
"merge","Reverse",500,20,12672,4000,true,true
"merge","Reverse",500,21,12480,4000,true,true
"merge","Reverse",500,22,12672,4000,true,true
"merge","Reverse",500,23,12512,3900,true,true
"merge","Reverse",500,24,12672,4100,true,true
"merge","Reverse",500,25,12512,4000,true,true
"merge","Reverse",500,26,12672,4000,true,true
"merge","Reverse",500,27,12480,4000,true,true
"merge","Reverse",500,28,12512,3900,true,true
"merge","Reverse",500,29,12672,4000,true,true
"merge","Reverse",500,30,12544,4000,true,true
"merge","Reverse",500,31,12448,3900,true,true
"merge","Reverse",500,32,12704,4000,true,true
"merge","Reverse",500,33,12768,4000,true,true
"merge","Reverse",500,34,12480,4000,true,true
"merge","Reverse",500,35,12704,4000,true,true
"merge","Reverse",500,36,12608,4000,true,true
"merge","Reverse",500,37,12800,4000,true,true
"merge","Reverse",500,38,12544,4000,true,true
"merge","Reverse",500,39,12640,4100,true,true
"merge","Reverse",500,40,12672,4000,true,true
"merge","Reverse",500,41,12800,4100,true,true
"merge","Reverse",500,42,12480,4100,true,true
"merge","Reverse",500,43,12576,4000,true,true
"merge","Reverse",500,44,12704,4000,true,true
"merge","Reverse",500,45,44224,14000,true,true
"merge","Reverse",500,46,12640,4100,true,true
"merge","Reverse",500,47,12576,4000,true,true
"merge","Reverse",500,48,12576,4000,true,true
"merge","Reverse",500,49,12480,3900,true,true
"merge","Reverse",500,50,12640,4000,true,true
"merge","Reverse",500,51,12416,3900,true,true
"merge","Reverse",500,52,12608,4000,true,true
"merge","Reverse",500,53,12384,3900,true,true
"merge","Reverse",500,54,12640,4000,true,true
"merge","Reverse",500,55,12864,4100,true,true
"merge","Reverse",500,56,12544,4000,true,true
"merge","Reverse",500,57,12480,3900,true,true
"merge","Reverse",500,58,12800,4100,true,true
"merge","Reverse",500,59,12352,3900,true,true
"merge","Reverse",500,60,12544,3900,true,true
"merge","Reverse",500,61,12608,4000,true,true
"merge","Reverse",500,62,12448,3900,true,true
"merge","Reverse",500,63,12640,4000,true,true
"merge","Reverse",500,64,12384,3900,true,true
"merge","Reverse",500,65,12672,4000,true,true
"merge","Reverse",500,66,12576,4000,true,true
"merge","Reverse",500,67,12800,4000,true,true
"merge","Reverse",500,68,12352,4000,true,true
"merge","Reverse",500,69,12448,3900,true,true
"merge","Reverse",500,70,12672,4000,true,true
"merge","Reverse",500,71,12416,4000,true,true
"merge","Reverse",500,72,12640,4000,true,true
"merge","Reverse",500,73,12768,4100,true,true
"merge","Reverse",500,74,12608,4000,true,true
"merge","Reverse",500,75,12416,4000,true,true
"merge","Reverse",500,76,12608,4000,true,true
"merge","Reverse",500,77,12416,4000,true,true
"merge","Reverse",500,78,12608,4000,true,true
"merge","Reverse",500,79,12448,3900,true,true
"merge","Reverse",500,80,12608,4000,true,true
"merge","Reverse",500,81,12800,4000,true,true
"merge","Reverse",500,82,12576,4000,true,true
"merge","Reverse",500,83,12768,4000,true,true
"merge","Reverse",500,84,12672,4100,true,true
"merge","Reverse",500,85,12768,4000,true,true
"merge","Reverse",500,86,12416,4000,true,true
"merge","Reverse",500,87,12416,3900,true,true
"merge","Reverse",500,88,12384,3900,true,true
"merge","Reverse",500,89,12608,4000,true,true
"merge","Reverse",500,90,12416,4000,true,true
"merge","Reverse",500,91,12576,4000,true,true
"merge","Reverse",500,92,12800,4000,true,true
"merge","Reverse",500,93,12640,4000,true,true
"merge","Reverse",500,94,12448,3900,true,true
"merge","Reverse",500,95,12384,4000,true,true
"merge","Reverse",500,96,12768,4000,true,true
"merge","Reverse",500,97,12576,4000,true,true
"merge","Reverse",500,98,12768,4000,true,true
"merge","Reverse",500,99,12608,4000,true,true
"quicksort","Reverse",500,0,5664,1800,true,true
"quicksort","Reverse",500,1,5696,1800,true,true
"quicksort","Reverse",500,2,5696,1900,true,true
"quicksort","Reverse",500,3,5728,1900,true,true
"quicksort","Reverse",500,4,5728,1800,true,true
"quicksort","Reverse",500,5,5696,1900,true,true
"quicksort","Reverse",500,6,5696,1800,true,true
"quicksort","Reverse",500,7,5664,1900,true,true
"quicksort","Reverse",500,8,5664,1800,true,true
"quicksort","Reverse",500,9,5728,1800,true,true
"quicksort","Reverse",500,10,5664,1800,true,true
"quicksort","Reverse",500,11,5664,1900,true,true
"quicksort","Reverse",500,12,5664,1800,true,true
"quicksort","Reverse",500,13,5696,1900,true,true
"quicksort","Reverse",500,14,5696,1800,true,true
"quicksort","Reverse",500,15,5664,1800,true,true
"quicksort","Reverse",500,16,5664,1800,true,true
"quicksort","Reverse",500,17,5792,1900,true,true
"quicksort","Reverse",500,18,5696,1900,true,true
"quicksort","Reverse",500,19,5728,1800,true,true
"quicksort","Reverse",500,20,5728,1900,true,true
"quicksort","Reverse",500,21,5728,1800,true,true
"quicksort","Reverse",500,22,5728,1900,true,true
"quicksort","Reverse",500,23,5728,1800,true,true
"quicksort","Reverse",500,24,5728,1900,true,true
"quicksort","Reverse",500,25,5728,1900,true,true
"quicksort","Reverse",500,26,5728,1900,true,true
"quicksort","Reverse",500,27,5728,1800,true,true
"quicksort","Reverse",500,28,5728,1900,true,true
"quicksort","Reverse",500,29,5728,1800,true,true
"quicksort","Reverse",500,30,5728,1800,true,true
"quicksort","Reverse",500,31,5728,1900,true,true
"quicksort","Reverse",500,32,5728,1800,true,true
"quicksort","Reverse",500,33,5824,1900,true,true
"quicksort","Reverse",500,34,5728,1900,true,true
"quicksort","Reverse",500,35,5728,1800,true,true
"quicksort","Reverse",500,36,5728,1900,true,true
"quicksort","Reverse",500,37,5728,1800,true,true
"quicksort","Reverse",500,38,5728,1900,true,true
"quicksort","Reverse",500,39,5728,1900,true,true
"quicksort","Reverse",500,40,5728,1800,true,true
"quicksort","Reverse",500,41,5696,1900,true,true
"quicksort","Reverse",500,42,5696,1800,true,true
"quicksort","Reverse",500,43,5728,1900,true,true
"quicksort","Reverse",500,44,5728,1800,true,true
"quicksort","Reverse",500,45,5696,1900,true,true
"quicksort","Reverse",500,46,5728,1800,true,true
"quicksort","Reverse",500,47,5728,1900,true,true
"quicksort","Reverse",500,48,5728,1800,true,true
"quicksort","Reverse",500,49,5728,1800,true,true
"quicksort","Reverse",500,50,5728,1900,true,true
"quicksort","Reverse",500,51,5728,1800,true,true
"quicksort","Reverse",500,52,5696,1900,true,true
"quicksort","Reverse",500,53,5728,1800,true,true
"quicksort","Reverse",500,54,5728,1900,true,true
"quicksort","Reverse",500,55,5728,1800,true,true
"quicksort","Reverse",500,56,5696,1900,true,true
"quicksort","Reverse",500,57,5696,1800,true,true
"quicksort","Reverse",500,58,5696,1900,true,true
"quicksort","Reverse",500,59,5728,1800,true,true
"quicksort","Reverse",500,60,5728,1800,true,true
"quicksort","Reverse",500,61,5696,1800,true,true
"quicksort","Reverse",500,62,5696,1900,true,true
"quicksort","Reverse",500,63,5728,1900,true,true
"quicksort","Reverse",500,64,5728,1800,true,true
"quicksort","Reverse",500,65,5856,1900,true,true
"quicksort","Reverse",500,66,5760,1800,true,true
"quicksort","Reverse",500,67,5728,1900,true,true
"quicksort","Reverse",500,68,5760,1800,true,true
"quicksort","Reverse",500,69,5728,1800,true,true
"quicksort","Reverse",500,70,5728,1800,true,true
"quicksort","Reverse",500,71,5728,1900,true,true
"quicksort","Reverse",500,72,5728,1900,true,true
"quicksort","Reverse",500,73,5728,1900,true,true
"quicksort","Reverse",500,74,5728,1900,true,true
"quicksort","Reverse",500,75,5760,1900,true,true
"quicksort","Reverse",500,76,5728,1800,true,true
"quicksort","Reverse",500,77,5728,1900,true,true
"quicksort","Reverse",500,78,5760,1900,true,true
"quicksort","Reverse",500,79,5728,1800,true,true
"quicksort","Reverse",500,80,5728,1900,true,true
"quicksort","Reverse",500,81,5728,1900,true,true
"quicksort","Reverse",500,82,5728,2000,true,true
"quicksort","Reverse",500,83,5728,1800,true,true
"quicksort","Reverse",500,84,5728,1900,true,true
"quicksort","Reverse",500,85,5728,1800,true,true
"quicksort","Reverse",500,86,5728,1800,true,true
"quicksort","Reverse",500,87,5728,1900,true,true
"quicksort","Reverse",500,88,5728,1800,true,true
"quicksort","Reverse",500,89,5728,1900,true,true
"quicksort","Reverse",500,90,5728,1800,true,true
"quicksort","Reverse",500,91,5728,1900,true,true
"quicksort","Reverse",500,92,5728,1900,true,true
"quicksort","Reverse",500,93,5728,1800,true,true
"quicksort","Reverse",500,94,5728,1900,true,true
"quicksort","Reverse",500,95,5728,1800,true,true
"quicksort","Reverse",500,96,5760,1900,true,true
"quicksort","Reverse",500,97,5728,1900,true,true
"quicksort","Reverse",500,98,5728,1800,true,true
"quicksort","Reverse",500,99,5728,1900,true,true
"heap","Reverse",500,0,14432,4500,true,true
"heap","Reverse",500,1,14528,4600,true,true
"heap","Reverse",500,2,14464,4600,true,true
"heap","Reverse",500,3,14528,4600,true,true
"heap","Reverse",500,4,14528,4600,true,true
"heap","Reverse",500,5,14592,4800,true,true
"heap","Reverse",500,6,14400,4500,true,true
"heap","Reverse",500,7,14496,4600,true,true
"heap","Reverse",500,8,14528,4600,true,true
"heap","Reverse",500,9,14656,4600,true,true
"heap","Reverse",500,10,14560,4600,true,true
"heap","Reverse",500,11,14496,4600,true,true
"heap","Reverse",500,12,14624,4600,true,true
"heap","Reverse",500,13,14624,4600,true,true
"heap","Reverse",500,14,14592,4600,true,true
"heap","Reverse",500,15,14592,4600,true,true
"heap","Reverse",500,16,14624,4700,true,true
"heap","Reverse",500,17,14720,4700,true,true
"heap","Reverse",500,18,14528,4600,true,true
"heap","Reverse",500,19,14560,4700,true,true
"heap","Reverse",500,20,14624,4600,true,true
"heap","Reverse",500,21,14592,4600,true,true
"heap","Reverse",500,22,14624,4600,true,true
"heap","Reverse",500,23,14592,4700,true,true
"heap","Reverse",500,24,14592,4600,true,true
"heap","Reverse",500,25,14560,4700,true,true
"heap","Reverse",500,26,14496,4600,true,true
"heap","Reverse",500,27,14624,4600,true,true
"heap","Reverse",500,28,14400,4600,true,true
"heap","Reverse",500,29,14432,4600,true,true
"heap","Reverse",500,30,14656,4600,true,true
"heap","Reverse",500,31,14656,4700,true,true
"heap","Reverse",500,32,14464,4700,true,true
"heap","Reverse",500,33,14560,4600,true,true
"heap","Reverse",500,34,14464,4600,true,true
"heap","Reverse",500,35,14496,4600,true,true
"heap","Reverse",500,36,14560,4600,true,true
"heap","Reverse",500,37,14464,4600,true,true
"heap","Reverse",500,38,14496,4700,true,true
"heap","Reverse",500,39,14560,4600,true,true
"heap","Reverse",500,40,14624,4700,true,true
"heap","Reverse",500,41,14592,4700,true,true
"heap","Reverse",500,42,14592,4600,true,true
"heap","Reverse",500,43,14496,4600,true,true
"heap","Reverse",500,44,14464,4500,true,true
"heap","Reverse",500,45,14496,4600,true,true
"heap","Reverse",500,46,14464,4600,true,true
"heap","Reverse",500,47,14528,4600,true,true
"heap","Reverse",500,48,14496,4600,true,true
"heap","Reverse",500,49,14496,4500,true,true
"heap","Reverse",500,50,14528,4600,true,true
"heap","Reverse",500,51,14560,4600,true,true
"heap","Reverse",500,52,14560,4600,true,true
"heap","Reverse",500,53,14560,4600,true,true
"heap","Reverse",500,54,14592,4600,true,true
"heap","Reverse",500,55,14528,4600,true,true
"heap","Reverse",500,56,14656,4600,true,true
"heap","Reverse",500,57,14528,4600,true,true
"heap","Reverse",500,58,14560,4600,true,true
"heap","Reverse",500,59,14560,4600,true,true
"heap","Reverse",500,60,14592,4700,true,true
"heap","Reverse",500,61,14624,4600,true,true
"heap","Reverse",500,62,14688,4700,true,true
"heap","Reverse",500,63,14496,4600,true,true
"heap","Reverse",500,64,14560,4600,true,true
"heap","Reverse",500,65,14656,4700,true,true
"heap","Reverse",500,66,14560,4600,true,true
"heap","Reverse",500,67,14560,4600,true,true
"heap","Reverse",500,68,14592,4600,true,true
"heap","Reverse",500,69,14496,4600,true,true
"heap","Reverse",500,70,45984,14500,true,true
"heap","Reverse",500,71,14592,4600,true,true
"heap","Reverse",500,72,14656,4600,true,true
"heap","Reverse",500,73,14560,4700,true,true
"heap","Reverse",500,74,14528,4700,true,true
"heap","Reverse",500,75,14528,4700,true,true
"heap","Reverse",500,76,14432,4700,true,true
"heap","Reverse",500,77,14560,4700,true,true
"heap","Reverse",500,78,14592,4600,true,true
"heap","Reverse",500,79,14528,4700,true,true
"heap","Reverse",500,80,14528,4700,true,true
"heap","Reverse",500,81,14560,4700,true,true
"heap","Reverse",500,82,14688,4700,true,true
"heap","Reverse",500,83,14528,4700,true,true
"heap","Reverse",500,84,14592,4700,true,true
"heap","Reverse",500,85,14528,4700,true,true
"heap","Reverse",500,86,14528,4700,true,true
"heap","Reverse",500,87,14592,4700,true,true
"heap","Reverse",500,88,14464,4700,true,true
"heap","Reverse",500,89,14528,4700,true,true
"heap","Reverse",500,90,14496,4700,true,true
"heap","Reverse",500,91,14592,4700,true,true
"heap","Reverse",500,92,14592,4600,true,true
"heap","Reverse",500,93,14528,4600,true,true
"heap","Reverse",500,94,14624,4700,true,true
"heap","Reverse",500,95,14560,4600,true,true
"heap","Reverse",500,96,14624,4600,true,true
"heap","Reverse",500,97,14624,4600,true,true
"heap","Reverse",500,98,14560,4600,true,true
"heap","Reverse",500,99,14592,4700,true,true
"std-sort","Reverse",500,0,2944,1000,true,true
"std-sort","Reverse",500,1,2944,1000,true,true
"std-sort","Reverse",500,2,2944,900,true,true
"std-sort","Reverse",500,3,2944,1000,true,true
"std-sort","Reverse",500,4,2976,1000,true,true
"std-sort","Reverse",500,5,2944,1000,true,true
"std-sort","Reverse",500,6,2944,1000,true,true
"std-sort","Reverse",500,7,2976,1000,true,true
"std-sort","Reverse",500,8,2944,900,true,true
"std-sort","Reverse",500,9,2976,1000,true,true
"std-sort","Reverse",500,10,2976,1000,true,true
"std-sort","Reverse",500,11,2944,1000,true,true
"std-sort","Reverse",500,12,2976,1000,true,true
"std-sort","Reverse",500,13,2976,1000,true,true
"std-sort","Reverse",500,14,2976,1000,true,true
"std-sort","Reverse",500,15,2976,1000,true,true
"std-sort","Reverse",500,16,2944,1000,true,true
"std-sort","Reverse",500,17,3072,1000,true,true
"std-sort","Reverse",500,18,2944,1000,true,true
"std-sort","Reverse",500,19,3104,1200,true,true
"std-sort","Reverse",500,20,3008,900,true,true
"std-sort","Reverse",500,21,2944,1000,true,true
"std-sort","Reverse",500,22,2976,1000,true,true
"std-sort","Reverse",500,23,2944,1000,true,true
"std-sort","Reverse",500,24,2976,1000,true,true
"std-sort","Reverse",500,25,2976,1100,true,true
"std-sort","Reverse",500,26,2976,1100,true,true
"std-sort","Reverse",500,27,2944,900,true,true
"std-sort","Reverse",500,28,2944,1000,true,true
"std-sort","Reverse",500,29,2976,1100,true,true
"std-sort","Reverse",500,30,2976,1000,true,true
"std-sort","Reverse",500,31,2944,1100,true,true
"std-sort","Reverse",500,32,3008,1000,true,true
"std-sort","Reverse",500,33,3072,1100,true,true
"std-sort","Reverse",500,34,2976,1000,true,true
"std-sort","Reverse",500,35,2976,900,true,true
"std-sort","Reverse",500,36,2976,1000,true,true
"std-sort","Reverse",500,37,2944,1100,true,true
"std-sort","Reverse",500,38,2944,1000,true,true
"std-sort","Reverse",500,39,3072,1100,true,true
"std-sort","Reverse",500,40,3008,1100,true,true
"std-sort","Reverse",500,41,2976,1000,true,true
"std-sort","Reverse",500,42,2976,1000,true,true
"std-sort","Reverse",500,43,2944,1000,true,true
"std-sort","Reverse",500,44,2976,1000,true,true
"std-sort","Reverse",500,45,2976,1000,true,true
"std-sort","Reverse",500,46,2976,1000,true,true
"std-sort","Reverse",500,47,2976,1000,true,true
"std-sort","Reverse",500,48,2976,1000,true,true
"std-sort","Reverse",500,49,2944,900,true,true
"std-sort","Reverse",500,50,2944,1000,true,true
"std-sort","Reverse",500,51,2944,1000,true,true
"std-sort","Reverse",500,52,2976,1000,true,true
"std-sort","Reverse",500,53,2976,1000,true,true
"std-sort","Reverse",500,54,2944,1000,true,true
"std-sort","Reverse",500,55,3232,1100,true,true
"std-sort","Reverse",500,56,2976,1000,true,true
"std-sort","Reverse",500,57,3168,1000,true,true
"std-sort","Reverse",500,58,3008,900,true,true
"std-sort","Reverse",500,59,2976,900,true,true
"std-sort","Reverse",500,60,2976,1000,true,true
"std-sort","Reverse",500,61,3008,1000,true,true
"std-sort","Reverse",500,62,2976,1000,true,true
"std-sort","Reverse",500,63,2944,1000,true,true
"std-sort","Reverse",500,64,2976,1000,true,true
"std-sort","Reverse",500,65,3040,1000,true,true
"std-sort","Reverse",500,66,2976,1000,true,true
"std-sort","Reverse",500,67,2944,1000,true,true
"std-sort","Reverse",500,68,2976,1000,true,true
"std-sort","Reverse",500,69,2944,1000,true,true
"std-sort","Reverse",500,70,2976,1000,true,true
"std-sort","Reverse",500,71,2944,900,true,true
"std-sort","Reverse",500,72,3136,1100,true,true
"std-sort","Reverse",500,73,3008,1000,true,true
"std-sort","Reverse",500,74,3008,1000,true,true
"std-sort","Reverse",500,75,2976,1000,true,true
"std-sort","Reverse",500,76,2944,1000,true,true
"std-sort","Reverse",500,77,2976,1000,true,true
"std-sort","Reverse",500,78,2976,1000,true,true
"std-sort","Reverse",500,79,3008,1000,true,true
"std-sort","Reverse",500,80,3040,1000,true,true
"std-sort","Reverse",500,81,2976,1000,true,true
"std-sort","Reverse",500,82,2976,1100,true,true
"std-sort","Reverse",500,83,2944,1000,true,true
"std-sort","Reverse",500,84,2944,1000,true,true
"std-sort","Reverse",500,85,2976,1000,true,true
"std-sort","Reverse",500,86,2944,1000,true,true
"std-sort","Reverse",500,87,2976,1000,true,true
"std-sort","Reverse",500,88,3072,1000,true,true
"std-sort","Reverse",500,89,2944,1000,true,true
"std-sort","Reverse",500,90,2976,1000,true,true
"std-sort","Reverse",500,91,2976,1000,true,true
"std-sort","Reverse",500,92,2976,1000,true,true
"std-sort","Reverse",500,93,2944,1000,true,true
"std-sort","Reverse",500,94,2944,900,true,true
"std-sort","Reverse",500,95,2976,1000,true,true
"std-sort","Reverse",500,96,2944,900,true,true
"std-sort","Reverse",500,97,2976,1000,true,true
"std-sort","Reverse",500,98,2976,1000,true,true
"std-sort","Reverse",500,99,2976,1000,true,true
"std-stable-sort","Reverse",500,0,8544,2700,true,true
"std-stable-sort","Reverse",500,1,8448,2700,true,true
"std-stable-sort","Reverse",500,2,8576,2700,true,true
"std-stable-sort","Reverse",500,3,8448,2700,true,true
"std-stable-sort","Reverse",500,4,8448,2700,true,true
"std-stable-sort","Reverse",500,5,8416,2700,true,true
"std-stable-sort","Reverse",500,6,8576,2700,true,true
"std-stable-sort","Reverse",500,7,8416,2700,true,true
"std-stable-sort","Reverse",500,8,8512,2800,true,true
"std-stable-sort","Reverse",500,9,8864,2800,true,true
"std-stable-sort","Reverse",500,10,8608,2800,true,true
"std-stable-sort","Reverse",500,11,8640,2800,true,true
"std-stable-sort","Reverse",500,12,8608,2700,true,true
"std-stable-sort","Reverse",500,13,8736,2800,true,true
"std-stable-sort","Reverse",500,14,8640,2700,true,true
"std-stable-sort","Reverse",500,15,8576,2800,true,true
"std-stable-sort","Reverse",500,16,8768,2800,true,true
"std-stable-sort","Reverse",500,17,8704,2700,true,true
"std-stable-sort","Reverse",500,18,8640,2800,true,true
"std-stable-sort","Reverse",500,19,8864,2900,true,true
"std-stable-sort","Reverse",500,20,8672,2700,true,true
"std-stable-sort","Reverse",500,21,8736,2800,true,true
"std-stable-sort","Reverse",500,22,8640,2700,true,true
"std-stable-sort","Reverse",500,23,8736,2800,true,true
"std-stable-sort","Reverse",500,24,8736,2800,true,true
"std-stable-sort","Reverse",500,25,8640,2800,true,true
"std-stable-sort","Reverse",500,26,8640,2800,true,true
"std-stable-sort","Reverse",500,27,8768,2800,true,true
"std-stable-sort","Reverse",500,28,8640,2700,true,true
"std-stable-sort","Reverse",500,29,8768,2800,true,true
"std-stable-sort","Reverse",500,30,8640,2700,true,true
"std-stable-sort","Reverse",500,31,8640,2700,true,true
"std-stable-sort","Reverse",500,32,8640,2800,true,true
"std-stable-sort","Reverse",500,33,9024,2900,true,true
"std-stable-sort","Reverse",500,34,8768,2800,true,true
"std-stable-sort","Reverse",500,35,8832,2800,true,true
"std-stable-sort","Reverse",500,36,8640,2700,true,true
"std-stable-sort","Reverse",500,37,8608,2700,true,true
"std-stable-sort","Reverse",500,38,8768,2800,true,true
"std-stable-sort","Reverse",500,39,8704,2700,true,true
"std-stable-sort","Reverse",500,40,8672,2700,true,true
"std-stable-sort","Reverse",500,41,8704,2800,true,true
"std-stable-sort","Reverse",500,42,8672,2700,true,true
"std-stable-sort","Reverse",500,43,8736,2800,true,true
"std-stable-sort","Reverse",500,44,8704,2800,true,true
"std-stable-sort","Reverse",500,45,8672,2800,true,true
"std-stable-sort","Reverse",500,46,8768,2800,true,true
"std-stable-sort","Reverse",500,47,8704,2700,true,true
"std-stable-sort","Reverse",500,48,8672,2800,true,true
"std-stable-sort","Reverse",500,49,8608,2800,true,true
"std-stable-sort","Reverse",500,50,8640,2800,true,true
"std-stable-sort","Reverse",500,51,8768,2800,true,true
"std-stable-sort","Reverse",500,52,8672,2800,true,true
"std-stable-sort","Reverse",500,53,8672,2800,true,true
"std-stable-sort","Reverse",500,54,8832,2800,true,true
"std-stable-sort","Reverse",500,55,8672,2800,true,true
"std-stable-sort","Reverse",500,56,8768,2800,true,true
"std-stable-sort","Reverse",500,57,8608,2800,true,true
"std-stable-sort","Reverse",500,58,8800,2800,true,true
"std-stable-sort","Reverse",500,59,8704,2800,true,true
"std-stable-sort","Reverse",500,60,8672,2800,true,true
"std-stable-sort","Reverse",500,61,8704,2800,true,true
"std-stable-sort","Reverse",500,62,8800,2900,true,true
"std-stable-sort","Reverse",500,63,8800,2800,true,true
"std-stable-sort","Reverse",500,64,8672,2800,true,true
"std-stable-sort","Reverse",500,65,8800,2800,true,true
"std-stable-sort","Reverse",500,66,8736,2800,true,true
"std-stable-sort","Reverse",500,67,8608,2700,true,true
"std-stable-sort","Reverse",500,68,8832,2900,true,true
"std-stable-sort","Reverse",500,69,8672,2700,true,true
"std-stable-sort","Reverse",500,70,8640,2700,true,true
"std-stable-sort","Reverse",500,71,8672,2800,true,true
"std-stable-sort","Reverse",500,72,8704,2800,true,true
"std-stable-sort","Reverse",500,73,8704,2800,true,true
"std-stable-sort","Reverse",500,74,8832,2800,true,true
"std-stable-sort","Reverse",500,75,8640,2800,true,true
"std-stable-sort","Reverse",500,76,8736,2800,true,true
"std-stable-sort","Reverse",500,77,8672,2800,true,true
"std-stable-sort","Reverse",500,78,8704,2800,true,true
"std-stable-sort","Reverse",500,79,8672,2800,true,true
"std-stable-sort","Reverse",500,80,8608,2700,true,true
"std-stable-sort","Reverse",500,81,8640,2800,true,true
"std-stable-sort","Reverse",500,82,8672,2800,true,true
"std-stable-sort","Reverse",500,83,8800,2800,true,true
"std-stable-sort","Reverse",500,84,8640,2800,true,true
"std-stable-sort","Reverse",500,85,8768,2800,true,true
"std-stable-sort","Reverse",500,86,8608,2800,true,true
"std-stable-sort","Reverse",500,87,8800,2800,true,true
"std-stable-sort","Reverse",500,88,8672,2800,true,true
"std-stable-sort","Reverse",500,89,8800,2800,true,true
"std-stable-sort","Reverse",500,90,8704,2800,true,true
"std-stable-sort","Reverse",500,91,8672,2800,true,true
"std-stable-sort","Reverse",500,92,8704,2800,true,true
"std-stable-sort","Reverse",500,93,8704,2800,true,true
"std-stable-sort","Reverse",500,94,8672,2800,true,true
"std-stable-sort","Reverse",500,95,8800,2800,true,true
"std-stable-sort","Reverse",500,96,8640,2800,true,true
"std-stable-sort","Reverse",500,97,8800,2800,true,true
"std-stable-sort","Reverse",500,98,8672,2800,true,true
"std-stable-sort","Reverse",500,99,8576,2800,true,true
"bubble","Reverse",1000,0,694400,217500,true,true
"bubble","Reverse",1000,1,742944,232700,true,true
"bubble","Reverse",1000,2,733152,229700,true,true
"bubble","Reverse",1000,3,809152,253500,true,true
"bubble","Reverse",1000,4,694496,217700,true,true
"bubble","Reverse",1000,5,694016,217400,true,true
"bubble","Reverse",1000,6,694464,217600,true,true
"bubble","Reverse",1000,7,714496,223800,true,true
"bubble","Reverse",1000,8,724960,227100,true,true
"bubble","Reverse",1000,9,694336,217500,true,true
"bubble","Reverse",1000,10,694528,217500,true,true
"bubble","Reverse",1000,11,721504,226000,true,true
"bubble","Reverse",1000,12,730784,228900,true,true
"bubble","Reverse",1000,13,694464,217500,true,true
"bubble","Reverse",1000,14,694496,217500,true,true
"bubble","Reverse",1000,15,694528,217600,true,true
"bubble","Reverse",1000,16,720480,225700,true,true
"bubble","Reverse",1000,17,816416,256000,true,true
"bubble","Reverse",1000,18,812384,255000,true,true
"bubble","Reverse",1000,19,740928,232100,true,true
"bubble","Reverse",1000,20,693984,217300,true,true
"bubble","Reverse",1000,21,790848,247900,true,true
"bubble","Reverse",1000,22,694464,217500,true,true
"bubble","Reverse",1000,23,764544,239500,true,true
"bubble","Reverse",1000,24,693472,217400,true,true
"bubble","Reverse",1000,25,727840,228000,true,true
"bubble","Reverse",1000,26,694304,217500,true,true
"bubble","Reverse",1000,27,694400,217500,true,true
"bubble","Reverse",1000,28,694464,217600,true,true
"bubble","Reverse",1000,29,694496,217500,true,true
"bubble","Reverse",1000,30,728256,228100,true,true
"bubble","Reverse",1000,31,694560,217500,true,true
"bubble","Reverse",1000,32,694336,217500,true,true
"bubble","Reverse",1000,33,694400,217400,true,true
"bubble","Reverse",1000,34,719648,225400,true,true
"bubble","Reverse",1000,35,694400,217500,true,true
"bubble","Reverse",1000,36,694464,217500,true,true
"bubble","Reverse",1000,37,694528,217500,true,true
"bubble","Reverse",1000,38,694528,217600,true,true
"bubble","Reverse",1000,39,727360,227800,true,true
"bubble","Reverse",1000,40,694624,217600,true,true
"bubble","Reverse",1000,41,694336,217500,true,true
"bubble","Reverse",1000,42,694816,217600,true,true
"bubble","Reverse",1000,43,720032,225500,true,true
"bubble","Reverse",1000,44,694304,217500,true,true
"bubble","Reverse",1000,45,694400,217500,true,true
"bubble","Reverse",1000,46,694464,217500,true,true
"bubble","Reverse",1000,47,700608,219400,true,true
"bubble","Reverse",1000,48,717728,224900,true,true
"bubble","Reverse",1000,49,694528,217500,true,true
"bubble","Reverse",1000,50,694400,217500,true,true
"bubble","Reverse",1000,51,694496,217500,true,true
"bubble","Reverse",1000,52,694464,217500,true,true
"bubble","Reverse",1000,53,721280,226000,true,true
"bubble","Reverse",1000,54,694496,217600,true,true
"bubble","Reverse",1000,55,704288,220600,true,true
"bubble","Reverse",1000,56,694400,217500,true,true
"bubble","Reverse",1000,57,718176,225000,true,true
"bubble","Reverse",1000,58,694432,217500,true,true
"bubble","Reverse",1000,59,769120,240900,true,true
"bubble","Reverse",1000,60,737472,231000,true,true
"bubble","Reverse",1000,61,720000,225500,true,true
"bubble","Reverse",1000,62,694496,217500,true,true
"bubble","Reverse",1000,63,790592,247600,true,true
"bubble","Reverse",1000,64,694272,217500,true,true
"bubble","Reverse",1000,65,694496,217500,true,true
"bubble","Reverse",1000,66,721440,226000,true,true
"bubble","Reverse",1000,67,694400,217500,true,true
"bubble","Reverse",1000,68,694400,217500,true,true
"bubble","Reverse",1000,69,694592,217500,true,true
"bubble","Reverse",1000,70,717600,224700,true,true
"bubble","Reverse",1000,71,704480,220700,true,true
"bubble","Reverse",1000,72,694656,217500,true,true
"bubble","Reverse",1000,73,694496,217500,true,true
"bubble","Reverse",1000,74,694880,217600,true,true
"bubble","Reverse",1000,75,732288,229300,true,true
"bubble","Reverse",1000,76,741984,232300,true,true
"bubble","Reverse",1000,77,811136,254200,true,true
"bubble","Reverse",1000,78,821760,259100,true,true
"bubble","Reverse",1000,79,1420800,445100,true,true
"bubble","Reverse",1000,80,717312,224700,true,true
"bubble","Reverse",1000,81,693664,217300,true,true
"bubble","Reverse",1000,82,694304,217400,true,true
"bubble","Reverse",1000,83,734368,230000,true,true
"bubble","Reverse",1000,84,742816,232700,true,true
"bubble","Reverse",1000,85,886065,278200,true,true
"bubble","Reverse",1000,86,865312,271000,true,true
"bubble","Reverse",1000,87,741216,232100,true,true
"bubble","Reverse",1000,88,807456,252900,true,true
"bubble","Reverse",1000,89,744352,233200,true,true
"bubble","Reverse",1000,90,694304,217500,true,true
"bubble","Reverse",1000,91,694432,217400,true,true
"bubble","Reverse",1000,92,711680,222900,true,true
"bubble","Reverse",1000,93,706880,221400,true,true
"bubble","Reverse",1000,94,728544,228200,true,true
"bubble","Reverse",1000,95,690720,216800,true,true
"bubble","Reverse",1000,96,747808,234200,true,true
"bubble","Reverse",1000,97,816032,256000,true,true
"bubble","Reverse",1000,98,931712,291900,true,true
"bubble","Reverse",1000,99,859744,269400,true,true
"insertion","Reverse",1000,0,512992,160700,true,true
"insertion","Reverse",1000,1,478976,150100,true,true
"insertion","Reverse",1000,2,478976,150000,true,true
"insertion","Reverse",1000,3,478880,150000,true,true
"insertion","Reverse",1000,4,478976,150000,true,true
"insertion","Reverse",1000,5,489696,153400,true,true
"insertion","Reverse",1000,6,478944,150100,true,true
"insertion","Reverse",1000,7,511328,160200,true,true
"insertion","Reverse",1000,8,478912,150000,true,true
"insertion","Reverse",1000,9,478944,150000,true,true
"insertion","Reverse",1000,10,478944,150000,true,true
"insertion","Reverse",1000,11,478944,150100,true,true
"insertion","Reverse",1000,12,478944,150000,true,true
"insertion","Reverse",1000,13,478976,150000,true,true
"insertion","Reverse",1000,14,508448,159300,true,true
"insertion","Reverse",1000,15,479008,150200,true,true
"insertion","Reverse",1000,16,478976,150100,true,true
"insertion","Reverse",1000,17,479008,150000,true,true
"insertion","Reverse",1000,18,489504,153300,true,true
"insertion","Reverse",1000,19,478976,150000,true,true
"insertion","Reverse",1000,20,506304,158600,true,true
"insertion","Reverse",1000,21,478880,150000,true,true
"insertion","Reverse",1000,22,479040,150100,true,true
"insertion","Reverse",1000,23,478976,150000,true,true
"insertion","Reverse",1000,24,478944,150000,true,true
"insertion","Reverse",1000,25,478944,150100,true,true
"insertion","Reverse",1000,26,478976,150000,true,true
"insertion","Reverse",1000,27,505248,158200,true,true
"insertion","Reverse",1000,28,478944,150000,true,true
"insertion","Reverse",1000,29,488832,153100,true,true
"insertion","Reverse",1000,30,478944,150000,true,true
"insertion","Reverse",1000,31,479008,150000,true,true
"insertion","Reverse",1000,32,478944,150000,true,true
"insertion","Reverse",1000,33,506496,158700,true,true
"insertion","Reverse",1000,34,478976,150000,true,true
"insertion","Reverse",1000,35,478976,150000,true,true
"insertion","Reverse",1000,36,478912,150000,true,true
"insertion","Reverse",1000,37,478976,150000,true,true
"insertion","Reverse",1000,38,478976,150100,true,true
"insertion","Reverse",1000,39,478976,150000,true,true
"insertion","Reverse",1000,40,502912,157500,true,true
"insertion","Reverse",1000,41,478944,150000,true,true
"insertion","Reverse",1000,42,478976,150000,true,true
"insertion","Reverse",1000,43,487104,152500,true,true
"insertion","Reverse",1000,44,478944,150000,true,true
"insertion","Reverse",1000,45,478944,150000,true,true
"insertion","Reverse",1000,46,502208,157300,true,true
"insertion","Reverse",1000,47,479040,150100,true,true
"insertion","Reverse",1000,48,478912,150000,true,true
"insertion","Reverse",1000,49,502080,157300,true,true
"insertion","Reverse",1000,50,478880,150000,true,true
"insertion","Reverse",1000,51,479264,150100,true,true
"insertion","Reverse",1000,52,478944,150000,true,true
"insertion","Reverse",1000,53,508480,159300,true,true
"insertion","Reverse",1000,54,480448,150500,true,true
"insertion","Reverse",1000,55,478976,150000,true,true
"insertion","Reverse",1000,56,578080,181100,true,true
"insertion","Reverse",1000,57,479104,150200,true,true
"insertion","Reverse",1000,58,479392,150200,true,true
"insertion","Reverse",1000,59,525568,164600,true,true
"insertion","Reverse",1000,60,480160,150400,true,true
"insertion","Reverse",1000,61,478976,150000,true,true
"insertion","Reverse",1000,62,479328,150100,true,true
"insertion","Reverse",1000,63,478912,150000,true,true
"insertion","Reverse",1000,64,478976,150000,true,true
"insertion","Reverse",1000,65,478976,150100,true,true
"insertion","Reverse",1000,66,516064,161600,true,true
"insertion","Reverse",1000,67,590624,185000,true,true
"insertion","Reverse",1000,68,666336,208900,true,true
"insertion","Reverse",1000,69,480448,150500,true,true
"insertion","Reverse",1000,70,478944,150300,true,true
"insertion","Reverse",1000,71,478880,150000,true,true
"insertion","Reverse",1000,72,525728,164600,true,true
"insertion","Reverse",1000,73,478976,150000,true,true
"insertion","Reverse",1000,74,478784,150000,true,true
"insertion","Reverse",1000,75,478976,150000,true,true
"insertion","Reverse",1000,76,478912,150000,true,true
"insertion","Reverse",1000,77,478944,150000,true,true
"insertion","Reverse",1000,78,515904,161600,true,true
"insertion","Reverse",1000,79,478944,150000,true,true
"insertion","Reverse",1000,80,478976,150000,true,true
"insertion","Reverse",1000,81,490848,153800,true,true
"insertion","Reverse",1000,82,478912,150000,true,true
"insertion","Reverse",1000,83,478976,150100,true,true
"insertion","Reverse",1000,84,479264,150100,true,true
"insertion","Reverse",1000,85,510368,159800,true,true
"insertion","Reverse",1000,86,478944,150000,true,true
"insertion","Reverse",1000,87,478976,150100,true,true
"insertion","Reverse",1000,88,479008,150000,true,true
"insertion","Reverse",1000,89,478944,150100,true,true
"insertion","Reverse",1000,90,478944,150000,true,true
"insertion","Reverse",1000,91,505696,158600,true,true
"insertion","Reverse",1000,92,478976,150100,true,true
"insertion","Reverse",1000,93,478976,150100,true,true
"insertion","Reverse",1000,94,489664,153400,true,true
"insertion","Reverse",1000,95,478944,150000,true,true
"insertion","Reverse",1000,96,478976,150100,true,true
"insertion","Reverse",1000,97,478944,150100,true,true
"insertion","Reverse",1000,98,505920,158400,true,true
"insertion","Reverse",1000,99,478976,150000,true,true
"selection","Reverse",1000,0,490080,153500,true,true
"selection","Reverse",1000,1,489632,153400,true,true
"selection","Reverse",1000,2,489664,153400,true,true
"selection","Reverse",1000,3,515072,161400,true,true
"selection","Reverse",1000,4,490080,153600,true,true
"selection","Reverse",1000,5,489632,153400,true,true
"selection","Reverse",1000,6,489984,153700,true,true
"selection","Reverse",1000,7,489600,153500,true,true
"selection","Reverse",1000,8,489600,153500,true,true
"selection","Reverse",1000,9,490048,153400,true,true
"selection","Reverse",1000,10,519264,162600,true,true
"selection","Reverse",1000,11,508032,159300,true,true
"selection","Reverse",1000,12,490016,153500,true,true
"selection","Reverse",1000,13,489696,153400,true,true
"selection","Reverse",1000,14,490016,153400,true,true
"selection","Reverse",1000,15,489984,153400,true,true
"selection","Reverse",1000,16,513440,160800,true,true
"selection","Reverse",1000,17,490080,153500,true,true
"selection","Reverse",1000,18,490048,153500,true,true
"selection","Reverse",1000,19,489696,153400,true,true
"selection","Reverse",1000,20,490080,153500,true,true
"selection","Reverse",1000,21,490048,153500,true,true
"selection","Reverse",1000,22,514528,161100,true,true
"selection","Reverse",1000,23,487744,152800,true,true
"selection","Reverse",1000,24,496992,155600,true,true
"selection","Reverse",1000,25,489984,153500,true,true
"selection","Reverse",1000,26,489632,153300,true,true
"selection","Reverse",1000,27,489984,153500,true,true
"selection","Reverse",1000,28,489600,153400,true,true
"selection","Reverse",1000,29,515104,161300,true,true
"selection","Reverse",1000,30,487808,152800,true,true
"selection","Reverse",1000,31,487424,152700,true,true
"selection","Reverse",1000,32,487712,152800,true,true
"selection","Reverse",1000,33,487808,152800,true,true
"selection","Reverse",1000,34,487712,152700,true,true
"selection","Reverse",1000,35,675296,211900,true,true
"selection","Reverse",1000,36,509472,159800,true,true
"selection","Reverse",1000,37,490272,153600,true,true
"selection","Reverse",1000,38,490272,153600,true,true
"selection","Reverse",1000,39,490048,153500,true,true
"selection","Reverse",1000,40,490080,153500,true,true
"selection","Reverse",1000,41,521472,163300,true,true
"selection","Reverse",1000,42,496672,155500,true,true
"selection","Reverse",1000,43,498496,156100,true,true
"selection","Reverse",1000,44,498016,156000,true,true
"selection","Reverse",1000,45,496352,155500,true,true
"selection","Reverse",1000,46,496352,155500,true,true
"selection","Reverse",1000,47,498240,156000,true,true
"selection","Reverse",1000,48,524224,164200,true,true
"selection","Reverse",1000,49,507136,158800,true,true
"selection","Reverse",1000,50,498272,156100,true,true
"selection","Reverse",1000,51,496352,155500,true,true
"selection","Reverse",1000,52,560544,175600,true,true
"selection","Reverse",1000,53,494528,154900,true,true
"selection","Reverse",1000,54,527744,165400,true,true
"selection","Reverse",1000,55,498208,156200,true,true
"selection","Reverse",1000,56,497760,155900,true,true
"selection","Reverse",1000,57,496224,155400,true,true
"selection","Reverse",1000,58,496224,155400,true,true
"selection","Reverse",1000,59,495872,155300,true,true
"selection","Reverse",1000,60,528448,165500,true,true
"selection","Reverse",1000,61,504800,158100,true,true
"selection","Reverse",1000,62,494016,154800,true,true
"selection","Reverse",1000,63,494336,154800,true,true
"selection","Reverse",1000,64,494080,154700,true,true
"selection","Reverse",1000,65,493952,154700,true,true
"selection","Reverse",1000,66,494368,154800,true,true
"selection","Reverse",1000,67,524160,164100,true,true
"selection","Reverse",1000,68,495968,155400,true,true
"selection","Reverse",1000,69,496288,155400,true,true
"selection","Reverse",1000,70,496320,155500,true,true
"selection","Reverse",1000,71,495968,155300,true,true
"selection","Reverse",1000,72,496320,155400,true,true
"selection","Reverse",1000,73,521056,163200,true,true
"selection","Reverse",1000,74,507520,159000,true,true
"selection","Reverse",1000,75,497952,156000,true,true
"selection","Reverse",1000,76,497952,155900,true,true
"selection","Reverse",1000,77,496352,155400,true,true
"selection","Reverse",1000,78,495968,155300,true,true
"selection","Reverse",1000,79,522048,163700,true,true
"selection","Reverse",1000,80,496448,155500,true,true
"selection","Reverse",1000,81,495936,155400,true,true
"selection","Reverse",1000,82,498240,156400,true,true
"selection","Reverse",1000,83,496352,155500,true,true
"selection","Reverse",1000,84,496288,155500,true,true
"selection","Reverse",1000,85,496224,155500,true,true
"selection","Reverse",1000,86,520768,163200,true,true
"selection","Reverse",1000,87,504096,157900,true,true
"selection","Reverse",1000,88,498144,156000,true,true
"selection","Reverse",1000,89,495840,155300,true,true
"selection","Reverse",1000,90,496224,155400,true,true
"selection","Reverse",1000,91,496224,155400,true,true
"selection","Reverse",1000,92,523392,164000,true,true
"selection","Reverse",1000,93,496512,155500,true,true
"selection","Reverse",1000,94,496352,155400,true,true
"selection","Reverse",1000,95,495840,155300,true,true
"selection","Reverse",1000,96,496224,155400,true,true
"selection","Reverse",1000,97,496192,155400,true,true
"selection","Reverse",1000,98,521184,163300,true,true
"selection","Reverse",1000,99,496128,155400,true,true
"merge","Reverse",1000,0,25984,8200,true,true
"merge","Reverse",1000,1,25888,8100,true,true
"merge","Reverse",1000,2,25952,8300,true,true
"merge","Reverse",1000,3,26048,8200,true,true
"merge","Reverse",1000,4,25888,8100,true,true
"merge","Reverse",1000,5,26080,8200,true,true
"merge","Reverse",1000,6,25920,8200,true,true
"merge","Reverse",1000,7,25856,8100,true,true
"merge","Reverse",1000,8,26016,8200,true,true
"merge","Reverse",1000,9,25984,8200,true,true
"merge","Reverse",1000,10,26016,8200,true,true
"merge","Reverse",1000,11,26336,8300,true,true
"merge","Reverse",1000,12,26016,8200,true,true
"merge","Reverse",1000,13,26048,8200,true,true
"merge","Reverse",1000,14,26112,8200,true,true
"merge","Reverse",1000,15,26080,8200,true,true
"merge","Reverse",1000,16,26016,8200,true,true
"merge","Reverse",1000,17,25952,8200,true,true
"merge","Reverse",1000,18,25984,8200,true,true
"merge","Reverse",1000,19,25824,8100,true,true
"merge","Reverse",1000,20,25920,8200,true,true
"merge","Reverse",1000,21,25888,8200,true,true
"merge","Reverse",1000,22,25824,8100,true,true
"merge","Reverse",1000,23,25888,8100,true,true
"merge","Reverse",1000,24,25856,8100,true,true
"merge","Reverse",1000,25,25792,8100,true,true
"merge","Reverse",1000,26,25920,8200,true,true
"merge","Reverse",1000,27,25824,8200,true,true
"merge","Reverse",1000,28,25920,8200,true,true
"merge","Reverse",1000,29,25824,8200,true,true
"merge","Reverse",1000,30,25888,8200,true,true
"merge","Reverse",1000,31,25920,8100,true,true
"merge","Reverse",1000,32,25856,8100,true,true
"merge","Reverse",1000,33,25920,8200,true,true
"merge","Reverse",1000,34,25920,8100,true,true
"merge","Reverse",1000,35,25888,8100,true,true
"merge","Reverse",1000,36,25920,8200,true,true
"merge","Reverse",1000,37,25920,8200,true,true
"merge","Reverse",1000,38,25888,8200,true,true
"merge","Reverse",1000,39,25888,8200,true,true
"merge","Reverse",1000,40,25920,8200,true,true
"merge","Reverse",1000,41,25920,8200,true,true
"merge","Reverse",1000,42,25888,8300,true,true
"merge","Reverse",1000,43,25952,8200,true,true
"merge","Reverse",1000,44,26016,8200,true,true
"merge","Reverse",1000,45,25888,8100,true,true
"merge","Reverse",1000,46,25824,8100,true,true
"merge","Reverse",1000,47,25984,8200,true,true
"merge","Reverse",1000,48,26240,8300,true,true
"merge","Reverse",1000,49,25792,8300,true,true
"merge","Reverse",1000,50,25984,8200,true,true
"merge","Reverse",1000,51,26176,8200,true,true
"merge","Reverse",1000,52,25888,8100,true,true
"merge","Reverse",1000,53,25920,8200,true,true
"merge","Reverse",1000,54,26048,8200,true,true
"merge","Reverse",1000,55,25952,8200,true,true
"merge","Reverse",1000,56,25856,8100,true,true
"merge","Reverse",1000,57,25920,8100,true,true
"merge","Reverse",1000,58,25920,8200,true,true
"merge","Reverse",1000,59,25856,8200,true,true
"merge","Reverse",1000,60,25856,8200,true,true
"merge","Reverse",1000,61,25856,8100,true,true
"merge","Reverse",1000,62,25888,8200,true,true
"merge","Reverse",1000,63,25888,8200,true,true
"merge","Reverse",1000,64,25792,8100,true,true
"merge","Reverse",1000,65,25888,8200,true,true
"merge","Reverse",1000,66,25984,8100,true,true
"merge","Reverse",1000,67,25952,8200,true,true
"merge","Reverse",1000,68,25952,8200,true,true
"merge","Reverse",1000,69,26176,8300,true,true
"merge","Reverse",1000,70,26080,8200,true,true
"merge","Reverse",1000,71,25856,8100,true,true
"merge","Reverse",1000,72,26048,8200,true,true
"merge","Reverse",1000,73,25984,8200,true,true
"merge","Reverse",1000,74,25952,8200,true,true
"merge","Reverse",1000,75,25888,8100,true,true
"merge","Reverse",1000,76,25984,8200,true,true
"merge","Reverse",1000,77,25920,8200,true,true
"merge","Reverse",1000,78,26048,8200,true,true
"merge","Reverse",1000,79,26016,8200,true,true
"merge","Reverse",1000,80,25952,8200,true,true
"merge","Reverse",1000,81,26208,8300,true,true
"merge","Reverse",1000,82,25888,8200,true,true
"merge","Reverse",1000,83,26144,8300,true,true
"merge","Reverse",1000,84,25984,8200,true,true
"merge","Reverse",1000,85,26112,8200,true,true
"merge","Reverse",1000,86,26080,8200,true,true
"merge","Reverse",1000,87,25984,8200,true,true
"merge","Reverse",1000,88,25952,8100,true,true
"merge","Reverse",1000,89,25888,8100,true,true
"merge","Reverse",1000,90,26016,8200,true,true
"merge","Reverse",1000,91,26048,8200,true,true
"merge","Reverse",1000,92,26112,8200,true,true
"merge","Reverse",1000,93,25952,8200,true,true
"merge","Reverse",1000,94,25984,8200,true,true
"merge","Reverse",1000,95,25952,8200,true,true
"merge","Reverse",1000,96,25984,8200,true,true
"merge","Reverse",1000,97,26080,8200,true,true
"merge","Reverse",1000,98,25952,8200,true,true
"merge","Reverse",1000,99,25920,8100,true,true
"quicksort","Reverse",1000,0,12384,3900,true,true
"quicksort","Reverse",1000,1,12416,4000,true,true
"quicksort","Reverse",1000,2,12448,4000,true,true
"quicksort","Reverse",1000,3,12416,4000,true,true
"quicksort","Reverse",1000,4,12384,4000,true,true
"quicksort","Reverse",1000,5,12416,4000,true,true
"quicksort","Reverse",1000,6,12352,3900,true,true
"quicksort","Reverse",1000,7,12384,3900,true,true
"quicksort","Reverse",1000,8,12384,3900,true,true
"quicksort","Reverse",1000,9,12544,3900,true,true
"quicksort","Reverse",1000,10,12416,3900,true,true
"quicksort","Reverse",1000,11,12384,3900,true,true
"quicksort","Reverse",1000,12,12384,4000,true,true
"quicksort","Reverse",1000,13,12352,4000,true,true
"quicksort","Reverse",1000,14,12384,4100,true,true
"quicksort","Reverse",1000,15,12384,4000,true,true
"quicksort","Reverse",1000,16,12416,4000,true,true
"quicksort","Reverse",1000,17,12672,4000,true,true
"quicksort","Reverse",1000,18,12512,4000,true,true
"quicksort","Reverse",1000,19,12480,4000,true,true
"quicksort","Reverse",1000,20,12480,4000,true,true
"quicksort","Reverse",1000,21,12512,4000,true,true
"quicksort","Reverse",1000,22,12544,3900,true,true
"quicksort","Reverse",1000,23,12512,3900,true,true
"quicksort","Reverse",1000,24,12480,3900,true,true
"quicksort","Reverse",1000,25,12512,4000,true,true
"quicksort","Reverse",1000,26,12480,4000,true,true
"quicksort","Reverse",1000,27,12512,4000,true,true
"quicksort","Reverse",1000,28,12512,4000,true,true
"quicksort","Reverse",1000,29,12512,4000,true,true
"quicksort","Reverse",1000,30,12512,4000,true,true
"quicksort","Reverse",1000,31,12512,4000,true,true
"quicksort","Reverse",1000,32,12480,4000,true,true
"quicksort","Reverse",1000,33,12704,4000,true,true
"quicksort","Reverse",1000,34,12576,4000,true,true
"quicksort","Reverse",1000,35,12608,4000,true,true
"quicksort","Reverse",1000,36,12576,4000,true,true
"quicksort","Reverse",1000,37,12576,4000,true,true
"quicksort","Reverse",1000,38,12608,4000,true,true
"quicksort","Reverse",1000,39,12576,4000,true,true
"quicksort","Reverse",1000,40,12576,4000,true,true
"quicksort","Reverse",1000,41,12576,4000,true,true
"quicksort","Reverse",1000,42,12608,4300,true,true
"quicksort","Reverse",1000,43,12576,4000,true,true
"quicksort","Reverse",1000,44,12608,4000,true,true
"quicksort","Reverse",1000,45,12576,4000,true,true
"quicksort","Reverse",1000,46,12576,4000,true,true
"quicksort","Reverse",1000,47,12576,4000,true,true
"quicksort","Reverse",1000,48,12576,4000,true,true
"quicksort","Reverse",1000,49,12576,4000,true,true
"quicksort","Reverse",1000,50,12608,4000,true,true
"quicksort","Reverse",1000,51,12608,4000,true,true
"quicksort","Reverse",1000,52,12608,4000,true,true
"quicksort","Reverse",1000,53,12576,4000,true,true
"quicksort","Reverse",1000,54,12576,4000,true,true
"quicksort","Reverse",1000,55,12576,4000,true,true
"quicksort","Reverse",1000,56,12576,4000,true,true
"quicksort","Reverse",1000,57,12608,4000,true,true
"quicksort","Reverse",1000,58,12608,4000,true,true
"quicksort","Reverse",1000,59,12608,4200,true,true
"quicksort","Reverse",1000,60,12576,4000,true,true
"quicksort","Reverse",1000,61,12576,4000,true,true
"quicksort","Reverse",1000,62,12576,4000,true,true
"quicksort","Reverse",1000,63,12576,3900,true,true
"quicksort","Reverse",1000,64,12608,4000,true,true
"quicksort","Reverse",1000,65,12864,4100,true,true
"quicksort","Reverse",1000,66,12672,4100,true,true
"quicksort","Reverse",1000,67,12672,4000,true,true
"quicksort","Reverse",1000,68,12672,4000,true,true
"quicksort","Reverse",1000,69,12640,4000,true,true
"quicksort","Reverse",1000,70,12672,4000,true,true
"quicksort","Reverse",1000,71,12672,4100,true,true
"quicksort","Reverse",1000,72,12672,4000,true,true
"quicksort","Reverse",1000,73,12672,4200,true,true
"quicksort","Reverse",1000,74,12672,4100,true,true
"quicksort","Reverse",1000,75,12672,4000,true,true
"quicksort","Reverse",1000,76,12704,4000,true,true
"quicksort","Reverse",1000,77,12736,4100,true,true
"quicksort","Reverse",1000,78,12672,4100,true,true
"quicksort","Reverse",1000,79,12672,4100,true,true
"quicksort","Reverse",1000,80,12672,4000,true,true
"quicksort","Reverse",1000,81,12672,4000,true,true
"quicksort","Reverse",1000,82,12640,4000,true,true
"quicksort","Reverse",1000,83,12672,4000,true,true
"quicksort","Reverse",1000,84,12704,4100,true,true
"quicksort","Reverse",1000,85,12672,4000,true,true
"quicksort","Reverse",1000,86,12704,4000,true,true
"quicksort","Reverse",1000,87,12672,4100,true,true
"quicksort","Reverse",1000,88,12672,4000,true,true
"quicksort","Reverse",1000,89,12640,4100,true,true
"quicksort","Reverse",1000,90,12672,4000,true,true
"quicksort","Reverse",1000,91,12672,4000,true,true
"quicksort","Reverse",1000,92,12672,4000,true,true
"quicksort","Reverse",1000,93,12672,4000,true,true
"quicksort","Reverse",1000,94,12672,4200,true,true
"quicksort","Reverse",1000,95,12672,4100,true,true
"quicksort","Reverse",1000,96,12672,4100,true,true
"quicksort","Reverse",1000,97,12704,4200,true,true
"quicksort","Reverse",1000,98,12704,4200,true,true
"quicksort","Reverse",1000,99,12672,4100,true,true
"heap","Reverse",1000,0,30176,9500,true,true
"heap","Reverse",1000,1,30208,9500,true,true
"heap","Reverse",1000,2,30144,9500,true,true
"heap","Reverse",1000,3,30400,9600,true,true
"heap","Reverse",1000,4,30176,9400,true,true
"heap","Reverse",1000,5,30240,9500,true,true
"heap","Reverse",1000,6,30304,9500,true,true
"heap","Reverse",1000,7,30144,9500,true,true
"heap","Reverse",1000,8,30208,9500,true,true
"heap","Reverse",1000,9,30208,9500,true,true
"heap","Reverse",1000,10,30176,9500,true,true
"heap","Reverse",1000,11,30144,9500,true,true
"heap","Reverse",1000,12,30240,9500,true,true
"heap","Reverse",1000,13,30176,9500,true,true
"heap","Reverse",1000,14,30176,9500,true,true
"heap","Reverse",1000,15,30432,9500,true,true
"heap","Reverse",1000,16,30336,9500,true,true
"heap","Reverse",1000,17,30176,9600,true,true
"heap","Reverse",1000,18,30336,9600,true,true
"heap","Reverse",1000,19,30304,9500,true,true
"heap","Reverse",1000,20,30208,9500,true,true
"heap","Reverse",1000,21,30144,9500,true,true
"heap","Reverse",1000,22,30208,9500,true,true
"heap","Reverse",1000,23,30208,9500,true,true
"heap","Reverse",1000,24,30208,9500,true,true
"heap","Reverse",1000,25,30336,9500,true,true
"heap","Reverse",1000,26,30176,9600,true,true
"heap","Reverse",1000,27,30240,9500,true,true
"heap","Reverse",1000,28,30272,9500,true,true
"heap","Reverse",1000,29,30240,9600,true,true
"heap","Reverse",1000,30,30144,9500,true,true
"heap","Reverse",1000,31,30112,9500,true,true
"heap","Reverse",1000,32,30176,9500,true,true
"heap","Reverse",1000,33,30336,9500,true,true
"heap","Reverse",1000,34,30176,9500,true,true
"heap","Reverse",1000,35,30272,9500,true,true
"heap","Reverse",1000,36,30208,9500,true,true
"heap","Reverse",1000,37,30272,9500,true,true
"heap","Reverse",1000,38,30144,9500,true,true
"heap","Reverse",1000,39,30176,9500,true,true
"heap","Reverse",1000,40,30176,9500,true,true
"heap","Reverse",1000,41,30176,9500,true,true
"heap","Reverse",1000,42,30208,9500,true,true
"heap","Reverse",1000,43,30176,9500,true,true
"heap","Reverse",1000,44,30144,9500,true,true
"heap","Reverse",1000,45,30240,9600,true,true
"heap","Reverse",1000,46,30048,9500,true,true
"heap","Reverse",1000,47,30080,9500,true,true
"heap","Reverse",1000,48,30304,9600,true,true
"heap","Reverse",1000,49,30240,9500,true,true
"heap","Reverse",1000,50,30112,9500,true,true
"heap","Reverse",1000,51,30208,9500,true,true
"heap","Reverse",1000,52,30176,9500,true,true
"heap","Reverse",1000,53,30176,9500,true,true
"heap","Reverse",1000,54,30208,9500,true,true
"heap","Reverse",1000,55,30144,9500,true,true
"heap","Reverse",1000,56,30144,9500,true,true
"heap","Reverse",1000,57,30240,9600,true,true
"heap","Reverse",1000,58,30432,9600,true,true
"heap","Reverse",1000,59,30176,9500,true,true
"heap","Reverse",1000,60,30368,9600,true,true
"heap","Reverse",1000,61,30432,9500,true,true
"heap","Reverse",1000,62,30208,9500,true,true
"heap","Reverse",1000,63,30368,9600,true,true
"heap","Reverse",1000,64,30080,9500,true,true
"heap","Reverse",1000,65,30176,9500,true,true
"heap","Reverse",1000,66,30304,9500,true,true
"heap","Reverse",1000,67,30176,9500,true,true
"heap","Reverse",1000,68,30048,9400,true,true
"heap","Reverse",1000,69,30208,9500,true,true
"heap","Reverse",1000,70,30240,9600,true,true
"heap","Reverse",1000,71,30304,9600,true,true
"heap","Reverse",1000,72,30208,9500,true,true
"heap","Reverse",1000,73,30400,9500,true,true
"heap","Reverse",1000,74,30048,9400,true,true
"heap","Reverse",1000,75,30144,9500,true,true
"heap","Reverse",1000,76,30176,9500,true,true
"heap","Reverse",1000,77,30112,9500,true,true
"heap","Reverse",1000,78,30368,9500,true,true
"heap","Reverse",1000,79,30176,9500,true,true
"heap","Reverse",1000,80,30144,9500,true,true
"heap","Reverse",1000,81,30112,9500,true,true
"heap","Reverse",1000,82,30240,9500,true,true
"heap","Reverse",1000,83,30144,9500,true,true
"heap","Reverse",1000,84,30176,9500,true,true
"heap","Reverse",1000,85,30016,9400,true,true
"heap","Reverse",1000,86,57952,18200,true,true
"heap","Reverse",1000,87,30048,9500,true,true
"heap","Reverse",1000,88,30208,9500,true,true
"heap","Reverse",1000,89,30432,9600,true,true
"heap","Reverse",1000,90,30272,9500,true,true
"heap","Reverse",1000,91,30368,9600,true,true
"heap","Reverse",1000,92,30144,9500,true,true
"heap","Reverse",1000,93,30240,9500,true,true
"heap","Reverse",1000,94,30304,9600,true,true
"heap","Reverse",1000,95,30208,9500,true,true
"heap","Reverse",1000,96,30208,9500,true,true
"heap","Reverse",1000,97,30208,9500,true,true
"heap","Reverse",1000,98,30240,9600,true,true
"heap","Reverse",1000,99,30080,9500,true,true
"std-sort","Reverse",1000,0,6624,2100,true,true
"std-sort","Reverse",1000,1,6592,2100,true,true
"std-sort","Reverse",1000,2,6560,2100,true,true
"std-sort","Reverse",1000,3,6560,2100,true,true
"std-sort","Reverse",1000,4,6592,2100,true,true
"std-sort","Reverse",1000,5,6592,2100,true,true
"std-sort","Reverse",1000,6,6624,2200,true,true
"std-sort","Reverse",1000,7,6624,2200,true,true
"std-sort","Reverse",1000,8,6688,2200,true,true
"std-sort","Reverse",1000,9,6656,2100,true,true
"std-sort","Reverse",1000,10,6688,2200,true,true
"std-sort","Reverse",1000,11,6592,2200,true,true
"std-sort","Reverse",1000,12,6592,2100,true,true
"std-sort","Reverse",1000,13,6592,2100,true,true
"std-sort","Reverse",1000,14,6560,2200,true,true
"std-sort","Reverse",1000,15,6592,2100,true,true
"std-sort","Reverse",1000,16,6560,2200,true,true
"std-sort","Reverse",1000,17,6688,2200,true,true
"std-sort","Reverse",1000,18,6944,2200,true,true
"std-sort","Reverse",1000,19,6944,2200,true,true
"std-sort","Reverse",1000,20,6656,2100,true,true
"std-sort","Reverse",1000,21,6656,2200,true,true
"std-sort","Reverse",1000,22,6624,2200,true,true
"std-sort","Reverse",1000,23,6592,2100,true,true
"std-sort","Reverse",1000,24,6624,2100,true,true
"std-sort","Reverse",1000,25,6592,2100,true,true
"std-sort","Reverse",1000,26,6592,2100,true,true
"std-sort","Reverse",1000,27,6624,2200,true,true
"std-sort","Reverse",1000,28,6624,2100,true,true
"std-sort","Reverse",1000,29,6560,2200,true,true
"std-sort","Reverse",1000,30,6592,2100,true,true
"std-sort","Reverse",1000,31,6560,2100,true,true
"std-sort","Reverse",1000,32,6592,2100,true,true
"std-sort","Reverse",1000,33,6688,2200,true,true
"std-sort","Reverse",1000,34,6560,2100,true,true
"std-sort","Reverse",1000,35,6592,2100,true,true
"std-sort","Reverse",1000,36,6592,2100,true,true
"std-sort","Reverse",1000,37,6560,2100,true,true
"std-sort","Reverse",1000,38,6592,2200,true,true
"std-sort","Reverse",1000,39,6592,2100,true,true
"std-sort","Reverse",1000,40,6624,2100,true,true
"std-sort","Reverse",1000,41,6624,2100,true,true
"std-sort","Reverse",1000,42,6592,2200,true,true
"std-sort","Reverse",1000,43,6720,2100,true,true
"std-sort","Reverse",1000,44,6592,2100,true,true
"std-sort","Reverse",1000,45,6560,2200,true,true
"std-sort","Reverse",1000,46,6592,2100,true,true
"std-sort","Reverse",1000,47,6592,2100,true,true
"std-sort","Reverse",1000,48,6624,2100,true,true
"std-sort","Reverse",1000,49,6560,2100,true,true
"std-sort","Reverse",1000,50,6592,2100,true,true
"std-sort","Reverse",1000,51,6624,2100,true,true
"std-sort","Reverse",1000,52,6624,2200,true,true
"std-sort","Reverse",1000,53,6624,2100,true,true
"std-sort","Reverse",1000,54,6560,2100,true,true
"std-sort","Reverse",1000,55,6592,2100,true,true
"std-sort","Reverse",1000,56,6592,2100,true,true
"std-sort","Reverse",1000,57,6592,2100,true,true
"std-sort","Reverse",1000,58,6592,2100,true,true
"std-sort","Reverse",1000,59,6560,2200,true,true
"std-sort","Reverse",1000,60,6592,2100,true,true
"std-sort","Reverse",1000,61,6560,2100,true,true
"std-sort","Reverse",1000,62,6592,2100,true,true
"std-sort","Reverse",1000,63,6592,2100,true,true
"std-sort","Reverse",1000,64,6560,2100,true,true
"std-sort","Reverse",1000,65,6688,2100,true,true
"std-sort","Reverse",1000,66,6592,2100,true,true
"std-sort","Reverse",1000,67,6592,2100,true,true
"std-sort","Reverse",1000,68,6592,2100,true,true
"std-sort","Reverse",1000,69,6592,2100,true,true
"std-sort","Reverse",1000,70,6592,2100,true,true
"std-sort","Reverse",1000,71,6592,2200,true,true
"std-sort","Reverse",1000,72,6592,2100,true,true
"std-sort","Reverse",1000,73,6592,2100,true,true
"std-sort","Reverse",1000,74,6592,2100,true,true
"std-sort","Reverse",1000,75,6592,2100,true,true
"std-sort","Reverse",1000,76,6624,2200,true,true
"std-sort","Reverse",1000,77,6560,2100,true,true
"std-sort","Reverse",1000,78,6624,2200,true,true
"std-sort","Reverse",1000,79,6560,2100,true,true
"std-sort","Reverse",1000,80,6592,2100,true,true
"std-sort","Reverse",1000,81,6592,2100,true,true
"std-sort","Reverse",1000,82,6560,2100,true,true
"std-sort","Reverse",1000,83,6592,2200,true,true
"std-sort","Reverse",1000,84,6592,2100,true,true
"std-sort","Reverse",1000,85,6592,2200,true,true
"std-sort","Reverse",1000,86,6592,2100,true,true
"std-sort","Reverse",1000,87,6592,2100,true,true
"std-sort","Reverse",1000,88,6592,2100,true,true
"std-sort","Reverse",1000,89,6592,2100,true,true
"std-sort","Reverse",1000,90,6592,2100,true,true
"std-sort","Reverse",1000,91,6592,2100,true,true
"std-sort","Reverse",1000,92,6592,2100,true,true
"std-sort","Reverse",1000,93,6592,2100,true,true
"std-sort","Reverse",1000,94,6624,2100,true,true
"std-sort","Reverse",1000,95,6528,2100,true,true
"std-sort","Reverse",1000,96,6560,2100,true,true
"std-sort","Reverse",1000,97,6592,2100,true,true
"std-sort","Reverse",1000,98,6592,2100,true,true
"std-sort","Reverse",1000,99,6592,2100,true,true
"std-stable-sort","Reverse",1000,0,16832,5300,true,true
"std-stable-sort","Reverse",1000,1,16960,5400,true,true
"std-stable-sort","Reverse",1000,2,17088,5400,true,true
"std-stable-sort","Reverse",1000,3,16960,5400,true,true
"std-stable-sort","Reverse",1000,4,16864,5400,true,true
"std-stable-sort","Reverse",1000,5,16928,5300,true,true
"std-stable-sort","Reverse",1000,6,17216,5400,true,true
"std-stable-sort","Reverse",1000,7,17056,5400,true,true
"std-stable-sort","Reverse",1000,8,17024,5400,true,true
"std-stable-sort","Reverse",1000,9,17056,5400,true,true
"std-stable-sort","Reverse",1000,10,16960,5400,true,true
"std-stable-sort","Reverse",1000,11,16992,5400,true,true
"std-stable-sort","Reverse",1000,12,17056,5300,true,true
"std-stable-sort","Reverse",1000,13,17024,5400,true,true
"std-stable-sort","Reverse",1000,14,16992,5400,true,true
"std-stable-sort","Reverse",1000,15,17248,5500,true,true
"std-stable-sort","Reverse",1000,16,16992,5400,true,true
"std-stable-sort","Reverse",1000,17,17600,5500,true,true
"std-stable-sort","Reverse",1000,18,17472,5500,true,true
"std-stable-sort","Reverse",1000,19,17344,5400,true,true
"std-stable-sort","Reverse",1000,20,17472,5500,true,true
"std-stable-sort","Reverse",1000,21,17440,5600,true,true
"std-stable-sort","Reverse",1000,22,17408,5500,true,true
"std-stable-sort","Reverse",1000,23,17440,5600,true,true
"std-stable-sort","Reverse",1000,24,17280,5500,true,true
"std-stable-sort","Reverse",1000,25,17600,5600,true,true
"std-stable-sort","Reverse",1000,26,17344,5500,true,true
"std-stable-sort","Reverse",1000,27,17312,5500,true,true
"std-stable-sort","Reverse",1000,28,17504,5500,true,true
"std-stable-sort","Reverse",1000,29,17280,5500,true,true
"std-stable-sort","Reverse",1000,30,17408,5500,true,true
"std-stable-sort","Reverse",1000,31,17280,5400,true,true
"std-stable-sort","Reverse",1000,32,17408,5500,true,true
"std-stable-sort","Reverse",1000,33,17312,5500,true,true
"std-stable-sort","Reverse",1000,34,17312,5500,true,true
"std-stable-sort","Reverse",1000,35,17280,5400,true,true
"std-stable-sort","Reverse",1000,36,17344,5400,true,true
"std-stable-sort","Reverse",1000,37,17280,5500,true,true
"std-stable-sort","Reverse",1000,38,17248,5500,true,true
"std-stable-sort","Reverse",1000,39,17664,5600,true,true
"std-stable-sort","Reverse",1000,40,17504,5600,true,true
"std-stable-sort","Reverse",1000,41,17216,5400,true,true
"std-stable-sort","Reverse",1000,42,17216,5500,true,true
"std-stable-sort","Reverse",1000,43,17344,5500,true,true
"std-stable-sort","Reverse",1000,44,17408,5500,true,true
"std-stable-sort","Reverse",1000,45,17248,5400,true,true
"std-stable-sort","Reverse",1000,46,17216,5400,true,true
"std-stable-sort","Reverse",1000,47,17280,5400,true,true
"std-stable-sort","Reverse",1000,48,17280,5400,true,true
"std-stable-sort","Reverse",1000,49,17472,5500,true,true
"std-stable-sort","Reverse",1000,50,17248,5400,true,true
"std-stable-sort","Reverse",1000,51,17376,5500,true,true
"std-stable-sort","Reverse",1000,52,17248,5400,true,true
"std-stable-sort","Reverse",1000,53,17408,5500,true,true
"std-stable-sort","Reverse",1000,54,17312,5500,true,true
"std-stable-sort","Reverse",1000,55,17408,5500,true,true
"std-stable-sort","Reverse",1000,56,17728,5600,true,true
"std-stable-sort","Reverse",1000,57,17504,5600,true,true
"std-stable-sort","Reverse",1000,58,17344,5500,true,true
"std-stable-sort","Reverse",1000,59,17376,5500,true,true
"std-stable-sort","Reverse",1000,60,28000,8800,true,true
"std-stable-sort","Reverse",1000,61,17568,5600,true,true
"std-stable-sort","Reverse",1000,62,17568,5600,true,true
"std-stable-sort","Reverse",1000,63,17344,5500,true,true
"std-stable-sort","Reverse",1000,64,17344,5500,true,true
"std-stable-sort","Reverse",1000,65,17536,5500,true,true
"std-stable-sort","Reverse",1000,66,50528,15900,true,true
"std-stable-sort","Reverse",1000,67,17440,5500,true,true
"std-stable-sort","Reverse",1000,68,17472,5500,true,true
"std-stable-sort","Reverse",1000,69,17408,5500,true,true
"std-stable-sort","Reverse",1000,70,17440,5500,true,true
"std-stable-sort","Reverse",1000,71,17280,5500,true,true
"std-stable-sort","Reverse",1000,72,17248,5500,true,true
"std-stable-sort","Reverse",1000,73,17280,5400,true,true
"std-stable-sort","Reverse",1000,74,17344,5500,true,true
"std-stable-sort","Reverse",1000,75,17376,5500,true,true
"std-stable-sort","Reverse",1000,76,17376,5500,true,true
"std-stable-sort","Reverse",1000,77,17440,5500,true,true
"std-stable-sort","Reverse",1000,78,17408,5600,true,true
"std-stable-sort","Reverse",1000,79,17472,5500,true,true
"std-stable-sort","Reverse",1000,80,17376,5500,true,true
"std-stable-sort","Reverse",1000,81,17344,5500,true,true
"std-stable-sort","Reverse",1000,82,17632,5600,true,true
"std-stable-sort","Reverse",1000,83,17504,5500,true,true
"std-stable-sort","Reverse",1000,84,17376,5500,true,true
"std-stable-sort","Reverse",1000,85,17376,5500,true,true
"std-stable-sort","Reverse",1000,86,17568,5600,true,true
"std-stable-sort","Reverse",1000,87,17728,5600,true,true
"std-stable-sort","Reverse",1000,88,17504,5500,true,true
"std-stable-sort","Reverse",1000,89,17280,5400,true,true
"std-stable-sort","Reverse",1000,90,17344,5500,true,true
"std-stable-sort","Reverse",1000,91,17440,5500,true,true
"std-stable-sort","Reverse",1000,92,17344,5400,true,true
"std-stable-sort","Reverse",1000,93,17248,5500,true,true
"std-stable-sort","Reverse",1000,94,17408,5500,true,true
"std-stable-sort","Reverse",1000,95,17344,5500,true,true
"std-stable-sort","Reverse",1000,96,17312,5500,true,true
"std-stable-sort","Reverse",1000,97,17248,5500,true,true
"std-stable-sort","Reverse",1000,98,17280,5500,true,true
"std-stable-sort","Reverse",1000,99,17248,5500,true,true
"bubble","Reverse",5000,0,17463104,5468000,true,true
"bubble","Reverse",5000,1,17849696,5589100,true,true
"bubble","Reverse",5000,2,17466976,5469200,true,true
"bubble","Reverse",5000,3,17465792,5468900,true,true
"bubble","Reverse",5000,4,17568672,5501100,true,true
"bubble","Reverse",5000,5,17461920,5467800,true,true
"bubble","Reverse",5000,6,17499392,5479400,true,true
"bubble","Reverse",5000,7,17699040,5542100,true,true
"bubble","Reverse",5000,8,17623136,5518400,true,true
"bubble","Reverse",5000,9,17484256,5474800,true,true
"bubble","Reverse",5000,10,17693888,5541300,true,true
"bubble","Reverse",5000,11,17493248,5477300,true,true
"bubble","Reverse",5000,12,17451520,5464500,true,true
"bubble","Reverse",5000,13,17526336,5487700,true,true
"bubble","Reverse",5000,14,17440960,5460900,true,true
"bubble","Reverse",5000,15,17468256,5469600,true,true
"bubble","Reverse",5000,16,17493824,5477800,true,true
"bubble","Reverse",5000,17,17375040,5440400,true,true
"bubble","Reverse",5000,18,17345728,5431300,true,true
"bubble","Reverse",5000,19,17382336,5442600,true,true
"bubble","Reverse",5000,20,17273856,5408700,true,true
"bubble","Reverse",5000,21,17307104,5419100,true,true
"bubble","Reverse",5000,22,17222912,5392700,true,true
"bubble","Reverse",5000,23,17162272,5373700,true,true
"bubble","Reverse",5000,24,17210944,5389000,true,true
"bubble","Reverse",5000,25,17176256,5378100,true,true
"bubble","Reverse",5000,26,17068160,5344200,true,true
"bubble","Reverse",5000,27,17137536,5366000,true,true
"bubble","Reverse",5000,28,17086336,5350000,true,true
"bubble","Reverse",5000,29,17039744,5335500,true,true
"bubble","Reverse",5000,30,17039232,5335300,true,true
"bubble","Reverse",5000,31,17007392,5325400,true,true
"bubble","Reverse",5000,32,16950016,5307200,true,true
"bubble","Reverse",5000,33,16944192,5305400,true,true
"bubble","Reverse",5000,34,17025376,5330800,true,true
"bubble","Reverse",5000,35,17006560,5325100,true,true
"bubble","Reverse",5000,36,16964448,5311800,true,true
"bubble","Reverse",5000,37,17061024,5342200,true,true
"bubble","Reverse",5000,38,16994496,5321200,true,true
"bubble","Reverse",5000,39,17011008,5326600,true,true
"bubble","Reverse",5000,40,17176576,5378700,true,true
"bubble","Reverse",5000,41,17064832,5343200,true,true
"bubble","Reverse",5000,42,17037664,5334700,true,true
"bubble","Reverse",5000,43,17086752,5350000,true,true
"bubble","Reverse",5000,44,17059264,5341600,true,true
"bubble","Reverse",5000,45,17059168,5341400,true,true
"bubble","Reverse",5000,46,17113728,5358700,true,true
"bubble","Reverse",5000,47,17144768,5368300,true,true
"bubble","Reverse",5000,48,17100672,5354400,true,true
"bubble","Reverse",5000,49,17055008,5340200,true,true
"bubble","Reverse",5000,50,17055264,5340200,true,true
"bubble","Reverse",5000,51,17076416,5346800,true,true
"bubble","Reverse",5000,52,17003168,5323900,true,true
"bubble","Reverse",5000,53,18922255,5925000,true,true
"bubble","Reverse",5000,54,16689696,5225800,true,true
"bubble","Reverse",5000,55,16597984,5197100,true,true
"bubble","Reverse",5000,56,16707552,5231700,true,true
"bubble","Reverse",5000,57,16761664,5248500,true,true
"bubble","Reverse",5000,58,16779040,5253700,true,true
"bubble","Reverse",5000,59,16965248,5312000,true,true
"bubble","Reverse",5000,60,16949248,5307000,true,true
"bubble","Reverse",5000,61,16851584,5276400,true,true
"bubble","Reverse",5000,62,16979648,5316600,true,true
"bubble","Reverse",5000,63,16980288,5316900,true,true
"bubble","Reverse",5000,64,16907200,5293800,true,true
"bubble","Reverse",5000,65,16970944,5314000,true,true
"bubble","Reverse",5000,66,16994240,5321100,true,true
"bubble","Reverse",5000,67,16974208,5314800,true,true
"bubble","Reverse",5000,68,17192160,5383200,true,true
"bubble","Reverse",5000,69,17022560,5330300,true,true
"bubble","Reverse",5000,70,16982752,5317500,true,true
"bubble","Reverse",5000,71,17134880,5365100,true,true
"bubble","Reverse",5000,72,17058304,5341100,true,true
"bubble","Reverse",5000,73,17003456,5324000,true,true
"bubble","Reverse",5000,74,17183872,5380600,true,true
"bubble","Reverse",5000,75,17459104,5466700,true,true
"bubble","Reverse",5000,76,17172288,5376900,true,true
"bubble","Reverse",5000,77,17191264,5382800,true,true
"bubble","Reverse",5000,78,17091552,5351600,true,true
"bubble","Reverse",5000,79,16955040,5308800,true,true
"bubble","Reverse",5000,80,17771456,5564600,true,true
"bubble","Reverse",5000,81,17746112,5556700,true,true
"bubble","Reverse",5000,82,16954624,5308900,true,true
"bubble","Reverse",5000,83,17023168,5330200,true,true
"bubble","Reverse",5000,84,17016416,5328000,true,true
"bubble","Reverse",5000,85,16975264,5315200,true,true
"bubble","Reverse",5000,86,17040576,5335700,true,true
"bubble","Reverse",5000,87,16959680,5310300,true,true
"bubble","Reverse",5000,88,16998336,5322600,true,true
"bubble","Reverse",5000,89,17106272,5356700,true,true
"bubble","Reverse",5000,90,16972256,5314300,true,true
"bubble","Reverse",5000,91,16961120,5310700,true,true
"bubble","Reverse",5000,92,17031392,5332700,true,true
"bubble","Reverse",5000,93,17028448,5331900,true,true
"bubble","Reverse",5000,94,17213312,5389700,true,true
"bubble","Reverse",5000,95,17266112,5406300,true,true
"bubble","Reverse",5000,96,17050016,5338600,true,true
"bubble","Reverse",5000,97,17070528,5345000,true,true
"bubble","Reverse",5000,98,17363936,5436900,true,true
"bubble","Reverse",5000,99,17164384,5374400,true,true
"insertion","Reverse",5000,0,11996000,3756200,true,true
"insertion","Reverse",5000,1,11919904,3732500,true,true
"insertion","Reverse",5000,2,11972736,3748800,true,true
"insertion","Reverse",5000,3,12175424,3812600,true,true
"insertion","Reverse",5000,4,11947168,3740900,true,true
"insertion","Reverse",5000,5,11915968,3731300,true,true
"insertion","Reverse",5000,6,11935968,3737300,true,true
"insertion","Reverse",5000,7,12648608,3961800,true,true
"insertion","Reverse",5000,8,11988448,3753900,true,true
"insertion","Reverse",5000,9,11944928,3740200,true,true
"insertion","Reverse",5000,10,11911328,3729600,true,true
"insertion","Reverse",5000,11,12722176,3983900,true,true
"insertion","Reverse",5000,12,13664544,4280500,true,true
"insertion","Reverse",5000,13,11949504,3741600,true,true
"insertion","Reverse",5000,14,11936256,3737500,true,true
"insertion","Reverse",5000,15,11935008,3737100,true,true
"insertion","Reverse",5000,16,12088768,3785200,true,true
"insertion","Reverse",5000,17,11920032,3732300,true,true
"insertion","Reverse",5000,18,11941472,3739100,true,true
"insertion","Reverse",5000,19,11935776,3737300,true,true
"insertion","Reverse",5000,20,12099040,3788400,true,true
"insertion","Reverse",5000,21,11920576,3732500,true,true
"insertion","Reverse",5000,22,11937440,3737900,true,true
"insertion","Reverse",5000,23,11938752,3738200,true,true
"insertion","Reverse",5000,24,11936736,3737500,true,true
"insertion","Reverse",5000,25,11913248,3730200,true,true
"insertion","Reverse",5000,26,11938912,3738400,true,true
"insertion","Reverse",5000,27,11933024,3736400,true,true
"insertion","Reverse",5000,28,11929696,3735400,true,true
"insertion","Reverse",5000,29,12011456,3761000,true,true
"insertion","Reverse",5000,30,11999584,3757600,true,true
"insertion","Reverse",5000,31,11939936,3738500,true,true
"insertion","Reverse",5000,32,11932800,3736300,true,true
"insertion","Reverse",5000,33,12288736,3848800,true,true
"insertion","Reverse",5000,34,12994224,4069500,true,true
"insertion","Reverse",5000,35,11945600,3740400,true,true
"insertion","Reverse",5000,36,11919424,3732200,true,true
"insertion","Reverse",5000,37,11984416,3752500,true,true
"insertion","Reverse",5000,38,12132064,3799100,true,true
"insertion","Reverse",5000,39,11936064,3737300,true,true
"insertion","Reverse",5000,40,11915072,3730900,true,true
"insertion","Reverse",5000,41,11933920,3736900,true,true
"insertion","Reverse",5000,42,11953280,3742700,true,true
"insertion","Reverse",5000,43,11936032,3737600,true,true
"insertion","Reverse",5000,44,11910944,3729500,true,true
"insertion","Reverse",5000,45,11937024,3737600,true,true
"insertion","Reverse",5000,46,11936832,3737800,true,true
"insertion","Reverse",5000,47,12118752,3794700,true,true
"insertion","Reverse",5000,48,11913248,3730200,true,true
"insertion","Reverse",5000,49,11937536,3738000,true,true
"insertion","Reverse",5000,50,11932576,3736200,true,true
"insertion","Reverse",5000,51,12181952,3814300,true,true
"insertion","Reverse",5000,52,11942208,3739300,true,true
"insertion","Reverse",5000,53,11938784,3738200,true,true
"insertion","Reverse",5000,54,11932416,3736200,true,true
"insertion","Reverse",5000,55,12118464,3795100,true,true
"insertion","Reverse",5000,56,12273952,3843800,true,true
"insertion","Reverse",5000,57,11941216,3739000,true,true
"insertion","Reverse",5000,58,11940704,3738900,true,true
"insertion","Reverse",5000,59,11928288,3735000,true,true
"insertion","Reverse",5000,60,12070240,3779400,true,true
"insertion","Reverse",5000,61,11957536,3744100,true,true
"insertion","Reverse",5000,62,11932640,3736400,true,true
"insertion","Reverse",5000,63,11931968,3736200,true,true
"insertion","Reverse",5000,64,11923776,3733500,true,true
"insertion","Reverse",5000,65,14660800,4591300,true,true
"insertion","Reverse",5000,66,12099488,3788500,true,true
"insertion","Reverse",5000,67,11949888,3741700,true,true
"insertion","Reverse",5000,68,11927296,3734800,true,true
"insertion","Reverse",5000,69,12034592,3768100,true,true
"insertion","Reverse",5000,70,11941088,3738900,true,true
"insertion","Reverse",5000,71,11936992,3737700,true,true
"insertion","Reverse",5000,72,11908608,3728800,true,true
"insertion","Reverse",5000,73,12022496,3764400,true,true
"insertion","Reverse",5000,74,11991744,3755000,true,true
"insertion","Reverse",5000,75,11937728,3737900,true,true
"insertion","Reverse",5000,76,11907584,3728400,true,true
"insertion","Reverse",5000,77,12031488,3767300,true,true
"insertion","Reverse",5000,78,11970752,3748200,true,true
"insertion","Reverse",5000,79,11941088,3739000,true,true
"insertion","Reverse",5000,80,11936352,3737400,true,true
"insertion","Reverse",5000,81,11929952,3735400,true,true
"insertion","Reverse",5000,82,11970944,3748400,true,true
"insertion","Reverse",5000,83,11940416,3738700,true,true
"insertion","Reverse",5000,84,11916192,3731100,true,true
"insertion","Reverse",5000,85,11932352,3736200,true,true
"insertion","Reverse",5000,86,12211584,3823900,true,true
"insertion","Reverse",5000,87,12006048,3759300,true,true
"insertion","Reverse",5000,88,11911584,3729900,true,true
"insertion","Reverse",5000,89,11932064,3736300,true,true
"insertion","Reverse",5000,90,11933504,3736600,true,true
"insertion","Reverse",5000,91,15079296,4722500,true,true
"insertion","Reverse",5000,92,11980832,3751300,true,true
"insertion","Reverse",5000,93,11967840,3747300,true,true
"insertion","Reverse",5000,94,11942784,3739500,true,true
"insertion","Reverse",5000,95,12193056,3817800,true,true
"insertion","Reverse",5000,96,11989536,3754200,true,true
"insertion","Reverse",5000,97,11936736,3737500,true,true
"insertion","Reverse",5000,98,11953344,3742800,true,true
"insertion","Reverse",5000,99,11952736,3742500,true,true
"selection","Reverse",5000,0,11467936,3590900,true,true
"selection","Reverse",5000,1,11491968,3598500,true,true
"selection","Reverse",5000,2,11672064,3655000,true,true
"selection","Reverse",5000,3,11513856,3605300,true,true
"selection","Reverse",5000,4,11474720,3592900,true,true
"selection","Reverse",5000,5,11500640,3601000,true,true
"selection","Reverse",5000,6,11485248,3596200,true,true
"selection","Reverse",5000,7,11756800,3681400,true,true
"selection","Reverse",5000,8,11535264,3612100,true,true
"selection","Reverse",5000,9,11489664,3597600,true,true
"selection","Reverse",5000,10,11483584,3595700,true,true
"selection","Reverse",5000,11,12005312,3759800,true,true
"selection","Reverse",5000,12,11572096,3623600,true,true
"selection","Reverse",5000,13,11500000,3600900,true,true
"selection","Reverse",5000,14,11488256,3597200,true,true
"selection","Reverse",5000,15,11475360,3593100,true,true
"selection","Reverse",5000,16,14856576,4652800,true,true
"selection","Reverse",5000,17,11640864,3645000,true,true
"selection","Reverse",5000,18,11632544,3642400,true,true
"selection","Reverse",5000,19,11557216,3618800,true,true
"selection","Reverse",5000,20,11579520,3625700,true,true
"selection","Reverse",5000,21,11653088,3648800,true,true
"selection","Reverse",5000,22,11492416,3598500,true,true
"selection","Reverse",5000,23,11443008,3583000,true,true
"selection","Reverse",5000,24,11505664,3602600,true,true
"selection","Reverse",5000,25,11766528,3684400,true,true
"selection","Reverse",5000,26,11525760,3608900,true,true
"selection","Reverse",5000,27,11468704,3591200,true,true
"selection","Reverse",5000,28,11470336,3591500,true,true
"selection","Reverse",5000,29,12406560,3885400,true,true
"selection","Reverse",5000,30,13968576,4374900,true,true
"selection","Reverse",5000,31,11561728,3620200,true,true
"selection","Reverse",5000,32,11548000,3616000,true,true
"selection","Reverse",5000,33,11509728,3603900,true,true
"selection","Reverse",5000,34,14451104,4525600,true,true
"selection","Reverse",5000,35,11599904,3632100,true,true
"selection","Reverse",5000,36,11463136,3589300,true,true
"selection","Reverse",5000,37,11482944,3595500,true,true
"selection","Reverse",5000,38,12100448,3789200,true,true
"selection","Reverse",5000,39,11452512,3586000,true,true
"selection","Reverse",5000,40,11499296,3600600,true,true
"selection","Reverse",5000,41,11483552,3595800,true,true
"selection","Reverse",5000,42,11512192,3604700,true,true
"selection","Reverse",5000,43,11497984,3600200,true,true
"selection","Reverse",5000,44,11472640,3592300,true,true
"selection","Reverse",5000,45,11493408,3598800,true,true
"selection","Reverse",5000,46,11458464,3587800,true,true
"selection","Reverse",5000,47,11812032,3698600,true,true
"selection","Reverse",5000,48,11518176,3606600,true,true
"selection","Reverse",5000,49,11444352,3583500,true,true
"selection","Reverse",5000,50,11498400,3600300,true,true
"selection","Reverse",5000,51,11478304,3594100,true,true
"selection","Reverse",5000,52,14297696,4477500,true,true
"selection","Reverse",5000,53,11547744,3616100,true,true
"selection","Reverse",5000,54,11498912,3600700,true,true
"selection","Reverse",5000,55,11472064,3592100,true,true
"selection","Reverse",5000,56,12075616,3781500,true,true
"selection","Reverse",5000,57,11505408,3602500,true,true
"selection","Reverse",5000,58,11471680,3592000,true,true
"selection","Reverse",5000,59,11426656,3577900,true,true
"selection","Reverse",5000,60,11470080,3591500,true,true
"selection","Reverse",5000,61,12415104,3888000,true,true
"selection","Reverse",5000,62,11462528,3589100,true,true
"selection","Reverse",5000,63,11498720,3600500,true,true
"selection","Reverse",5000,64,11487904,3597000,true,true
"selection","Reverse",5000,65,12303104,3852900,true,true
"selection","Reverse",5000,66,14088928,4412300,true,true
"selection","Reverse",5000,67,11548384,3616000,true,true
"selection","Reverse",5000,68,11516800,3606100,true,true
"selection","Reverse",5000,69,11511488,3604500,true,true
"selection","Reverse",5000,70,11772128,3686300,true,true
"selection","Reverse",5000,71,11505152,3602400,true,true
"selection","Reverse",5000,72,11470560,3591600,true,true
"selection","Reverse",5000,73,11492512,3598700,true,true
"selection","Reverse",5000,74,11847968,3709800,true,true
"selection","Reverse",5000,75,11530368,3610300,true,true
"selection","Reverse",5000,76,11459584,3588100,true,true
"selection","Reverse",5000,77,11496864,3599900,true,true
"selection","Reverse",5000,78,11444352,3583400,true,true
"selection","Reverse",5000,79,14174272,4439000,true,true
"selection","Reverse",5000,80,11547904,3615800,true,true
"selection","Reverse",5000,81,11498848,3600400,true,true
"selection","Reverse",5000,82,11485888,3596400,true,true
"selection","Reverse",5000,83,12756608,3995400,true,true
"selection","Reverse",5000,84,11568608,3622300,true,true
"selection","Reverse",5000,85,11484384,3596000,true,true
"selection","Reverse",5000,86,11442816,3583000,true,true
"selection","Reverse",5000,87,11514080,3605300,true,true
"selection","Reverse",5000,88,11612960,3636300,true,true
"selection","Reverse",5000,89,11477216,3593800,true,true
"selection","Reverse",5000,90,11475968,3593300,true,true
"selection","Reverse",5000,91,11465760,3590400,true,true
"selection","Reverse",5000,92,11708800,3666200,true,true
"selection","Reverse",5000,93,11596416,3631000,true,true
"selection","Reverse",5000,94,11496352,3599700,true,true
"selection","Reverse",5000,95,11621088,3638700,true,true
"selection","Reverse",5000,96,11572384,3623500,true,true
"selection","Reverse",5000,97,11526080,3609000,true,true
"selection","Reverse",5000,98,11564992,3621100,true,true
"selection","Reverse",5000,99,11499904,3600800,true,true
"merge","Reverse",5000,0,140000,43900,true,true
"merge","Reverse",5000,1,168736,52900,true,true
"merge","Reverse",5000,2,140416,44000,true,true
"merge","Reverse",5000,3,140096,43900,true,true
"merge","Reverse",5000,4,140320,44000,true,true
"merge","Reverse",5000,5,139936,43800,true,true
"merge","Reverse",5000,6,140192,44000,true,true
"merge","Reverse",5000,7,140320,44000,true,true
"merge","Reverse",5000,8,140224,43900,true,true
"merge","Reverse",5000,9,140256,44000,true,true
"merge","Reverse",5000,10,140640,44100,true,true
"merge","Reverse",5000,11,140160,43900,true,true
"merge","Reverse",5000,12,140352,44000,true,true
"merge","Reverse",5000,13,140064,43900,true,true
"merge","Reverse",5000,14,140320,44000,true,true
"merge","Reverse",5000,15,140128,43900,true,true
"merge","Reverse",5000,16,140352,44000,true,true
"merge","Reverse",5000,17,140512,44200,true,true
"merge","Reverse",5000,18,140256,43900,true,true
"merge","Reverse",5000,19,140256,44000,true,true
"merge","Reverse",5000,20,140416,44100,true,true
"merge","Reverse",5000,21,139904,43900,true,true
"merge","Reverse",5000,22,140128,44000,true,true
"merge","Reverse",5000,23,140992,44400,true,true
"merge","Reverse",5000,24,141216,44200,true,true
"merge","Reverse",5000,25,141408,44300,true,true
"merge","Reverse",5000,26,141344,44300,true,true
"merge","Reverse",5000,27,141536,44400,true,true
"merge","Reverse",5000,28,140640,44100,true,true
"merge","Reverse",5000,29,140960,44200,true,true
"merge","Reverse",5000,30,146720,46000,true,true
"merge","Reverse",5000,31,141088,44200,true,true
"merge","Reverse",5000,32,140896,44300,true,true
"merge","Reverse",5000,33,140448,44100,true,true
"merge","Reverse",5000,34,140704,44100,true,true
"merge","Reverse",5000,35,140576,44000,true,true
"merge","Reverse",5000,36,140800,44200,true,true
"merge","Reverse",5000,37,140576,44000,true,true
"merge","Reverse",5000,38,140992,44200,true,true
"merge","Reverse",5000,39,140576,44100,true,true
"merge","Reverse",5000,40,140768,44100,true,true
"merge","Reverse",5000,41,140896,44100,true,true
"merge","Reverse",5000,42,140960,44200,true,true
"merge","Reverse",5000,43,140512,44100,true,true
"merge","Reverse",5000,44,170880,53500,true,true
"merge","Reverse",5000,45,140768,44100,true,true
"merge","Reverse",5000,46,140736,44100,true,true
"merge","Reverse",5000,47,141056,44200,true,true
"merge","Reverse",5000,48,140800,44100,true,true
"merge","Reverse",5000,49,140736,44200,true,true
"merge","Reverse",5000,50,140896,44100,true,true
"merge","Reverse",5000,51,140800,44200,true,true
"merge","Reverse",5000,52,140608,44100,true,true
"merge","Reverse",5000,53,154688,48500,true,true
"merge","Reverse",5000,54,141472,44300,true,true
"merge","Reverse",5000,55,141568,44300,true,true
"merge","Reverse",5000,56,141568,44400,true,true
"merge","Reverse",5000,57,141728,44500,true,true
"merge","Reverse",5000,58,141440,44300,true,true
"merge","Reverse",5000,59,141760,44500,true,true
"merge","Reverse",5000,60,141312,44300,true,true
"merge","Reverse",5000,61,141792,44500,true,true
"merge","Reverse",5000,62,141472,44300,true,true
"merge","Reverse",5000,63,141536,44400,true,true
"merge","Reverse",5000,64,141568,44400,true,true
"merge","Reverse",5000,65,172416,54100,true,true
"merge","Reverse",5000,66,141408,44300,true,true
"merge","Reverse",5000,67,147296,46100,true,true
"merge","Reverse",5000,68,141408,44300,true,true
"merge","Reverse",5000,69,141536,44300,true,true
"merge","Reverse",5000,70,141536,44400,true,true
"merge","Reverse",5000,71,141664,44400,true,true
"merge","Reverse",5000,72,141632,44400,true,true
"merge","Reverse",5000,73,141632,44400,true,true
"merge","Reverse",5000,74,141760,44500,true,true
"merge","Reverse",5000,75,141760,44400,true,true
"merge","Reverse",5000,76,141376,44400,true,true
"merge","Reverse",5000,77,141408,44300,true,true
"merge","Reverse",5000,78,141472,44300,true,true
"merge","Reverse",5000,79,141696,44400,true,true
"merge","Reverse",5000,80,141312,44300,true,true
"merge","Reverse",5000,81,141856,44500,true,true
"merge","Reverse",5000,82,141472,44300,true,true
"merge","Reverse",5000,83,141728,44500,true,true
"merge","Reverse",5000,84,141472,44300,true,true
"merge","Reverse",5000,85,141600,44400,true,true
"merge","Reverse",5000,86,171936,53900,true,true
"merge","Reverse",5000,87,140992,44200,true,true
"merge","Reverse",5000,88,141344,44300,true,true
"merge","Reverse",5000,89,140768,44200,true,true
"merge","Reverse",5000,90,141184,44200,true,true
"merge","Reverse",5000,91,140960,44200,true,true
"merge","Reverse",5000,92,140896,44200,true,true
"merge","Reverse",5000,93,141184,44200,true,true
"merge","Reverse",5000,94,141024,44200,true,true
"merge","Reverse",5000,95,140704,44100,true,true
"merge","Reverse",5000,96,140832,44200,true,true
"merge","Reverse",5000,97,141344,44300,true,true
"merge","Reverse",5000,98,140608,44100,true,true
"merge","Reverse",5000,99,140928,44200,true,true
"quicksort","Reverse",5000,0,79648,25000,true,true
"quicksort","Reverse",5000,1,79392,24900,true,true
"quicksort","Reverse",5000,2,79680,25000,true,true
"quicksort","Reverse",5000,3,79840,25000,true,true
"quicksort","Reverse",5000,4,79808,25100,true,true
"quicksort","Reverse",5000,5,79840,25000,true,true
"quicksort","Reverse",5000,6,79744,25100,true,true
"quicksort","Reverse",5000,7,79776,25000,true,true
"quicksort","Reverse",5000,8,79776,25000,true,true
"quicksort","Reverse",5000,9,79904,25100,true,true
"quicksort","Reverse",5000,10,79840,25000,true,true
"quicksort","Reverse",5000,11,79840,25100,true,true
"quicksort","Reverse",5000,12,79776,25000,true,true
"quicksort","Reverse",5000,13,79808,25100,true,true
"quicksort","Reverse",5000,14,79712,25000,true,true
"quicksort","Reverse",5000,15,79712,25000,true,true
"quicksort","Reverse",5000,16,79776,25100,true,true
"quicksort","Reverse",5000,17,80064,25100,true,true
"quicksort","Reverse",5000,18,79776,25100,true,true
"quicksort","Reverse",5000,19,79840,25000,true,true
"quicksort","Reverse",5000,20,79744,25000,true,true
"quicksort","Reverse",5000,21,79808,25100,true,true
"quicksort","Reverse",5000,22,79776,25000,true,true
"quicksort","Reverse",5000,23,79840,25100,true,true
"quicksort","Reverse",5000,24,79872,25000,true,true
"quicksort","Reverse",5000,25,79776,25100,true,true
"quicksort","Reverse",5000,26,79808,25100,true,true
"quicksort","Reverse",5000,27,79840,25000,true,true
"quicksort","Reverse",5000,28,107520,33800,true,true
"quicksort","Reverse",5000,29,78656,24700,true,true
"quicksort","Reverse",5000,30,78816,24800,true,true
"quicksort","Reverse",5000,31,79456,24900,true,true
"quicksort","Reverse",5000,32,79360,25000,true,true
"quicksort","Reverse",5000,33,79680,25000,true,true
"quicksort","Reverse",5000,34,79808,25100,true,true
"quicksort","Reverse",5000,35,79776,25000,true,true
"quicksort","Reverse",5000,36,93472,29300,true,true
"quicksort","Reverse",5000,37,78528,24600,true,true
"quicksort","Reverse",5000,38,139616,44000,true,true
"quicksort","Reverse",5000,39,117280,36800,true,true
"quicksort","Reverse",5000,40,80192,25400,true,true
"quicksort","Reverse",5000,41,79744,25300,true,true
"quicksort","Reverse",5000,42,79904,25000,true,true
"quicksort","Reverse",5000,43,79840,25100,true,true
"quicksort","Reverse",5000,44,79744,25000,true,true
"quicksort","Reverse",5000,45,79872,25100,true,true
"quicksort","Reverse",5000,46,79840,25000,true,true
"quicksort","Reverse",5000,47,79712,25000,true,true
"quicksort","Reverse",5000,48,79712,25100,true,true
"quicksort","Reverse",5000,49,79712,25000,true,true
"quicksort","Reverse",5000,50,79712,25000,true,true
"quicksort","Reverse",5000,51,79744,25000,true,true
"quicksort","Reverse",5000,52,79744,25100,true,true
"quicksort","Reverse",5000,53,79680,25000,true,true
"quicksort","Reverse",5000,54,79712,25000,true,true
"quicksort","Reverse",5000,55,79648,25000,true,true
"quicksort","Reverse",5000,56,79680,25000,true,true
"quicksort","Reverse",5000,57,120960,37900,true,true
"quicksort","Reverse",5000,58,78944,24800,true,true
"quicksort","Reverse",5000,59,79424,25000,true,true
"quicksort","Reverse",5000,60,79424,24900,true,true
"quicksort","Reverse",5000,61,79360,24900,true,true
"quicksort","Reverse",5000,62,79712,25000,true,true
"quicksort","Reverse",5000,63,79904,25100,true,true
"quicksort","Reverse",5000,64,79072,24800,true,true
"quicksort","Reverse",5000,65,79936,25000,true,true
"quicksort","Reverse",5000,66,79520,25000,true,true
"quicksort","Reverse",5000,67,79712,25100,true,true
"quicksort","Reverse",5000,68,79648,25000,true,true
"quicksort","Reverse",5000,69,79680,25000,true,true
"quicksort","Reverse",5000,70,79616,25000,true,true
"quicksort","Reverse",5000,71,79744,25000,true,true
"quicksort","Reverse",5000,72,79712,25000,true,true
"quicksort","Reverse",5000,73,79712,25300,true,true
"quicksort","Reverse",5000,74,79616,25000,true,true
"quicksort","Reverse",5000,75,79680,25000,true,true
"quicksort","Reverse",5000,76,79584,25000,true,true
"quicksort","Reverse",5000,77,79680,25000,true,true
"quicksort","Reverse",5000,78,79616,25000,true,true
"quicksort","Reverse",5000,79,79712,25100,true,true
"quicksort","Reverse",5000,80,79680,25000,true,true
"quicksort","Reverse",5000,81,79712,25000,true,true
"quicksort","Reverse",5000,82,79616,25000,true,true
"quicksort","Reverse",5000,83,79744,25000,true,true
"quicksort","Reverse",5000,84,79712,25000,true,true
"quicksort","Reverse",5000,85,79776,25000,true,true
"quicksort","Reverse",5000,86,79712,25000,true,true
"quicksort","Reverse",5000,87,79808,25100,true,true
"quicksort","Reverse",5000,88,79680,25000,true,true
"quicksort","Reverse",5000,89,79584,25000,true,true
"quicksort","Reverse",5000,90,79584,25000,true,true
"quicksort","Reverse",5000,91,79744,25000,true,true
"quicksort","Reverse",5000,92,79616,25000,true,true
"quicksort","Reverse",5000,93,79680,25000,true,true
"quicksort","Reverse",5000,94,79712,25100,true,true
"quicksort","Reverse",5000,95,79712,25100,true,true
"quicksort","Reverse",5000,96,79648,25000,true,true
"quicksort","Reverse",5000,97,79680,25000,true,true
"quicksort","Reverse",5000,98,112320,35200,true,true
"quicksort","Reverse",5000,99,79552,24900,true,true
"heap","Reverse",5000,0,427264,133800,true,true
"heap","Reverse",5000,1,397600,124600,true,true
"heap","Reverse",5000,2,394144,123400,true,true
"heap","Reverse",5000,3,392800,123100,true,true
"heap","Reverse",5000,4,389024,121800,true,true
"heap","Reverse",5000,5,389184,121900,true,true
"heap","Reverse",5000,6,386304,121000,true,true
"heap","Reverse",5000,7,384992,120600,true,true
"heap","Reverse",5000,8,383936,120300,true,true
"heap","Reverse",5000,9,384064,120300,true,true
"heap","Reverse",5000,10,382336,119800,true,true
"heap","Reverse",5000,11,377888,118400,true,true
"heap","Reverse",5000,12,378560,118600,true,true
"heap","Reverse",5000,13,378176,118500,true,true
"heap","Reverse",5000,14,374592,117400,true,true
"heap","Reverse",5000,15,385440,120700,true,true
"heap","Reverse",5000,16,400288,125400,true,true
"heap","Reverse",5000,17,370528,116000,true,true
"heap","Reverse",5000,18,381632,119500,true,true
"heap","Reverse",5000,19,367040,115000,true,true
"heap","Reverse",5000,20,364544,114200,true,true
"heap","Reverse",5000,21,364960,114300,true,true
"heap","Reverse",5000,22,363360,113800,true,true
"heap","Reverse",5000,23,362912,113700,true,true
"heap","Reverse",5000,24,390656,122400,true,true
"heap","Reverse",5000,25,360512,113000,true,true
"heap","Reverse",5000,26,357472,112000,true,true
"heap","Reverse",5000,27,358720,112400,true,true
"heap","Reverse",5000,28,371136,116300,true,true
"heap","Reverse",5000,29,364800,114300,true,true
"heap","Reverse",5000,30,355744,111400,true,true
"heap","Reverse",5000,31,355008,111200,true,true
"heap","Reverse",5000,32,354432,111100,true,true
"heap","Reverse",5000,33,380512,119300,true,true
"heap","Reverse",5000,34,353920,110900,true,true
"heap","Reverse",5000,35,351424,110100,true,true
"heap","Reverse",5000,36,349504,109500,true,true
"heap","Reverse",5000,37,348704,109200,true,true
"heap","Reverse",5000,38,349856,109600,true,true
"heap","Reverse",5000,39,347648,108900,true,true
"heap","Reverse",5000,40,345536,108300,true,true
"heap","Reverse",5000,41,345056,108100,true,true
"heap","Reverse",5000,42,342816,107400,true,true
"heap","Reverse",5000,43,341280,106900,true,true
"heap","Reverse",5000,44,340832,106800,true,true
"heap","Reverse",5000,45,352000,110300,true,true
"heap","Reverse",5000,46,340768,106800,true,true
"heap","Reverse",5000,47,340832,106800,true,true
"heap","Reverse",5000,48,339648,106400,true,true
"heap","Reverse",5000,49,339296,106300,true,true
"heap","Reverse",5000,50,336608,105500,true,true
"heap","Reverse",5000,51,365376,114400,true,true
"heap","Reverse",5000,52,336352,105400,true,true
"heap","Reverse",5000,53,336000,105300,true,true
"heap","Reverse",5000,54,333952,104600,true,true
"heap","Reverse",5000,55,333408,104500,true,true
"heap","Reverse",5000,56,332736,104200,true,true
"heap","Reverse",5000,57,332352,104100,true,true
"heap","Reverse",5000,58,331808,104000,true,true
"heap","Reverse",5000,59,330048,103400,true,true
"heap","Reverse",5000,60,357824,112100,true,true
"heap","Reverse",5000,61,328864,103000,true,true
"heap","Reverse",5000,62,326176,102200,true,true
"heap","Reverse",5000,63,335424,105100,true,true
"heap","Reverse",5000,64,324320,101600,true,true
"heap","Reverse",5000,65,324192,101500,true,true
"heap","Reverse",5000,66,322208,101000,true,true
"heap","Reverse",5000,67,323040,101200,true,true
"heap","Reverse",5000,68,322656,101100,true,true
"heap","Reverse",5000,69,348384,109200,true,true
"heap","Reverse",5000,70,320672,100600,true,true
"heap","Reverse",5000,71,319040,100000,true,true
"heap","Reverse",5000,72,317536,99400,true,true
"heap","Reverse",5000,73,316704,99200,true,true
"heap","Reverse",5000,74,314272,98500,true,true
"heap","Reverse",5000,75,314080,98400,true,true
"heap","Reverse",5000,76,312480,97900,true,true
"heap","Reverse",5000,77,312384,97900,true,true
"heap","Reverse",5000,78,312928,98000,true,true
"heap","Reverse",5000,79,336768,105500,true,true
"heap","Reverse",5000,80,315392,98800,true,true
"heap","Reverse",5000,81,309120,97000,true,true
"heap","Reverse",5000,82,307136,96200,true,true
"heap","Reverse",5000,83,307744,96400,true,true
"heap","Reverse",5000,84,307008,96200,true,true
"heap","Reverse",5000,85,304512,95400,true,true
"heap","Reverse",5000,86,304704,95500,true,true
"heap","Reverse",5000,87,305600,95700,true,true
"heap","Reverse",5000,88,303968,95200,true,true
"heap","Reverse",5000,89,329888,103400,true,true
"heap","Reverse",5000,90,303296,95000,true,true
"heap","Reverse",5000,91,302144,94600,true,true
"heap","Reverse",5000,92,299680,93900,true,true
"heap","Reverse",5000,93,299072,93700,true,true
"heap","Reverse",5000,94,298560,93500,true,true
"heap","Reverse",5000,95,298688,93600,true,true
"heap","Reverse",5000,96,297632,93300,true,true
"heap","Reverse",5000,97,295872,92700,true,true
"heap","Reverse",5000,98,306816,96200,true,true
"heap","Reverse",5000,99,322464,101000,true,true
"std-sort","Reverse",5000,0,46592,14600,true,true
"std-sort","Reverse",5000,1,46560,14700,true,true
"std-sort","Reverse",5000,2,46624,14600,true,true
"std-sort","Reverse",5000,3,46496,14600,true,true
"std-sort","Reverse",5000,4,46464,14600,true,true
"std-sort","Reverse",5000,5,46496,14600,true,true
"std-sort","Reverse",5000,6,46464,14600,true,true
"std-sort","Reverse",5000,7,46464,14600,true,true
"std-sort","Reverse",5000,8,46432,14600,true,true
"std-sort","Reverse",5000,9,46624,14700,true,true
"std-sort","Reverse",5000,10,46400,14600,true,true
"std-sort","Reverse",5000,11,46432,14600,true,true
"std-sort","Reverse",5000,12,46528,14600,true,true
"std-sort","Reverse",5000,13,46496,14600,true,true
"std-sort","Reverse",5000,14,46432,14600,true,true
"std-sort","Reverse",5000,15,84320,26400,true,true
"std-sort","Reverse",5000,16,46592,14700,true,true
"std-sort","Reverse",5000,17,46848,14800,true,true
"std-sort","Reverse",5000,18,47008,14700,true,true
"std-sort","Reverse",5000,19,46784,14700,true,true
"std-sort","Reverse",5000,20,46880,14800,true,true
"std-sort","Reverse",5000,21,46816,14800,true,true
"std-sort","Reverse",5000,22,46848,14800,true,true
"std-sort","Reverse",5000,23,46784,14700,true,true
"std-sort","Reverse",5000,24,46848,14800,true,true
"std-sort","Reverse",5000,25,46848,14700,true,true
"std-sort","Reverse",5000,26,46880,14700,true,true
"std-sort","Reverse",5000,27,45984,14400,true,true
"std-sort","Reverse",5000,28,45696,14400,true,true
"std-sort","Reverse",5000,29,45824,14400,true,true
"std-sort","Reverse",5000,30,45664,14400,true,true
"std-sort","Reverse",5000,31,45728,14400,true,true
"std-sort","Reverse",5000,32,45696,14300,true,true
"std-sort","Reverse",5000,33,90880,28600,true,true
"std-sort","Reverse",5000,34,46528,14700,true,true
"std-sort","Reverse",5000,35,46528,14600,true,true
"std-sort","Reverse",5000,36,46560,14600,true,true
"std-sort","Reverse",5000,37,46624,14700,true,true
"std-sort","Reverse",5000,38,46656,14700,true,true
"std-sort","Reverse",5000,39,46720,14700,true,true
"std-sort","Reverse",5000,40,46624,14600,true,true
"std-sort","Reverse",5000,41,46624,14700,true,true
"std-sort","Reverse",5000,42,46656,14600,true,true
"std-sort","Reverse",5000,43,46656,14600,true,true
"std-sort","Reverse",5000,44,46592,14700,true,true
"std-sort","Reverse",5000,45,46624,14600,true,true
"std-sort","Reverse",5000,46,46592,14600,true,true
"std-sort","Reverse",5000,47,46688,14700,true,true
"std-sort","Reverse",5000,48,46592,14600,true,true
"std-sort","Reverse",5000,49,46720,14700,true,true
"std-sort","Reverse",5000,50,46624,14600,true,true
"std-sort","Reverse",5000,51,46592,14700,true,true
"std-sort","Reverse",5000,52,46592,14700,true,true
"std-sort","Reverse",5000,53,46688,14600,true,true
"std-sort","Reverse",5000,54,46624,14700,true,true
"std-sort","Reverse",5000,55,46592,14600,true,true
"std-sort","Reverse",5000,56,46592,14600,true,true
"std-sort","Reverse",5000,57,46656,14700,true,true
"std-sort","Reverse",5000,58,46656,14600,true,true
"std-sort","Reverse",5000,59,46560,14700,true,true
"std-sort","Reverse",5000,60,46592,14600,true,true
"std-sort","Reverse",5000,61,46560,14600,true,true
"std-sort","Reverse",5000,62,46688,14700,true,true
"std-sort","Reverse",5000,63,46624,14700,true,true
"std-sort","Reverse",5000,64,46624,14600,true,true
"std-sort","Reverse",5000,65,46656,14700,true,true
"std-sort","Reverse",5000,66,46688,14600,true,true
"std-sort","Reverse",5000,67,46688,14700,true,true
"std-sort","Reverse",5000,68,46624,14600,true,true
"std-sort","Reverse",5000,69,46656,14700,true,true
"std-sort","Reverse",5000,70,46560,14700,true,true
"std-sort","Reverse",5000,71,46592,14700,true,true
"std-sort","Reverse",5000,72,46592,14700,true,true
"std-sort","Reverse",5000,73,46688,14700,true,true
"std-sort","Reverse",5000,74,46624,14600,true,true
"std-sort","Reverse",5000,75,46656,14700,true,true
"std-sort","Reverse",5000,76,46560,14700,true,true
"std-sort","Reverse",5000,77,46688,14700,true,true
"std-sort","Reverse",5000,78,46624,14600,true,true
"std-sort","Reverse",5000,79,46720,14700,true,true
"std-sort","Reverse",5000,80,46560,14700,true,true
"std-sort","Reverse",5000,81,60544,19000,true,true
"std-sort","Reverse",5000,82,46432,14600,true,true
"std-sort","Reverse",5000,83,46368,14600,true,true
"std-sort","Reverse",5000,84,46528,14700,true,true
"std-sort","Reverse",5000,85,46432,14600,true,true
"std-sort","Reverse",5000,86,46560,14600,true,true
"std-sort","Reverse",5000,87,46432,14600,true,true
"std-sort","Reverse",5000,88,46464,14600,true,true
"std-sort","Reverse",5000,89,46368,14500,true,true
"std-sort","Reverse",5000,90,46464,14600,true,true
"std-sort","Reverse",5000,91,46592,14600,true,true
"std-sort","Reverse",5000,92,46432,14600,true,true
"std-sort","Reverse",5000,93,46592,14600,true,true
"std-sort","Reverse",5000,94,46400,14600,true,true
"std-sort","Reverse",5000,95,46528,14600,true,true
"std-sort","Reverse",5000,96,46368,14600,true,true
"std-sort","Reverse",5000,97,46528,14600,true,true
"std-sort","Reverse",5000,98,46560,14600,true,true
"std-sort","Reverse",5000,99,46496,14600,true,true
"std-stable-sort","Reverse",5000,0,92704,29100,true,true
"std-stable-sort","Reverse",5000,1,92832,29100,true,true
"std-stable-sort","Reverse",5000,2,92832,29100,true,true
"std-stable-sort","Reverse",5000,3,92832,29100,true,true
"std-stable-sort","Reverse",5000,4,92768,29100,true,true
"std-stable-sort","Reverse",5000,5,92832,29100,true,true
"std-stable-sort","Reverse",5000,6,139040,43700,true,true
"std-stable-sort","Reverse",5000,7,92832,29100,true,true
"std-stable-sort","Reverse",5000,8,92864,29200,true,true
"std-stable-sort","Reverse",5000,9,92960,29200,true,true
"std-stable-sort","Reverse",5000,10,92736,29100,true,true
"std-stable-sort","Reverse",5000,11,92704,29100,true,true
"std-stable-sort","Reverse",5000,12,92736,29100,true,true
"std-stable-sort","Reverse",5000,13,92736,29100,true,true
"std-stable-sort","Reverse",5000,14,92992,29200,true,true
"std-stable-sort","Reverse",5000,15,92832,29100,true,true
"std-stable-sort","Reverse",5000,16,92768,29100,true,true
"std-stable-sort","Reverse",5000,17,92864,29100,true,true
"std-stable-sort","Reverse",5000,18,92832,29100,true,true
"std-stable-sort","Reverse",5000,19,92800,29200,true,true
"std-stable-sort","Reverse",5000,20,92800,29100,true,true
"std-stable-sort","Reverse",5000,21,92768,29100,true,true
"std-stable-sort","Reverse",5000,22,92800,29100,true,true
"std-stable-sort","Reverse",5000,23,92704,29100,true,true
"std-stable-sort","Reverse",5000,24,92800,29100,true,true
"std-stable-sort","Reverse",5000,25,92928,29200,true,true
"std-stable-sort","Reverse",5000,26,92736,29100,true,true
"std-stable-sort","Reverse",5000,27,92768,29100,true,true
"std-stable-sort","Reverse",5000,28,92896,29100,true,true
"std-stable-sort","Reverse",5000,29,92768,29100,true,true
"std-stable-sort","Reverse",5000,30,92832,29100,true,true
"std-stable-sort","Reverse",5000,31,92832,29100,true,true
"std-stable-sort","Reverse",5000,32,101248,31800,true,true
"std-stable-sort","Reverse",5000,33,93024,29200,true,true
"std-stable-sort","Reverse",5000,34,92800,29100,true,true
"std-stable-sort","Reverse",5000,35,92704,29100,true,true
"std-stable-sort","Reverse",5000,36,92896,29200,true,true
"std-stable-sort","Reverse",5000,37,119968,37600,true,true
"std-stable-sort","Reverse",5000,38,92896,29100,true,true
"std-stable-sort","Reverse",5000,39,92800,29100,true,true
"std-stable-sort","Reverse",5000,40,92736,29100,true,true
"std-stable-sort","Reverse",5000,41,92800,29100,true,true
"std-stable-sort","Reverse",5000,42,92864,29100,true,true
"std-stable-sort","Reverse",5000,43,92960,29200,true,true
"std-stable-sort","Reverse",5000,44,92832,29100,true,true
"std-stable-sort","Reverse",5000,45,92864,29200,true,true
"std-stable-sort","Reverse",5000,46,92960,29200,true,true
"std-stable-sort","Reverse",5000,47,92736,29100,true,true
"std-stable-sort","Reverse",5000,48,92800,29100,true,true
"std-stable-sort","Reverse",5000,49,92832,29100,true,true
"std-stable-sort","Reverse",5000,50,92928,29200,true,true
"std-stable-sort","Reverse",5000,51,92768,29100,true,true
"std-stable-sort","Reverse",5000,52,92800,29100,true,true
"std-stable-sort","Reverse",5000,53,92768,29100,true,true
"std-stable-sort","Reverse",5000,54,92832,29100,true,true
"std-stable-sort","Reverse",5000,55,92800,29100,true,true
"std-stable-sort","Reverse",5000,56,92896,29200,true,true
"std-stable-sort","Reverse",5000,57,92864,29100,true,true
"std-stable-sort","Reverse",5000,58,92736,29100,true,true
"std-stable-sort","Reverse",5000,59,92832,29200,true,true
"std-stable-sort","Reverse",5000,60,92864,29100,true,true
"std-stable-sort","Reverse",5000,61,92768,29100,true,true
"std-stable-sort","Reverse",5000,62,92704,29100,true,true
"std-stable-sort","Reverse",5000,63,92832,29100,true,true
"std-stable-sort","Reverse",5000,64,92896,29200,true,true
"std-stable-sort","Reverse",5000,65,92800,29100,true,true
"std-stable-sort","Reverse",5000,66,92864,29100,true,true
"std-stable-sort","Reverse",5000,67,92832,29200,true,true
"std-stable-sort","Reverse",5000,68,120416,37700,true,true
"std-stable-sort","Reverse",5000,69,93024,29200,true,true
"std-stable-sort","Reverse",5000,70,92896,29100,true,true
"std-stable-sort","Reverse",5000,71,92832,29200,true,true
"std-stable-sort","Reverse",5000,72,92896,29300,true,true
"std-stable-sort","Reverse",5000,73,92896,29100,true,true
"std-stable-sort","Reverse",5000,74,92928,29100,true,true
"std-stable-sort","Reverse",5000,75,92800,29100,true,true
"std-stable-sort","Reverse",5000,76,92800,29100,true,true
"std-stable-sort","Reverse",5000,77,92800,29100,true,true
"std-stable-sort","Reverse",5000,78,92928,29200,true,true
"std-stable-sort","Reverse",5000,79,92864,29200,true,true
"std-stable-sort","Reverse",5000,80,92992,29100,true,true
"std-stable-sort","Reverse",5000,81,92736,29100,true,true
"std-stable-sort","Reverse",5000,82,92800,29100,true,true
"std-stable-sort","Reverse",5000,83,92768,29100,true,true
"std-stable-sort","Reverse",5000,84,92832,29100,true,true
"std-stable-sort","Reverse",5000,85,92832,29100,true,true
"std-stable-sort","Reverse",5000,86,92800,29100,true,true
"std-stable-sort","Reverse",5000,87,92736,29100,true,true
"std-stable-sort","Reverse",5000,88,92768,29100,true,true
"std-stable-sort","Reverse",5000,89,92800,29200,true,true
"std-stable-sort","Reverse",5000,90,92896,29200,true,true
"std-stable-sort","Reverse",5000,91,92768,29100,true,true
"std-stable-sort","Reverse",5000,92,92864,29100,true,true
"std-stable-sort","Reverse",5000,93,92928,29100,true,true
"std-stable-sort","Reverse",5000,94,92736,29100,true,true
"std-stable-sort","Reverse",5000,95,102240,32100,true,true
"std-stable-sort","Reverse",5000,96,92896,29200,true,true
"std-stable-sort","Reverse",5000,97,92800,29100,true,true
"std-stable-sort","Reverse",5000,98,92896,29200,true,true
"std-stable-sort","Reverse",5000,99,92768,29100,true,true
"bubble","Reverse",10000,0,72042816,22559000,true,true
"bubble","Reverse",10000,1,69858720,21873500,true,true
"bubble","Reverse",10000,2,70042496,21931900,true,true
"bubble","Reverse",10000,3,69956544,21904300,true,true
"bubble","Reverse",10000,4,72098784,22576700,true,true
"bubble","Reverse",10000,5,70087008,21945100,true,true
"bubble","Reverse",10000,6,71820512,22488400,true,true
"bubble","Reverse",10000,7,70368768,22034000,true,true
"bubble","Reverse",10000,8,69891744,21883800,true,true
"bubble","Reverse",10000,9,70096448,21948000,true,true
"bubble","Reverse",10000,10,69388128,21726100,true,true
"bubble","Reverse",10000,11,68868480,21563500,true,true
"bubble","Reverse",10000,12,68564064,21468100,true,true
"bubble","Reverse",10000,13,68195712,21352900,true,true
"bubble","Reverse",10000,14,68318112,21391400,true,true
"bubble","Reverse",10000,15,68465824,21437400,true,true
"bubble","Reverse",10000,16,68324864,21393200,true,true
"bubble","Reverse",10000,17,68260032,21372900,true,true
"bubble","Reverse",10000,18,68903328,21576000,true,true
"bubble","Reverse",10000,19,68518944,21454000,true,true
"bubble","Reverse",10000,20,68352960,21402000,true,true
"bubble","Reverse",10000,21,68458592,21435000,true,true
"bubble","Reverse",10000,22,68341408,21398400,true,true
"bubble","Reverse",10000,23,68569632,21469800,true,true
"bubble","Reverse",10000,24,68509888,21451600,true,true
"bubble","Reverse",10000,25,73700192,23076300,true,true
"bubble","Reverse",10000,26,71723072,22458200,true,true
"bubble","Reverse",10000,27,70390976,22040400,true,true
"bubble","Reverse",10000,28,70481968,22071500,true,true
"bubble","Reverse",10000,29,70125568,21957300,true,true
"bubble","Reverse",10000,30,69960096,21905600,true,true
"bubble","Reverse",10000,31,69860128,21874000,true,true
"bubble","Reverse",10000,32,70672864,22129300,true,true
"bubble","Reverse",10000,33,73055823,22875200,true,true
"bubble","Reverse",10000,34,71213952,22297800,true,true
"bubble","Reverse",10000,35,70765920,22157900,true,true
"bubble","Reverse",10000,36,69495328,21759700,true,true
"bubble","Reverse",10000,37,69737856,21836100,true,true
"bubble","Reverse",10000,38,68962112,21592900,true,true
"bubble","Reverse",10000,39,67801504,21229500,true,true
"bubble","Reverse",10000,40,68130112,21332300,true,true
"bubble","Reverse",10000,41,68323552,21392900,true,true
"bubble","Reverse",10000,42,68158976,21341200,true,true
"bubble","Reverse",10000,43,68055360,21308800,true,true
"bubble","Reverse",10000,44,68336288,21396700,true,true
"bubble","Reverse",10000,45,68714272,21515200,true,true
"bubble","Reverse",10000,46,68688160,21506900,true,true
"bubble","Reverse",10000,47,68238816,21366400,true,true
"bubble","Reverse",10000,48,69919252,21892800,true,true
"bubble","Reverse",10000,49,70261024,21999400,true,true
"bubble","Reverse",10000,50,70138208,21961000,true,true
"bubble","Reverse",10000,51,70417472,22048400,true,true
"bubble","Reverse",10000,52,75015933,23489700,true,true
"bubble","Reverse",10000,53,70126800,21958100,true,true
"bubble","Reverse",10000,54,70264800,22001800,true,true
"bubble","Reverse",10000,55,71767456,22473700,true,true
"bubble","Reverse",10000,56,70010240,21921300,true,true
"bubble","Reverse",10000,57,70041728,21931200,true,true
"bubble","Reverse",10000,58,69957248,21904500,true,true
"bubble","Reverse",10000,59,69927552,21895000,true,true
"bubble","Reverse",10000,60,70131104,21959300,true,true
"bubble","Reverse",10000,61,69250144,21682900,true,true
"bubble","Reverse",10000,62,68684096,21505800,true,true
"bubble","Reverse",10000,63,68322496,21392800,true,true
"bubble","Reverse",10000,64,68654128,21496800,true,true
"bubble","Reverse",10000,65,68370784,21407500,true,true
"bubble","Reverse",10000,66,68624000,21486900,true,true
"bubble","Reverse",10000,67,68511904,21452000,true,true
"bubble","Reverse",10000,68,68531424,21457900,true,true
"bubble","Reverse",10000,69,68403552,21417800,true,true
"bubble","Reverse",10000,70,68631232,21489100,true,true
"bubble","Reverse",10000,71,68547360,21462800,true,true
"bubble","Reverse",10000,72,68599456,21480200,true,true
"bubble","Reverse",10000,73,68533760,21458700,true,true
"bubble","Reverse",10000,74,68587040,21475400,true,true
"bubble","Reverse",10000,75,68599008,21479200,true,true
"bubble","Reverse",10000,76,68473152,21439600,true,true
"bubble","Reverse",10000,77,68486112,21443600,true,true
"bubble","Reverse",10000,78,68840320,21555300,true,true
"bubble","Reverse",10000,79,68572608,21470900,true,true
"bubble","Reverse",10000,80,68628288,21488200,true,true
"bubble","Reverse",10000,81,68489824,21445000,true,true
"bubble","Reverse",10000,82,68614400,21483900,true,true
"bubble","Reverse",10000,83,68691776,21508100,true,true
"bubble","Reverse",10000,84,68481792,21442500,true,true
"bubble","Reverse",10000,85,68700032,21510700,true,true
"bubble","Reverse",10000,86,73346112,22965900,true,true
"bubble","Reverse",10000,87,70440448,22055900,true,true
"bubble","Reverse",10000,88,70202080,21981100,true,true
"bubble","Reverse",10000,89,70207360,21984100,true,true
"bubble","Reverse",10000,90,70157504,21967100,true,true
"bubble","Reverse",10000,91,71597376,22420900,true,true
"bubble","Reverse",10000,92,70236512,21991900,true,true
"bubble","Reverse",10000,93,70060000,21936800,true,true
"bubble","Reverse",10000,94,68352640,21401900,true,true
"bubble","Reverse",10000,95,68558496,21466400,true,true
"bubble","Reverse",10000,96,68580768,21473300,true,true
"bubble","Reverse",10000,97,68794816,21540600,true,true
"bubble","Reverse",10000,98,68546112,21462500,true,true
"bubble","Reverse",10000,99,68639648,21491700,true,true
"insertion","Reverse",10000,0,51624928,16164500,true,true
"insertion","Reverse",10000,1,47547808,14887800,true,true
"insertion","Reverse",10000,2,47936192,15010100,true,true
"insertion","Reverse",10000,3,47589408,14900700,true,true
"insertion","Reverse",10000,4,47594272,14902400,true,true
"insertion","Reverse",10000,5,51804864,16221200,true,true
"insertion","Reverse",10000,6,47734688,14946600,true,true
"insertion","Reverse",10000,7,47613152,14908300,true,true
"insertion","Reverse",10000,8,47726560,14943900,true,true
"insertion","Reverse",10000,9,51744512,16201800,true,true
"insertion","Reverse",10000,10,47596032,14902800,true,true
"insertion","Reverse",10000,11,47694976,14933800,true,true
"insertion","Reverse",10000,12,47686048,14930900,true,true
"insertion","Reverse",10000,13,47500000,14872900,true,true
"insertion","Reverse",10000,14,47233920,14789500,true,true
"insertion","Reverse",10000,15,46974144,14708100,true,true
"insertion","Reverse",10000,16,46849088,14668900,true,true
"insertion","Reverse",10000,17,46684736,14617500,true,true
"insertion","Reverse",10000,18,46860128,14672900,true,true
"insertion","Reverse",10000,19,52499424,16438100,true,true
"insertion","Reverse",10000,20,47802240,14967300,true,true
"insertion","Reverse",10000,21,47719808,14941500,true,true
"insertion","Reverse",10000,22,47598496,14903500,true,true
"insertion","Reverse",10000,23,47283840,14805000,true,true
"insertion","Reverse",10000,24,47051712,14732400,true,true
"insertion","Reverse",10000,25,46792096,14651100,true,true
"insertion","Reverse",10000,26,46752512,14638700,true,true
"insertion","Reverse",10000,27,46607232,14594900,true,true
"insertion","Reverse",10000,28,46600224,14591000,true,true
"insertion","Reverse",10000,29,46655872,14608400,true,true
"insertion","Reverse",10000,30,46549600,14575400,true,true
"insertion","Reverse",10000,31,46791712,14650900,true,true
"insertion","Reverse",10000,32,46938592,14697000,true,true
"insertion","Reverse",10000,33,46700640,14622600,true,true
"insertion","Reverse",10000,34,46857952,14671900,true,true
"insertion","Reverse",10000,35,47882752,14993000,true,true
"insertion","Reverse",10000,36,46812448,14657500,true,true
"insertion","Reverse",10000,37,46694432,14620500,true,true
"insertion","Reverse",10000,38,46840384,14666400,true,true
"insertion","Reverse",10000,39,46705536,14624200,true,true
"insertion","Reverse",10000,40,46801664,14654100,true,true
"insertion","Reverse",10000,41,46716576,14627500,true,true
"insertion","Reverse",10000,42,46953088,14702000,true,true
"insertion","Reverse",10000,43,49215200,15410400,true,true
"insertion","Reverse",10000,44,46965152,14705900,true,true
"insertion","Reverse",10000,45,46734752,14633200,true,true
"insertion","Reverse",10000,46,46817568,14659100,true,true
"insertion","Reverse",10000,47,46678176,14615600,true,true
"insertion","Reverse",10000,48,46932384,14695100,true,true
"insertion","Reverse",10000,49,46802720,14654400,true,true
"insertion","Reverse",10000,50,47060544,14735400,true,true
"insertion","Reverse",10000,51,47034624,14727600,true,true
"insertion","Reverse",10000,52,47122752,14754800,true,true
"insertion","Reverse",10000,53,46722272,14629300,true,true
"insertion","Reverse",10000,54,46958656,14703300,true,true
"insertion","Reverse",10000,55,46786496,14649400,true,true
"insertion","Reverse",10000,56,46763136,14642000,true,true
"insertion","Reverse",10000,57,46985696,14711800,true,true
"insertion","Reverse",10000,58,46713504,14626500,true,true
"insertion","Reverse",10000,59,46691904,14619600,true,true
"insertion","Reverse",10000,60,46768512,14643700,true,true
"insertion","Reverse",10000,61,47280576,14805700,true,true
"insertion","Reverse",10000,62,46698304,14621900,true,true
"insertion","Reverse",10000,63,46757664,14640200,true,true
"insertion","Reverse",10000,64,46778752,14646900,true,true
"insertion","Reverse",10000,65,46787616,14649600,true,true
"insertion","Reverse",10000,66,46724736,14630100,true,true
"insertion","Reverse",10000,67,46812128,14657400,true,true
"insertion","Reverse",10000,68,46883072,14679700,true,true
"insertion","Reverse",10000,69,46797280,14652600,true,true
"insertion","Reverse",10000,70,46678336,14615400,true,true
"insertion","Reverse",10000,71,46813056,14657600,true,true
"insertion","Reverse",10000,72,46782240,14648000,true,true
"insertion","Reverse",10000,73,46765632,14642700,true,true
"insertion","Reverse",10000,74,46713184,14626300,true,true
"insertion","Reverse",10000,75,46675264,14614500,true,true
"insertion","Reverse",10000,76,46732544,14632900,true,true
"insertion","Reverse",10000,77,50000832,15657200,true,true
"insertion","Reverse",10000,78,46839680,14666000,true,true
"insertion","Reverse",10000,79,46946528,14699400,true,true
"insertion","Reverse",10000,80,46750976,14638300,true,true
"insertion","Reverse",10000,81,46691328,14619500,true,true
"insertion","Reverse",10000,82,46840544,14666400,true,true
"insertion","Reverse",10000,83,46731040,14632100,true,true
"insertion","Reverse",10000,84,46682688,14617000,true,true
"insertion","Reverse",10000,85,50081760,15682200,true,true
"insertion","Reverse",10000,86,46904320,14686300,true,true
"insertion","Reverse",10000,87,47106576,14750800,true,true
"insertion","Reverse",10000,88,46713120,14626300,true,true
"insertion","Reverse",10000,89,46789184,14650300,true,true
"insertion","Reverse",10000,90,46919744,14691200,true,true
"insertion","Reverse",10000,91,46708640,14625000,true,true
"insertion","Reverse",10000,92,46696192,14621000,true,true
"insertion","Reverse",10000,93,46669056,14612800,true,true
"insertion","Reverse",10000,94,46897632,14684200,true,true
"insertion","Reverse",10000,95,46667840,14612100,true,true
"insertion","Reverse",10000,96,46773888,14645300,true,true
"insertion","Reverse",10000,97,46642208,14604200,true,true
"insertion","Reverse",10000,98,46806624,14655600,true,true
"insertion","Reverse",10000,99,46631968,14600900,true,true
"selection","Reverse",10000,0,45854688,14357600,true,true
"selection","Reverse",10000,1,45485120,14241900,true,true
"selection","Reverse",10000,2,45256288,14170200,true,true
"selection","Reverse",10000,3,45217792,14158200,true,true
"selection","Reverse",10000,4,45184256,14148000,true,true
"selection","Reverse",10000,5,44622336,13971700,true,true
"selection","Reverse",10000,6,44484384,13928700,true,true
"selection","Reverse",10000,7,44243392,13853100,true,true
"selection","Reverse",10000,8,44194752,13837900,true,true
"selection","Reverse",10000,9,44310720,13874100,true,true
"selection","Reverse",10000,10,44566016,13954100,true,true
"selection","Reverse",10000,11,45366400,14206100,true,true
"selection","Reverse",10000,12,44651872,13980900,true,true
"selection","Reverse",10000,13,44421152,13908700,true,true
"selection","Reverse",10000,14,44361280,13889900,true,true
"selection","Reverse",10000,15,44387552,13898100,true,true
"selection","Reverse",10000,16,44395584,13900800,true,true
"selection","Reverse",10000,17,44302080,13871600,true,true
"selection","Reverse",10000,18,44272864,13862300,true,true
"selection","Reverse",10000,19,44440736,13915100,true,true
"selection","Reverse",10000,20,44531552,13943300,true,true
"selection","Reverse",10000,21,44536256,13944800,true,true
"selection","Reverse",10000,22,44345216,13885100,true,true
"selection","Reverse",10000,23,44342176,13884000,true,true
"selection","Reverse",10000,24,44394496,13900300,true,true
"selection","Reverse",10000,25,44521792,13940200,true,true
"selection","Reverse",10000,26,48221344,15099600,true,true
"selection","Reverse",10000,27,44421056,13908700,true,true
"selection","Reverse",10000,28,44666304,13985500,true,true
"selection","Reverse",10000,29,44472736,13924800,true,true
"selection","Reverse",10000,30,44628640,13973700,true,true
"selection","Reverse",10000,31,44482592,13928100,true,true
"selection","Reverse",10000,32,50346304,15764200,true,true
"selection","Reverse",10000,33,45832800,14350700,true,true
"selection","Reverse",10000,34,45702496,14310000,true,true
"selection","Reverse",10000,35,46095584,14433300,true,true
"selection","Reverse",10000,36,45905920,14373700,true,true
"selection","Reverse",10000,37,45913408,14376100,true,true
"selection","Reverse",10000,38,47215904,14784100,true,true
"selection","Reverse",10000,39,46553408,14577800,true,true
"selection","Reverse",10000,40,46280064,14490900,true,true
"selection","Reverse",10000,41,45869440,14362700,true,true
"selection","Reverse",10000,42,49254608,15423200,true,true
"selection","Reverse",10000,43,45926240,14380000,true,true
"selection","Reverse",10000,44,46550784,14576600,true,true
"selection","Reverse",10000,45,45890656,14368900,true,true
"selection","Reverse",10000,46,46227552,14474900,true,true
"selection","Reverse",10000,47,45869024,14362100,true,true
"selection","Reverse",10000,48,46464416,14548500,true,true
"selection","Reverse",10000,49,45952512,14388200,true,true
"selection","Reverse",10000,50,46529856,14569500,true,true
"selection","Reverse",10000,51,45736672,14320700,true,true
"selection","Reverse",10000,52,46065792,14424800,true,true
"selection","Reverse",10000,53,46010592,14406400,true,true
"selection","Reverse",10000,54,46863424,14674200,true,true
"selection","Reverse",10000,55,46371680,14519800,true,true
"selection","Reverse",10000,56,45820928,14347000,true,true
"selection","Reverse",10000,57,46023296,14410500,true,true
"selection","Reverse",10000,58,46395328,14527500,true,true
"selection","Reverse",10000,59,46209984,14469300,true,true
"selection","Reverse",10000,60,45820032,14346800,true,true
"selection","Reverse",10000,61,45671744,14300300,true,true
"selection","Reverse",10000,62,45584416,14273000,true,true
"selection","Reverse",10000,63,45679392,14303100,true,true
"selection","Reverse",10000,64,45297760,14183300,true,true
"selection","Reverse",10000,65,45042048,14103300,true,true
"selection","Reverse",10000,66,44627904,13973500,true,true
"selection","Reverse",10000,67,44595168,13963300,true,true
"selection","Reverse",10000,68,44332800,13881100,true,true
"selection","Reverse",10000,69,44194688,13837800,true,true
"selection","Reverse",10000,70,44440224,13914700,true,true
"selection","Reverse",10000,71,44390592,13899200,true,true
"selection","Reverse",10000,72,44473600,13925300,true,true
"selection","Reverse",10000,73,44663328,13984600,true,true
"selection","Reverse",10000,74,44524576,13941100,true,true
"selection","Reverse",10000,75,44649792,13980500,true,true
"selection","Reverse",10000,76,44378656,13895500,true,true
"selection","Reverse",10000,77,44431264,13912000,true,true
"selection","Reverse",10000,78,44487392,13929400,true,true
"selection","Reverse",10000,79,44514880,13938100,true,true
"selection","Reverse",10000,80,44460576,13921000,true,true
"selection","Reverse",10000,81,44833472,14038000,true,true
"selection","Reverse",10000,82,47265455,14800800,true,true
"selection","Reverse",10000,83,43689248,13679700,true,true
"selection","Reverse",10000,84,43968896,13767200,true,true
"selection","Reverse",10000,85,44549952,13949200,true,true
"selection","Reverse",10000,86,44301344,13871300,true,true
"selection","Reverse",10000,87,44533472,13943800,true,true
"selection","Reverse",10000,88,44643776,13978500,true,true
"selection","Reverse",10000,89,44812032,14031100,true,true
"selection","Reverse",10000,90,44291264,13868000,true,true
"selection","Reverse",10000,91,44309216,13873600,true,true
"selection","Reverse",10000,92,44383008,13896700,true,true
"selection","Reverse",10000,93,44418528,13907900,true,true
"selection","Reverse",10000,94,44281120,13864800,true,true
"selection","Reverse",10000,95,44135968,13819400,true,true
"selection","Reverse",10000,96,44325024,13878700,true,true
"selection","Reverse",10000,97,49173600,15397200,true,true
"selection","Reverse",10000,98,45088768,14117800,true,true
"selection","Reverse",10000,99,45030368,14099500,true,true
"merge","Reverse",10000,0,278336,87200,true,true
"merge","Reverse",10000,1,277856,87000,true,true
"merge","Reverse",10000,2,278368,87200,true,true
"merge","Reverse",10000,3,278528,87300,true,true
"merge","Reverse",10000,4,293216,91800,true,true
"merge","Reverse",10000,5,351264,110100,true,true
"merge","Reverse",10000,6,285952,89600,true,true
"merge","Reverse",10000,7,281024,88100,true,true
"merge","Reverse",10000,8,311168,97600,true,true
"merge","Reverse",10000,9,281760,88300,true,true
"merge","Reverse",10000,10,281024,88000,true,true
"merge","Reverse",10000,11,291520,91300,true,true
"merge","Reverse",10000,12,280512,87900,true,true
"merge","Reverse",10000,13,281184,88100,true,true
"merge","Reverse",10000,14,280672,88000,true,true
"merge","Reverse",10000,15,299104,93700,true,true
"merge","Reverse",10000,16,289952,90800,true,true
"merge","Reverse",10000,17,319744,100200,true,true
"merge","Reverse",10000,18,289856,90800,true,true
"merge","Reverse",10000,19,291232,91200,true,true
"merge","Reverse",10000,20,290112,90900,true,true
"merge","Reverse",10000,21,289824,90800,true,true
"merge","Reverse",10000,22,290368,91000,true,true
"merge","Reverse",10000,23,290272,91000,true,true
"merge","Reverse",10000,24,290528,91100,true,true
"merge","Reverse",10000,25,290496,91000,true,true
"merge","Reverse",10000,26,289984,90900,true,true
"merge","Reverse",10000,27,290080,91000,true,true
"merge","Reverse",10000,28,290176,91100,true,true
"merge","Reverse",10000,29,290912,91200,true,true
"merge","Reverse",10000,30,300448,94200,true,true
"merge","Reverse",10000,31,290592,91100,true,true
"merge","Reverse",10000,32,290112,90900,true,true
"merge","Reverse",10000,33,289920,90900,true,true
"merge","Reverse",10000,34,290656,91100,true,true
"merge","Reverse",10000,35,290912,91200,true,true
"merge","Reverse",10000,36,289792,90800,true,true
"merge","Reverse",10000,37,302048,94600,true,true
"merge","Reverse",10000,38,287232,90000,true,true
"merge","Reverse",10000,39,287072,89900,true,true
"merge","Reverse",10000,40,286944,89900,true,true
"merge","Reverse",10000,41,287456,90000,true,true
"merge","Reverse",10000,42,287040,89900,true,true
"merge","Reverse",10000,43,387264,121500,true,true
"merge","Reverse",10000,44,286624,90000,true,true
"merge","Reverse",10000,45,319520,100300,true,true
"merge","Reverse",10000,46,295680,92700,true,true
"merge","Reverse",10000,47,287776,90200,true,true
"merge","Reverse",10000,48,300288,94100,true,true
"merge","Reverse",10000,49,285632,89500,true,true
"merge","Reverse",10000,50,285856,89600,true,true
"merge","Reverse",10000,51,285824,89600,true,true
"merge","Reverse",10000,52,285408,89400,true,true
"merge","Reverse",10000,53,285344,89400,true,true
"merge","Reverse",10000,54,285952,89500,true,true
"merge","Reverse",10000,55,314368,98500,true,true
"merge","Reverse",10000,56,284064,89000,true,true
"merge","Reverse",10000,57,285888,89700,true,true
"merge","Reverse",10000,58,285184,89300,true,true
"merge","Reverse",10000,59,285856,89500,true,true
"merge","Reverse",10000,60,300160,94000,true,true
"merge","Reverse",10000,61,289856,90800,true,true
"merge","Reverse",10000,62,290400,91000,true,true
"merge","Reverse",10000,63,290624,91100,true,true
"merge","Reverse",10000,64,290016,90900,true,true
"merge","Reverse",10000,65,318816,99900,true,true
"merge","Reverse",10000,66,296832,93000,true,true
"merge","Reverse",10000,67,340480,106700,true,true
"merge","Reverse",10000,68,370688,116200,true,true
"merge","Reverse",10000,69,290368,91000,true,true
"merge","Reverse",10000,70,289760,90800,true,true
"merge","Reverse",10000,71,290176,90900,true,true
"merge","Reverse",10000,72,289952,90900,true,true
"merge","Reverse",10000,73,290464,91000,true,true
"merge","Reverse",10000,74,321088,100600,true,true
"merge","Reverse",10000,75,290464,91100,true,true
"merge","Reverse",10000,76,378528,118600,true,true
"merge","Reverse",10000,77,288768,90500,true,true
"merge","Reverse",10000,78,324896,101800,true,true
"merge","Reverse",10000,79,290240,90900,true,true
"merge","Reverse",10000,80,290368,91000,true,true
"merge","Reverse",10000,81,290112,91000,true,true
"merge","Reverse",10000,82,290304,91000,true,true
"merge","Reverse",10000,83,334976,105000,true,true
"merge","Reverse",10000,84,296480,92900,true,true
"merge","Reverse",10000,85,287424,90100,true,true
"merge","Reverse",10000,86,287296,90000,true,true
"merge","Reverse",10000,87,287360,90000,true,true
"merge","Reverse",10000,88,286560,89700,true,true
"merge","Reverse",10000,89,286816,89800,true,true
"merge","Reverse",10000,90,286496,89800,true,true
"merge","Reverse",10000,91,287200,90000,true,true
"merge","Reverse",10000,92,286368,89700,true,true
"merge","Reverse",10000,93,314112,98400,true,true
"merge","Reverse",10000,94,287136,90000,true,true
"merge","Reverse",10000,95,301600,94500,true,true
"merge","Reverse",10000,96,288672,90400,true,true
"merge","Reverse",10000,97,289408,90600,true,true
"merge","Reverse",10000,98,288352,90300,true,true
"merge","Reverse",10000,99,288960,90600,true,true
"quicksort","Reverse",10000,0,170496,53400,true,true
"quicksort","Reverse",10000,1,170496,53500,true,true
"quicksort","Reverse",10000,2,170592,53500,true,true
"quicksort","Reverse",10000,3,196928,61800,true,true
"quicksort","Reverse",10000,4,168352,52800,true,true
"quicksort","Reverse",10000,5,168192,52700,true,true
"quicksort","Reverse",10000,6,169216,53100,true,true
"quicksort","Reverse",10000,7,169344,53000,true,true
"quicksort","Reverse",10000,8,169312,53200,true,true
"quicksort","Reverse",10000,9,169600,53100,true,true
"quicksort","Reverse",10000,10,169280,53100,true,true
"quicksort","Reverse",10000,11,169376,53100,true,true
"quicksort","Reverse",10000,12,169376,53100,true,true
"quicksort","Reverse",10000,13,181536,56900,true,true
"quicksort","Reverse",10000,14,168224,52800,true,true
"quicksort","Reverse",10000,15,168320,52800,true,true
"quicksort","Reverse",10000,16,168288,52700,true,true
"quicksort","Reverse",10000,17,168416,52800,true,true
"quicksort","Reverse",10000,18,176576,55400,true,true
"quicksort","Reverse",10000,19,167392,52400,true,true
"quicksort","Reverse",10000,20,195488,61300,true,true
"quicksort","Reverse",10000,21,167168,52400,true,true
"quicksort","Reverse",10000,22,167296,52400,true,true
"quicksort","Reverse",10000,23,167424,52500,true,true
"quicksort","Reverse",10000,24,167520,52500,true,true
"quicksort","Reverse",10000,25,167552,52600,true,true
"quicksort","Reverse",10000,26,168032,52700,true,true
"quicksort","Reverse",10000,27,168320,52700,true,true
"quicksort","Reverse",10000,28,168000,52700,true,true
"quicksort","Reverse",10000,29,167936,52700,true,true
"quicksort","Reverse",10000,30,168320,52800,true,true
"quicksort","Reverse",10000,31,168128,52700,true,true
"quicksort","Reverse",10000,32,168160,52700,true,true
"quicksort","Reverse",10000,33,173120,54300,true,true
"quicksort","Reverse",10000,34,165056,51700,true,true
"quicksort","Reverse",10000,35,165248,51800,true,true
"quicksort","Reverse",10000,36,165216,51800,true,true
"quicksort","Reverse",10000,37,192864,60400,true,true
"quicksort","Reverse",10000,38,164704,51600,true,true
"quicksort","Reverse",10000,39,164928,51700,true,true
"quicksort","Reverse",10000,40,164736,51600,true,true
"quicksort","Reverse",10000,41,164576,51600,true,true
"quicksort","Reverse",10000,42,164704,51700,true,true
"quicksort","Reverse",10000,43,164672,51600,true,true
"quicksort","Reverse",10000,44,164512,51600,true,true
"quicksort","Reverse",10000,45,164512,51500,true,true
"quicksort","Reverse",10000,46,164480,51600,true,true
"quicksort","Reverse",10000,47,164640,51600,true,true
"quicksort","Reverse",10000,48,164768,51700,true,true
"quicksort","Reverse",10000,49,164384,51600,true,true
"quicksort","Reverse",10000,50,164384,51500,true,true
"quicksort","Reverse",10000,51,164608,51600,true,true
"quicksort","Reverse",10000,52,188640,59100,true,true
"quicksort","Reverse",10000,53,224160,70200,true,true
"quicksort","Reverse",10000,54,248224,77800,true,true
"quicksort","Reverse",10000,55,222528,70000,true,true
"quicksort","Reverse",10000,56,163904,51300,true,true
"quicksort","Reverse",10000,57,163968,51400,true,true
"quicksort","Reverse",10000,58,163872,51300,true,true
"quicksort","Reverse",10000,59,163904,51400,true,true
"quicksort","Reverse",10000,60,163968,51400,true,true
"quicksort","Reverse",10000,61,163776,51400,true,true
"quicksort","Reverse",10000,62,163552,51200,true,true
"quicksort","Reverse",10000,63,163712,51300,true,true
"quicksort","Reverse",10000,64,163616,51300,true,true
"quicksort","Reverse",10000,65,164512,51700,true,true
"quicksort","Reverse",10000,66,164384,51500,true,true
"quicksort","Reverse",10000,67,164224,51500,true,true
"quicksort","Reverse",10000,68,197824,62000,true,true
"quicksort","Reverse",10000,69,244864,76700,true,true
"quicksort","Reverse",10000,70,190432,59700,true,true
"quicksort","Reverse",10000,71,163744,51300,true,true
"quicksort","Reverse",10000,72,163744,51400,true,true
"quicksort","Reverse",10000,73,178048,55800,true,true
"quicksort","Reverse",10000,74,166368,52400,true,true
"quicksort","Reverse",10000,75,166208,52100,true,true
"quicksort","Reverse",10000,76,166624,52200,true,true
"quicksort","Reverse",10000,77,166432,52100,true,true
"quicksort","Reverse",10000,78,166144,52100,true,true
"quicksort","Reverse",10000,79,166272,52100,true,true
"quicksort","Reverse",10000,80,166304,52200,true,true
"quicksort","Reverse",10000,81,181568,56900,true,true
"quicksort","Reverse",10000,82,167200,52500,true,true
"quicksort","Reverse",10000,83,167200,52400,true,true
"quicksort","Reverse",10000,84,166944,52400,true,true
"quicksort","Reverse",10000,85,166752,52300,true,true
"quicksort","Reverse",10000,86,166784,52300,true,true
"quicksort","Reverse",10000,87,166624,52200,true,true
"quicksort","Reverse",10000,88,195264,61200,true,true
"quicksort","Reverse",10000,89,165120,51800,true,true
"quicksort","Reverse",10000,90,164864,51700,true,true
"quicksort","Reverse",10000,91,165216,51800,true,true
"quicksort","Reverse",10000,92,165216,51800,true,true
"quicksort","Reverse",10000,93,166304,52100,true,true
"quicksort","Reverse",10000,94,181056,56800,true,true
"quicksort","Reverse",10000,95,168896,53000,true,true
"quicksort","Reverse",10000,96,168736,52900,true,true
"quicksort","Reverse",10000,97,169024,52900,true,true
"quicksort","Reverse",10000,98,168960,52900,true,true
"quicksort","Reverse",10000,99,169056,53000,true,true
"heap","Reverse",10000,0,1065728,333800,true,true
"heap","Reverse",10000,1,1108928,347300,true,true
"heap","Reverse",10000,2,1067808,334400,true,true
"heap","Reverse",10000,3,1072928,336000,true,true
"heap","Reverse",10000,4,1092928,342200,true,true
"heap","Reverse",10000,5,1068960,334700,true,true
"heap","Reverse",10000,6,1068096,334500,true,true
"heap","Reverse",10000,7,1092864,342300,true,true
"heap","Reverse",10000,8,1057984,331400,true,true
"heap","Reverse",10000,9,1088128,340800,true,true
"heap","Reverse",10000,10,1059616,331900,true,true
"heap","Reverse",10000,11,1062848,332900,true,true
"heap","Reverse",10000,12,1082496,339000,true,true
"heap","Reverse",10000,13,1052224,329500,true,true
"heap","Reverse",10000,14,1048800,328400,true,true
"heap","Reverse",10000,15,1124864,352200,true,true
"heap","Reverse",10000,16,1101312,344900,true,true
"heap","Reverse",10000,17,1064768,333500,true,true
"heap","Reverse",10000,18,1144608,358500,true,true
"heap","Reverse",10000,19,1168800,366000,true,true
"heap","Reverse",10000,20,1083168,339300,true,true
"heap","Reverse",10000,21,1105120,346100,true,true
"heap","Reverse",10000,22,1101184,344900,true,true
"heap","Reverse",10000,23,1060064,332100,true,true
"heap","Reverse",10000,24,1102080,345500,true,true
"heap","Reverse",10000,25,1057888,331300,true,true
"heap","Reverse",10000,26,1066528,334000,true,true
"heap","Reverse",10000,27,1080544,338400,true,true
"heap","Reverse",10000,28,1050048,328900,true,true
"heap","Reverse",10000,29,1050304,328900,true,true
"heap","Reverse",10000,30,1079712,338200,true,true
"heap","Reverse",10000,31,1051904,329500,true,true
"heap","Reverse",10000,32,1066144,333900,true,true
"heap","Reverse",10000,33,1091776,341900,true,true
"heap","Reverse",10000,34,1141280,357500,true,true
"heap","Reverse",10000,35,1062496,332800,true,true
"heap","Reverse",10000,36,1103264,345600,true,true
"heap","Reverse",10000,37,1122784,351700,true,true
"heap","Reverse",10000,38,1120192,350800,true,true
"heap","Reverse",10000,39,1065856,333800,true,true
"heap","Reverse",10000,40,1127840,353200,true,true
"heap","Reverse",10000,41,1105312,346200,true,true
"heap","Reverse",10000,42,1067616,334300,true,true
"heap","Reverse",10000,43,1066848,334100,true,true
"heap","Reverse",10000,44,1102784,345300,true,true
"heap","Reverse",10000,45,1068576,334700,true,true
"heap","Reverse",10000,46,1054208,330200,true,true
"heap","Reverse",10000,47,1077696,337500,true,true
"heap","Reverse",10000,48,1071616,335600,true,true
"heap","Reverse",10000,49,1047104,327900,true,true
"heap","Reverse",10000,50,1354624,424400,true,true
"heap","Reverse",10000,51,1062656,332800,true,true
"heap","Reverse",10000,52,1060576,332200,true,true
"heap","Reverse",10000,53,1122368,351500,true,true
"heap","Reverse",10000,54,1110880,348100,true,true
"heap","Reverse",10000,55,1089440,341300,true,true
"heap","Reverse",10000,56,1103008,345600,true,true
"heap","Reverse",10000,57,1079872,338200,true,true
"heap","Reverse",10000,58,1073088,336000,true,true
"heap","Reverse",10000,59,1086112,340100,true,true
"heap","Reverse",10000,60,1181344,370000,true,true
"heap","Reverse",10000,61,1381600,432900,true,true
"heap","Reverse",10000,62,1075040,336600,true,true
"heap","Reverse",10000,63,1070912,335300,true,true
"heap","Reverse",10000,64,1101984,345100,true,true
"heap","Reverse",10000,65,1106720,346600,true,true
"heap","Reverse",10000,66,5611584,1757400,true,true
"heap","Reverse",10000,67,1250528,391600,true,true
"heap","Reverse",10000,68,1148416,359800,true,true
"heap","Reverse",10000,69,1114112,348900,true,true
"heap","Reverse",10000,70,1104896,346000,true,true
"heap","Reverse",10000,71,1130976,354200,true,true
"heap","Reverse",10000,72,1096576,343500,true,true
"heap","Reverse",10000,73,1138080,356400,true,true
"heap","Reverse",10000,74,1098496,344000,true,true
"heap","Reverse",10000,75,1123712,351900,true,true
"heap","Reverse",10000,76,1177088,368700,true,true
"heap","Reverse",10000,77,1095360,343300,true,true
"heap","Reverse",10000,78,1134656,355300,true,true
"heap","Reverse",10000,79,1136320,355900,true,true
"heap","Reverse",10000,80,1096832,343700,true,true
"heap","Reverse",10000,81,1095808,343300,true,true
"heap","Reverse",10000,82,1131744,354400,true,true
"heap","Reverse",10000,83,1095872,343200,true,true
"heap","Reverse",10000,84,1106080,346300,true,true
"heap","Reverse",10000,85,1128512,353500,true,true
"heap","Reverse",10000,86,1098528,344000,true,true
"heap","Reverse",10000,87,1122592,351500,true,true
"heap","Reverse",10000,88,1104992,346000,true,true
"heap","Reverse",10000,89,1085952,340100,true,true
"heap","Reverse",10000,90,1130752,354100,true,true
"heap","Reverse",10000,91,1093888,342500,true,true
"heap","Reverse",10000,92,1110336,347700,true,true
"heap","Reverse",10000,93,1208128,378300,true,true
"heap","Reverse",10000,94,1143744,358200,true,true
"heap","Reverse",10000,95,1131200,354300,true,true
"heap","Reverse",10000,96,1179648,369500,true,true
"heap","Reverse",10000,97,1187424,372300,true,true
"heap","Reverse",10000,98,1206208,377800,true,true
"heap","Reverse",10000,99,1187968,372200,true,true
"std-sort","Reverse",10000,0,100608,31600,true,true
"std-sort","Reverse",10000,1,100576,31500,true,true
"std-sort","Reverse",10000,2,100672,31600,true,true
"std-sort","Reverse",10000,3,100608,31500,true,true
"std-sort","Reverse",10000,4,100640,31600,true,true
"std-sort","Reverse",10000,5,100576,31500,true,true
"std-sort","Reverse",10000,6,100800,31600,true,true
"std-sort","Reverse",10000,7,100512,31600,true,true
"std-sort","Reverse",10000,8,100512,31600,true,true
"std-sort","Reverse",10000,9,100704,31800,true,true
"std-sort","Reverse",10000,10,100704,31600,true,true
"std-sort","Reverse",10000,11,100608,31600,true,true
"std-sort","Reverse",10000,12,100544,31500,true,true
"std-sort","Reverse",10000,13,100672,31600,true,true
"std-sort","Reverse",10000,14,100512,31600,true,true
"std-sort","Reverse",10000,15,100608,31500,true,true
"std-sort","Reverse",10000,16,100672,31600,true,true
"std-sort","Reverse",10000,17,100608,31600,true,true
"std-sort","Reverse",10000,18,100608,31700,true,true
"std-sort","Reverse",10000,19,100608,31600,true,true
"std-sort","Reverse",10000,20,129600,40900,true,true
"std-sort","Reverse",10000,21,98656,30900,true,true
"std-sort","Reverse",10000,22,98528,30900,true,true
"std-sort","Reverse",10000,23,98656,30900,true,true
"std-sort","Reverse",10000,24,98496,30900,true,true
"std-sort","Reverse",10000,25,98560,31000,true,true
"std-sort","Reverse",10000,26,98592,30900,true,true
"std-sort","Reverse",10000,27,100704,31600,true,true
"std-sort","Reverse",10000,28,100672,31600,true,true
"std-sort","Reverse",10000,29,100736,31600,true,true
"std-sort","Reverse",10000,30,100768,31600,true,true
"std-sort","Reverse",10000,31,100704,31600,true,true
"std-sort","Reverse",10000,32,100704,31600,true,true
"std-sort","Reverse",10000,33,100768,31600,true,true
"std-sort","Reverse",10000,34,100736,31600,true,true
"std-sort","Reverse",10000,35,100832,31600,true,true
"std-sort","Reverse",10000,36,100768,31600,true,true
"std-sort","Reverse",10000,37,109824,34500,true,true
"std-sort","Reverse",10000,38,98432,30900,true,true
"std-sort","Reverse",10000,39,98272,30800,true,true
"std-sort","Reverse",10000,40,98432,30900,true,true
"std-sort","Reverse",10000,41,98464,30900,true,true
"std-sort","Reverse",10000,42,98464,30900,true,true
"std-sort","Reverse",10000,43,98432,30900,true,true
"std-sort","Reverse",10000,44,98464,30900,true,true
"std-sort","Reverse",10000,45,98400,30900,true,true
"std-sort","Reverse",10000,46,98528,30900,true,true
"std-sort","Reverse",10000,47,131296,41200,true,true
"std-sort","Reverse",10000,48,99872,31300,true,true
"std-sort","Reverse",10000,49,101056,31700,true,true
"std-sort","Reverse",10000,50,101088,31700,true,true
"std-sort","Reverse",10000,51,101088,31700,true,true
"std-sort","Reverse",10000,52,100992,31700,true,true
"std-sort","Reverse",10000,53,100992,31700,true,true
"std-sort","Reverse",10000,54,101056,31700,true,true
"std-sort","Reverse",10000,55,100992,31700,true,true
"std-sort","Reverse",10000,56,101056,31700,true,true
"std-sort","Reverse",10000,57,101088,31700,true,true
"std-sort","Reverse",10000,58,101088,31700,true,true
"std-sort","Reverse",10000,59,100992,31700,true,true
"std-sort","Reverse",10000,60,101024,31600,true,true
"std-sort","Reverse",10000,61,100896,31700,true,true
"std-sort","Reverse",10000,62,101024,31700,true,true
"std-sort","Reverse",10000,63,100928,31700,true,true
"std-sort","Reverse",10000,64,101024,31700,true,true
"std-sort","Reverse",10000,65,101120,31700,true,true
"std-sort","Reverse",10000,66,100992,31700,true,true
"std-sort","Reverse",10000,67,101024,31700,true,true
"std-sort","Reverse",10000,68,100960,31700,true,true
"std-sort","Reverse",10000,69,101088,31700,true,true
"std-sort","Reverse",10000,70,101056,31700,true,true
"std-sort","Reverse",10000,71,100960,31700,true,true
"std-sort","Reverse",10000,72,100832,31700,true,true
"std-sort","Reverse",10000,73,99680,31300,true,true
"std-sort","Reverse",10000,74,132352,41500,true,true
"std-sort","Reverse",10000,75,99136,31100,true,true
"std-sort","Reverse",10000,76,98720,31000,true,true
"std-sort","Reverse",10000,77,98816,31000,true,true
"std-sort","Reverse",10000,78,98816,31000,true,true
"std-sort","Reverse",10000,79,98944,31000,true,true
"std-sort","Reverse",10000,80,98816,31000,true,true
"std-sort","Reverse",10000,81,100384,31500,true,true
"std-sort","Reverse",10000,82,100928,31700,true,true
"std-sort","Reverse",10000,83,101056,31700,true,true
"std-sort","Reverse",10000,84,101024,31700,true,true
"std-sort","Reverse",10000,85,100992,31700,true,true
"std-sort","Reverse",10000,86,101024,31700,true,true
"std-sort","Reverse",10000,87,101024,31600,true,true
"std-sort","Reverse",10000,88,101056,31700,true,true
"std-sort","Reverse",10000,89,100928,31600,true,true
"std-sort","Reverse",10000,90,101024,31700,true,true
"std-sort","Reverse",10000,91,112320,35200,true,true
"std-sort","Reverse",10000,92,100480,31500,true,true
"std-sort","Reverse",10000,93,100576,31500,true,true
"std-sort","Reverse",10000,94,100672,31600,true,true
"std-sort","Reverse",10000,95,100608,31600,true,true
"std-sort","Reverse",10000,96,100608,37400,true,true
"std-sort","Reverse",10000,97,100640,31500,true,true
"std-sort","Reverse",10000,98,100704,31600,true,true
"std-sort","Reverse",10000,99,100736,31600,true,true
"std-stable-sort","Reverse",10000,0,192928,60500,true,true
"std-stable-sort","Reverse",10000,1,200672,62900,true,true
"std-stable-sort","Reverse",10000,2,193536,60600,true,true
"std-stable-sort","Reverse",10000,3,194112,60900,true,true
"std-stable-sort","Reverse",10000,4,192896,60500,true,true
"std-stable-sort","Reverse",10000,5,193664,60800,true,true
"std-stable-sort","Reverse",10000,6,193280,60600,true,true
"std-stable-sort","Reverse",10000,7,193632,60700,true,true
"std-stable-sort","Reverse",10000,8,193408,60700,true,true
"std-stable-sort","Reverse",10000,9,193696,60700,true,true
"std-stable-sort","Reverse",10000,10,238976,74900,true,true
"std-stable-sort","Reverse",10000,11,229664,72000,true,true
"std-stable-sort","Reverse",10000,12,262752,82300,true,true
"std-stable-sort","Reverse",10000,13,198880,62300,true,true
"std-stable-sort","Reverse",10000,14,193664,60600,true,true
"std-stable-sort","Reverse",10000,15,193696,60700,true,true
"std-stable-sort","Reverse",10000,16,193728,60700,true,true
"std-stable-sort","Reverse",10000,17,193536,60700,true,true
"std-stable-sort","Reverse",10000,18,193248,60500,true,true
"std-stable-sort","Reverse",10000,19,193440,60600,true,true
"std-stable-sort","Reverse",10000,20,193440,60600,true,true
"std-stable-sort","Reverse",10000,21,193568,60700,true,true
"std-stable-sort","Reverse",10000,22,193184,60600,true,true
"std-stable-sort","Reverse",10000,23,194016,60800,true,true
"std-stable-sort","Reverse",10000,24,243712,76400,true,true
"std-stable-sort","Reverse",10000,25,258624,81100,true,true
"std-stable-sort","Reverse",10000,26,193312,60700,true,true
"std-stable-sort","Reverse",10000,27,198336,62200,true,true
"std-stable-sort","Reverse",10000,28,193056,60500,true,true
"std-stable-sort","Reverse",10000,29,193408,60600,true,true
"std-stable-sort","Reverse",10000,30,193536,60700,true,true
"std-stable-sort","Reverse",10000,31,193376,60700,true,true
"std-stable-sort","Reverse",10000,32,193248,60600,true,true
"std-stable-sort","Reverse",10000,33,193888,60800,true,true
"std-stable-sort","Reverse",10000,34,193216,60500,true,true
"std-stable-sort","Reverse",10000,35,193792,60700,true,true
"std-stable-sort","Reverse",10000,36,193056,60500,true,true
"std-stable-sort","Reverse",10000,37,193632,60600,true,true
"std-stable-sort","Reverse",10000,38,192992,60500,true,true
"std-stable-sort","Reverse",10000,39,193536,60700,true,true
"std-stable-sort","Reverse",10000,40,220928,69300,true,true
"std-stable-sort","Reverse",10000,41,193984,60800,true,true
"std-stable-sort","Reverse",10000,42,193760,60700,true,true
"std-stable-sort","Reverse",10000,43,193920,60800,true,true
"std-stable-sort","Reverse",10000,44,193216,60600,true,true
"std-stable-sort","Reverse",10000,45,193728,60800,true,true
"std-stable-sort","Reverse",10000,46,206336,64700,true,true
"std-stable-sort","Reverse",10000,47,192640,60400,true,true
"std-stable-sort","Reverse",10000,48,192480,60300,true,true
"std-stable-sort","Reverse",10000,49,192704,60400,true,true
"std-stable-sort","Reverse",10000,50,192128,60200,true,true
"std-stable-sort","Reverse",10000,51,192512,60400,true,true
"std-stable-sort","Reverse",10000,52,192384,60300,true,true
"std-stable-sort","Reverse",10000,53,192736,60400,true,true
"std-stable-sort","Reverse",10000,54,192096,60300,true,true
"std-stable-sort","Reverse",10000,55,222656,69800,true,true
"std-stable-sort","Reverse",10000,56,192224,60200,true,true
"std-stable-sort","Reverse",10000,57,204224,64000,true,true
"std-stable-sort","Reverse",10000,58,192480,60300,true,true
"std-stable-sort","Reverse",10000,59,192896,60400,true,true
"std-stable-sort","Reverse",10000,60,191872,60100,true,true
"std-stable-sort","Reverse",10000,61,192576,60300,true,true
"std-stable-sort","Reverse",10000,62,191936,60100,true,true
"std-stable-sort","Reverse",10000,63,192608,60300,true,true
"std-stable-sort","Reverse",10000,64,192608,60300,true,true
"std-stable-sort","Reverse",10000,65,197760,61900,true,true
"std-stable-sort","Reverse",10000,66,192608,60400,true,true
"std-stable-sort","Reverse",10000,67,192576,60400,true,true
"std-stable-sort","Reverse",10000,68,192064,60200,true,true
"std-stable-sort","Reverse",10000,69,192480,60300,true,true
"std-stable-sort","Reverse",10000,70,218080,68300,true,true
"std-stable-sort","Reverse",10000,71,192416,60300,true,true
"std-stable-sort","Reverse",10000,72,192800,60400,true,true
"std-stable-sort","Reverse",10000,73,192640,60400,true,true
"std-stable-sort","Reverse",10000,74,192448,60300,true,true
"std-stable-sort","Reverse",10000,75,192448,60400,true,true
"std-stable-sort","Reverse",10000,76,192192,60200,true,true
"std-stable-sort","Reverse",10000,77,192640,60300,true,true
"std-stable-sort","Reverse",10000,78,192352,60300,true,true
"std-stable-sort","Reverse",10000,79,192544,60300,true,true
"std-stable-sort","Reverse",10000,80,192032,60100,true,true
"std-stable-sort","Reverse",10000,81,192640,60400,true,true
"std-stable-sort","Reverse",10000,82,192160,60300,true,true
"std-stable-sort","Reverse",10000,83,202656,63500,true,true
"std-stable-sort","Reverse",10000,84,192192,60300,true,true
"std-stable-sort","Reverse",10000,85,192608,60400,true,true
"std-stable-sort","Reverse",10000,86,197120,61800,true,true
"std-stable-sort","Reverse",10000,87,192544,60300,true,true
"std-stable-sort","Reverse",10000,88,192000,60200,true,true
"std-stable-sort","Reverse",10000,89,192640,60400,true,true
"std-stable-sort","Reverse",10000,90,192064,60200,true,true
"std-stable-sort","Reverse",10000,91,192672,60400,true,true
"std-stable-sort","Reverse",10000,92,192544,60300,true,true
"std-stable-sort","Reverse",10000,93,192384,60300,true,true
"std-stable-sort","Reverse",10000,94,192416,60300,true,true
"std-stable-sort","Reverse",10000,95,192384,60300,true,true
"std-stable-sort","Reverse",10000,96,192320,60300,true,true
"std-stable-sort","Reverse",10000,97,192448,60400,true,true
"std-stable-sort","Reverse",10000,98,192448,60300,true,true
"std-stable-sort","Reverse",10000,99,192768,60500,true,true
"bubble","Nearly Sorted",100,0,416,200,true,true
"bubble","Nearly Sorted",100,1,448,200,true,true
"bubble","Nearly Sorted",100,2,416,200,true,true
"bubble","Nearly Sorted",100,3,416,100,true,true
"bubble","Nearly Sorted",100,4,416,200,true,true
"bubble","Nearly Sorted",100,5,480,200,true,true
"bubble","Nearly Sorted",100,6,416,200,true,true
"bubble","Nearly Sorted",100,7,544,300,true,true
"bubble","Nearly Sorted",100,8,416,200,true,true
"bubble","Nearly Sorted",100,9,384,200,true,true
"bubble","Nearly Sorted",100,10,416,200,true,true
"bubble","Nearly Sorted",100,11,448,200,true,true
"bubble","Nearly Sorted",100,12,384,200,true,true
"bubble","Nearly Sorted",100,13,480,200,true,true
"bubble","Nearly Sorted",100,14,448,200,true,true
"bubble","Nearly Sorted",100,15,416,200,true,true
"bubble","Nearly Sorted",100,16,416,200,true,true
"bubble","Nearly Sorted",100,17,480,200,true,true
"bubble","Nearly Sorted",100,18,448,100,true,true
"bubble","Nearly Sorted",100,19,416,200,true,true
"bubble","Nearly Sorted",100,20,448,200,true,true
"bubble","Nearly Sorted",100,21,416,200,true,true
"bubble","Nearly Sorted",100,22,448,200,true,true
"bubble","Nearly Sorted",100,23,416,200,true,true
"bubble","Nearly Sorted",100,24,416,200,true,true
"bubble","Nearly Sorted",100,25,416,200,true,true
"bubble","Nearly Sorted",100,26,416,200,true,true
"bubble","Nearly Sorted",100,27,416,100,true,true
"bubble","Nearly Sorted",100,28,416,200,true,true
"bubble","Nearly Sorted",100,29,416,200,true,true
"bubble","Nearly Sorted",100,30,416,200,true,true
"bubble","Nearly Sorted",100,31,416,200,true,true
"bubble","Nearly Sorted",100,32,448,200,true,true
"bubble","Nearly Sorted",100,33,448,200,true,true
"bubble","Nearly Sorted",100,34,416,200,true,true
"bubble","Nearly Sorted",100,35,416,200,true,true
"bubble","Nearly Sorted",100,36,416,100,true,true
"bubble","Nearly Sorted",100,37,384,100,true,true
"bubble","Nearly Sorted",100,38,416,200,true,true
"bubble","Nearly Sorted",100,39,512,200,true,true
"bubble","Nearly Sorted",100,40,544,200,true,true
"bubble","Nearly Sorted",100,41,448,200,true,true
"bubble","Nearly Sorted",100,42,448,200,true,true
"bubble","Nearly Sorted",100,43,448,200,true,true
"bubble","Nearly Sorted",100,44,384,100,true,true
"bubble","Nearly Sorted",100,45,384,100,true,true
"bubble","Nearly Sorted",100,46,384,200,true,true
"bubble","Nearly Sorted",100,47,416,200,true,true
"bubble","Nearly Sorted",100,48,416,200,true,true
"bubble","Nearly Sorted",100,49,384,200,true,true
"bubble","Nearly Sorted",100,50,384,100,true,true
"bubble","Nearly Sorted",100,51,416,200,true,true
"bubble","Nearly Sorted",100,52,576,200,true,true
"bubble","Nearly Sorted",100,53,384,100,true,true
"bubble","Nearly Sorted",100,54,416,200,true,true
"bubble","Nearly Sorted",100,55,416,200,true,true
"bubble","Nearly Sorted",100,56,384,200,true,true
"bubble","Nearly Sorted",100,57,384,200,true,true
"bubble","Nearly Sorted",100,58,384,200,true,true
"bubble","Nearly Sorted",100,59,416,200,true,true
"bubble","Nearly Sorted",100,60,384,100,true,true
"bubble","Nearly Sorted",100,61,416,200,true,true
"bubble","Nearly Sorted",100,62,416,200,true,true
"bubble","Nearly Sorted",100,63,416,200,true,true
"bubble","Nearly Sorted",100,64,416,200,true,true
"bubble","Nearly Sorted",100,65,480,200,true,true
"bubble","Nearly Sorted",100,66,416,200,true,true
"bubble","Nearly Sorted",100,67,416,200,true,true
"bubble","Nearly Sorted",100,68,384,200,true,true
"bubble","Nearly Sorted",100,69,448,200,true,true
"bubble","Nearly Sorted",100,70,416,100,true,true
"bubble","Nearly Sorted",100,71,416,200,true,true
"bubble","Nearly Sorted",100,72,352,200,true,true
"bubble","Nearly Sorted",100,73,480,200,true,true
"bubble","Nearly Sorted",100,74,416,100,true,true
"bubble","Nearly Sorted",100,75,352,100,true,true
"bubble","Nearly Sorted",100,76,384,200,true,true
"bubble","Nearly Sorted",100,77,416,200,true,true
"bubble","Nearly Sorted",100,78,416,200,true,true
"bubble","Nearly Sorted",100,79,416,200,true,true
"bubble","Nearly Sorted",100,80,384,100,true,true
"bubble","Nearly Sorted",100,81,416,200,true,true
"bubble","Nearly Sorted",100,82,416,200,true,true
"bubble","Nearly Sorted",100,83,448,200,true,true
"bubble","Nearly Sorted",100,84,416,200,true,true
"bubble","Nearly Sorted",100,85,416,200,true,true
"bubble","Nearly Sorted",100,86,384,200,true,true
"bubble","Nearly Sorted",100,87,352,200,true,true
"bubble","Nearly Sorted",100,88,416,200,true,true
"bubble","Nearly Sorted",100,89,416,100,true,true
"bubble","Nearly Sorted",100,90,352,100,true,true
"bubble","Nearly Sorted",100,91,384,200,true,true
"bubble","Nearly Sorted",100,92,416,200,true,true
"bubble","Nearly Sorted",100,93,416,200,true,true
"bubble","Nearly Sorted",100,94,416,200,true,true
"bubble","Nearly Sorted",100,95,608,200,true,true
"bubble","Nearly Sorted",100,96,384,200,true,true
"bubble","Nearly Sorted",100,97,416,200,true,true
"bubble","Nearly Sorted",100,98,416,200,true,true
"bubble","Nearly Sorted",100,99,416,100,true,true
"insertion","Nearly Sorted",100,0,384,200,true,true
"insertion","Nearly Sorted",100,1,416,200,true,true
"insertion","Nearly Sorted",100,2,352,100,true,true
"insertion","Nearly Sorted",100,3,352,200,true,true
"insertion","Nearly Sorted",100,4,384,100,true,true
"insertion","Nearly Sorted",100,5,384,200,true,true
"insertion","Nearly Sorted",100,6,416,200,true,true
"insertion","Nearly Sorted",100,7,384,200,true,true
"insertion","Nearly Sorted",100,8,352,200,true,true
"insertion","Nearly Sorted",100,9,480,200,true,true
"insertion","Nearly Sorted",100,10,512,200,true,true
"insertion","Nearly Sorted",100,11,384,200,true,true
"insertion","Nearly Sorted",100,12,384,200,true,true
"insertion","Nearly Sorted",100,13,416,200,true,true
"insertion","Nearly Sorted",100,14,512,200,true,true
"insertion","Nearly Sorted",100,15,352,200,true,true
"insertion","Nearly Sorted",100,16,512,200,true,true
"insertion","Nearly Sorted",100,17,352,200,true,true
"insertion","Nearly Sorted",100,18,416,200,true,true
"insertion","Nearly Sorted",100,19,448,200,true,true
"insertion","Nearly Sorted",100,20,448,200,true,true
"insertion","Nearly Sorted",100,21,384,200,true,true
"insertion","Nearly Sorted",100,22,448,200,true,true
"insertion","Nearly Sorted",100,23,448,200,true,true
"insertion","Nearly Sorted",100,24,384,200,true,true
"insertion","Nearly Sorted",100,25,512,200,true,true
"insertion","Nearly Sorted",100,26,480,300,true,true
"insertion","Nearly Sorted",100,27,448,200,true,true
"insertion","Nearly Sorted",100,28,448,200,true,true
"insertion","Nearly Sorted",100,29,416,200,true,true
"insertion","Nearly Sorted",100,30,416,200,true,true
"insertion","Nearly Sorted",100,31,352,200,true,true
"insertion","Nearly Sorted",100,32,416,200,true,true
"insertion","Nearly Sorted",100,33,416,200,true,true
"insertion","Nearly Sorted",100,34,416,200,true,true
"insertion","Nearly Sorted",100,35,416,200,true,true
"insertion","Nearly Sorted",100,36,416,200,true,true
"insertion","Nearly Sorted",100,37,384,200,true,true
"insertion","Nearly Sorted",100,38,320,200,true,true
"insertion","Nearly Sorted",100,39,512,300,true,true
"insertion","Nearly Sorted",100,40,448,200,true,true
"insertion","Nearly Sorted",100,41,512,200,true,true
"insertion","Nearly Sorted",100,42,448,200,true,true
"insertion","Nearly Sorted",100,43,480,200,true,true
"insertion","Nearly Sorted",100,44,416,100,true,true
"insertion","Nearly Sorted",100,45,384,200,true,true
"insertion","Nearly Sorted",100,46,384,200,true,true
"insertion","Nearly Sorted",100,47,480,200,true,true
"insertion","Nearly Sorted",100,48,384,100,true,true
"insertion","Nearly Sorted",100,49,352,100,true,true
"insertion","Nearly Sorted",100,50,448,200,true,true
"insertion","Nearly Sorted",100,51,416,200,true,true
"insertion","Nearly Sorted",100,52,448,200,true,true
"insertion","Nearly Sorted",100,53,352,100,true,true
"insertion","Nearly Sorted",100,54,480,200,true,true
"insertion","Nearly Sorted",100,55,416,200,true,true
"insertion","Nearly Sorted",100,56,448,200,true,true
"insertion","Nearly Sorted",100,57,352,100,true,true
"insertion","Nearly Sorted",100,58,352,200,true,true
"insertion","Nearly Sorted",100,59,480,200,true,true
"insertion","Nearly Sorted",100,60,384,200,true,true
"insertion","Nearly Sorted",100,61,480,200,true,true
"insertion","Nearly Sorted",100,62,480,200,true,true
"insertion","Nearly Sorted",100,63,416,200,true,true
"insertion","Nearly Sorted",100,64,352,200,true,true
"insertion","Nearly Sorted",100,65,576,200,true,true
"insertion","Nearly Sorted",100,66,384,200,true,true
"insertion","Nearly Sorted",100,67,480,200,true,true
"insertion","Nearly Sorted",100,68,352,100,true,true
"insertion","Nearly Sorted",100,69,480,200,true,true
"insertion","Nearly Sorted",100,70,384,200,true,true
"insertion","Nearly Sorted",100,71,384,100,true,true
"insertion","Nearly Sorted",100,72,352,100,true,true
"insertion","Nearly Sorted",100,73,448,200,true,true
"insertion","Nearly Sorted",100,74,352,200,true,true
"insertion","Nearly Sorted",100,75,352,200,true,true
"insertion","Nearly Sorted",100,76,384,200,true,true
"insertion","Nearly Sorted",100,77,384,100,true,true
"insertion","Nearly Sorted",100,78,416,200,true,true
"insertion","Nearly Sorted",100,79,384,200,true,true
"insertion","Nearly Sorted",100,80,320,200,true,true
"insertion","Nearly Sorted",100,81,480,200,true,true
"insertion","Nearly Sorted",100,82,480,200,true,true
"insertion","Nearly Sorted",100,83,448,200,true,true
"insertion","Nearly Sorted",100,84,384,100,true,true
"insertion","Nearly Sorted",100,85,384,100,true,true
"insertion","Nearly Sorted",100,86,448,200,true,true
"insertion","Nearly Sorted",100,87,384,100,true,true
"insertion","Nearly Sorted",100,88,480,200,true,true
"insertion","Nearly Sorted",100,89,384,200,true,true
"insertion","Nearly Sorted",100,90,288,200,true,true
"insertion","Nearly Sorted",100,91,416,200,true,true
"insertion","Nearly Sorted",100,92,352,200,true,true
"insertion","Nearly Sorted",100,93,416,200,true,true
"insertion","Nearly Sorted",100,94,384,200,true,true
"insertion","Nearly Sorted",100,95,384,100,true,true
"insertion","Nearly Sorted",100,96,384,100,true,true
"insertion","Nearly Sorted",100,97,480,200,true,true
"insertion","Nearly Sorted",100,98,384,200,true,true
"insertion","Nearly Sorted",100,99,448,200,true,true
"selection","Nearly Sorted",100,0,5536,1800,true,true
"selection","Nearly Sorted",100,1,5728,1900,true,true
"selection","Nearly Sorted",100,2,5568,1800,true,true
"selection","Nearly Sorted",100,3,5600,1800,true,true
"selection","Nearly Sorted",100,4,5536,1800,true,true
"selection","Nearly Sorted",100,5,5536,1800,true,true
"selection","Nearly Sorted",100,6,5536,1800,true,true
"selection","Nearly Sorted",100,7,5504,1800,true,true
"selection","Nearly Sorted",100,8,5440,1800,true,true
"selection","Nearly Sorted",100,9,5504,1800,true,true
"selection","Nearly Sorted",100,10,5504,1800,true,true
"selection","Nearly Sorted",100,11,5472,1800,true,true
"selection","Nearly Sorted",100,12,5504,1800,true,true
"selection","Nearly Sorted",100,13,5536,1800,true,true
"selection","Nearly Sorted",100,14,5632,1900,true,true
"selection","Nearly Sorted",100,15,5600,1800,true,true
"selection","Nearly Sorted",100,16,5760,1800,true,true
"selection","Nearly Sorted",100,17,5664,1800,true,true
"selection","Nearly Sorted",100,18,5664,1800,true,true
"selection","Nearly Sorted",100,19,5600,1800,true,true
"selection","Nearly Sorted",100,20,5600,1800,true,true
"selection","Nearly Sorted",100,21,5664,1800,true,true
"selection","Nearly Sorted",100,22,5600,1800,true,true
"selection","Nearly Sorted",100,23,5408,1800,true,true
"selection","Nearly Sorted",100,24,5408,1700,true,true
"selection","Nearly Sorted",100,25,5440,1700,true,true
"selection","Nearly Sorted",100,26,5472,1700,true,true
"selection","Nearly Sorted",100,27,5472,1700,true,true
"selection","Nearly Sorted",100,28,5472,1700,true,true
"selection","Nearly Sorted",100,29,5472,1700,true,true
"selection","Nearly Sorted",100,30,5536,1800,true,true
"selection","Nearly Sorted",100,31,5504,1800,true,true
"selection","Nearly Sorted",100,32,5568,1800,true,true
"selection","Nearly Sorted",100,33,5536,1800,true,true
"selection","Nearly Sorted",100,34,5504,1800,true,true
"selection","Nearly Sorted",100,35,5568,1800,true,true
"selection","Nearly Sorted",100,36,5472,1700,true,true
"selection","Nearly Sorted",100,37,5472,1800,true,true
"selection","Nearly Sorted",100,38,5408,1700,true,true
"selection","Nearly Sorted",100,39,5472,1800,true,true
"selection","Nearly Sorted",100,40,5440,1800,true,true
"selection","Nearly Sorted",100,41,5504,1700,true,true
"selection","Nearly Sorted",100,42,5440,1800,true,true
"selection","Nearly Sorted",100,43,5472,1700,true,true
"selection","Nearly Sorted",100,44,5504,1700,true,true
"selection","Nearly Sorted",100,45,5440,1700,true,true
"selection","Nearly Sorted",100,46,5408,1700,true,true
"selection","Nearly Sorted",100,47,5472,1700,true,true
"selection","Nearly Sorted",100,48,5472,1700,true,true
"selection","Nearly Sorted",100,49,5472,1700,true,true
"selection","Nearly Sorted",100,50,5504,1800,true,true
"selection","Nearly Sorted",100,51,5440,1800,true,true
"selection","Nearly Sorted",100,52,5440,1700,true,true
"selection","Nearly Sorted",100,53,5376,1700,true,true
"selection","Nearly Sorted",100,54,5472,1700,true,true
"selection","Nearly Sorted",100,55,5408,1700,true,true
"selection","Nearly Sorted",100,56,5440,1800,true,true
"selection","Nearly Sorted",100,57,5376,1800,true,true
"selection","Nearly Sorted",100,58,5376,1700,true,true
"selection","Nearly Sorted",100,59,5376,1700,true,true
"selection","Nearly Sorted",100,60,5408,1800,true,true
"selection","Nearly Sorted",100,61,5408,1800,true,true
"selection","Nearly Sorted",100,62,5408,1700,true,true
"selection","Nearly Sorted",100,63,5472,1800,true,true
"selection","Nearly Sorted",100,64,5472,1700,true,true
"selection","Nearly Sorted",100,65,5504,1800,true,true
"selection","Nearly Sorted",100,66,5536,1800,true,true
"selection","Nearly Sorted",100,67,5536,1700,true,true
"selection","Nearly Sorted",100,68,5408,1700,true,true
"selection","Nearly Sorted",100,69,5504,1700,true,true
"selection","Nearly Sorted",100,70,5536,1700,true,true
"selection","Nearly Sorted",100,71,5536,1800,true,true
"selection","Nearly Sorted",100,72,5536,1800,true,true
"selection","Nearly Sorted",100,73,5568,1800,true,true
"selection","Nearly Sorted",100,74,5568,1800,true,true
"selection","Nearly Sorted",100,75,5472,1800,true,true
"selection","Nearly Sorted",100,76,5536,1800,true,true
"selection","Nearly Sorted",100,77,5536,1800,true,true
"selection","Nearly Sorted",100,78,5504,1700,true,true
"selection","Nearly Sorted",100,79,5536,1800,true,true
"selection","Nearly Sorted",100,80,5472,1800,true,true
"selection","Nearly Sorted",100,81,5568,1800,true,true
"selection","Nearly Sorted",100,82,5504,1800,true,true
"selection","Nearly Sorted",100,83,5536,1800,true,true
"selection","Nearly Sorted",100,84,5536,1800,true,true
"selection","Nearly Sorted",100,85,5504,1800,true,true
"selection","Nearly Sorted",100,86,5600,1800,true,true
"selection","Nearly Sorted",100,87,5536,1800,true,true
"selection","Nearly Sorted",100,88,5504,1800,true,true
"selection","Nearly Sorted",100,89,5600,1800,true,true
"selection","Nearly Sorted",100,90,5472,1700,true,true
"selection","Nearly Sorted",100,91,5504,1800,true,true
"selection","Nearly Sorted",100,92,5568,1800,true,true
"selection","Nearly Sorted",100,93,5504,1700,true,true
"selection","Nearly Sorted",100,94,5504,1800,true,true
"selection","Nearly Sorted",100,95,5504,1800,true,true
"selection","Nearly Sorted",100,96,5504,1800,true,true
"selection","Nearly Sorted",100,97,5536,1800,true,true
"selection","Nearly Sorted",100,98,5504,1800,true,true
"selection","Nearly Sorted",100,99,5536,1800,true,true
"merge","Nearly Sorted",100,0,2752,900,true,true
"merge","Nearly Sorted",100,1,2656,900,true,true
"merge","Nearly Sorted",100,2,2624,900,true,true
"merge","Nearly Sorted",100,3,2784,900,true,true
"merge","Nearly Sorted",100,4,2784,900,true,true
"merge","Nearly Sorted",100,5,2656,900,true,true
"merge","Nearly Sorted",100,6,2656,900,true,true
"merge","Nearly Sorted",100,7,2816,900,true,true
"merge","Nearly Sorted",100,8,2656,900,true,true
"merge","Nearly Sorted",100,9,2656,900,true,true
"merge","Nearly Sorted",100,10,2624,900,true,true
"merge","Nearly Sorted",100,11,2656,900,true,true
"merge","Nearly Sorted",100,12,2656,900,true,true
"merge","Nearly Sorted",100,13,2880,900,true,true
"merge","Nearly Sorted",100,14,2720,900,true,true
"merge","Nearly Sorted",100,15,2816,900,true,true
"merge","Nearly Sorted",100,16,2720,900,true,true
"merge","Nearly Sorted",100,17,2656,900,true,true
"merge","Nearly Sorted",100,18,2720,900,true,true
"merge","Nearly Sorted",100,19,2880,900,true,true
"merge","Nearly Sorted",100,20,2624,900,true,true
"merge","Nearly Sorted",100,21,2816,900,true,true
"merge","Nearly Sorted",100,22,2752,900,true,true
"merge","Nearly Sorted",100,23,2624,900,true,true
"merge","Nearly Sorted",100,24,2816,1000,true,true
"merge","Nearly Sorted",100,25,2688,900,true,true
"merge","Nearly Sorted",100,26,2880,1000,true,true
"merge","Nearly Sorted",100,27,2656,900,true,true
"merge","Nearly Sorted",100,28,2720,900,true,true
"merge","Nearly Sorted",100,29,2656,900,true,true
"merge","Nearly Sorted",100,30,2880,1000,true,true
"merge","Nearly Sorted",100,31,2720,900,true,true
"merge","Nearly Sorted",100,32,2624,800,true,true
"merge","Nearly Sorted",100,33,2656,900,true,true
"merge","Nearly Sorted",100,34,2656,900,true,true
"merge","Nearly Sorted",100,35,2880,900,true,true
"merge","Nearly Sorted",100,36,2688,900,true,true
"merge","Nearly Sorted",100,37,11552,3700,true,true
"merge","Nearly Sorted",100,38,2656,900,true,true
"merge","Nearly Sorted",100,39,2912,1000,true,true
"merge","Nearly Sorted",100,40,2688,900,true,true
"merge","Nearly Sorted",100,41,2688,900,true,true
"merge","Nearly Sorted",100,42,2688,900,true,true
"merge","Nearly Sorted",100,43,2624,900,true,true
"merge","Nearly Sorted",100,44,2592,900,true,true
"merge","Nearly Sorted",100,45,2560,900,true,true
"merge","Nearly Sorted",100,46,2848,1000,true,true
"merge","Nearly Sorted",100,47,2720,900,true,true
"merge","Nearly Sorted",100,48,2720,900,true,true
"merge","Nearly Sorted",100,49,2624,900,true,true
"merge","Nearly Sorted",100,50,2624,900,true,true
"merge","Nearly Sorted",100,51,2624,900,true,true
"merge","Nearly Sorted",100,52,2688,900,true,true
"merge","Nearly Sorted",100,53,2688,900,true,true
"merge","Nearly Sorted",100,54,2816,900,true,true
"merge","Nearly Sorted",100,55,2656,900,true,true
"merge","Nearly Sorted",100,56,2784,900,true,true
"merge","Nearly Sorted",100,57,2592,900,true,true
"merge","Nearly Sorted",100,58,2816,900,true,true
"merge","Nearly Sorted",100,59,2656,900,true,true
"merge","Nearly Sorted",100,60,2816,900,true,true
"merge","Nearly Sorted",100,61,2624,800,true,true
"merge","Nearly Sorted",100,62,2688,900,true,true
"merge","Nearly Sorted",100,63,2624,900,true,true
"merge","Nearly Sorted",100,64,2816,1000,true,true
"merge","Nearly Sorted",100,65,2656,900,true,true
"merge","Nearly Sorted",100,66,2848,900,true,true
"merge","Nearly Sorted",100,67,2688,900,true,true
"merge","Nearly Sorted",100,68,2784,900,true,true
"merge","Nearly Sorted",100,69,2624,900,true,true
"merge","Nearly Sorted",100,70,2880,1000,true,true
"merge","Nearly Sorted",100,71,2624,900,true,true
"merge","Nearly Sorted",100,72,2848,1000,true,true
"merge","Nearly Sorted",100,73,2720,900,true,true
"merge","Nearly Sorted",100,74,2816,1000,true,true
"merge","Nearly Sorted",100,75,2656,900,true,true
"merge","Nearly Sorted",100,76,2656,900,true,true
"merge","Nearly Sorted",100,77,2816,900,true,true
"merge","Nearly Sorted",100,78,2592,800,true,true
"merge","Nearly Sorted",100,79,2656,800,true,true
"merge","Nearly Sorted",100,80,2592,800,true,true
"merge","Nearly Sorted",100,81,2592,800,true,true
"merge","Nearly Sorted",100,82,2560,900,true,true
"merge","Nearly Sorted",100,83,2656,900,true,true
"merge","Nearly Sorted",100,84,2688,900,true,true
"merge","Nearly Sorted",100,85,2880,900,true,true
"merge","Nearly Sorted",100,86,2624,900,true,true
"merge","Nearly Sorted",100,87,2624,800,true,true
"merge","Nearly Sorted",100,88,2592,800,true,true
"merge","Nearly Sorted",100,89,2624,900,true,true
"merge","Nearly Sorted",100,90,2624,900,true,true
"merge","Nearly Sorted",100,91,2688,900,true,true
"merge","Nearly Sorted",100,92,2720,900,true,true
"merge","Nearly Sorted",100,93,2624,900,true,true
"merge","Nearly Sorted",100,94,2688,900,true,true
"merge","Nearly Sorted",100,95,2976,1000,true,true
"merge","Nearly Sorted",100,96,2912,1000,true,true
"merge","Nearly Sorted",100,97,2656,900,true,true
"merge","Nearly Sorted",100,98,2688,900,true,true
"merge","Nearly Sorted",100,99,2752,900,true,true
"quicksort","Nearly Sorted",100,0,1568,600,true,true
"quicksort","Nearly Sorted",100,1,1472,600,true,true
"quicksort","Nearly Sorted",100,2,1632,600,true,true
"quicksort","Nearly Sorted",100,3,1408,500,true,true
"quicksort","Nearly Sorted",100,4,1632,600,true,true
"quicksort","Nearly Sorted",100,5,1568,500,true,true
"quicksort","Nearly Sorted",100,6,1344,500,true,true
"quicksort","Nearly Sorted",100,7,1824,600,true,true
"quicksort","Nearly Sorted",100,8,1440,500,true,true
"quicksort","Nearly Sorted",100,9,1600,500,true,true
"quicksort","Nearly Sorted",100,10,1408,500,true,true
"quicksort","Nearly Sorted",100,11,1312,500,true,true
"quicksort","Nearly Sorted",100,12,1536,600,true,true
"quicksort","Nearly Sorted",100,13,1312,400,true,true
"quicksort","Nearly Sorted",100,14,1376,500,true,true
"quicksort","Nearly Sorted",100,15,1312,600,true,true
"quicksort","Nearly Sorted",100,16,1344,500,true,true
"quicksort","Nearly Sorted",100,17,1408,500,true,true
"quicksort","Nearly Sorted",100,18,1344,500,true,true
"quicksort","Nearly Sorted",100,19,1312,500,true,true
"quicksort","Nearly Sorted",100,20,1280,500,true,true
"quicksort","Nearly Sorted",100,21,1216,400,true,true
"quicksort","Nearly Sorted",100,22,1248,400,true,true
"quicksort","Nearly Sorted",100,23,1280,400,true,true
"quicksort","Nearly Sorted",100,24,1184,400,true,true
"quicksort","Nearly Sorted",100,25,1216,500,true,true
"quicksort","Nearly Sorted",100,26,1280,500,true,true
"quicksort","Nearly Sorted",100,27,1280,500,true,true
"quicksort","Nearly Sorted",100,28,1280,400,true,true
"quicksort","Nearly Sorted",100,29,1184,400,true,true
"quicksort","Nearly Sorted",100,30,1152,500,true,true
"quicksort","Nearly Sorted",100,31,1280,500,true,true
"quicksort","Nearly Sorted",100,32,1248,400,true,true
"quicksort","Nearly Sorted",100,33,1280,400,true,true
"quicksort","Nearly Sorted",100,34,1184,500,true,true
"quicksort","Nearly Sorted",100,35,1248,400,true,true
"quicksort","Nearly Sorted",100,36,1312,400,true,true
"quicksort","Nearly Sorted",100,37,1216,400,true,true
"quicksort","Nearly Sorted",100,38,1216,400,true,true
"quicksort","Nearly Sorted",100,39,1344,500,true,true
"quicksort","Nearly Sorted",100,40,1216,500,true,true
"quicksort","Nearly Sorted",100,41,1248,400,true,true
"quicksort","Nearly Sorted",100,42,1184,400,true,true
"quicksort","Nearly Sorted",100,43,1184,400,true,true
"quicksort","Nearly Sorted",100,44,1184,400,true,true
"quicksort","Nearly Sorted",100,45,1152,400,true,true
"quicksort","Nearly Sorted",100,46,1440,500,true,true
"quicksort","Nearly Sorted",100,47,1152,400,true,true
"quicksort","Nearly Sorted",100,48,1184,400,true,true
"quicksort","Nearly Sorted",100,49,1184,400,true,true
"quicksort","Nearly Sorted",100,50,1152,400,true,true
"quicksort","Nearly Sorted",100,51,1120,400,true,true
"quicksort","Nearly Sorted",100,52,1184,400,true,true
"quicksort","Nearly Sorted",100,53,1184,500,true,true
"quicksort","Nearly Sorted",100,54,1120,400,true,true
"quicksort","Nearly Sorted",100,55,1504,500,true,true
"quicksort","Nearly Sorted",100,56,1408,500,true,true
"quicksort","Nearly Sorted",100,57,1120,400,true,true
"quicksort","Nearly Sorted",100,58,1248,400,true,true
"quicksort","Nearly Sorted",100,59,1280,400,true,true
"quicksort","Nearly Sorted",100,60,1216,500,true,true
"quicksort","Nearly Sorted",100,61,1184,400,true,true
"quicksort","Nearly Sorted",100,62,1248,400,true,true
"quicksort","Nearly Sorted",100,63,1408,500,true,true
"quicksort","Nearly Sorted",100,64,1280,400,true,true
"quicksort","Nearly Sorted",100,65,1312,400,true,true
"quicksort","Nearly Sorted",100,66,1280,400,true,true
"quicksort","Nearly Sorted",100,67,1216,400,true,true
"quicksort","Nearly Sorted",100,68,1216,400,true,true
"quicksort","Nearly Sorted",100,69,1152,400,true,true
"quicksort","Nearly Sorted",100,70,1216,400,true,true
"quicksort","Nearly Sorted",100,71,1248,500,true,true
"quicksort","Nearly Sorted",100,72,1120,400,true,true
"quicksort","Nearly Sorted",100,73,1440,500,true,true
"quicksort","Nearly Sorted",100,74,1312,500,true,true
"quicksort","Nearly Sorted",100,75,1248,500,true,true
"quicksort","Nearly Sorted",100,76,1312,500,true,true
"quicksort","Nearly Sorted",100,77,1280,500,true,true
"quicksort","Nearly Sorted",100,78,1408,500,true,true
"quicksort","Nearly Sorted",100,79,1312,500,true,true
"quicksort","Nearly Sorted",100,80,1120,400,true,true
"quicksort","Nearly Sorted",100,81,1216,400,true,true
"quicksort","Nearly Sorted",100,82,1216,500,true,true
"quicksort","Nearly Sorted",100,83,1184,500,true,true
"quicksort","Nearly Sorted",100,84,1120,400,true,true
"quicksort","Nearly Sorted",100,85,1248,500,true,true
"quicksort","Nearly Sorted",100,86,1152,400,true,true
"quicksort","Nearly Sorted",100,87,1376,500,true,true
"quicksort","Nearly Sorted",100,88,1184,400,true,true
"quicksort","Nearly Sorted",100,89,1376,500,true,true
"quicksort","Nearly Sorted",100,90,1344,400,true,true
"quicksort","Nearly Sorted",100,91,1312,400,true,true
"quicksort","Nearly Sorted",100,92,1216,400,true,true
"quicksort","Nearly Sorted",100,93,1312,400,true,true
"quicksort","Nearly Sorted",100,94,1440,500,true,true
"quicksort","Nearly Sorted",100,95,1696,600,true,true
"quicksort","Nearly Sorted",100,96,1440,500,true,true
"quicksort","Nearly Sorted",100,97,1408,500,true,true
"quicksort","Nearly Sorted",100,98,1280,500,true,true
"quicksort","Nearly Sorted",100,99,1344,500,true,true
"heap","Nearly Sorted",100,0,3680,1200,true,true
"heap","Nearly Sorted",100,1,4640,1600,true,true
"heap","Nearly Sorted",100,2,4512,1500,true,true
"heap","Nearly Sorted",100,3,4544,1500,true,true
"heap","Nearly Sorted",100,4,5376,1800,true,true
"heap","Nearly Sorted",100,5,4384,1500,true,true
"heap","Nearly Sorted",100,6,3840,1200,true,true
"heap","Nearly Sorted",100,7,5152,1600,true,true
"heap","Nearly Sorted",100,8,4032,1300,true,true
"heap","Nearly Sorted",100,9,4704,1500,true,true
"heap","Nearly Sorted",100,10,5760,2000,true,true
"heap","Nearly Sorted",100,11,4768,1500,true,true
"heap","Nearly Sorted",100,12,4576,1500,true,true
"heap","Nearly Sorted",100,13,4160,1400,true,true
"heap","Nearly Sorted",100,14,3232,1100,true,true
"heap","Nearly Sorted",100,15,3424,1100,true,true
"heap","Nearly Sorted",100,16,3456,1100,true,true
"heap","Nearly Sorted",100,17,3168,1100,true,true
"heap","Nearly Sorted",100,18,3680,1200,true,true
"heap","Nearly Sorted",100,19,3232,1000,true,true
"heap","Nearly Sorted",100,20,2944,1000,true,true
"heap","Nearly Sorted",100,21,3520,1200,true,true
"heap","Nearly Sorted",100,22,3200,1100,true,true
"heap","Nearly Sorted",100,23,3328,1100,true,true
"heap","Nearly Sorted",100,24,3360,1100,true,true
"heap","Nearly Sorted",100,25,3296,1100,true,true
"heap","Nearly Sorted",100,26,2944,1000,true,true
"heap","Nearly Sorted",100,27,3104,1000,true,true
"heap","Nearly Sorted",100,28,2848,900,true,true
"heap","Nearly Sorted",100,29,3104,1000,true,true
"heap","Nearly Sorted",100,30,3296,1100,true,true
"heap","Nearly Sorted",100,31,3072,1000,true,true
"heap","Nearly Sorted",100,32,2976,1000,true,true
"heap","Nearly Sorted",100,33,2848,1000,true,true
"heap","Nearly Sorted",100,34,3360,1100,true,true
"heap","Nearly Sorted",100,35,3072,1100,true,true
"heap","Nearly Sorted",100,36,2944,1000,true,true
"heap","Nearly Sorted",100,37,3200,1100,true,true
"heap","Nearly Sorted",100,38,2720,900,true,true
"heap","Nearly Sorted",100,39,3008,900,true,true
"heap","Nearly Sorted",100,40,3232,1000,true,true
"heap","Nearly Sorted",100,41,3072,1000,true,true
"heap","Nearly Sorted",100,42,3296,1100,true,true
"heap","Nearly Sorted",100,43,3168,1000,true,true
"heap","Nearly Sorted",100,44,3104,1100,true,true
"heap","Nearly Sorted",100,45,3296,1100,true,true
"heap","Nearly Sorted",100,46,2944,1000,true,true
"heap","Nearly Sorted",100,47,3200,1100,true,true
"heap","Nearly Sorted",100,48,3584,1200,true,true
"heap","Nearly Sorted",100,49,2816,900,true,true
"heap","Nearly Sorted",100,50,2752,900,true,true
"heap","Nearly Sorted",100,51,2848,900,true,true
"heap","Nearly Sorted",100,52,3072,1000,true,true
"heap","Nearly Sorted",100,53,3040,1000,true,true
"heap","Nearly Sorted",100,54,2784,900,true,true
"heap","Nearly Sorted",100,55,3296,1100,true,true
"heap","Nearly Sorted",100,56,3424,1100,true,true
"heap","Nearly Sorted",100,57,2816,1000,true,true
"heap","Nearly Sorted",100,58,2944,1000,true,true
"heap","Nearly Sorted",100,59,3296,1100,true,true
"heap","Nearly Sorted",100,60,3840,1200,true,true
"heap","Nearly Sorted",100,61,6080,2000,true,true
"heap","Nearly Sorted",100,62,4288,1400,true,true
"heap","Nearly Sorted",100,63,4352,1400,true,true
"heap","Nearly Sorted",100,64,4768,1500,true,true
"heap","Nearly Sorted",100,65,3616,1200,true,true
"heap","Nearly Sorted",100,66,4064,1400,true,true
"heap","Nearly Sorted",100,67,5088,1600,true,true
"heap","Nearly Sorted",100,68,4352,1600,true,true
"heap","Nearly Sorted",100,69,3904,1300,true,true
"heap","Nearly Sorted",100,70,3936,1300,true,true
"heap","Nearly Sorted",100,71,4896,1700,true,true
"heap","Nearly Sorted",100,72,4352,1500,true,true
"heap","Nearly Sorted",100,73,4320,1400,true,true
"heap","Nearly Sorted",100,74,5344,1700,true,true
"heap","Nearly Sorted",100,75,4608,1500,true,true
"heap","Nearly Sorted",100,76,9024,2900,true,true
"heap","Nearly Sorted",100,77,5312,1700,true,true
"heap","Nearly Sorted",100,78,7520,2400,true,true
"heap","Nearly Sorted",100,79,4800,1600,true,true
"heap","Nearly Sorted",100,80,3616,1100,true,true
"heap","Nearly Sorted",100,81,5120,1600,true,true
"heap","Nearly Sorted",100,82,4608,1500,true,true
"heap","Nearly Sorted",100,83,5568,1800,true,true
"heap","Nearly Sorted",100,84,5504,1800,true,true
"heap","Nearly Sorted",100,85,4736,1500,true,true
"heap","Nearly Sorted",100,86,4512,1500,true,true
"heap","Nearly Sorted",100,87,4224,1300,true,true
"heap","Nearly Sorted",100,88,4480,1400,true,true
"heap","Nearly Sorted",100,89,4256,1400,true,true
"heap","Nearly Sorted",100,90,2848,1000,true,true
"heap","Nearly Sorted",100,91,3328,1100,true,true
"heap","Nearly Sorted",100,92,3040,1000,true,true
"heap","Nearly Sorted",100,93,2880,1000,true,true
"heap","Nearly Sorted",100,94,3360,1100,true,true
"heap","Nearly Sorted",100,95,2816,900,true,true
"heap","Nearly Sorted",100,96,3040,1000,true,true
"heap","Nearly Sorted",100,97,2720,900,true,true
"heap","Nearly Sorted",100,98,2752,900,true,true
"heap","Nearly Sorted",100,99,4192,1400,true,true
"std-sort","Nearly Sorted",100,0,1248,400,true,true
"std-sort","Nearly Sorted",100,1,1344,500,true,true
"std-sort","Nearly Sorted",100,2,1952,700,true,true
"std-sort","Nearly Sorted",100,3,1664,600,true,true
"std-sort","Nearly Sorted",100,4,2048,800,true,true
"std-sort","Nearly Sorted",100,5,1280,400,true,true
"std-sort","Nearly Sorted",100,6,1472,500,true,true
"std-sort","Nearly Sorted",100,7,1152,400,true,true
"std-sort","Nearly Sorted",100,8,960,300,true,true
"std-sort","Nearly Sorted",100,9,896,300,true,true
"std-sort","Nearly Sorted",100,10,864,300,true,true
"std-sort","Nearly Sorted",100,11,992,300,true,true
"std-sort","Nearly Sorted",100,12,864,300,true,true
"std-sort","Nearly Sorted",100,13,832,300,true,true
"std-sort","Nearly Sorted",100,14,832,300,true,true
"std-sort","Nearly Sorted",100,15,1184,400,true,true
"std-sort","Nearly Sorted",100,16,960,400,true,true
"std-sort","Nearly Sorted",100,17,864,300,true,true
"std-sort","Nearly Sorted",100,18,960,300,true,true
"std-sort","Nearly Sorted",100,19,992,400,true,true
"std-sort","Nearly Sorted",100,20,832,300,true,true
"std-sort","Nearly Sorted",100,21,736,300,true,true
"std-sort","Nearly Sorted",100,22,928,400,true,true
"std-sort","Nearly Sorted",100,23,800,300,true,true
"std-sort","Nearly Sorted",100,24,1024,400,true,true
"std-sort","Nearly Sorted",100,25,896,300,true,true
"std-sort","Nearly Sorted",100,26,928,400,true,true
"std-sort","Nearly Sorted",100,27,896,300,true,true
"std-sort","Nearly Sorted",100,28,768,300,true,true
"std-sort","Nearly Sorted",100,29,800,300,true,true
"std-sort","Nearly Sorted",100,30,1024,300,true,true
"std-sort","Nearly Sorted",100,31,896,300,true,true
"std-sort","Nearly Sorted",100,32,800,300,true,true
"std-sort","Nearly Sorted",100,33,896,400,true,true
"std-sort","Nearly Sorted",100,34,960,300,true,true
"std-sort","Nearly Sorted",100,35,864,300,true,true
"std-sort","Nearly Sorted",100,36,832,400,true,true
"std-sort","Nearly Sorted",100,37,832,300,true,true
"std-sort","Nearly Sorted",100,38,896,400,true,true
"std-sort","Nearly Sorted",100,39,832,300,true,true
"std-sort","Nearly Sorted",100,40,832,300,true,true
"std-sort","Nearly Sorted",100,41,864,300,true,true
"std-sort","Nearly Sorted",100,42,928,300,true,true
"std-sort","Nearly Sorted",100,43,896,300,true,true
"std-sort","Nearly Sorted",100,44,864,300,true,true
"std-sort","Nearly Sorted",100,45,896,300,true,true
"std-sort","Nearly Sorted",100,46,832,300,true,true
"std-sort","Nearly Sorted",100,47,896,300,true,true
"std-sort","Nearly Sorted",100,48,896,300,true,true
"std-sort","Nearly Sorted",100,49,768,300,true,true
"std-sort","Nearly Sorted",100,50,832,300,true,true
"std-sort","Nearly Sorted",100,51,960,400,true,true
"std-sort","Nearly Sorted",100,52,864,300,true,true
"std-sort","Nearly Sorted",100,53,1632,600,true,true
"std-sort","Nearly Sorted",100,54,1920,700,true,true
"std-sort","Nearly Sorted",100,55,1472,500,true,true
"std-sort","Nearly Sorted",100,56,1152,400,true,true
"std-sort","Nearly Sorted",100,57,1024,400,true,true
"std-sort","Nearly Sorted",100,58,1120,400,true,true
"std-sort","Nearly Sorted",100,59,1056,400,true,true
"std-sort","Nearly Sorted",100,60,1280,500,true,true
"std-sort","Nearly Sorted",100,61,1120,400,true,true
"std-sort","Nearly Sorted",100,62,1216,500,true,true
"std-sort","Nearly Sorted",100,63,1152,500,true,true
"std-sort","Nearly Sorted",100,64,1248,500,true,true
"std-sort","Nearly Sorted",100,65,1312,500,true,true
"std-sort","Nearly Sorted",100,66,1056,400,true,true
"std-sort","Nearly Sorted",100,67,1280,500,true,true
"std-sort","Nearly Sorted",100,68,1152,500,true,true
"std-sort","Nearly Sorted",100,69,1056,400,true,true
"std-sort","Nearly Sorted",100,70,1120,400,true,true
"std-sort","Nearly Sorted",100,71,1088,400,true,true
"std-sort","Nearly Sorted",100,72,1056,400,true,true
"std-sort","Nearly Sorted",100,73,1248,400,true,true
"std-sort","Nearly Sorted",100,74,1088,400,true,true
"std-sort","Nearly Sorted",100,75,1056,400,true,true
"std-sort","Nearly Sorted",100,76,992,400,true,true
"std-sort","Nearly Sorted",100,77,1120,400,true,true
"std-sort","Nearly Sorted",100,78,1152,400,true,true
"std-sort","Nearly Sorted",100,79,1120,400,true,true
"std-sort","Nearly Sorted",100,80,1088,400,true,true
"std-sort","Nearly Sorted",100,81,1216,400,true,true
"std-sort","Nearly Sorted",100,82,1152,400,true,true
"std-sort","Nearly Sorted",100,83,1120,400,true,true
"std-sort","Nearly Sorted",100,84,1184,400,true,true
"std-sort","Nearly Sorted",100,85,1376,600,true,true
"std-sort","Nearly Sorted",100,86,2080,700,true,true
"std-sort","Nearly Sorted",100,87,1216,400,true,true
"std-sort","Nearly Sorted",100,88,1088,400,true,true
"std-sort","Nearly Sorted",100,89,1024,400,true,true
"std-sort","Nearly Sorted",100,90,768,300,true,true
"std-sort","Nearly Sorted",100,91,896,300,true,true
"std-sort","Nearly Sorted",100,92,928,400,true,true
"std-sort","Nearly Sorted",100,93,832,300,true,true
"std-sort","Nearly Sorted",100,94,800,300,true,true
"std-sort","Nearly Sorted",100,95,864,300,true,true
"std-sort","Nearly Sorted",100,96,768,300,true,true
"std-sort","Nearly Sorted",100,97,896,400,true,true
"std-sort","Nearly Sorted",100,98,928,300,true,true
"std-sort","Nearly Sorted",100,99,800,300,true,true
"std-stable-sort","Nearly Sorted",100,0,1408,500,true,true
"std-stable-sort","Nearly Sorted",100,1,1376,500,true,true
"std-stable-sort","Nearly Sorted",100,2,1248,500,true,true
"std-stable-sort","Nearly Sorted",100,3,1376,500,true,true
"std-stable-sort","Nearly Sorted",100,4,1184,400,true,true
"std-stable-sort","Nearly Sorted",100,5,1216,500,true,true
"std-stable-sort","Nearly Sorted",100,6,1248,500,true,true
"std-stable-sort","Nearly Sorted",100,7,1408,500,true,true
"std-stable-sort","Nearly Sorted",100,8,1280,400,true,true
"std-stable-sort","Nearly Sorted",100,9,1504,600,true,true
"std-stable-sort","Nearly Sorted",100,10,1376,500,true,true
"std-stable-sort","Nearly Sorted",100,11,1376,500,true,true
"std-stable-sort","Nearly Sorted",100,12,1312,400,true,true
"std-stable-sort","Nearly Sorted",100,13,1280,400,true,true
"std-stable-sort","Nearly Sorted",100,14,1280,400,true,true
"std-stable-sort","Nearly Sorted",100,15,1280,400,true,true
"std-stable-sort","Nearly Sorted",100,16,1248,400,true,true
"std-stable-sort","Nearly Sorted",100,17,1440,500,true,true
"std-stable-sort","Nearly Sorted",100,18,1184,400,true,true
"std-stable-sort","Nearly Sorted",100,19,1184,400,true,true
"std-stable-sort","Nearly Sorted",100,20,1184,400,true,true
"std-stable-sort","Nearly Sorted",100,21,1248,500,true,true
"std-stable-sort","Nearly Sorted",100,22,1184,400,true,true
"std-stable-sort","Nearly Sorted",100,23,1216,400,true,true
"std-stable-sort","Nearly Sorted",100,24,1152,500,true,true
"std-stable-sort","Nearly Sorted",100,25,1152,400,true,true
"std-stable-sort","Nearly Sorted",100,26,1248,500,true,true
"std-stable-sort","Nearly Sorted",100,27,1152,400,true,true
"std-stable-sort","Nearly Sorted",100,28,1280,400,true,true
"std-stable-sort","Nearly Sorted",100,29,1216,400,true,true
"std-stable-sort","Nearly Sorted",100,30,1184,400,true,true
"std-stable-sort","Nearly Sorted",100,31,1152,400,true,true
"std-stable-sort","Nearly Sorted",100,32,1152,400,true,true
"std-stable-sort","Nearly Sorted",100,33,1376,500,true,true
"std-stable-sort","Nearly Sorted",100,34,1376,500,true,true
"std-stable-sort","Nearly Sorted",100,35,1312,500,true,true
"std-stable-sort","Nearly Sorted",100,36,1248,500,true,true
"std-stable-sort","Nearly Sorted",100,37,1280,500,true,true
"std-stable-sort","Nearly Sorted",100,38,1280,500,true,true
"std-stable-sort","Nearly Sorted",100,39,1312,500,true,true
"std-stable-sort","Nearly Sorted",100,40,1344,500,true,true
"std-stable-sort","Nearly Sorted",100,41,1216,400,true,true
"std-stable-sort","Nearly Sorted",100,42,1280,500,true,true
"std-stable-sort","Nearly Sorted",100,43,1280,500,true,true
"std-stable-sort","Nearly Sorted",100,44,1216,500,true,true
"std-stable-sort","Nearly Sorted",100,45,1280,500,true,true
"std-stable-sort","Nearly Sorted",100,46,1216,400,true,true
"std-stable-sort","Nearly Sorted",100,47,1248,400,true,true
"std-stable-sort","Nearly Sorted",100,48,1248,400,true,true
"std-stable-sort","Nearly Sorted",100,49,1216,400,true,true
"std-stable-sort","Nearly Sorted",100,50,1248,500,true,true
"std-stable-sort","Nearly Sorted",100,51,1280,500,true,true
"std-stable-sort","Nearly Sorted",100,52,1184,500,true,true
"std-stable-sort","Nearly Sorted",100,53,1216,400,true,true
"std-stable-sort","Nearly Sorted",100,54,1280,400,true,true
"std-stable-sort","Nearly Sorted",100,55,1216,400,true,true
"std-stable-sort","Nearly Sorted",100,56,1184,400,true,true
"std-stable-sort","Nearly Sorted",100,57,1248,500,true,true
"std-stable-sort","Nearly Sorted",100,58,1248,400,true,true
"std-stable-sort","Nearly Sorted",100,59,1248,400,true,true
"std-stable-sort","Nearly Sorted",100,60,1216,400,true,true
"std-stable-sort","Nearly Sorted",100,61,1280,500,true,true
"std-stable-sort","Nearly Sorted",100,62,1280,400,true,true
"std-stable-sort","Nearly Sorted",100,63,1248,500,true,true
"std-stable-sort","Nearly Sorted",100,64,1248,500,true,true
"std-stable-sort","Nearly Sorted",100,65,1280,500,true,true
"std-stable-sort","Nearly Sorted",100,66,1216,500,true,true
"std-stable-sort","Nearly Sorted",100,67,1344,500,true,true
"std-stable-sort","Nearly Sorted",100,68,1248,500,true,true
"std-stable-sort","Nearly Sorted",100,69,1280,500,true,true
"std-stable-sort","Nearly Sorted",100,70,1632,600,true,true
"std-stable-sort","Nearly Sorted",100,71,1408,500,true,true
"std-stable-sort","Nearly Sorted",100,72,1312,400,true,true
"std-stable-sort","Nearly Sorted",100,73,1248,400,true,true
"std-stable-sort","Nearly Sorted",100,74,1280,400,true,true
"std-stable-sort","Nearly Sorted",100,75,1216,400,true,true
"std-stable-sort","Nearly Sorted",100,76,1248,400,true,true
"std-stable-sort","Nearly Sorted",100,77,1312,400,true,true
"std-stable-sort","Nearly Sorted",100,78,1248,400,true,true
"std-stable-sort","Nearly Sorted",100,79,1184,400,true,true
"std-stable-sort","Nearly Sorted",100,80,1216,500,true,true
"std-stable-sort","Nearly Sorted",100,81,1216,500,true,true
"std-stable-sort","Nearly Sorted",100,82,1280,500,true,true
"std-stable-sort","Nearly Sorted",100,83,1248,500,true,true
"std-stable-sort","Nearly Sorted",100,84,1248,400,true,true
"std-stable-sort","Nearly Sorted",100,85,1344,500,true,true
"std-stable-sort","Nearly Sorted",100,86,1280,500,true,true
"std-stable-sort","Nearly Sorted",100,87,1216,400,true,true
"std-stable-sort","Nearly Sorted",100,88,1248,400,true,true
"std-stable-sort","Nearly Sorted",100,89,1312,400,true,true
"std-stable-sort","Nearly Sorted",100,90,1184,400,true,true
"std-stable-sort","Nearly Sorted",100,91,1248,400,true,true
"std-stable-sort","Nearly Sorted",100,92,1216,400,true,true
"std-stable-sort","Nearly Sorted",100,93,1248,500,true,true
"std-stable-sort","Nearly Sorted",100,94,1280,500,true,true
"std-stable-sort","Nearly Sorted",100,95,1280,500,true,true
"std-stable-sort","Nearly Sorted",100,96,1184,500,true,true
"std-stable-sort","Nearly Sorted",100,97,1216,400,true,true
"std-stable-sort","Nearly Sorted",100,98,1184,400,true,true
"std-stable-sort","Nearly Sorted",100,99,1280,400,true,true
"bubble","Nearly Sorted",500,0,1856,600,true,true
"bubble","Nearly Sorted",500,1,1888,700,true,true
"bubble","Nearly Sorted",500,2,1824,700,true,true
"bubble","Nearly Sorted",500,3,1856,600,true,true
"bubble","Nearly Sorted",500,4,1824,600,true,true
"bubble","Nearly Sorted",500,5,1824,600,true,true
"bubble","Nearly Sorted",500,6,2560,900,true,true
"bubble","Nearly Sorted",500,7,1856,600,true,true
"bubble","Nearly Sorted",500,8,1760,600,true,true
"bubble","Nearly Sorted",500,9,2592,900,true,true
"bubble","Nearly Sorted",500,10,2528,800,true,true
"bubble","Nearly Sorted",500,11,2528,800,true,true
"bubble","Nearly Sorted",500,12,2624,900,true,true
"bubble","Nearly Sorted",500,13,1824,600,true,true
"bubble","Nearly Sorted",500,14,2560,800,true,true
"bubble","Nearly Sorted",500,15,1824,600,true,true
"bubble","Nearly Sorted",500,16,2528,900,true,true
"bubble","Nearly Sorted",500,17,2592,900,true,true
"bubble","Nearly Sorted",500,18,2528,800,true,true
"bubble","Nearly Sorted",500,19,1824,600,true,true
"bubble","Nearly Sorted",500,20,1856,600,true,true
"bubble","Nearly Sorted",500,21,1824,700,true,true
"bubble","Nearly Sorted",500,22,2464,800,true,true
"bubble","Nearly Sorted",500,23,2528,900,true,true
"bubble","Nearly Sorted",500,24,1792,600,true,true
"bubble","Nearly Sorted",500,25,1792,700,true,true
"bubble","Nearly Sorted",500,26,2560,900,true,true
"bubble","Nearly Sorted",500,27,1824,600,true,true
"bubble","Nearly Sorted",500,28,1728,600,true,true
"bubble","Nearly Sorted",500,29,1824,700,true,true
"bubble","Nearly Sorted",500,30,1760,600,true,true
"bubble","Nearly Sorted",500,31,1792,600,true,true
"bubble","Nearly Sorted",500,32,1824,600,true,true
"bubble","Nearly Sorted",500,33,1792,600,true,true
"bubble","Nearly Sorted",500,34,1792,600,true,true
"bubble","Nearly Sorted",500,35,2496,900,true,true
"bubble","Nearly Sorted",500,36,1792,600,true,true
"bubble","Nearly Sorted",500,37,2528,900,true,true
"bubble","Nearly Sorted",500,38,1824,600,true,true
"bubble","Nearly Sorted",500,39,2496,800,true,true
"bubble","Nearly Sorted",500,40,2496,800,true,true
"bubble","Nearly Sorted",500,41,2496,800,true,true
"bubble","Nearly Sorted",500,42,2560,900,true,true
"bubble","Nearly Sorted",500,43,1824,600,true,true
"bubble","Nearly Sorted",500,44,2528,900,true,true
"bubble","Nearly Sorted",500,45,1856,600,true,true
"bubble","Nearly Sorted",500,46,2528,800,true,true
"bubble","Nearly Sorted",500,47,1824,600,true,true
"bubble","Nearly Sorted",500,48,1792,600,true,true
"bubble","Nearly Sorted",500,49,1792,600,true,true
"bubble","Nearly Sorted",500,50,2496,800,true,true
"bubble","Nearly Sorted",500,51,2528,900,true,true
"bubble","Nearly Sorted",500,52,1792,600,true,true
"bubble","Nearly Sorted",500,53,2528,900,true,true
"bubble","Nearly Sorted",500,54,2496,800,true,true
"bubble","Nearly Sorted",500,55,2624,800,true,true
"bubble","Nearly Sorted",500,56,1792,600,true,true
"bubble","Nearly Sorted",500,57,2464,800,true,true
"bubble","Nearly Sorted",500,58,2560,900,true,true
"bubble","Nearly Sorted",500,59,1792,700,true,true
"bubble","Nearly Sorted",500,60,1792,600,true,true
"bubble","Nearly Sorted",500,61,1856,700,true,true
"bubble","Nearly Sorted",500,62,1792,600,true,true
"bubble","Nearly Sorted",500,63,1792,600,true,true
"bubble","Nearly Sorted",500,64,2560,900,true,true
"bubble","Nearly Sorted",500,65,2528,900,true,true
"bubble","Nearly Sorted",500,66,1792,600,true,true
"bubble","Nearly Sorted",500,67,1792,600,true,true
"bubble","Nearly Sorted",500,68,3264,1100,true,true
"bubble","Nearly Sorted",500,69,2496,900,true,true
"bubble","Nearly Sorted",500,70,2496,800,true,true
"bubble","Nearly Sorted",500,71,1824,600,true,true
"bubble","Nearly Sorted",500,72,1760,600,true,true
"bubble","Nearly Sorted",500,73,1856,700,true,true
"bubble","Nearly Sorted",500,74,2528,800,true,true
"bubble","Nearly Sorted",500,75,1856,600,true,true
"bubble","Nearly Sorted",500,76,1760,600,true,true
"bubble","Nearly Sorted",500,77,1824,600,true,true
"bubble","Nearly Sorted",500,78,2496,800,true,true
"bubble","Nearly Sorted",500,79,1760,600,true,true
"bubble","Nearly Sorted",500,80,2528,900,true,true
"bubble","Nearly Sorted",500,81,1792,600,true,true
"bubble","Nearly Sorted",500,82,2496,800,true,true
"bubble","Nearly Sorted",500,83,2528,800,true,true
"bubble","Nearly Sorted",500,84,1856,600,true,true
"bubble","Nearly Sorted",500,85,2496,800,true,true
"bubble","Nearly Sorted",500,86,1824,600,true,true
"bubble","Nearly Sorted",500,87,2496,900,true,true
"bubble","Nearly Sorted",500,88,2528,900,true,true
"bubble","Nearly Sorted",500,89,1792,600,true,true
"bubble","Nearly Sorted",500,90,1824,700,true,true
"bubble","Nearly Sorted",500,91,1760,700,true,true
"bubble","Nearly Sorted",500,92,2528,900,true,true
"bubble","Nearly Sorted",500,93,1792,600,true,true
"bubble","Nearly Sorted",500,94,1792,600,true,true
"bubble","Nearly Sorted",500,95,2496,900,true,true
"bubble","Nearly Sorted",500,96,2528,800,true,true
"bubble","Nearly Sorted",500,97,1760,600,true,true
"bubble","Nearly Sorted",500,98,1760,600,true,true
"bubble","Nearly Sorted",500,99,1856,700,true,true
"insertion","Nearly Sorted",500,0,2016,700,true,true
"insertion","Nearly Sorted",500,1,1920,700,true,true
"insertion","Nearly Sorted",500,2,1792,600,true,true
"insertion","Nearly Sorted",500,3,2080,700,true,true
"insertion","Nearly Sorted",500,4,1856,600,true,true
"insertion","Nearly Sorted",500,5,1888,600,true,true
"insertion","Nearly Sorted",500,6,1728,600,true,true
"insertion","Nearly Sorted",500,7,1920,600,true,true
"insertion","Nearly Sorted",500,8,1856,700,true,true
"insertion","Nearly Sorted",500,9,1888,700,true,true
"insertion","Nearly Sorted",500,10,1888,600,true,true
"insertion","Nearly Sorted",500,11,1856,600,true,true
"insertion","Nearly Sorted",500,12,2016,700,true,true
"insertion","Nearly Sorted",500,13,1792,600,true,true
"insertion","Nearly Sorted",500,14,2048,700,true,true
"insertion","Nearly Sorted",500,15,1760,600,true,true
"insertion","Nearly Sorted",500,16,1824,700,true,true
"insertion","Nearly Sorted",500,17,1888,600,true,true
"insertion","Nearly Sorted",500,18,1824,600,true,true
"insertion","Nearly Sorted",500,19,1952,700,true,true
"insertion","Nearly Sorted",500,20,1856,600,true,true
"insertion","Nearly Sorted",500,21,1920,600,true,true
"insertion","Nearly Sorted",500,22,1792,600,true,true
"insertion","Nearly Sorted",500,23,1984,700,true,true
"insertion","Nearly Sorted",500,24,1920,600,true,true
"insertion","Nearly Sorted",500,25,2016,700,true,true
"insertion","Nearly Sorted",500,26,3328,1100,true,true
"insertion","Nearly Sorted",500,27,3264,1100,true,true
"insertion","Nearly Sorted",500,28,2944,1000,true,true
"insertion","Nearly Sorted",500,29,2944,1100,true,true
"insertion","Nearly Sorted",500,30,3392,1200,true,true
"insertion","Nearly Sorted",500,31,2368,800,true,true
"insertion","Nearly Sorted",500,32,2400,800,true,true
"insertion","Nearly Sorted",500,33,2400,800,true,true
"insertion","Nearly Sorted",500,34,2368,800,true,true
"insertion","Nearly Sorted",500,35,2464,800,true,true
"insertion","Nearly Sorted",500,36,2400,800,true,true
"insertion","Nearly Sorted",500,37,2464,800,true,true
"insertion","Nearly Sorted",500,38,2400,800,true,true
"insertion","Nearly Sorted",500,39,1792,600,true,true
"insertion","Nearly Sorted",500,40,1728,600,true,true
"insertion","Nearly Sorted",500,41,1856,600,true,true
"insertion","Nearly Sorted",500,42,1792,600,true,true
"insertion","Nearly Sorted",500,43,2016,700,true,true
"insertion","Nearly Sorted",500,44,1952,700,true,true
"insertion","Nearly Sorted",500,45,1792,600,true,true
"insertion","Nearly Sorted",500,46,1920,600,true,true
"insertion","Nearly Sorted",500,47,1888,700,true,true
"insertion","Nearly Sorted",500,48,1920,700,true,true
"insertion","Nearly Sorted",500,49,1888,600,true,true
"insertion","Nearly Sorted",500,50,1824,600,true,true
"insertion","Nearly Sorted",500,51,1920,600,true,true
"insertion","Nearly Sorted",500,52,1856,700,true,true
"insertion","Nearly Sorted",500,53,1952,700,true,true
"insertion","Nearly Sorted",500,54,1696,600,true,true
"insertion","Nearly Sorted",500,55,1824,600,true,true
"insertion","Nearly Sorted",500,56,1856,600,true,true
"insertion","Nearly Sorted",500,57,2080,700,true,true
"insertion","Nearly Sorted",500,58,1856,600,true,true
"insertion","Nearly Sorted",500,59,1984,700,true,true
"insertion","Nearly Sorted",500,60,1792,600,true,true
"insertion","Nearly Sorted",500,61,1984,700,true,true
"insertion","Nearly Sorted",500,62,1856,600,true,true
"insertion","Nearly Sorted",500,63,1984,700,true,true
"insertion","Nearly Sorted",500,64,1824,600,true,true
"insertion","Nearly Sorted",500,65,1888,700,true,true
"insertion","Nearly Sorted",500,66,1760,600,true,true
"insertion","Nearly Sorted",500,67,1888,700,true,true
"insertion","Nearly Sorted",500,68,3488,1100,true,true
"insertion","Nearly Sorted",500,69,3520,1200,true,true
"insertion","Nearly Sorted",500,70,2176,700,true,true
"insertion","Nearly Sorted",500,71,2432,800,true,true
"insertion","Nearly Sorted",500,72,2336,800,true,true
"insertion","Nearly Sorted",500,73,2720,900,true,true
"insertion","Nearly Sorted",500,74,2400,800,true,true
"insertion","Nearly Sorted",500,75,3136,1000,true,true
"insertion","Nearly Sorted",500,76,3712,1300,true,true
"insertion","Nearly Sorted",500,77,3584,1200,true,true
"insertion","Nearly Sorted",500,78,2912,900,true,true
"insertion","Nearly Sorted",500,79,2496,900,true,true
"insertion","Nearly Sorted",500,80,2528,800,true,true
"insertion","Nearly Sorted",500,81,2336,800,true,true
"insertion","Nearly Sorted",500,82,2560,800,true,true
"insertion","Nearly Sorted",500,83,2400,800,true,true
"insertion","Nearly Sorted",500,84,2336,800,true,true
"insertion","Nearly Sorted",500,85,2304,800,true,true
"insertion","Nearly Sorted",500,86,2400,800,true,true
"insertion","Nearly Sorted",500,87,2272,800,true,true
"insertion","Nearly Sorted",500,88,2208,700,true,true
"insertion","Nearly Sorted",500,89,2400,800,true,true
"insertion","Nearly Sorted",500,90,2272,800,true,true
"insertion","Nearly Sorted",500,91,2240,700,true,true
"insertion","Nearly Sorted",500,92,2304,800,true,true
"insertion","Nearly Sorted",500,93,2368,800,true,true
"insertion","Nearly Sorted",500,94,2432,800,true,true
"insertion","Nearly Sorted",500,95,2336,800,true,true
"insertion","Nearly Sorted",500,96,2304,800,true,true
"insertion","Nearly Sorted",500,97,2240,700,true,true
"insertion","Nearly Sorted",500,98,2496,800,true,true
"insertion","Nearly Sorted",500,99,2528,900,true,true
"selection","Nearly Sorted",500,0,176480,55300,true,true
"selection","Nearly Sorted",500,1,118496,37200,true,true
"selection","Nearly Sorted",500,2,118368,37200,true,true
"selection","Nearly Sorted",500,3,118304,37100,true,true
"selection","Nearly Sorted",500,4,118336,37100,true,true
"selection","Nearly Sorted",500,5,118496,37100,true,true
"selection","Nearly Sorted",500,6,118400,37100,true,true
"selection","Nearly Sorted",500,7,118336,37100,true,true
"selection","Nearly Sorted",500,8,118368,37100,true,true
"selection","Nearly Sorted",500,9,118400,37100,true,true
"selection","Nearly Sorted",500,10,118304,37100,true,true
"selection","Nearly Sorted",500,11,118432,37100,true,true
"selection","Nearly Sorted",500,12,118432,37100,true,true
"selection","Nearly Sorted",500,13,146784,46100,true,true
"selection","Nearly Sorted",500,14,118368,37100,true,true
"selection","Nearly Sorted",500,15,118368,37200,true,true
"selection","Nearly Sorted",500,16,118464,37200,true,true
"selection","Nearly Sorted",500,17,118464,37100,true,true
"selection","Nearly Sorted",500,18,118368,37100,true,true
"selection","Nearly Sorted",500,19,118336,37100,true,true
"selection","Nearly Sorted",500,20,118336,37100,true,true
"selection","Nearly Sorted",500,21,118560,37200,true,true
"selection","Nearly Sorted",500,22,118464,37100,true,true
"selection","Nearly Sorted",500,23,176032,55300,true,true
"selection","Nearly Sorted",500,24,145408,45600,true,true
"selection","Nearly Sorted",500,25,152192,47700,true,true
"selection","Nearly Sorted",500,26,154528,48500,true,true
"selection","Nearly Sorted",500,27,145632,45600,true,true
"selection","Nearly Sorted",500,28,155232,48800,true,true
"selection","Nearly Sorted",500,29,193376,60700,true,true
"selection","Nearly Sorted",500,30,146304,45800,true,true
"selection","Nearly Sorted",500,31,118880,37300,true,true
"selection","Nearly Sorted",500,32,134112,42100,true,true
"selection","Nearly Sorted",500,33,118464,37200,true,true
"selection","Nearly Sorted",500,34,118208,37000,true,true
"selection","Nearly Sorted",500,35,118496,37200,true,true
"selection","Nearly Sorted",500,36,158944,49900,true,true
"selection","Nearly Sorted",500,37,118528,37200,true,true
"selection","Nearly Sorted",500,38,118368,37100,true,true
"selection","Nearly Sorted",500,39,118304,37100,true,true
"selection","Nearly Sorted",500,40,118624,37100,true,true
"selection","Nearly Sorted",500,41,118400,37100,true,true
"selection","Nearly Sorted",500,42,118304,37100,true,true
"selection","Nearly Sorted",500,43,118272,37100,true,true
"selection","Nearly Sorted",500,44,118432,37200,true,true
"selection","Nearly Sorted",500,45,118400,37100,true,true
"selection","Nearly Sorted",500,46,118304,37100,true,true
"selection","Nearly Sorted",500,47,118304,37100,true,true
"selection","Nearly Sorted",500,48,118368,37100,true,true
"selection","Nearly Sorted",500,49,147168,46100,true,true
"selection","Nearly Sorted",500,50,163072,51100,true,true
"selection","Nearly Sorted",500,51,118528,37200,true,true
"selection","Nearly Sorted",500,52,118336,37100,true,true
"selection","Nearly Sorted",500,53,118400,37100,true,true
"selection","Nearly Sorted",500,54,118368,37100,true,true
"selection","Nearly Sorted",500,55,118304,37100,true,true
"selection","Nearly Sorted",500,56,118336,37300,true,true
"selection","Nearly Sorted",500,57,118336,37100,true,true
"selection","Nearly Sorted",500,58,118432,37200,true,true
"selection","Nearly Sorted",500,59,118464,37100,true,true
"selection","Nearly Sorted",500,60,176160,55200,true,true
"selection","Nearly Sorted",500,61,152448,47800,true,true
"selection","Nearly Sorted",500,62,165184,51800,true,true
"selection","Nearly Sorted",500,63,124608,39100,true,true
"selection","Nearly Sorted",500,64,118528,37200,true,true
"selection","Nearly Sorted",500,65,118336,37100,true,true
"selection","Nearly Sorted",500,66,118400,37100,true,true
"selection","Nearly Sorted",500,67,118336,37100,true,true
"selection","Nearly Sorted",500,68,118592,37200,true,true
"selection","Nearly Sorted",500,69,118240,37000,true,true
"selection","Nearly Sorted",500,70,118304,37100,true,true
"selection","Nearly Sorted",500,71,118400,37100,true,true
"selection","Nearly Sorted",500,72,118464,37100,true,true
"selection","Nearly Sorted",500,73,118432,37100,true,true
"selection","Nearly Sorted",500,74,118304,37100,true,true
"selection","Nearly Sorted",500,75,118336,37100,true,true
"selection","Nearly Sorted",500,76,118368,37100,true,true
"selection","Nearly Sorted",500,77,118336,37100,true,true
"selection","Nearly Sorted",500,78,118368,37200,true,true
"selection","Nearly Sorted",500,79,118272,37100,true,true
"selection","Nearly Sorted",500,80,118496,37200,true,true
"selection","Nearly Sorted",500,81,118272,37100,true,true
"selection","Nearly Sorted",500,82,131200,41100,true,true
"selection","Nearly Sorted",500,83,118400,37100,true,true
"selection","Nearly Sorted",500,84,118496,37200,true,true
"selection","Nearly Sorted",500,85,148672,46600,true,true
"selection","Nearly Sorted",500,86,118432,37200,true,true
"selection","Nearly Sorted",500,87,118400,37100,true,true
"selection","Nearly Sorted",500,88,118144,37100,true,true
"selection","Nearly Sorted",500,89,118432,37100,true,true
"selection","Nearly Sorted",500,90,118400,37100,true,true
"selection","Nearly Sorted",500,91,118400,37100,true,true
"selection","Nearly Sorted",500,92,118400,37100,true,true
"selection","Nearly Sorted",500,93,118400,37100,true,true
"selection","Nearly Sorted",500,94,118432,37100,true,true
"selection","Nearly Sorted",500,95,118464,37100,true,true
"selection","Nearly Sorted",500,96,118400,37100,true,true
"selection","Nearly Sorted",500,97,118240,37100,true,true
"selection","Nearly Sorted",500,98,118304,37100,true,true
"selection","Nearly Sorted",500,99,118336,37100,true,true
"merge","Nearly Sorted",500,0,13024,4100,true,true
"merge","Nearly Sorted",500,1,12992,4100,true,true
"merge","Nearly Sorted",500,2,13216,4200,true,true
"merge","Nearly Sorted",500,3,13216,4200,true,true
"merge","Nearly Sorted",500,4,12992,4100,true,true
"merge","Nearly Sorted",500,5,13280,4200,true,true
"merge","Nearly Sorted",500,6,13216,4200,true,true
"merge","Nearly Sorted",500,7,13056,4200,true,true
"merge","Nearly Sorted",500,8,12896,4100,true,true
"merge","Nearly Sorted",500,9,13024,4200,true,true
"merge","Nearly Sorted",500,10,12960,4100,true,true
"merge","Nearly Sorted",500,11,13344,4200,true,true
"merge","Nearly Sorted",500,12,13024,4100,true,true
"merge","Nearly Sorted",500,13,12960,4100,true,true
"merge","Nearly Sorted",500,14,12704,4000,true,true
"merge","Nearly Sorted",500,15,12928,4100,true,true
"merge","Nearly Sorted",500,16,12992,4100,true,true
"merge","Nearly Sorted",500,17,13216,4200,true,true
"merge","Nearly Sorted",500,18,13056,4100,true,true
"merge","Nearly Sorted",500,19,12832,4100,true,true
"merge","Nearly Sorted",500,20,12928,4100,true,true
"merge","Nearly Sorted",500,21,12896,4100,true,true
"merge","Nearly Sorted",500,22,12992,4100,true,true
"merge","Nearly Sorted",500,23,12896,4100,true,true
"merge","Nearly Sorted",500,24,12992,4100,true,true
"merge","Nearly Sorted",500,25,12960,4100,true,true
"merge","Nearly Sorted",500,26,12928,4100,true,true
"merge","Nearly Sorted",500,27,12864,4100,true,true
"merge","Nearly Sorted",500,28,13216,4200,true,true
"merge","Nearly Sorted",500,29,12800,4000,true,true
"merge","Nearly Sorted",500,30,12928,4100,true,true
"merge","Nearly Sorted",500,31,12768,4000,true,true
"merge","Nearly Sorted",500,32,12832,4100,true,true
"merge","Nearly Sorted",500,33,12960,4100,true,true
"merge","Nearly Sorted",500,34,12864,4000,true,true
"merge","Nearly Sorted",500,35,12896,4100,true,true
"merge","Nearly Sorted",500,36,13024,4100,true,true
"merge","Nearly Sorted",500,37,13152,4200,true,true
"merge","Nearly Sorted",500,38,12768,4100,true,true
"merge","Nearly Sorted",500,39,12992,4100,true,true
"merge","Nearly Sorted",500,40,12896,4100,true,true
"merge","Nearly Sorted",500,41,12800,4100,true,true
"merge","Nearly Sorted",500,42,13088,4100,true,true
"merge","Nearly Sorted",500,43,13280,4200,true,true
"merge","Nearly Sorted",500,44,12960,4100,true,true
"merge","Nearly Sorted",500,45,13184,4200,true,true
"merge","Nearly Sorted",500,46,13056,4200,true,true
"merge","Nearly Sorted",500,47,12992,4100,true,true
"merge","Nearly Sorted",500,48,13024,4100,true,true
"merge","Nearly Sorted",500,49,12832,4000,true,true
"merge","Nearly Sorted",500,50,13088,4200,true,true
"merge","Nearly Sorted",500,51,12800,4000,true,true
"merge","Nearly Sorted",500,52,12896,4100,true,true
"merge","Nearly Sorted",500,53,12928,4100,true,true
"merge","Nearly Sorted",500,54,12736,4100,true,true
"merge","Nearly Sorted",500,55,54112,17000,true,true
"merge","Nearly Sorted",500,56,12864,4000,true,true
"merge","Nearly Sorted",500,57,12960,4100,true,true
"merge","Nearly Sorted",500,58,12768,4000,true,true
"merge","Nearly Sorted",500,59,13024,4200,true,true
"merge","Nearly Sorted",500,60,12800,4000,true,true
"merge","Nearly Sorted",500,61,13056,4200,true,true
"merge","Nearly Sorted",500,62,12736,4000,true,true
"merge","Nearly Sorted",500,63,12896,4100,true,true
"merge","Nearly Sorted",500,64,12800,4100,true,true
"merge","Nearly Sorted",500,65,13056,4100,true,true
"merge","Nearly Sorted",500,66,12832,4100,true,true
"merge","Nearly Sorted",500,67,12992,4100,true,true
"merge","Nearly Sorted",500,68,12672,4000,true,true
"merge","Nearly Sorted",500,69,12800,4000,true,true
"merge","Nearly Sorted",500,70,12768,4100,true,true
"merge","Nearly Sorted",500,71,13152,4200,true,true
"merge","Nearly Sorted",500,72,12704,4000,true,true
"merge","Nearly Sorted",500,73,13152,4200,true,true
"merge","Nearly Sorted",500,74,12832,4100,true,true
"merge","Nearly Sorted",500,75,13024,4100,true,true
"merge","Nearly Sorted",500,76,12672,4000,true,true
"merge","Nearly Sorted",500,77,12896,4100,true,true
"merge","Nearly Sorted",500,78,12768,4000,true,true
"merge","Nearly Sorted",500,79,13024,4100,true,true
"merge","Nearly Sorted",500,80,12960,4100,true,true
"merge","Nearly Sorted",500,81,12832,4000,true,true
"merge","Nearly Sorted",500,82,12768,4100,true,true
"merge","Nearly Sorted",500,83,12640,4100,true,true
"merge","Nearly Sorted",500,84,13088,4200,true,true
"merge","Nearly Sorted",500,85,13088,4100,true,true
"merge","Nearly Sorted",500,86,12960,4100,true,true
"merge","Nearly Sorted",500,87,12800,4100,true,true
"merge","Nearly Sorted",500,88,13056,4200,true,true
"merge","Nearly Sorted",500,89,12704,4100,true,true
"merge","Nearly Sorted",500,90,12832,4100,true,true
"merge","Nearly Sorted",500,91,13024,4200,true,true
"merge","Nearly Sorted",500,92,12768,4000,true,true
"merge","Nearly Sorted",500,93,12960,4100,true,true
"merge","Nearly Sorted",500,94,12960,4100,true,true
"merge","Nearly Sorted",500,95,13056,4100,true,true
"merge","Nearly Sorted",500,96,12960,4100,true,true
"merge","Nearly Sorted",500,97,12800,4100,true,true
"merge","Nearly Sorted",500,98,13056,4100,true,true
"merge","Nearly Sorted",500,99,12896,4100,true,true
"quicksort","Nearly Sorted",500,0,8288,2700,true,true
"quicksort","Nearly Sorted",500,1,8000,2500,true,true
"quicksort","Nearly Sorted",500,2,8384,2700,true,true
"quicksort","Nearly Sorted",500,3,7936,2500,true,true
"quicksort","Nearly Sorted",500,4,8032,2600,true,true
"quicksort","Nearly Sorted",500,5,7680,2500,true,true
"quicksort","Nearly Sorted",500,6,7840,2500,true,true
"quicksort","Nearly Sorted",500,7,7936,2500,true,true
"quicksort","Nearly Sorted",500,8,7936,2600,true,true
"quicksort","Nearly Sorted",500,9,8064,2500,true,true
"quicksort","Nearly Sorted",500,10,7936,2600,true,true
"quicksort","Nearly Sorted",500,11,8000,2600,true,true
"quicksort","Nearly Sorted",500,12,8960,2800,true,true
"quicksort","Nearly Sorted",500,13,7808,2500,true,true
"quicksort","Nearly Sorted",500,14,7936,2500,true,true
"quicksort","Nearly Sorted",500,15,8160,2600,true,true
"quicksort","Nearly Sorted",500,16,7936,2500,true,true
"quicksort","Nearly Sorted",500,17,7744,2500,true,true
"quicksort","Nearly Sorted",500,18,8288,2700,true,true
"quicksort","Nearly Sorted",500,19,7776,2500,true,true
"quicksort","Nearly Sorted",500,20,8224,2600,true,true
"quicksort","Nearly Sorted",500,21,8576,2700,true,true
"quicksort","Nearly Sorted",500,22,8000,2600,true,true
"quicksort","Nearly Sorted",500,23,8096,2600,true,true
"quicksort","Nearly Sorted",500,24,7680,2400,true,true
"quicksort","Nearly Sorted",500,25,7904,2600,true,true
"quicksort","Nearly Sorted",500,26,8480,2700,true,true
"quicksort","Nearly Sorted",500,27,7872,2500,true,true
"quicksort","Nearly Sorted",500,28,7744,2500,true,true
"quicksort","Nearly Sorted",500,29,7520,2400,true,true
"quicksort","Nearly Sorted",500,30,7712,2400,true,true
"quicksort","Nearly Sorted",500,31,7648,2400,true,true
"quicksort","Nearly Sorted",500,32,7648,2500,true,true
"quicksort","Nearly Sorted",500,33,7840,2600,true,true
"quicksort","Nearly Sorted",500,34,7712,2500,true,true
"quicksort","Nearly Sorted",500,35,7680,2400,true,true
"quicksort","Nearly Sorted",500,36,7232,2400,true,true
"quicksort","Nearly Sorted",500,37,8320,2700,true,true
"quicksort","Nearly Sorted",500,38,7584,2400,true,true
"quicksort","Nearly Sorted",500,39,7776,2500,true,true
"quicksort","Nearly Sorted",500,40,7776,2400,true,true
"quicksort","Nearly Sorted",500,41,7392,2400,true,true
"quicksort","Nearly Sorted",500,42,9056,2900,true,true
"quicksort","Nearly Sorted",500,43,8416,2700,true,true
"quicksort","Nearly Sorted",500,44,8064,2600,true,true
"quicksort","Nearly Sorted",500,45,8640,2700,true,true
"quicksort","Nearly Sorted",500,46,8608,2800,true,true
"quicksort","Nearly Sorted",500,47,8448,2700,true,true
"quicksort","Nearly Sorted",500,48,7904,2600,true,true
"quicksort","Nearly Sorted",500,49,8288,2700,true,true
"quicksort","Nearly Sorted",500,50,7904,2600,true,true
"quicksort","Nearly Sorted",500,51,7840,2500,true,true
"quicksort","Nearly Sorted",500,52,8608,2800,true,true
"quicksort","Nearly Sorted",500,53,8960,2800,true,true
"quicksort","Nearly Sorted",500,54,9824,3100,true,true
"quicksort","Nearly Sorted",500,55,9024,2900,true,true
"quicksort","Nearly Sorted",500,56,8192,2600,true,true
"quicksort","Nearly Sorted",500,57,8224,2600,true,true
"quicksort","Nearly Sorted",500,58,8224,2600,true,true
"quicksort","Nearly Sorted",500,59,8224,2600,true,true
"quicksort","Nearly Sorted",500,60,24224,7600,true,true
"quicksort","Nearly Sorted",500,61,8064,2600,true,true
"quicksort","Nearly Sorted",500,62,8096,2600,true,true
"quicksort","Nearly Sorted",500,63,8096,2600,true,true
"quicksort","Nearly Sorted",500,64,8096,2600,true,true
"quicksort","Nearly Sorted",500,65,7968,2600,true,true
"quicksort","Nearly Sorted",500,66,7456,2400,true,true
"quicksort","Nearly Sorted",500,67,7584,2500,true,true
"quicksort","Nearly Sorted",500,68,7648,2500,true,true
"quicksort","Nearly Sorted",500,69,8256,2600,true,true
"quicksort","Nearly Sorted",500,70,7680,2400,true,true
"quicksort","Nearly Sorted",500,71,7680,2500,true,true
"quicksort","Nearly Sorted",500,72,7808,2500,true,true
"quicksort","Nearly Sorted",500,73,7424,2400,true,true
"quicksort","Nearly Sorted",500,74,7680,2500,true,true
"quicksort","Nearly Sorted",500,75,7648,2400,true,true
"quicksort","Nearly Sorted",500,76,7520,2400,true,true
"quicksort","Nearly Sorted",500,77,7456,2400,true,true
"quicksort","Nearly Sorted",500,78,7904,2600,true,true
"quicksort","Nearly Sorted",500,79,7360,2300,true,true
"quicksort","Nearly Sorted",500,80,7840,2500,true,true
"quicksort","Nearly Sorted",500,81,7296,2300,true,true
"quicksort","Nearly Sorted",500,82,7456,2400,true,true
"quicksort","Nearly Sorted",500,83,7840,2500,true,true
"quicksort","Nearly Sorted",500,84,8064,2600,true,true
"quicksort","Nearly Sorted",500,85,7616,2400,true,true
"quicksort","Nearly Sorted",500,86,7488,2400,true,true
"quicksort","Nearly Sorted",500,87,7648,2400,true,true
"quicksort","Nearly Sorted",500,88,7424,2400,true,true
"quicksort","Nearly Sorted",500,89,7456,2400,true,true
"quicksort","Nearly Sorted",500,90,7808,2400,true,true
"quicksort","Nearly Sorted",500,91,7232,2300,true,true
"quicksort","Nearly Sorted",500,92,7552,2400,true,true
"quicksort","Nearly Sorted",500,93,7648,2400,true,true
"quicksort","Nearly Sorted",500,94,7456,2400,true,true
"quicksort","Nearly Sorted",500,95,7392,2400,true,true
"quicksort","Nearly Sorted",500,96,7168,2300,true,true
"quicksort","Nearly Sorted",500,97,7296,2400,true,true
"quicksort","Nearly Sorted",500,98,7520,2400,true,true
"quicksort","Nearly Sorted",500,99,7456,2400,true,true
"heap","Nearly Sorted",500,0,26016,8200,true,true
"heap","Nearly Sorted",500,1,57632,18100,true,true
"heap","Nearly Sorted",500,2,22656,7100,true,true
"heap","Nearly Sorted",500,3,23552,7400,true,true
"heap","Nearly Sorted",500,4,23200,7300,true,true
"heap","Nearly Sorted",500,5,24160,7600,true,true
"heap","Nearly Sorted",500,6,22464,7100,true,true
"heap","Nearly Sorted",500,7,24288,7700,true,true
"heap","Nearly Sorted",500,8,24640,7800,true,true
"heap","Nearly Sorted",500,9,22656,7200,true,true
"heap","Nearly Sorted",500,10,22912,7200,true,true
"heap","Nearly Sorted",500,11,24128,7600,true,true
"heap","Nearly Sorted",500,12,22688,7200,true,true
"heap","Nearly Sorted",500,13,22816,7200,true,true
"heap","Nearly Sorted",500,14,22688,7200,true,true
"heap","Nearly Sorted",500,15,23680,7400,true,true
"heap","Nearly Sorted",500,16,24064,7600,true,true
"heap","Nearly Sorted",500,17,22144,7000,true,true
"heap","Nearly Sorted",500,18,23264,7300,true,true
"heap","Nearly Sorted",500,19,22720,7100,true,true
"heap","Nearly Sorted",500,20,23168,7300,true,true
"heap","Nearly Sorted",500,21,23488,7400,true,true
"heap","Nearly Sorted",500,22,23264,7300,true,true
"heap","Nearly Sorted",500,23,24544,7700,true,true
"heap","Nearly Sorted",500,24,22400,7100,true,true
"heap","Nearly Sorted",500,25,23840,7600,true,true
"heap","Nearly Sorted",500,26,22368,7100,true,true
"heap","Nearly Sorted",500,27,22528,7100,true,true
"heap","Nearly Sorted",500,28,21248,6700,true,true
"heap","Nearly Sorted",500,29,22752,7200,true,true
"heap","Nearly Sorted",500,30,22592,7300,true,true
"heap","Nearly Sorted",500,31,24128,7600,true,true
"heap","Nearly Sorted",500,32,23648,7400,true,true
"heap","Nearly Sorted",500,33,30432,9600,true,true
"heap","Nearly Sorted",500,34,27616,8700,true,true
"heap","Nearly Sorted",500,35,30880,9800,true,true
"heap","Nearly Sorted",500,36,28000,8900,true,true
"heap","Nearly Sorted",500,37,34432,10800,true,true
"heap","Nearly Sorted",500,38,27872,8800,true,true
"heap","Nearly Sorted",500,39,21728,6800,true,true
"heap","Nearly Sorted",500,40,23712,7500,true,true
"heap","Nearly Sorted",500,41,22400,7100,true,true
"heap","Nearly Sorted",500,42,22016,6900,true,true
"heap","Nearly Sorted",500,43,25664,8100,true,true
"heap","Nearly Sorted",500,44,33536,10600,true,true
"heap","Nearly Sorted",500,45,31680,10000,true,true
"heap","Nearly Sorted",500,46,28768,9100,true,true
"heap","Nearly Sorted",500,47,24672,7800,true,true
"heap","Nearly Sorted",500,48,23456,7400,true,true
"heap","Nearly Sorted",500,49,26112,8200,true,true
"heap","Nearly Sorted",500,50,32224,10200,true,true
"heap","Nearly Sorted",500,51,28640,9000,true,true
"heap","Nearly Sorted",500,52,21504,6800,true,true
"heap","Nearly Sorted",500,53,22272,7000,true,true
"heap","Nearly Sorted",500,54,21504,6800,true,true
"heap","Nearly Sorted",500,55,21504,6800,true,true
"heap","Nearly Sorted",500,56,21088,6600,true,true
"heap","Nearly Sorted",500,57,21120,6700,true,true
"heap","Nearly Sorted",500,58,23008,7200,true,true
"heap","Nearly Sorted",500,59,23520,7400,true,true
"heap","Nearly Sorted",500,60,23648,7400,true,true
"heap","Nearly Sorted",500,61,23488,7400,true,true
"heap","Nearly Sorted",500,62,23744,7500,true,true
"heap","Nearly Sorted",500,63,22688,7200,true,true
"heap","Nearly Sorted",500,64,21632,6800,true,true
"heap","Nearly Sorted",500,65,21088,6700,true,true
"heap","Nearly Sorted",500,66,22368,7000,true,true
"heap","Nearly Sorted",500,67,21984,6900,true,true
"heap","Nearly Sorted",500,68,20480,6500,true,true
"heap","Nearly Sorted",500,69,21408,6700,true,true
"heap","Nearly Sorted",500,70,21472,6800,true,true
"heap","Nearly Sorted",500,71,20992,6600,true,true
"heap","Nearly Sorted",500,72,22624,7100,true,true
"heap","Nearly Sorted",500,73,22208,7000,true,true
"heap","Nearly Sorted",500,74,20736,6500,true,true
"heap","Nearly Sorted",500,75,23776,7500,true,true
"heap","Nearly Sorted",500,76,20992,6700,true,true
"heap","Nearly Sorted",500,77,22560,7200,true,true
"heap","Nearly Sorted",500,78,21280,6800,true,true
"heap","Nearly Sorted",500,79,21632,6900,true,true
"heap","Nearly Sorted",500,80,22240,7100,true,true
"heap","Nearly Sorted",500,81,22208,7000,true,true
"heap","Nearly Sorted",500,82,20864,6600,true,true
"heap","Nearly Sorted",500,83,22336,7000,true,true
"heap","Nearly Sorted",500,84,23104,7300,true,true
"heap","Nearly Sorted",500,85,22784,7100,true,true
"heap","Nearly Sorted",500,86,22336,7100,true,true
"heap","Nearly Sorted",500,87,23104,7300,true,true
"heap","Nearly Sorted",500,88,22656,7100,true,true
"heap","Nearly Sorted",500,89,23104,7300,true,true
"heap","Nearly Sorted",500,90,20960,6600,true,true
"heap","Nearly Sorted",500,91,21984,6900,true,true
"heap","Nearly Sorted",500,92,20832,6500,true,true
"heap","Nearly Sorted",500,93,21696,6900,true,true
"heap","Nearly Sorted",500,94,23328,7300,true,true
"heap","Nearly Sorted",500,95,22272,7100,true,true
"heap","Nearly Sorted",500,96,22304,7100,true,true
"heap","Nearly Sorted",500,97,20608,6400,true,true
"heap","Nearly Sorted",500,98,22720,7200,true,true
"heap","Nearly Sorted",500,99,20640,6500,true,true
"std-sort","Nearly Sorted",500,0,5760,1800,true,true
"std-sort","Nearly Sorted",500,1,5376,1800,true,true
"std-sort","Nearly Sorted",500,2,5568,1800,true,true
"std-sort","Nearly Sorted",500,3,5472,1800,true,true
"std-sort","Nearly Sorted",500,4,5472,1700,true,true
"std-sort","Nearly Sorted",500,5,5824,1800,true,true
"std-sort","Nearly Sorted",500,6,5664,1900,true,true
"std-sort","Nearly Sorted",500,7,5728,1900,true,true
"std-sort","Nearly Sorted",500,8,5376,1800,true,true
"std-sort","Nearly Sorted",500,9,5376,1700,true,true
"std-sort","Nearly Sorted",500,10,5728,1800,true,true
"std-sort","Nearly Sorted",500,11,5696,1900,true,true
"std-sort","Nearly Sorted",500,12,5696,1800,true,true
"std-sort","Nearly Sorted",500,13,5824,1900,true,true
"std-sort","Nearly Sorted",500,14,5568,1800,true,true
"std-sort","Nearly Sorted",500,15,5472,1800,true,true
"std-sort","Nearly Sorted",500,16,5760,1900,true,true
"std-sort","Nearly Sorted",500,17,5504,1800,true,true
"std-sort","Nearly Sorted",500,18,5728,1900,true,true
"std-sort","Nearly Sorted",500,19,5376,1700,true,true
"std-sort","Nearly Sorted",500,20,5152,1700,true,true
"std-sort","Nearly Sorted",500,21,5760,1900,true,true
"std-sort","Nearly Sorted",500,22,5664,1900,true,true
"std-sort","Nearly Sorted",500,23,5536,1700,true,true
"std-sort","Nearly Sorted",500,24,5408,1800,true,true
"std-sort","Nearly Sorted",500,25,5216,1700,true,true
"std-sort","Nearly Sorted",500,26,5856,1900,true,true
"std-sort","Nearly Sorted",500,27,5728,1800,true,true
"std-sort","Nearly Sorted",500,28,5248,1700,true,true
"std-sort","Nearly Sorted",500,29,5440,1700,true,true
"std-sort","Nearly Sorted",500,30,5440,1800,true,true
"std-sort","Nearly Sorted",500,31,5408,1800,true,true
"std-sort","Nearly Sorted",500,32,5152,1600,true,true
"std-sort","Nearly Sorted",500,33,5536,1800,true,true
"std-sort","Nearly Sorted",500,34,5344,1700,true,true
"std-sort","Nearly Sorted",500,35,5696,1800,true,true
"std-sort","Nearly Sorted",500,36,5472,1800,true,true
"std-sort","Nearly Sorted",500,37,5472,1800,true,true
"std-sort","Nearly Sorted",500,38,5408,1700,true,true
"std-sort","Nearly Sorted",500,39,5728,1800,true,true
"std-sort","Nearly Sorted",500,40,5792,1900,true,true
"std-sort","Nearly Sorted",500,41,5344,1700,true,true
"std-sort","Nearly Sorted",500,42,5472,1700,true,true
"std-sort","Nearly Sorted",500,43,5280,1700,true,true
"std-sort","Nearly Sorted",500,44,5408,1800,true,true
"std-sort","Nearly Sorted",500,45,5216,1700,true,true
"std-sort","Nearly Sorted",500,46,5440,1700,true,true
"std-sort","Nearly Sorted",500,47,5056,1700,true,true
"std-sort","Nearly Sorted",500,48,5440,1800,true,true
"std-sort","Nearly Sorted",500,49,5664,1800,true,true
"std-sort","Nearly Sorted",500,50,5568,1800,true,true
"std-sort","Nearly Sorted",500,51,5696,1800,true,true
"std-sort","Nearly Sorted",500,52,5376,1700,true,true
"std-sort","Nearly Sorted",500,53,5184,1600,true,true
"std-sort","Nearly Sorted",500,54,5024,1700,true,true
"std-sort","Nearly Sorted",500,55,5344,1800,true,true
"std-sort","Nearly Sorted",500,56,5312,1700,true,true
"std-sort","Nearly Sorted",500,57,5376,1800,true,true
"std-sort","Nearly Sorted",500,58,5824,1900,true,true
"std-sort","Nearly Sorted",500,59,5312,1700,true,true
"std-sort","Nearly Sorted",500,60,5440,1700,true,true
"std-sort","Nearly Sorted",500,61,5792,1900,true,true
"std-sort","Nearly Sorted",500,62,5440,1700,true,true
"std-sort","Nearly Sorted",500,63,5408,1700,true,true
"std-sort","Nearly Sorted",500,64,5440,1800,true,true
"std-sort","Nearly Sorted",500,65,5376,1800,true,true
"std-sort","Nearly Sorted",500,66,5376,1800,true,true
"std-sort","Nearly Sorted",500,67,5440,1800,true,true
"std-sort","Nearly Sorted",500,68,5472,1700,true,true
"std-sort","Nearly Sorted",500,69,5280,1700,true,true
"std-sort","Nearly Sorted",500,70,5440,1800,true,true
"std-sort","Nearly Sorted",500,71,5376,1800,true,true
"std-sort","Nearly Sorted",500,72,5440,1800,true,true
"std-sort","Nearly Sorted",500,73,5248,1700,true,true
"std-sort","Nearly Sorted",500,74,5312,1800,true,true
"std-sort","Nearly Sorted",500,75,5408,1800,true,true
"std-sort","Nearly Sorted",500,76,5248,1700,true,true
"std-sort","Nearly Sorted",500,77,5120,1600,true,true
"std-sort","Nearly Sorted",500,78,5152,1700,true,true
"std-sort","Nearly Sorted",500,79,5184,1700,true,true
"std-sort","Nearly Sorted",500,80,5184,1700,true,true
"std-sort","Nearly Sorted",500,81,5056,1700,true,true
"std-sort","Nearly Sorted",500,82,10880,3400,true,true
"std-sort","Nearly Sorted",500,83,7808,2500,true,true
"std-sort","Nearly Sorted",500,84,6784,2200,true,true
"std-sort","Nearly Sorted",500,85,7488,2400,true,true
"std-sort","Nearly Sorted",500,86,7744,2500,true,true
"std-sort","Nearly Sorted",500,87,11072,3600,true,true
"std-sort","Nearly Sorted",500,88,10432,3400,true,true
"std-sort","Nearly Sorted",500,89,7072,2300,true,true
"std-sort","Nearly Sorted",500,90,6976,2300,true,true
"std-sort","Nearly Sorted",500,91,6752,2200,true,true
"std-sort","Nearly Sorted",500,92,7136,2200,true,true
"std-sort","Nearly Sorted",500,93,6400,2000,true,true
"std-sort","Nearly Sorted",500,94,6464,2100,true,true
"std-sort","Nearly Sorted",500,95,6592,2100,true,true
"std-sort","Nearly Sorted",500,96,6528,2100,true,true
"std-sort","Nearly Sorted",500,97,6112,2000,true,true
"std-sort","Nearly Sorted",500,98,6400,2000,true,true
"std-sort","Nearly Sorted",500,99,6464,2100,true,true
"std-stable-sort","Nearly Sorted",500,0,5856,1900,true,true
"std-stable-sort","Nearly Sorted",500,1,5728,1900,true,true
"std-stable-sort","Nearly Sorted",500,2,5824,1900,true,true
"std-stable-sort","Nearly Sorted",500,3,5632,1800,true,true
"std-stable-sort","Nearly Sorted",500,4,5632,1800,true,true
"std-stable-sort","Nearly Sorted",500,5,5600,1800,true,true
"std-stable-sort","Nearly Sorted",500,6,5760,1900,true,true
"std-stable-sort","Nearly Sorted",500,7,5664,1800,true,true
"std-stable-sort","Nearly Sorted",500,8,5632,1800,true,true
"std-stable-sort","Nearly Sorted",500,9,5824,1900,true,true
"std-stable-sort","Nearly Sorted",500,10,5728,1900,true,true
"std-stable-sort","Nearly Sorted",500,11,5568,1800,true,true
"std-stable-sort","Nearly Sorted",500,12,5600,1800,true,true
"std-stable-sort","Nearly Sorted",500,13,5664,1900,true,true
"std-stable-sort","Nearly Sorted",500,14,5600,1800,true,true
"std-stable-sort","Nearly Sorted",500,15,5696,1800,true,true
"std-stable-sort","Nearly Sorted",500,16,5728,1800,true,true
"std-stable-sort","Nearly Sorted",500,17,5728,1900,true,true
"std-stable-sort","Nearly Sorted",500,18,5600,1800,true,true
"std-stable-sort","Nearly Sorted",500,19,5664,1900,true,true
"std-stable-sort","Nearly Sorted",500,20,5472,1800,true,true
"std-stable-sort","Nearly Sorted",500,21,5632,1800,true,true
"std-stable-sort","Nearly Sorted",500,22,5472,1800,true,true
"std-stable-sort","Nearly Sorted",500,23,5600,1800,true,true
"std-stable-sort","Nearly Sorted",500,24,5472,1700,true,true
"std-stable-sort","Nearly Sorted",500,25,5504,1800,true,true
"std-stable-sort","Nearly Sorted",500,26,5536,1800,true,true
"std-stable-sort","Nearly Sorted",500,27,5472,1700,true,true
"std-stable-sort","Nearly Sorted",500,28,5440,1800,true,true
"std-stable-sort","Nearly Sorted",500,29,5632,1800,true,true
"std-stable-sort","Nearly Sorted",500,30,5440,1700,true,true
"std-stable-sort","Nearly Sorted",500,31,5504,1800,true,true
"std-stable-sort","Nearly Sorted",500,32,5600,1800,true,true
"std-stable-sort","Nearly Sorted",500,33,6176,2000,true,true
"std-stable-sort","Nearly Sorted",500,34,5568,1800,true,true
"std-stable-sort","Nearly Sorted",500,35,5856,1900,true,true
"std-stable-sort","Nearly Sorted",500,36,5888,1900,true,true
"std-stable-sort","Nearly Sorted",500,37,5760,1800,true,true
"std-stable-sort","Nearly Sorted",500,38,5696,1900,true,true
"std-stable-sort","Nearly Sorted",500,39,5664,1800,true,true
"std-stable-sort","Nearly Sorted",500,40,5760,1900,true,true
"std-stable-sort","Nearly Sorted",500,41,5664,1800,true,true
"std-stable-sort","Nearly Sorted",500,42,5632,1800,true,true
"std-stable-sort","Nearly Sorted",500,43,5664,1800,true,true
"std-stable-sort","Nearly Sorted",500,44,5760,1900,true,true
"std-stable-sort","Nearly Sorted",500,45,5664,1800,true,true
"std-stable-sort","Nearly Sorted",500,46,5760,1900,true,true
"std-stable-sort","Nearly Sorted",500,47,5600,1800,true,true
"std-stable-sort","Nearly Sorted",500,48,5664,1800,true,true
"std-stable-sort","Nearly Sorted",500,49,5632,1900,true,true
"std-stable-sort","Nearly Sorted",500,50,5600,1900,true,true
"std-stable-sort","Nearly Sorted",500,51,5664,1800,true,true
"std-stable-sort","Nearly Sorted",500,52,5696,1800,true,true
"std-stable-sort","Nearly Sorted",500,53,5888,1900,true,true
"std-stable-sort","Nearly Sorted",500,54,5664,1800,true,true
"std-stable-sort","Nearly Sorted",500,55,5664,1800,true,true
"std-stable-sort","Nearly Sorted",500,56,14656,4600,true,true
"std-stable-sort","Nearly Sorted",500,57,5760,1900,true,true
"std-stable-sort","Nearly Sorted",500,58,5824,1800,true,true
"std-stable-sort","Nearly Sorted",500,59,5792,1900,true,true
"std-stable-sort","Nearly Sorted",500,60,5696,1800,true,true
"std-stable-sort","Nearly Sorted",500,61,5728,1900,true,true
"std-stable-sort","Nearly Sorted",500,62,5728,1800,true,true
"std-stable-sort","Nearly Sorted",500,63,5824,1900,true,true
"std-stable-sort","Nearly Sorted",500,64,5856,1900,true,true
"std-stable-sort","Nearly Sorted",500,65,5760,1800,true,true
"std-stable-sort","Nearly Sorted",500,66,5600,1800,true,true
"std-stable-sort","Nearly Sorted",500,67,5760,1900,true,true
"std-stable-sort","Nearly Sorted",500,68,5696,1800,true,true
"std-stable-sort","Nearly Sorted",500,69,5632,1800,true,true
"std-stable-sort","Nearly Sorted",500,70,5568,1800,true,true
"std-stable-sort","Nearly Sorted",500,71,5632,1800,true,true
"std-stable-sort","Nearly Sorted",500,72,5664,1800,true,true
"std-stable-sort","Nearly Sorted",500,73,5696,1800,true,true
"std-stable-sort","Nearly Sorted",500,74,5568,1800,true,true
"std-stable-sort","Nearly Sorted",500,75,5632,1800,true,true
"std-stable-sort","Nearly Sorted",500,76,5536,1800,true,true
"std-stable-sort","Nearly Sorted",500,77,5664,1800,true,true
"std-stable-sort","Nearly Sorted",500,78,5600,1800,true,true
"std-stable-sort","Nearly Sorted",500,79,5472,1700,true,true
"std-stable-sort","Nearly Sorted",500,80,5664,1900,true,true
"std-stable-sort","Nearly Sorted",500,81,5536,1700,true,true
"std-stable-sort","Nearly Sorted",500,82,5664,1900,true,true
"std-stable-sort","Nearly Sorted",500,83,5568,1800,true,true
"std-stable-sort","Nearly Sorted",500,84,5568,1800,true,true
"std-stable-sort","Nearly Sorted",500,85,5568,1800,true,true
"std-stable-sort","Nearly Sorted",500,86,5600,1800,true,true
"std-stable-sort","Nearly Sorted",500,87,5568,1800,true,true
"std-stable-sort","Nearly Sorted",500,88,5568,1800,true,true
"std-stable-sort","Nearly Sorted",500,89,5568,1800,true,true
"std-stable-sort","Nearly Sorted",500,90,5568,1800,true,true
"std-stable-sort","Nearly Sorted",500,91,5568,1800,true,true
"std-stable-sort","Nearly Sorted",500,92,5600,1800,true,true
"std-stable-sort","Nearly Sorted",500,93,5664,1900,true,true
"std-stable-sort","Nearly Sorted",500,94,5600,1900,true,true
"std-stable-sort","Nearly Sorted",500,95,5664,1900,true,true
"std-stable-sort","Nearly Sorted",500,96,5536,1700,true,true
"std-stable-sort","Nearly Sorted",500,97,5472,1800,true,true
"std-stable-sort","Nearly Sorted",500,98,5664,1800,true,true
"std-stable-sort","Nearly Sorted",500,99,5632,1800,true,true
"bubble","Nearly Sorted",1000,0,4832,1600,true,true
"bubble","Nearly Sorted",1000,1,4928,1600,true,true
"bubble","Nearly Sorted",1000,2,4992,1600,true,true
"bubble","Nearly Sorted",1000,3,4992,1600,true,true
"bubble","Nearly Sorted",1000,4,4928,1600,true,true
"bubble","Nearly Sorted",1000,5,5088,1700,true,true
"bubble","Nearly Sorted",1000,6,3552,1100,true,true
"bubble","Nearly Sorted",1000,7,6368,2100,true,true
"bubble","Nearly Sorted",1000,8,4992,1600,true,true
"bubble","Nearly Sorted",1000,9,3584,1200,true,true
"bubble","Nearly Sorted",1000,10,3584,1100,true,true
"bubble","Nearly Sorted",1000,11,4928,1600,true,true
"bubble","Nearly Sorted",1000,12,3616,1200,true,true
"bubble","Nearly Sorted",1000,13,3488,1100,true,true
"bubble","Nearly Sorted",1000,14,3584,1200,true,true
"bubble","Nearly Sorted",1000,15,3584,1100,true,true
"bubble","Nearly Sorted",1000,16,4896,1600,true,true
"bubble","Nearly Sorted",1000,17,4960,1600,true,true
"bubble","Nearly Sorted",1000,18,3552,1100,true,true
"bubble","Nearly Sorted",1000,19,4960,1600,true,true
"bubble","Nearly Sorted",1000,20,4928,1600,true,true
"bubble","Nearly Sorted",1000,21,3488,1100,true,true
"bubble","Nearly Sorted",1000,22,3552,1100,true,true
"bubble","Nearly Sorted",1000,23,4928,1600,true,true
"bubble","Nearly Sorted",1000,24,4992,1600,true,true
"bubble","Nearly Sorted",1000,25,4928,1600,true,true
"bubble","Nearly Sorted",1000,26,4928,1600,true,true
"bubble","Nearly Sorted",1000,27,4928,1600,true,true
"bubble","Nearly Sorted",1000,28,4992,1600,true,true
"bubble","Nearly Sorted",1000,29,4928,1600,true,true
"bubble","Nearly Sorted",1000,30,4992,1600,true,true
"bubble","Nearly Sorted",1000,31,3520,1100,true,true
"bubble","Nearly Sorted",1000,32,4960,1600,true,true
"bubble","Nearly Sorted",1000,33,4960,1600,true,true
"bubble","Nearly Sorted",1000,34,4992,1600,true,true
"bubble","Nearly Sorted",1000,35,4928,1600,true,true
"bubble","Nearly Sorted",1000,36,4928,1600,true,true
"bubble","Nearly Sorted",1000,37,4960,1600,true,true
"bubble","Nearly Sorted",1000,38,4992,1600,true,true
"bubble","Nearly Sorted",1000,39,3520,1100,true,true
"bubble","Nearly Sorted",1000,40,4992,1600,true,true
"bubble","Nearly Sorted",1000,41,4928,1600,true,true
"bubble","Nearly Sorted",1000,42,3552,1100,true,true
"bubble","Nearly Sorted",1000,43,4960,1600,true,true
"bubble","Nearly Sorted",1000,44,3584,1200,true,true
"bubble","Nearly Sorted",1000,45,4896,1600,true,true
"bubble","Nearly Sorted",1000,46,3488,1200,true,true
"bubble","Nearly Sorted",1000,47,3552,1100,true,true
"bubble","Nearly Sorted",1000,48,4992,1600,true,true
"bubble","Nearly Sorted",1000,49,3616,1200,true,true
"bubble","Nearly Sorted",1000,50,3520,1100,true,true
"bubble","Nearly Sorted",1000,51,4928,1600,true,true
"bubble","Nearly Sorted",1000,52,4960,1600,true,true
"bubble","Nearly Sorted",1000,53,37504,11800,true,true
"bubble","Nearly Sorted",1000,54,3584,1100,true,true
"bubble","Nearly Sorted",1000,55,4960,1600,true,true
"bubble","Nearly Sorted",1000,56,3456,1200,true,true
"bubble","Nearly Sorted",1000,57,4960,1600,true,true
"bubble","Nearly Sorted",1000,58,4928,1600,true,true
"bubble","Nearly Sorted",1000,59,3488,1200,true,true
"bubble","Nearly Sorted",1000,60,3552,1200,true,true
"bubble","Nearly Sorted",1000,61,3552,1200,true,true
"bubble","Nearly Sorted",1000,62,4960,1600,true,true
"bubble","Nearly Sorted",1000,63,3552,1200,true,true
"bubble","Nearly Sorted",1000,64,3520,1100,true,true
"bubble","Nearly Sorted",1000,65,4928,1600,true,true
"bubble","Nearly Sorted",1000,66,3584,1100,true,true
"bubble","Nearly Sorted",1000,67,4896,1600,true,true
"bubble","Nearly Sorted",1000,68,4960,1600,true,true
"bubble","Nearly Sorted",1000,69,3488,1100,true,true
"bubble","Nearly Sorted",1000,70,5056,1600,true,true
"bubble","Nearly Sorted",1000,71,4960,1600,true,true
"bubble","Nearly Sorted",1000,72,4896,1600,true,true
"bubble","Nearly Sorted",1000,73,4960,1600,true,true
"bubble","Nearly Sorted",1000,74,4992,1600,true,true
"bubble","Nearly Sorted",1000,75,3552,1200,true,true
"bubble","Nearly Sorted",1000,76,5056,1700,true,true
"bubble","Nearly Sorted",1000,77,4992,1600,true,true
"bubble","Nearly Sorted",1000,78,4960,1700,true,true
"bubble","Nearly Sorted",1000,79,3456,1200,true,true
"bubble","Nearly Sorted",1000,80,4992,1600,true,true
"bubble","Nearly Sorted",1000,81,4928,1600,true,true
"bubble","Nearly Sorted",1000,82,5024,1700,true,true
"bubble","Nearly Sorted",1000,83,4928,1600,true,true
"bubble","Nearly Sorted",1000,84,3520,1200,true,true
"bubble","Nearly Sorted",1000,85,3520,1100,true,true
"bubble","Nearly Sorted",1000,86,4896,1600,true,true
"bubble","Nearly Sorted",1000,87,4992,1600,true,true
"bubble","Nearly Sorted",1000,88,3488,1100,true,true
"bubble","Nearly Sorted",1000,89,4928,1600,true,true
"bubble","Nearly Sorted",1000,90,3520,1100,true,true
"bubble","Nearly Sorted",1000,91,4992,1600,true,true
"bubble","Nearly Sorted",1000,92,4992,1600,true,true
"bubble","Nearly Sorted",1000,93,4960,1600,true,true
"bubble","Nearly Sorted",1000,94,4960,1600,true,true
"bubble","Nearly Sorted",1000,95,3520,1200,true,true
"bubble","Nearly Sorted",1000,96,4928,1600,true,true
"bubble","Nearly Sorted",1000,97,4896,1500,true,true
"bubble","Nearly Sorted",1000,98,3456,1200,true,true
"bubble","Nearly Sorted",1000,99,3520,1200,true,true
"insertion","Nearly Sorted",1000,0,3456,1100,true,true
"insertion","Nearly Sorted",1000,1,3584,1200,true,true
"insertion","Nearly Sorted",1000,2,3488,1200,true,true
"insertion","Nearly Sorted",1000,3,3680,1200,true,true
"insertion","Nearly Sorted",1000,4,3520,1200,true,true
"insertion","Nearly Sorted",1000,5,3648,1200,true,true
"insertion","Nearly Sorted",1000,6,3488,1200,true,true
"insertion","Nearly Sorted",1000,7,3776,1200,true,true
"insertion","Nearly Sorted",1000,8,3552,1200,true,true
"insertion","Nearly Sorted",1000,9,3744,1300,true,true
"insertion","Nearly Sorted",1000,10,3776,1200,true,true
"insertion","Nearly Sorted",1000,11,3776,1200,true,true
"insertion","Nearly Sorted",1000,12,3744,1200,true,true
"insertion","Nearly Sorted",1000,13,3552,1200,true,true
"insertion","Nearly Sorted",1000,14,3456,1100,true,true
"insertion","Nearly Sorted",1000,15,3520,1200,true,true
"insertion","Nearly Sorted",1000,16,3552,1200,true,true
"insertion","Nearly Sorted",1000,17,3648,1200,true,true
"insertion","Nearly Sorted",1000,18,3680,1200,true,true
"insertion","Nearly Sorted",1000,19,3808,1300,true,true
"insertion","Nearly Sorted",1000,20,3488,1100,true,true
"insertion","Nearly Sorted",1000,21,3552,1100,true,true
"insertion","Nearly Sorted",1000,22,3680,1200,true,true
"insertion","Nearly Sorted",1000,23,3712,1200,true,true
"insertion","Nearly Sorted",1000,24,3744,1200,true,true
"insertion","Nearly Sorted",1000,25,3712,1200,true,true
"insertion","Nearly Sorted",1000,26,3584,1200,true,true
"insertion","Nearly Sorted",1000,27,3712,1200,true,true
"insertion","Nearly Sorted",1000,28,3744,1200,true,true
"insertion","Nearly Sorted",1000,29,3424,1100,true,true
"insertion","Nearly Sorted",1000,30,3680,1200,true,true
"insertion","Nearly Sorted",1000,31,3552,1100,true,true
"insertion","Nearly Sorted",1000,32,3616,1200,true,true
"insertion","Nearly Sorted",1000,33,3520,1100,true,true
"insertion","Nearly Sorted",1000,34,3680,1200,true,true
"insertion","Nearly Sorted",1000,35,3648,1200,true,true
"insertion","Nearly Sorted",1000,36,3392,1100,true,true
"insertion","Nearly Sorted",1000,37,3488,1100,true,true
"insertion","Nearly Sorted",1000,38,3648,1200,true,true
"insertion","Nearly Sorted",1000,39,3584,1200,true,true
"insertion","Nearly Sorted",1000,40,3776,1200,true,true
"insertion","Nearly Sorted",1000,41,3616,1200,true,true
"insertion","Nearly Sorted",1000,42,3520,1200,true,true
"insertion","Nearly Sorted",1000,43,3776,1200,true,true
"insertion","Nearly Sorted",1000,44,3872,1300,true,true
"insertion","Nearly Sorted",1000,45,3808,1300,true,true
"insertion","Nearly Sorted",1000,46,3520,1100,true,true
"insertion","Nearly Sorted",1000,47,3680,1200,true,true
"insertion","Nearly Sorted",1000,48,3744,1200,true,true
"insertion","Nearly Sorted",1000,49,3744,1200,true,true
"insertion","Nearly Sorted",1000,50,3456,1100,true,true
"insertion","Nearly Sorted",1000,51,3520,1200,true,true
"insertion","Nearly Sorted",1000,52,3680,1200,true,true
"insertion","Nearly Sorted",1000,53,3520,1100,true,true
"insertion","Nearly Sorted",1000,54,3680,1200,true,true
"insertion","Nearly Sorted",1000,55,3680,1200,true,true
"insertion","Nearly Sorted",1000,56,3584,1100,true,true
"insertion","Nearly Sorted",1000,57,3776,1300,true,true
"insertion","Nearly Sorted",1000,58,3520,1200,true,true
"insertion","Nearly Sorted",1000,59,3584,1100,true,true
"insertion","Nearly Sorted",1000,60,3680,1200,true,true
"insertion","Nearly Sorted",1000,61,3872,1300,true,true
"insertion","Nearly Sorted",1000,62,3616,1200,true,true
"insertion","Nearly Sorted",1000,63,3808,1300,true,true
"insertion","Nearly Sorted",1000,64,3744,1300,true,true
"insertion","Nearly Sorted",1000,65,3680,1200,true,true
"insertion","Nearly Sorted",1000,66,3936,1300,true,true
"insertion","Nearly Sorted",1000,67,3808,1300,true,true
"insertion","Nearly Sorted",1000,68,3712,1200,true,true
"insertion","Nearly Sorted",1000,69,3648,1200,true,true
"insertion","Nearly Sorted",1000,70,3680,1200,true,true
"insertion","Nearly Sorted",1000,71,3904,1300,true,true
"insertion","Nearly Sorted",1000,72,3776,1200,true,true
"insertion","Nearly Sorted",1000,73,3744,1200,true,true
"insertion","Nearly Sorted",1000,74,3520,1200,true,true
"insertion","Nearly Sorted",1000,75,3680,1200,true,true
"insertion","Nearly Sorted",1000,76,3744,1300,true,true
"insertion","Nearly Sorted",1000,77,3648,1200,true,true
"insertion","Nearly Sorted",1000,78,3872,1200,true,true
"insertion","Nearly Sorted",1000,79,3776,1200,true,true
"insertion","Nearly Sorted",1000,80,3808,1300,true,true
"insertion","Nearly Sorted",1000,81,3488,1200,true,true
"insertion","Nearly Sorted",1000,82,3808,1200,true,true
"insertion","Nearly Sorted",1000,83,3776,1200,true,true
"insertion","Nearly Sorted",1000,84,3744,1200,true,true
"insertion","Nearly Sorted",1000,85,3456,1200,true,true
"insertion","Nearly Sorted",1000,86,3488,1200,true,true
"insertion","Nearly Sorted",1000,87,3584,1100,true,true
"insertion","Nearly Sorted",1000,88,3520,1200,true,true
"insertion","Nearly Sorted",1000,89,3552,1100,true,true
"insertion","Nearly Sorted",1000,90,3584,1200,true,true
"insertion","Nearly Sorted",1000,91,3552,1100,true,true
"insertion","Nearly Sorted",1000,92,3680,1200,true,true
"insertion","Nearly Sorted",1000,93,3584,1200,true,true
"insertion","Nearly Sorted",1000,94,3840,1200,true,true
"insertion","Nearly Sorted",1000,95,3616,1200,true,true
"insertion","Nearly Sorted",1000,96,3744,1200,true,true
"insertion","Nearly Sorted",1000,97,3680,1200,true,true
"insertion","Nearly Sorted",1000,98,3552,1100,true,true
"insertion","Nearly Sorted",1000,99,3520,1200,true,true
"selection","Nearly Sorted",1000,0,454464,142400,true,true
"selection","Nearly Sorted",1000,1,460544,144300,true,true
"selection","Nearly Sorted",1000,2,455456,142700,true,true
"selection","Nearly Sorted",1000,3,480672,150500,true,true
"selection","Nearly Sorted",1000,4,452064,141600,true,true
"selection","Nearly Sorted",1000,5,454464,142400,true,true
"selection","Nearly Sorted",1000,6,454784,142400,true,true
"selection","Nearly Sorted",1000,7,454592,142400,true,true
"selection","Nearly Sorted",1000,8,454720,142400,true,true
"selection","Nearly Sorted",1000,9,452256,141700,true,true
"selection","Nearly Sorted",1000,10,480544,150500,true,true
"selection","Nearly Sorted",1000,11,454528,142400,true,true
"selection","Nearly Sorted",1000,12,454752,142500,true,true
"selection","Nearly Sorted",1000,13,452096,141600,true,true
"selection","Nearly Sorted",1000,14,455232,142600,true,true
"selection","Nearly Sorted",1000,15,464768,145600,true,true
"selection","Nearly Sorted",1000,16,454592,142400,true,true
"selection","Nearly Sorted",1000,17,536416,168000,true,true
"selection","Nearly Sorted",1000,18,575744,180300,true,true
"selection","Nearly Sorted",1000,19,454624,142400,true,true
"selection","Nearly Sorted",1000,20,454656,142400,true,true
"selection","Nearly Sorted",1000,21,454624,142400,true,true
"selection","Nearly Sorted",1000,22,454688,142400,true,true
"selection","Nearly Sorted",1000,23,469280,147000,true,true
"selection","Nearly Sorted",1000,24,713024,223400,true,true
"selection","Nearly Sorted",1000,25,481248,150900,true,true
"selection","Nearly Sorted",1000,26,452192,141700,true,true
"selection","Nearly Sorted",1000,27,452192,142000,true,true
"selection","Nearly Sorted",1000,28,452384,141700,true,true
"selection","Nearly Sorted",1000,29,452128,141700,true,true
"selection","Nearly Sorted",1000,30,489600,153300,true,true
"selection","Nearly Sorted",1000,31,498496,156200,true,true
"selection","Nearly Sorted",1000,32,452128,141700,true,true
"selection","Nearly Sorted",1000,33,449536,140800,true,true
"selection","Nearly Sorted",1000,34,452288,141700,true,true
"selection","Nearly Sorted",1000,35,452288,141700,true,true
"selection","Nearly Sorted",1000,36,449376,140700,true,true
"selection","Nearly Sorted",1000,37,483808,151500,true,true
"selection","Nearly Sorted",1000,38,518368,162400,true,true
"selection","Nearly Sorted",1000,39,460224,144100,true,true
"selection","Nearly Sorted",1000,40,449600,140900,true,true
"selection","Nearly Sorted",1000,41,452128,141600,true,true
"selection","Nearly Sorted",1000,42,449664,140900,true,true
"selection","Nearly Sorted",1000,43,480128,150400,true,true
"selection","Nearly Sorted",1000,44,573920,180000,true,true
"selection","Nearly Sorted",1000,45,557152,174600,true,true
"selection","Nearly Sorted",1000,46,452064,141600,true,true
"selection","Nearly Sorted",1000,47,452096,141600,true,true
"selection","Nearly Sorted",1000,48,452320,141600,true,true
"selection","Nearly Sorted",1000,49,452192,141600,true,true
"selection","Nearly Sorted",1000,50,517856,162200,true,true
"selection","Nearly Sorted",1000,51,501920,157200,true,true
"selection","Nearly Sorted",1000,52,503712,157700,true,true
"selection","Nearly Sorted",1000,53,449696,141200,true,true
"selection","Nearly Sorted",1000,54,452736,142400,true,true
"selection","Nearly Sorted",1000,55,523584,164000,true,true
"selection","Nearly Sorted",1000,56,595168,186600,true,true
"selection","Nearly Sorted",1000,57,452512,141800,true,true
"selection","Nearly Sorted",1000,58,452032,141600,true,true
"selection","Nearly Sorted",1000,59,452224,141700,true,true
"selection","Nearly Sorted",1000,60,452192,141700,true,true
"selection","Nearly Sorted",1000,61,452288,141600,true,true
"selection","Nearly Sorted",1000,62,452096,141600,true,true
"selection","Nearly Sorted",1000,63,479616,150200,true,true
"selection","Nearly Sorted",1000,64,451936,141600,true,true
"selection","Nearly Sorted",1000,65,462144,144800,true,true
"selection","Nearly Sorted",1000,66,449568,140800,true,true
"selection","Nearly Sorted",1000,67,484992,152000,true,true
"selection","Nearly Sorted",1000,68,584704,183100,true,true
"selection","Nearly Sorted",1000,69,531648,166600,true,true
"selection","Nearly Sorted",1000,70,449568,140800,true,true
"selection","Nearly Sorted",1000,71,452160,141600,true,true
"selection","Nearly Sorted",1000,72,452224,141600,true,true
"selection","Nearly Sorted",1000,73,449536,140800,true,true
"selection","Nearly Sorted",1000,74,578912,181300,true,true
"selection","Nearly Sorted",1000,75,449664,140900,true,true
"selection","Nearly Sorted",1000,76,477824,149700,true,true
"selection","Nearly Sorted",1000,77,452352,141700,true,true
"selection","Nearly Sorted",1000,78,465600,145800,true,true
"selection","Nearly Sorted",1000,79,452576,141800,true,true
"selection","Nearly Sorted",1000,80,449504,140800,true,true
"selection","Nearly Sorted",1000,81,452128,141700,true,true
"selection","Nearly Sorted",1000,82,449632,140800,true,true
"selection","Nearly Sorted",1000,83,478560,150000,true,true
"selection","Nearly Sorted",1000,84,452192,141700,true,true
"selection","Nearly Sorted",1000,85,449504,140800,true,true
"selection","Nearly Sorted",1000,86,452672,141800,true,true
"selection","Nearly Sorted",1000,87,452064,141600,true,true
"selection","Nearly Sorted",1000,88,452000,141500,true,true
"selection","Nearly Sorted",1000,89,452320,141700,true,true
"selection","Nearly Sorted",1000,90,476544,149300,true,true
"selection","Nearly Sorted",1000,91,452192,141600,true,true
"selection","Nearly Sorted",1000,92,458144,143500,true,true
"selection","Nearly Sorted",1000,93,452864,141800,true,true
"selection","Nearly Sorted",1000,94,452128,141600,true,true
"selection","Nearly Sorted",1000,95,452192,141700,true,true
"selection","Nearly Sorted",1000,96,452128,141600,true,true
"selection","Nearly Sorted",1000,97,475104,148900,true,true
"selection","Nearly Sorted",1000,98,452096,141600,true,true
"selection","Nearly Sorted",1000,99,449664,140800,true,true
"merge","Nearly Sorted",1000,0,29408,9200,true,true
"merge","Nearly Sorted",1000,1,27040,8500,true,true
"merge","Nearly Sorted",1000,2,26944,8500,true,true
"merge","Nearly Sorted",1000,3,27168,8600,true,true
"merge","Nearly Sorted",1000,4,29888,9400,true,true
"merge","Nearly Sorted",1000,5,26976,8500,true,true
"merge","Nearly Sorted",1000,6,27008,8500,true,true
"merge","Nearly Sorted",1000,7,29088,9100,true,true
"merge","Nearly Sorted",1000,8,27200,8600,true,true
"merge","Nearly Sorted",1000,9,26944,8600,true,true
"merge","Nearly Sorted",1000,10,29632,9300,true,true
"merge","Nearly Sorted",1000,11,27104,8600,true,true
"merge","Nearly Sorted",1000,12,27072,8500,true,true
"merge","Nearly Sorted",1000,13,27136,8500,true,true
"merge","Nearly Sorted",1000,14,29088,9200,true,true
"merge","Nearly Sorted",1000,15,27040,8500,true,true
"merge","Nearly Sorted",1000,16,27040,8500,true,true
"merge","Nearly Sorted",1000,17,26944,8500,true,true
"merge","Nearly Sorted",1000,18,29280,9300,true,true
"merge","Nearly Sorted",1000,19,27104,8600,true,true
"merge","Nearly Sorted",1000,20,26688,8400,true,true
"merge","Nearly Sorted",1000,21,29376,9300,true,true
"merge","Nearly Sorted",1000,22,26848,8500,true,true
"merge","Nearly Sorted",1000,23,28896,9100,true,true
"merge","Nearly Sorted",1000,24,26752,8400,true,true
"merge","Nearly Sorted",1000,25,26848,8500,true,true
"merge","Nearly Sorted",1000,26,29440,9300,true,true
"merge","Nearly Sorted",1000,27,27136,8600,true,true
"merge","Nearly Sorted",1000,28,26880,8500,true,true
"merge","Nearly Sorted",1000,29,26688,8400,true,true
"merge","Nearly Sorted",1000,30,28896,9100,true,true
"merge","Nearly Sorted",1000,31,27040,8500,true,true
"merge","Nearly Sorted",1000,32,60576,19000,true,true
"merge","Nearly Sorted",1000,33,27200,8600,true,true
"merge","Nearly Sorted",1000,34,26880,8400,true,true
"merge","Nearly Sorted",1000,35,26912,8500,true,true
"merge","Nearly Sorted",1000,36,26912,8500,true,true
"merge","Nearly Sorted",1000,37,29024,9100,true,true
"merge","Nearly Sorted",1000,38,26848,8500,true,true
"merge","Nearly Sorted",1000,39,26848,8500,true,true
"merge","Nearly Sorted",1000,40,27072,8500,true,true
"merge","Nearly Sorted",1000,41,27008,8500,true,true
"merge","Nearly Sorted",1000,42,29024,9100,true,true
"merge","Nearly Sorted",1000,43,27328,8600,true,true
"merge","Nearly Sorted",1000,44,27136,8500,true,true
"merge","Nearly Sorted",1000,45,29056,9200,true,true
"merge","Nearly Sorted",1000,46,26880,8400,true,true
"merge","Nearly Sorted",1000,47,26784,8400,true,true
"merge","Nearly Sorted",1000,48,27104,8600,true,true
"merge","Nearly Sorted",1000,49,26976,8500,true,true
"merge","Nearly Sorted",1000,50,27168,8600,true,true
"merge","Nearly Sorted",1000,51,26784,8400,true,true
"merge","Nearly Sorted",1000,52,29024,9100,true,true
"merge","Nearly Sorted",1000,53,26848,8500,true,true
"merge","Nearly Sorted",1000,54,26752,8400,true,true
"merge","Nearly Sorted",1000,55,28896,9100,true,true
"merge","Nearly Sorted",1000,56,26784,8500,true,true
"merge","Nearly Sorted",1000,57,26624,8400,true,true
"merge","Nearly Sorted",1000,58,28960,9200,true,true
"merge","Nearly Sorted",1000,59,27072,8600,true,true
"merge","Nearly Sorted",1000,60,29632,9400,true,true
"merge","Nearly Sorted",1000,61,26880,8400,true,true
"merge","Nearly Sorted",1000,62,26880,8500,true,true
"merge","Nearly Sorted",1000,63,29568,9300,true,true
"merge","Nearly Sorted",1000,64,27104,8600,true,true
"merge","Nearly Sorted",1000,65,27008,8500,true,true
"merge","Nearly Sorted",1000,66,29120,9200,true,true
"merge","Nearly Sorted",1000,67,38592,12200,true,true
"merge","Nearly Sorted",1000,68,27008,8500,true,true
"merge","Nearly Sorted",1000,69,28768,9000,true,true
"merge","Nearly Sorted",1000,70,26816,8500,true,true
"merge","Nearly Sorted",1000,71,26816,8500,true,true
"merge","Nearly Sorted",1000,72,27072,8500,true,true
"merge","Nearly Sorted",1000,73,26976,8500,true,true
"merge","Nearly Sorted",1000,74,28992,9100,true,true
"merge","Nearly Sorted",1000,75,26944,8500,true,true
"merge","Nearly Sorted",1000,76,27168,8500,true,true
"merge","Nearly Sorted",1000,77,28896,9100,true,true
"merge","Nearly Sorted",1000,78,26976,8500,true,true
"merge","Nearly Sorted",1000,79,26816,8400,true,true
"merge","Nearly Sorted",1000,80,29472,9300,true,true
"merge","Nearly Sorted",1000,81,26720,8400,true,true
"merge","Nearly Sorted",1000,82,26816,8400,true,true
"merge","Nearly Sorted",1000,83,29408,9300,true,true
"merge","Nearly Sorted",1000,84,26944,8500,true,true
"merge","Nearly Sorted",1000,85,28800,9100,true,true
"merge","Nearly Sorted",1000,86,26976,8500,true,true
"merge","Nearly Sorted",1000,87,26624,8400,true,true
"merge","Nearly Sorted",1000,88,28736,9100,true,true
"merge","Nearly Sorted",1000,89,27168,8500,true,true
"merge","Nearly Sorted",1000,90,26720,8400,true,true
"merge","Nearly Sorted",1000,91,27008,8500,true,true
"merge","Nearly Sorted",1000,92,27008,8500,true,true
"merge","Nearly Sorted",1000,93,26912,8500,true,true
"merge","Nearly Sorted",1000,94,26976,8500,true,true
"merge","Nearly Sorted",1000,95,29024,9200,true,true
"merge","Nearly Sorted",1000,96,26784,8500,true,true
"merge","Nearly Sorted",1000,97,27104,8500,true,true
"merge","Nearly Sorted",1000,98,26976,8500,true,true
"merge","Nearly Sorted",1000,99,29888,9400,true,true
"quicksort","Nearly Sorted",1000,0,16608,5300,true,true
"quicksort","Nearly Sorted",1000,1,17280,5500,true,true
"quicksort","Nearly Sorted",1000,2,18272,5700,true,true
"quicksort","Nearly Sorted",1000,3,17568,5500,true,true
"quicksort","Nearly Sorted",1000,4,18784,6000,true,true
"quicksort","Nearly Sorted",1000,5,18752,6000,true,true
"quicksort","Nearly Sorted",1000,6,18080,5800,true,true
"quicksort","Nearly Sorted",1000,7,17280,5400,true,true
"quicksort","Nearly Sorted",1000,8,18080,5700,true,true
"quicksort","Nearly Sorted",1000,9,17216,5400,true,true
"quicksort","Nearly Sorted",1000,10,17088,5400,true,true
"quicksort","Nearly Sorted",1000,11,17760,5600,true,true
"quicksort","Nearly Sorted",1000,12,17920,5700,true,true
"quicksort","Nearly Sorted",1000,13,16800,5300,true,true
"quicksort","Nearly Sorted",1000,14,16704,5300,true,true
"quicksort","Nearly Sorted",1000,15,16800,5400,true,true
"quicksort","Nearly Sorted",1000,16,17984,5800,true,true
"quicksort","Nearly Sorted",1000,17,17120,5500,true,true
"quicksort","Nearly Sorted",1000,18,17376,5500,true,true
"quicksort","Nearly Sorted",1000,19,16544,5300,true,true
"quicksort","Nearly Sorted",1000,20,16544,5300,true,true
"quicksort","Nearly Sorted",1000,21,16416,5200,true,true
"quicksort","Nearly Sorted",1000,22,16992,5400,true,true
"quicksort","Nearly Sorted",1000,23,16256,5100,true,true
"quicksort","Nearly Sorted",1000,24,17152,5400,true,true
"quicksort","Nearly Sorted",1000,25,16992,5400,true,true
"quicksort","Nearly Sorted",1000,26,16800,5300,true,true
"quicksort","Nearly Sorted",1000,27,16128,5100,true,true
"quicksort","Nearly Sorted",1000,28,16512,5300,true,true
"quicksort","Nearly Sorted",1000,29,15808,5000,true,true
"quicksort","Nearly Sorted",1000,30,16352,5200,true,true
"quicksort","Nearly Sorted",1000,31,16256,5200,true,true
"quicksort","Nearly Sorted",1000,32,16256,5100,true,true
"quicksort","Nearly Sorted",1000,33,16736,5300,true,true
"quicksort","Nearly Sorted",1000,34,16416,5200,true,true
"quicksort","Nearly Sorted",1000,35,16224,5100,true,true
"quicksort","Nearly Sorted",1000,36,16384,5200,true,true
"quicksort","Nearly Sorted",1000,37,16224,5100,true,true
"quicksort","Nearly Sorted",1000,38,16928,5400,true,true
"quicksort","Nearly Sorted",1000,39,16736,5300,true,true
"quicksort","Nearly Sorted",1000,40,15936,5100,true,true
"quicksort","Nearly Sorted",1000,41,16288,5200,true,true
"quicksort","Nearly Sorted",1000,42,15808,5000,true,true
"quicksort","Nearly Sorted",1000,43,15712,5000,true,true
"quicksort","Nearly Sorted",1000,44,15872,5000,true,true
"quicksort","Nearly Sorted",1000,45,16032,5100,true,true
"quicksort","Nearly Sorted",1000,46,15936,5000,true,true
"quicksort","Nearly Sorted",1000,47,15904,5000,true,true
"quicksort","Nearly Sorted",1000,48,16448,5200,true,true
"quicksort","Nearly Sorted",1000,49,16224,5100,true,true
"quicksort","Nearly Sorted",1000,50,15904,5000,true,true
"quicksort","Nearly Sorted",1000,51,16224,5100,true,true
"quicksort","Nearly Sorted",1000,52,15840,5000,true,true
"quicksort","Nearly Sorted",1000,53,16032,5100,true,true
"quicksort","Nearly Sorted",1000,54,15968,5000,true,true
"quicksort","Nearly Sorted",1000,55,16352,5200,true,true
"quicksort","Nearly Sorted",1000,56,15584,5000,true,true
"quicksort","Nearly Sorted",1000,57,16256,5200,true,true
"quicksort","Nearly Sorted",1000,58,16320,5100,true,true
"quicksort","Nearly Sorted",1000,59,15936,5100,true,true
"quicksort","Nearly Sorted",1000,60,16064,5100,true,true
"quicksort","Nearly Sorted",1000,61,16000,5100,true,true
"quicksort","Nearly Sorted",1000,62,15872,5100,true,true
"quicksort","Nearly Sorted",1000,63,15840,5100,true,true
"quicksort","Nearly Sorted",1000,64,15872,5100,true,true
"quicksort","Nearly Sorted",1000,65,16480,5200,true,true
"quicksort","Nearly Sorted",1000,66,15936,5000,true,true
"quicksort","Nearly Sorted",1000,67,15872,5000,true,true
"quicksort","Nearly Sorted",1000,68,16544,5200,true,true
"quicksort","Nearly Sorted",1000,69,16096,5100,true,true
"quicksort","Nearly Sorted",1000,70,15712,5000,true,true
"quicksort","Nearly Sorted",1000,71,16064,5100,true,true
"quicksort","Nearly Sorted",1000,72,16128,5100,true,true
"quicksort","Nearly Sorted",1000,73,16192,5100,true,true
"quicksort","Nearly Sorted",1000,74,16288,5200,true,true
"quicksort","Nearly Sorted",1000,75,16064,5100,true,true
"quicksort","Nearly Sorted",1000,76,16576,5300,true,true
"quicksort","Nearly Sorted",1000,77,16192,5200,true,true
"quicksort","Nearly Sorted",1000,78,16608,5300,true,true
"quicksort","Nearly Sorted",1000,79,16064,5100,true,true
"quicksort","Nearly Sorted",1000,80,16256,5200,true,true
"quicksort","Nearly Sorted",1000,81,15744,4900,true,true
"quicksort","Nearly Sorted",1000,82,16256,5200,true,true
"quicksort","Nearly Sorted",1000,83,16128,5100,true,true
"quicksort","Nearly Sorted",1000,84,15680,4900,true,true
"quicksort","Nearly Sorted",1000,85,15840,5000,true,true
"quicksort","Nearly Sorted",1000,86,16128,5100,true,true
"quicksort","Nearly Sorted",1000,87,15936,5100,true,true
"quicksort","Nearly Sorted",1000,88,15840,5000,true,true
"quicksort","Nearly Sorted",1000,89,16032,5100,true,true
"quicksort","Nearly Sorted",1000,90,16064,5100,true,true
"quicksort","Nearly Sorted",1000,91,16064,5100,true,true
"quicksort","Nearly Sorted",1000,92,15904,5100,true,true
"quicksort","Nearly Sorted",1000,93,16064,5000,true,true
"quicksort","Nearly Sorted",1000,94,16032,5100,true,true
"quicksort","Nearly Sorted",1000,95,16448,5200,true,true
"quicksort","Nearly Sorted",1000,96,16032,5000,true,true
"quicksort","Nearly Sorted",1000,97,16032,5100,true,true
"quicksort","Nearly Sorted",1000,98,15904,5000,true,true
"quicksort","Nearly Sorted",1000,99,15968,5000,true,true
"heap","Nearly Sorted",1000,0,56064,17600,true,true
"heap","Nearly Sorted",1000,1,68768,21600,true,true
"heap","Nearly Sorted",1000,2,54560,17200,true,true
"heap","Nearly Sorted",1000,3,56768,17800,true,true
"heap","Nearly Sorted",1000,4,56768,17800,true,true
"heap","Nearly Sorted",1000,5,56000,17600,true,true
"heap","Nearly Sorted",1000,6,59424,18600,true,true
"heap","Nearly Sorted",1000,7,55904,17600,true,true
"heap","Nearly Sorted",1000,8,57152,18000,true,true
"heap","Nearly Sorted",1000,9,56544,17700,true,true
"heap","Nearly Sorted",1000,10,53952,17000,true,true
"heap","Nearly Sorted",1000,11,59968,18900,true,true
"heap","Nearly Sorted",1000,12,58976,18500,true,true
"heap","Nearly Sorted",1000,13,56160,17600,true,true
"heap","Nearly Sorted",1000,14,53888,16900,true,true
"heap","Nearly Sorted",1000,15,56384,17700,true,true
"heap","Nearly Sorted",1000,16,68064,21400,true,true
"heap","Nearly Sorted",1000,17,67424,21200,true,true
"heap","Nearly Sorted",1000,18,69984,22200,true,true
"heap","Nearly Sorted",1000,19,54336,17100,true,true
"heap","Nearly Sorted",1000,20,54688,17200,true,true
"heap","Nearly Sorted",1000,21,56896,17900,true,true
"heap","Nearly Sorted",1000,22,74464,23400,true,true
"heap","Nearly Sorted",1000,23,57536,18100,true,true
"heap","Nearly Sorted",1000,24,57056,17900,true,true
"heap","Nearly Sorted",1000,25,73696,23100,true,true
"heap","Nearly Sorted",1000,26,51168,16100,true,true
"heap","Nearly Sorted",1000,27,55360,17300,true,true
"heap","Nearly Sorted",1000,28,54464,17100,true,true
"heap","Nearly Sorted",1000,29,53376,16800,true,true
"heap","Nearly Sorted",1000,30,53376,16700,true,true
"heap","Nearly Sorted",1000,31,57856,18200,true,true
"heap","Nearly Sorted",1000,32,55072,17300,true,true
"heap","Nearly Sorted",1000,33,54752,17200,true,true
"heap","Nearly Sorted",1000,34,55648,17500,true,true
"heap","Nearly Sorted",1000,35,55520,17400,true,true
"heap","Nearly Sorted",1000,36,53952,16900,true,true
"heap","Nearly Sorted",1000,37,55712,17500,true,true
"heap","Nearly Sorted",1000,38,55008,17300,true,true
"heap","Nearly Sorted",1000,39,53760,16800,true,true
"heap","Nearly Sorted",1000,40,55776,17500,true,true
"heap","Nearly Sorted",1000,41,54016,17000,true,true
"heap","Nearly Sorted",1000,42,55040,17300,true,true
"heap","Nearly Sorted",1000,43,55168,17400,true,true
"heap","Nearly Sorted",1000,44,56512,17800,true,true
"heap","Nearly Sorted",1000,45,85536,26800,true,true
"heap","Nearly Sorted",1000,46,52192,16400,true,true
"heap","Nearly Sorted",1000,47,56640,17800,true,true
"heap","Nearly Sorted",1000,48,57120,17900,true,true
"heap","Nearly Sorted",1000,49,55040,17300,true,true
"heap","Nearly Sorted",1000,50,56928,17800,true,true
"heap","Nearly Sorted",1000,51,55552,17500,true,true
"heap","Nearly Sorted",1000,52,56192,17700,true,true
"heap","Nearly Sorted",1000,53,56992,17900,true,true
"heap","Nearly Sorted",1000,54,53984,17000,true,true
"heap","Nearly Sorted",1000,55,55040,17300,true,true
"heap","Nearly Sorted",1000,56,52032,16400,true,true
"heap","Nearly Sorted",1000,57,55168,17300,true,true
"heap","Nearly Sorted",1000,58,52448,16500,true,true
"heap","Nearly Sorted",1000,59,52352,16500,true,true
"heap","Nearly Sorted",1000,60,54016,16900,true,true
"heap","Nearly Sorted",1000,61,57344,18000,true,true
"heap","Nearly Sorted",1000,62,51232,16100,true,true
"heap","Nearly Sorted",1000,63,57248,18000,true,true
"heap","Nearly Sorted",1000,64,65632,20600,true,true
"heap","Nearly Sorted",1000,65,79104,24800,true,true
"heap","Nearly Sorted",1000,66,59168,18600,true,true
"heap","Nearly Sorted",1000,67,58176,18200,true,true
"heap","Nearly Sorted",1000,68,78304,24600,true,true
"heap","Nearly Sorted",1000,69,55904,17600,true,true
"heap","Nearly Sorted",1000,70,54560,17100,true,true
"heap","Nearly Sorted",1000,71,53440,16800,true,true
"heap","Nearly Sorted",1000,72,54560,17200,true,true
"heap","Nearly Sorted",1000,73,55200,17300,true,true
"heap","Nearly Sorted",1000,74,53760,16900,true,true
"heap","Nearly Sorted",1000,75,52512,16500,true,true
"heap","Nearly Sorted",1000,76,53408,16800,true,true
"heap","Nearly Sorted",1000,77,50944,16000,true,true
"heap","Nearly Sorted",1000,78,53600,16900,true,true
"heap","Nearly Sorted",1000,79,53056,16600,true,true
"heap","Nearly Sorted",1000,80,52384,16500,true,true
"heap","Nearly Sorted",1000,81,52928,16700,true,true
"heap","Nearly Sorted",1000,82,54176,17000,true,true
"heap","Nearly Sorted",1000,83,52288,16400,true,true
"heap","Nearly Sorted",1000,84,53856,16900,true,true
"heap","Nearly Sorted",1000,85,51296,16100,true,true
"heap","Nearly Sorted",1000,86,52480,16500,true,true
"heap","Nearly Sorted",1000,87,53824,16900,true,true
"heap","Nearly Sorted",1000,88,52736,16600,true,true
"heap","Nearly Sorted",1000,89,52576,16600,true,true
"heap","Nearly Sorted",1000,90,52896,16600,true,true
"heap","Nearly Sorted",1000,91,57120,18000,true,true
"heap","Nearly Sorted",1000,92,54400,17100,true,true
"heap","Nearly Sorted",1000,93,55104,17300,true,true
"heap","Nearly Sorted",1000,94,56768,17800,true,true
"heap","Nearly Sorted",1000,95,54240,17000,true,true
"heap","Nearly Sorted",1000,96,86816,27300,true,true
"heap","Nearly Sorted",1000,97,52928,16700,true,true
"heap","Nearly Sorted",1000,98,56160,17600,true,true
"heap","Nearly Sorted",1000,99,53600,16900,true,true
"std-sort","Nearly Sorted",1000,0,12352,3900,true,true
"std-sort","Nearly Sorted",1000,1,13152,4200,true,true
"std-sort","Nearly Sorted",1000,2,12352,3900,true,true
"std-sort","Nearly Sorted",1000,3,12064,3900,true,true
"std-sort","Nearly Sorted",1000,4,12128,3900,true,true
"std-sort","Nearly Sorted",1000,5,12160,3900,true,true
"std-sort","Nearly Sorted",1000,6,12736,4100,true,true
"std-sort","Nearly Sorted",1000,7,11680,3700,true,true
"std-sort","Nearly Sorted",1000,8,12192,3800,true,true
"std-sort","Nearly Sorted",1000,9,11968,3800,true,true
"std-sort","Nearly Sorted",1000,10,12288,3900,true,true
"std-sort","Nearly Sorted",1000,11,11968,3800,true,true
"std-sort","Nearly Sorted",1000,12,12544,4000,true,true
"std-sort","Nearly Sorted",1000,13,11936,3800,true,true
"std-sort","Nearly Sorted",1000,14,12032,3800,true,true
"std-sort","Nearly Sorted",1000,15,12032,3800,true,true
"std-sort","Nearly Sorted",1000,16,12160,3800,true,true
"std-sort","Nearly Sorted",1000,17,11968,3800,true,true
"std-sort","Nearly Sorted",1000,18,12256,3900,true,true
"std-sort","Nearly Sorted",1000,19,12064,3900,true,true
"std-sort","Nearly Sorted",1000,20,11936,3800,true,true
"std-sort","Nearly Sorted",1000,21,11520,3700,true,true
"std-sort","Nearly Sorted",1000,22,11904,3800,true,true
"std-sort","Nearly Sorted",1000,23,11808,3700,true,true
"std-sort","Nearly Sorted",1000,24,11968,3800,true,true
"std-sort","Nearly Sorted",1000,25,12320,3900,true,true
"std-sort","Nearly Sorted",1000,26,12256,3900,true,true
"std-sort","Nearly Sorted",1000,27,12224,3900,true,true
"std-sort","Nearly Sorted",1000,28,12320,3900,true,true
"std-sort","Nearly Sorted",1000,29,11584,3700,true,true
"std-sort","Nearly Sorted",1000,30,11648,3700,true,true
"std-sort","Nearly Sorted",1000,31,11968,3800,true,true
"std-sort","Nearly Sorted",1000,32,11712,3700,true,true
"std-sort","Nearly Sorted",1000,33,12288,3900,true,true
"std-sort","Nearly Sorted",1000,34,12352,4000,true,true
"std-sort","Nearly Sorted",1000,35,12320,3900,true,true
"std-sort","Nearly Sorted",1000,36,12160,3800,true,true
"std-sort","Nearly Sorted",1000,37,11936,3800,true,true
"std-sort","Nearly Sorted",1000,38,12064,3800,true,true
"std-sort","Nearly Sorted",1000,39,12064,3800,true,true
"std-sort","Nearly Sorted",1000,40,12064,3800,true,true
"std-sort","Nearly Sorted",1000,41,11616,3700,true,true
"std-sort","Nearly Sorted",1000,42,12288,3900,true,true
"std-sort","Nearly Sorted",1000,43,12320,3900,true,true
"std-sort","Nearly Sorted",1000,44,12128,3800,true,true
"std-sort","Nearly Sorted",1000,45,12352,3900,true,true
"std-sort","Nearly Sorted",1000,46,11648,3700,true,true
"std-sort","Nearly Sorted",1000,47,12224,3900,true,true
"std-sort","Nearly Sorted",1000,48,12224,3900,true,true
"std-sort","Nearly Sorted",1000,49,11808,3800,true,true
"std-sort","Nearly Sorted",1000,50,11744,3800,true,true
"std-sort","Nearly Sorted",1000,51,11456,3700,true,true
"std-sort","Nearly Sorted",1000,52,11264,3600,true,true
"std-sort","Nearly Sorted",1000,53,12160,3900,true,true
"std-sort","Nearly Sorted",1000,54,11488,3700,true,true
"std-sort","Nearly Sorted",1000,55,11456,3600,true,true
"std-sort","Nearly Sorted",1000,56,11424,3600,true,true
"std-sort","Nearly Sorted",1000,57,11904,3800,true,true
"std-sort","Nearly Sorted",1000,58,11296,3600,true,true
"std-sort","Nearly Sorted",1000,59,11648,3700,true,true
"std-sort","Nearly Sorted",1000,60,11520,3700,true,true
"std-sort","Nearly Sorted",1000,61,12032,3800,true,true
"std-sort","Nearly Sorted",1000,62,11776,3700,true,true
"std-sort","Nearly Sorted",1000,63,11488,3600,true,true
"std-sort","Nearly Sorted",1000,64,11456,3600,true,true
"std-sort","Nearly Sorted",1000,65,11712,3700,true,true
"std-sort","Nearly Sorted",1000,66,11552,3600,true,true
"std-sort","Nearly Sorted",1000,67,11744,3700,true,true
"std-sort","Nearly Sorted",1000,68,11680,3700,true,true
"std-sort","Nearly Sorted",1000,69,11456,3600,true,true
"std-sort","Nearly Sorted",1000,70,11776,3800,true,true
"std-sort","Nearly Sorted",1000,71,11936,3800,true,true
"std-sort","Nearly Sorted",1000,72,11424,3600,true,true
"std-sort","Nearly Sorted",1000,73,11712,3700,true,true
"std-sort","Nearly Sorted",1000,74,17312,5500,true,true
"std-sort","Nearly Sorted",1000,75,16064,5100,true,true
"std-sort","Nearly Sorted",1000,76,15072,4800,true,true
"std-sort","Nearly Sorted",1000,77,15424,4900,true,true
"std-sort","Nearly Sorted",1000,78,16832,5400,true,true
"std-sort","Nearly Sorted",1000,79,17568,5600,true,true
"std-sort","Nearly Sorted",1000,80,22080,7100,true,true
"std-sort","Nearly Sorted",1000,81,15328,4800,true,true
"std-sort","Nearly Sorted",1000,82,11648,3700,true,true
"std-sort","Nearly Sorted",1000,83,11904,3800,true,true
"std-sort","Nearly Sorted",1000,84,11840,3800,true,true
"std-sort","Nearly Sorted",1000,85,11648,3700,true,true
"std-sort","Nearly Sorted",1000,86,11488,3700,true,true
"std-sort","Nearly Sorted",1000,87,11904,3700,true,true
"std-sort","Nearly Sorted",1000,88,11680,3700,true,true
"std-sort","Nearly Sorted",1000,89,12160,3900,true,true
"std-sort","Nearly Sorted",1000,90,11840,3700,true,true
"std-sort","Nearly Sorted",1000,91,11744,3700,true,true
"std-sort","Nearly Sorted",1000,92,11584,3700,true,true
"std-sort","Nearly Sorted",1000,93,11776,3700,true,true
"std-sort","Nearly Sorted",1000,94,11744,3700,true,true
"std-sort","Nearly Sorted",1000,95,11488,3700,true,true
"std-sort","Nearly Sorted",1000,96,11648,3700,true,true
"std-sort","Nearly Sorted",1000,97,11776,3700,true,true
"std-sort","Nearly Sorted",1000,98,11456,3700,true,true
"std-sort","Nearly Sorted",1000,99,11488,3700,true,true
"std-stable-sort","Nearly Sorted",1000,0,11520,3700,true,true
"std-stable-sort","Nearly Sorted",1000,1,11232,3600,true,true
"std-stable-sort","Nearly Sorted",1000,2,11584,3700,true,true
"std-stable-sort","Nearly Sorted",1000,3,11200,3500,true,true
"std-stable-sort","Nearly Sorted",1000,4,11296,3500,true,true
"std-stable-sort","Nearly Sorted",1000,5,11360,3600,true,true
"std-stable-sort","Nearly Sorted",1000,6,11104,3500,true,true
"std-stable-sort","Nearly Sorted",1000,7,11328,3600,true,true
"std-stable-sort","Nearly Sorted",1000,8,11872,3800,true,true
"std-stable-sort","Nearly Sorted",1000,9,61056,19200,true,true
"std-stable-sort","Nearly Sorted",1000,10,11456,3600,true,true
"std-stable-sort","Nearly Sorted",1000,11,11264,3600,true,true
"std-stable-sort","Nearly Sorted",1000,12,11264,3600,true,true
"std-stable-sort","Nearly Sorted",1000,13,11200,3600,true,true
"std-stable-sort","Nearly Sorted",1000,14,11360,3600,true,true
"std-stable-sort","Nearly Sorted",1000,15,11072,3600,true,true
"std-stable-sort","Nearly Sorted",1000,16,11104,3600,true,true
"std-stable-sort","Nearly Sorted",1000,17,11168,3600,true,true
"std-stable-sort","Nearly Sorted",1000,18,11040,3500,true,true
"std-stable-sort","Nearly Sorted",1000,19,11200,3500,true,true
"std-stable-sort","Nearly Sorted",1000,20,11328,3600,true,true
"std-stable-sort","Nearly Sorted",1000,21,10976,3500,true,true
"std-stable-sort","Nearly Sorted",1000,22,11168,3500,true,true
"std-stable-sort","Nearly Sorted",1000,23,11008,3500,true,true
"std-stable-sort","Nearly Sorted",1000,24,11072,3500,true,true
"std-stable-sort","Nearly Sorted",1000,25,11072,3500,true,true
"std-stable-sort","Nearly Sorted",1000,26,11040,3500,true,true
"std-stable-sort","Nearly Sorted",1000,27,11072,3500,true,true
"std-stable-sort","Nearly Sorted",1000,28,11136,3500,true,true
"std-stable-sort","Nearly Sorted",1000,29,10944,3500,true,true
"std-stable-sort","Nearly Sorted",1000,30,10944,3500,true,true
"std-stable-sort","Nearly Sorted",1000,31,11040,3500,true,true
"std-stable-sort","Nearly Sorted",1000,32,11104,3500,true,true
"std-stable-sort","Nearly Sorted",1000,33,11104,3600,true,true
"std-stable-sort","Nearly Sorted",1000,34,11072,3500,true,true
"std-stable-sort","Nearly Sorted",1000,35,11200,3500,true,true
"std-stable-sort","Nearly Sorted",1000,36,10880,3500,true,true
"std-stable-sort","Nearly Sorted",1000,37,11072,3600,true,true
"std-stable-sort","Nearly Sorted",1000,38,11040,3600,true,true
"std-stable-sort","Nearly Sorted",1000,39,10976,3500,true,true
"std-stable-sort","Nearly Sorted",1000,40,10976,3500,true,true
"std-stable-sort","Nearly Sorted",1000,41,10880,3400,true,true
"std-stable-sort","Nearly Sorted",1000,42,11072,3500,true,true
"std-stable-sort","Nearly Sorted",1000,43,11008,3500,true,true
"std-stable-sort","Nearly Sorted",1000,44,11040,3500,true,true
"std-stable-sort","Nearly Sorted",1000,45,11008,3500,true,true
"std-stable-sort","Nearly Sorted",1000,46,10752,3400,true,true
"std-stable-sort","Nearly Sorted",1000,47,10944,3500,true,true
"std-stable-sort","Nearly Sorted",1000,48,11072,3500,true,true
"std-stable-sort","Nearly Sorted",1000,49,10912,3400,true,true
"std-stable-sort","Nearly Sorted",1000,50,11168,3600,true,true
"std-stable-sort","Nearly Sorted",1000,51,11072,3600,true,true
"std-stable-sort","Nearly Sorted",1000,52,10848,3500,true,true
"std-stable-sort","Nearly Sorted",1000,53,11008,3500,true,true
"std-stable-sort","Nearly Sorted",1000,54,11072,3600,true,true
"std-stable-sort","Nearly Sorted",1000,55,11072,3600,true,true
"std-stable-sort","Nearly Sorted",1000,56,10944,3500,true,true
"std-stable-sort","Nearly Sorted",1000,57,11040,3500,true,true
"std-stable-sort","Nearly Sorted",1000,58,10912,3500,true,true
"std-stable-sort","Nearly Sorted",1000,59,11040,3500,true,true
"std-stable-sort","Nearly Sorted",1000,60,11072,3500,true,true
"std-stable-sort","Nearly Sorted",1000,61,10944,3500,true,true
"std-stable-sort","Nearly Sorted",1000,62,10976,3500,true,true
"std-stable-sort","Nearly Sorted",1000,63,10976,3500,true,true
"std-stable-sort","Nearly Sorted",1000,64,11040,3500,true,true
"std-stable-sort","Nearly Sorted",1000,65,11264,3500,true,true
"std-stable-sort","Nearly Sorted",1000,66,11232,3600,true,true
"std-stable-sort","Nearly Sorted",1000,67,10944,3400,true,true
"std-stable-sort","Nearly Sorted",1000,68,10912,3500,true,true
"std-stable-sort","Nearly Sorted",1000,69,11104,3500,true,true
"std-stable-sort","Nearly Sorted",1000,70,10944,3500,true,true
"std-stable-sort","Nearly Sorted",1000,71,11104,3600,true,true
"std-stable-sort","Nearly Sorted",1000,72,10912,3400,true,true
"std-stable-sort","Nearly Sorted",1000,73,24608,7800,true,true
"std-stable-sort","Nearly Sorted",1000,74,22656,7100,true,true
"std-stable-sort","Nearly Sorted",1000,75,17536,5500,true,true
"std-stable-sort","Nearly Sorted",1000,76,23328,7400,true,true
"std-stable-sort","Nearly Sorted",1000,77,19968,6400,true,true
"std-stable-sort","Nearly Sorted",1000,78,18368,5800,true,true
"std-stable-sort","Nearly Sorted",1000,79,18048,5700,true,true
"std-stable-sort","Nearly Sorted",1000,80,15424,4900,true,true
"std-stable-sort","Nearly Sorted",1000,81,11072,3600,true,true
"std-stable-sort","Nearly Sorted",1000,82,11040,3500,true,true
"std-stable-sort","Nearly Sorted",1000,83,11136,3600,true,true
"std-stable-sort","Nearly Sorted",1000,84,11072,3500,true,true
"std-stable-sort","Nearly Sorted",1000,85,10912,3400,true,true
"std-stable-sort","Nearly Sorted",1000,86,10944,3500,true,true
"std-stable-sort","Nearly Sorted",1000,87,11232,3600,true,true
"std-stable-sort","Nearly Sorted",1000,88,11264,3600,true,true
"std-stable-sort","Nearly Sorted",1000,89,11488,3600,true,true
"std-stable-sort","Nearly Sorted",1000,90,11520,3700,true,true
"std-stable-sort","Nearly Sorted",1000,91,12000,3900,true,true
"std-stable-sort","Nearly Sorted",1000,92,11200,3600,true,true
"std-stable-sort","Nearly Sorted",1000,93,11136,3500,true,true
"std-stable-sort","Nearly Sorted",1000,94,11072,3500,true,true
"std-stable-sort","Nearly Sorted",1000,95,11008,3500,true,true
"std-stable-sort","Nearly Sorted",1000,96,10976,3500,true,true
"std-stable-sort","Nearly Sorted",1000,97,11168,3600,true,true
"std-stable-sort","Nearly Sorted",1000,98,10944,3500,true,true
"std-stable-sort","Nearly Sorted",1000,99,11072,3500,true,true
"bubble","Nearly Sorted",5000,0,24480,7700,true,true
"bubble","Nearly Sorted",5000,1,24320,7700,true,true
"bubble","Nearly Sorted",5000,2,24384,7700,true,true
"bubble","Nearly Sorted",5000,3,24352,7700,true,true
"bubble","Nearly Sorted",5000,4,31232,9800,true,true
"bubble","Nearly Sorted",5000,5,47136,14800,true,true
"bubble","Nearly Sorted",5000,6,24384,7700,true,true
"bubble","Nearly Sorted",5000,7,24480,7700,true,true
"bubble","Nearly Sorted",5000,8,24320,7700,true,true
"bubble","Nearly Sorted",5000,9,24480,7800,true,true
"bubble","Nearly Sorted",5000,10,24256,7700,true,true
"bubble","Nearly Sorted",5000,11,24288,7600,true,true
"bubble","Nearly Sorted",5000,12,24416,7700,true,true
"bubble","Nearly Sorted",5000,13,24384,7700,true,true
"bubble","Nearly Sorted",5000,14,24448,7700,true,true
"bubble","Nearly Sorted",5000,15,24512,7800,true,true
"bubble","Nearly Sorted",5000,16,66592,20900,true,true
"bubble","Nearly Sorted",5000,17,24416,7700,true,true
"bubble","Nearly Sorted",5000,18,24224,7600,true,true
"bubble","Nearly Sorted",5000,19,24288,7700,true,true
"bubble","Nearly Sorted",5000,20,24416,7700,true,true
"bubble","Nearly Sorted",5000,21,24384,7600,true,true
"bubble","Nearly Sorted",5000,22,31328,9900,true,true
"bubble","Nearly Sorted",5000,23,24224,7700,true,true
"bubble","Nearly Sorted",5000,24,24480,7700,true,true
"bubble","Nearly Sorted",5000,25,36224,11400,true,true
"bubble","Nearly Sorted",5000,26,24352,7600,true,true
"bubble","Nearly Sorted",5000,27,31424,9900,true,true
"bubble","Nearly Sorted",5000,28,24256,7700,true,true
"bubble","Nearly Sorted",5000,29,24288,7700,true,true
"bubble","Nearly Sorted",5000,30,24320,7600,true,true
"bubble","Nearly Sorted",5000,31,24352,7600,true,true
"bubble","Nearly Sorted",5000,32,24448,7700,true,true
"bubble","Nearly Sorted",5000,33,24352,7700,true,true
"bubble","Nearly Sorted",5000,34,24288,7600,true,true
"bubble","Nearly Sorted",5000,35,38112,12000,true,true
"bubble","Nearly Sorted",5000,36,24512,7800,true,true
"bubble","Nearly Sorted",5000,37,24224,7600,true,true
"bubble","Nearly Sorted",5000,38,24256,7600,true,true
"bubble","Nearly Sorted",5000,39,24288,7600,true,true
"bubble","Nearly Sorted",5000,40,24480,7700,true,true
"bubble","Nearly Sorted",5000,41,24256,7700,true,true
"bubble","Nearly Sorted",5000,42,24320,7600,true,true
"bubble","Nearly Sorted",5000,43,24288,7700,true,true
"bubble","Nearly Sorted",5000,44,24512,7700,true,true
"bubble","Nearly Sorted",5000,45,24256,7700,true,true
"bubble","Nearly Sorted",5000,46,24224,7600,true,true
"bubble","Nearly Sorted",5000,47,24288,7700,true,true
"bubble","Nearly Sorted",5000,48,24224,7700,true,true
"bubble","Nearly Sorted",5000,49,24352,7600,true,true
"bubble","Nearly Sorted",5000,50,24352,7700,true,true
"bubble","Nearly Sorted",5000,51,24416,7700,true,true
"bubble","Nearly Sorted",5000,52,24288,7600,true,true
"bubble","Nearly Sorted",5000,53,24384,7700,true,true
"bubble","Nearly Sorted",5000,54,24320,7700,true,true
"bubble","Nearly Sorted",5000,55,24288,7700,true,true
"bubble","Nearly Sorted",5000,56,24288,7600,true,true
"bubble","Nearly Sorted",5000,57,24352,7700,true,true
"bubble","Nearly Sorted",5000,58,24224,7700,true,true
"bubble","Nearly Sorted",5000,59,24096,7500,true,true
"bubble","Nearly Sorted",5000,60,24416,7700,true,true
"bubble","Nearly Sorted",5000,61,24224,7600,true,true
"bubble","Nearly Sorted",5000,62,24352,7700,true,true
"bubble","Nearly Sorted",5000,63,24384,7700,true,true
"bubble","Nearly Sorted",5000,64,24288,7700,true,true
"bubble","Nearly Sorted",5000,65,24320,7700,true,true
"bubble","Nearly Sorted",5000,66,24352,7700,true,true
"bubble","Nearly Sorted",5000,67,24224,7700,true,true
"bubble","Nearly Sorted",5000,68,24352,7700,true,true
"bubble","Nearly Sorted",5000,69,24224,7700,true,true
"bubble","Nearly Sorted",5000,70,24192,7700,true,true
"bubble","Nearly Sorted",5000,71,24288,7600,true,true
"bubble","Nearly Sorted",5000,72,24224,7600,true,true
"bubble","Nearly Sorted",5000,73,24480,7800,true,true
"bubble","Nearly Sorted",5000,74,24352,7700,true,true
"bubble","Nearly Sorted",5000,75,31264,9900,true,true
"bubble","Nearly Sorted",5000,76,24384,7700,true,true
"bubble","Nearly Sorted",5000,77,24256,7600,true,true
"bubble","Nearly Sorted",5000,78,24256,7600,true,true
"bubble","Nearly Sorted",5000,79,31168,9800,true,true
"bubble","Nearly Sorted",5000,80,24320,7700,true,true
"bubble","Nearly Sorted",5000,81,24224,7600,true,true
"bubble","Nearly Sorted",5000,82,24352,7700,true,true
"bubble","Nearly Sorted",5000,83,24384,7700,true,true
"bubble","Nearly Sorted",5000,84,24256,7700,true,true
"bubble","Nearly Sorted",5000,85,35136,11400,true,true
"bubble","Nearly Sorted",5000,86,27520,8700,true,true
"bubble","Nearly Sorted",5000,87,31072,9800,true,true
"bubble","Nearly Sorted",5000,88,24320,7700,true,true
"bubble","Nearly Sorted",5000,89,24352,7700,true,true
"bubble","Nearly Sorted",5000,90,24448,7700,true,true
"bubble","Nearly Sorted",5000,91,24448,7700,true,true
"bubble","Nearly Sorted",5000,92,31232,9800,true,true
"bubble","Nearly Sorted",5000,93,24224,7700,true,true
"bubble","Nearly Sorted",5000,94,24352,7600,true,true
"bubble","Nearly Sorted",5000,95,24384,7700,true,true
"bubble","Nearly Sorted",5000,96,24384,7800,true,true
"bubble","Nearly Sorted",5000,97,24128,7600,true,true
"bubble","Nearly Sorted",5000,98,24416,7700,true,true
"bubble","Nearly Sorted",5000,99,24192,7600,true,true
"insertion","Nearly Sorted",5000,0,18048,5700,true,true
"insertion","Nearly Sorted",5000,1,17728,5600,true,true
"insertion","Nearly Sorted",5000,2,17632,5500,true,true
"insertion","Nearly Sorted",5000,3,17792,5700,true,true
"insertion","Nearly Sorted",5000,4,17664,5600,true,true
"insertion","Nearly Sorted",5000,5,17888,5600,true,true
"insertion","Nearly Sorted",5000,6,17920,5700,true,true
"insertion","Nearly Sorted",5000,7,17696,5600,true,true
"insertion","Nearly Sorted",5000,8,17952,5700,true,true
"insertion","Nearly Sorted",5000,9,18208,5800,true,true
"insertion","Nearly Sorted",5000,10,18112,5700,true,true
"insertion","Nearly Sorted",5000,11,17824,5600,true,true
"insertion","Nearly Sorted",5000,12,18240,5800,true,true
"insertion","Nearly Sorted",5000,13,17696,5600,true,true
"insertion","Nearly Sorted",5000,14,17792,5600,true,true
"insertion","Nearly Sorted",5000,15,17664,5600,true,true
"insertion","Nearly Sorted",5000,16,17952,5700,true,true
"insertion","Nearly Sorted",5000,17,17568,5600,true,true
"insertion","Nearly Sorted",5000,18,17632,5500,true,true
"insertion","Nearly Sorted",5000,19,17824,5600,true,true
"insertion","Nearly Sorted",5000,20,18528,5800,true,true
"insertion","Nearly Sorted",5000,21,18048,5700,true,true
"insertion","Nearly Sorted",5000,22,17984,5600,true,true
"insertion","Nearly Sorted",5000,23,18016,5600,true,true
"insertion","Nearly Sorted",5000,24,18528,5900,true,true
"insertion","Nearly Sorted",5000,25,18048,5700,true,true
"insertion","Nearly Sorted",5000,26,17632,5600,true,true
"insertion","Nearly Sorted",5000,27,18016,5700,true,true
"insertion","Nearly Sorted",5000,28,17568,5600,true,true
"insertion","Nearly Sorted",5000,29,17056,5400,true,true
"insertion","Nearly Sorted",5000,30,17792,5600,true,true
"insertion","Nearly Sorted",5000,31,17920,5700,true,true
"insertion","Nearly Sorted",5000,32,17888,5700,true,true
"insertion","Nearly Sorted",5000,33,17696,5600,true,true
"insertion","Nearly Sorted",5000,34,18112,5700,true,true
"insertion","Nearly Sorted",5000,35,17888,5700,true,true
"insertion","Nearly Sorted",5000,36,18112,5700,true,true
"insertion","Nearly Sorted",5000,37,17888,5600,true,true
"insertion","Nearly Sorted",5000,38,18368,5800,true,true
"insertion","Nearly Sorted",5000,39,18240,5800,true,true
"insertion","Nearly Sorted",5000,40,18144,5700,true,true
"insertion","Nearly Sorted",5000,41,27136,8600,true,true
"insertion","Nearly Sorted",5000,42,27072,8500,true,true
"insertion","Nearly Sorted",5000,43,23872,7500,true,true
"insertion","Nearly Sorted",5000,44,24512,7700,true,true
"insertion","Nearly Sorted",5000,45,23712,7500,true,true
"insertion","Nearly Sorted",5000,46,23648,7400,true,true
"insertion","Nearly Sorted",5000,47,24064,7600,true,true
"insertion","Nearly Sorted",5000,48,24224,7700,true,true
"insertion","Nearly Sorted",5000,49,24128,7700,true,true
"insertion","Nearly Sorted",5000,50,24960,7900,true,true
"insertion","Nearly Sorted",5000,51,24448,7700,true,true
"insertion","Nearly Sorted",5000,52,24320,7700,true,true
"insertion","Nearly Sorted",5000,53,27104,8800,true,true
"insertion","Nearly Sorted",5000,54,24928,7900,true,true
"insertion","Nearly Sorted",5000,55,25408,8000,true,true
"insertion","Nearly Sorted",5000,56,23680,7400,true,true
"insertion","Nearly Sorted",5000,57,24864,7900,true,true
"insertion","Nearly Sorted",5000,58,24896,7800,true,true
"insertion","Nearly Sorted",5000,59,25760,8100,true,true
"insertion","Nearly Sorted",5000,60,25696,8100,true,true
"insertion","Nearly Sorted",5000,61,24928,7800,true,true
"insertion","Nearly Sorted",5000,62,25312,8000,true,true
"insertion","Nearly Sorted",5000,63,24160,7600,true,true
"insertion","Nearly Sorted",5000,64,23904,7700,true,true
"insertion","Nearly Sorted",5000,65,28608,9100,true,true
"insertion","Nearly Sorted",5000,66,25856,8200,true,true
"insertion","Nearly Sorted",5000,67,18752,5900,true,true
"insertion","Nearly Sorted",5000,68,17408,5500,true,true
"insertion","Nearly Sorted",5000,69,17408,5700,true,true
"insertion","Nearly Sorted",5000,70,17440,5600,true,true
"insertion","Nearly Sorted",5000,71,17824,5600,true,true
"insertion","Nearly Sorted",5000,72,58624,18400,true,true
"insertion","Nearly Sorted",5000,73,18240,5800,true,true
"insertion","Nearly Sorted",5000,74,17344,5400,true,true
"insertion","Nearly Sorted",5000,75,17504,5600,true,true
"insertion","Nearly Sorted",5000,76,17664,5600,true,true
"insertion","Nearly Sorted",5000,77,17888,5700,true,true
"insertion","Nearly Sorted",5000,78,17408,5500,true,true
"insertion","Nearly Sorted",5000,79,17536,5500,true,true
"insertion","Nearly Sorted",5000,80,17504,5500,true,true
"insertion","Nearly Sorted",5000,81,17472,5500,true,true
"insertion","Nearly Sorted",5000,82,17824,5700,true,true
"insertion","Nearly Sorted",5000,83,17792,5600,true,true
"insertion","Nearly Sorted",5000,84,17728,5600,true,true
"insertion","Nearly Sorted",5000,85,17824,5600,true,true
"insertion","Nearly Sorted",5000,86,17696,5600,true,true
"insertion","Nearly Sorted",5000,87,17312,5500,true,true
"insertion","Nearly Sorted",5000,88,17696,5600,true,true
"insertion","Nearly Sorted",5000,89,17856,5700,true,true
"insertion","Nearly Sorted",5000,90,17920,5700,true,true
"insertion","Nearly Sorted",5000,91,18048,5700,true,true
"insertion","Nearly Sorted",5000,92,17824,5700,true,true
"insertion","Nearly Sorted",5000,93,18016,5700,true,true
"insertion","Nearly Sorted",5000,94,17888,5700,true,true
"insertion","Nearly Sorted",5000,95,17824,5600,true,true
"insertion","Nearly Sorted",5000,96,17824,5600,true,true
"insertion","Nearly Sorted",5000,97,17536,5600,true,true
"insertion","Nearly Sorted",5000,98,17920,5700,true,true
"insertion","Nearly Sorted",5000,99,17504,5500,true,true
"selection","Nearly Sorted",5000,0,11468800,3591200,true,true
"selection","Nearly Sorted",5000,1,11145952,3490000,true,true
"selection","Nearly Sorted",5000,2,11756928,3682000,true,true
"selection","Nearly Sorted",5000,3,11118304,3481400,true,true
"selection","Nearly Sorted",5000,4,11242688,3520300,true,true
"selection","Nearly Sorted",5000,5,10915168,3417800,true,true
"selection","Nearly Sorted",5000,6,11288224,3534500,true,true
"selection","Nearly Sorted",5000,7,11649088,3648800,true,true
"selection","Nearly Sorted",5000,8,11140384,3488400,true,true
"selection","Nearly Sorted",5000,9,11042048,3457500,true,true
"selection","Nearly Sorted",5000,10,11007712,3446700,true,true
"selection","Nearly Sorted",5000,11,11832160,3705500,true,true
"selection","Nearly Sorted",5000,12,11497344,3600000,true,true
"selection","Nearly Sorted",5000,13,11289696,3535000,true,true
"selection","Nearly Sorted",5000,14,11342112,3551500,true,true
"selection","Nearly Sorted",5000,15,11310016,3541500,true,true
"selection","Nearly Sorted",5000,16,11553120,3617500,true,true
"selection","Nearly Sorted",5000,17,11126368,3483900,true,true
"selection","Nearly Sorted",5000,18,11478112,3594100,true,true
"selection","Nearly Sorted",5000,19,11165984,3496200,true,true
"selection","Nearly Sorted",5000,20,11361536,3557500,true,true
"selection","Nearly Sorted",5000,21,11685664,3659500,true,true
"selection","Nearly Sorted",5000,22,11312640,3542200,true,true
"selection","Nearly Sorted",5000,23,11126496,3483800,true,true
"selection","Nearly Sorted",5000,24,11317376,3543600,true,true
"selection","Nearly Sorted",5000,25,11420256,3575900,true,true
"selection","Nearly Sorted",5000,26,11421216,3576200,true,true
"selection","Nearly Sorted",5000,27,11006784,3446400,true,true
"selection","Nearly Sorted",5000,28,10994272,3442500,true,true
"selection","Nearly Sorted",5000,29,11532000,3610900,true,true
"selection","Nearly Sorted",5000,30,11146592,3490200,true,true
"selection","Nearly Sorted",5000,31,10919520,3419300,true,true
"selection","Nearly Sorted",5000,32,11003840,3445600,true,true
"selection","Nearly Sorted",5000,33,10916576,3418400,true,true
"selection","Nearly Sorted",5000,34,10994848,3442700,true,true
"selection","Nearly Sorted",5000,35,11112896,3480000,true,true
"selection","Nearly Sorted",5000,36,10918784,3418800,true,true
"selection","Nearly Sorted",5000,37,10857952,3399900,true,true
"selection","Nearly Sorted",5000,38,10882496,3407500,true,true
"selection","Nearly Sorted",5000,39,11167808,3496800,true,true
"selection","Nearly Sorted",5000,40,11021632,3451100,true,true
"selection","Nearly Sorted",5000,41,10651136,3335000,true,true
"selection","Nearly Sorted",5000,42,10630464,3328500,true,true
"selection","Nearly Sorted",5000,43,10629312,3328200,true,true
"selection","Nearly Sorted",5000,44,10826048,3390000,true,true
"selection","Nearly Sorted",5000,45,10873024,3404700,true,true
"selection","Nearly Sorted",5000,46,10595712,3317700,true,true
"selection","Nearly Sorted",5000,47,10563424,3307500,true,true
"selection","Nearly Sorted",5000,48,10571616,3310100,true,true
"selection","Nearly Sorted",5000,49,10734592,3361200,true,true
"selection","Nearly Sorted",5000,50,10671872,3341500,true,true
"selection","Nearly Sorted",5000,51,10561120,3306900,true,true
"selection","Nearly Sorted",5000,52,10565984,3308400,true,true
"selection","Nearly Sorted",5000,53,10571680,3310300,true,true
"selection","Nearly Sorted",5000,54,10767776,3371600,true,true
"selection","Nearly Sorted",5000,55,10846432,3396400,true,true
"selection","Nearly Sorted",5000,56,10541792,3300800,true,true
"selection","Nearly Sorted",5000,57,10537440,3299400,true,true
"selection","Nearly Sorted",5000,58,10560576,3306700,true,true
"selection","Nearly Sorted",5000,59,11590816,3629300,true,true
"selection","Nearly Sorted",5000,60,10767584,3371500,true,true
"selection","Nearly Sorted",5000,61,10547904,3302900,true,true
"selection","Nearly Sorted",5000,62,10576288,3311600,true,true
"selection","Nearly Sorted",5000,63,10657952,3337200,true,true
"selection","Nearly Sorted",5000,64,10602944,3319900,true,true
"selection","Nearly Sorted",5000,65,10590624,3316200,true,true
"selection","Nearly Sorted",5000,66,10574592,3311100,true,true
"selection","Nearly Sorted",5000,67,10595456,3317800,true,true
"selection","Nearly Sorted",5000,68,10726432,3358700,true,true
"selection","Nearly Sorted",5000,69,10577952,3312200,true,true
"selection","Nearly Sorted",5000,70,10623840,3326500,true,true
"selection","Nearly Sorted",5000,71,10602464,3320000,true,true
"selection","Nearly Sorted",5000,72,10540544,3300400,true,true
"selection","Nearly Sorted",5000,73,10853280,3398300,true,true
"selection","Nearly Sorted",5000,74,10903392,3414000,true,true
"selection","Nearly Sorted",5000,75,10648096,3334200,true,true
"selection","Nearly Sorted",5000,76,10745312,3364500,true,true
"selection","Nearly Sorted",5000,77,10799904,3381800,true,true
"selection","Nearly Sorted",5000,78,10726112,3358500,true,true
"selection","Nearly Sorted",5000,79,10761600,3369700,true,true
"selection","Nearly Sorted",5000,80,10672160,3341700,true,true
"selection","Nearly Sorted",5000,81,11045312,3458500,true,true
"selection","Nearly Sorted",5000,82,10719264,3356400,true,true
"selection","Nearly Sorted",5000,83,11769952,3685400,true,true
"selection","Nearly Sorted",5000,84,11153408,3492400,true,true
"selection","Nearly Sorted",5000,85,11174624,3499100,true,true
"selection","Nearly Sorted",5000,86,10559680,3306400,true,true
"selection","Nearly Sorted",5000,87,11066976,3465200,true,true
"selection","Nearly Sorted",5000,88,10982720,3438800,true,true
"selection","Nearly Sorted",5000,89,10859456,3400200,true,true
"selection","Nearly Sorted",5000,90,10864928,3402200,true,true
"selection","Nearly Sorted",5000,91,10734592,3361400,true,true
"selection","Nearly Sorted",5000,92,11248032,3521900,true,true
"selection","Nearly Sorted",5000,93,10842208,3395000,true,true
"selection","Nearly Sorted",5000,94,11242560,3520500,true,true
"selection","Nearly Sorted",5000,95,11157504,3493900,true,true
"selection","Nearly Sorted",5000,96,16092224,5038800,true,true
"selection","Nearly Sorted",5000,97,11047520,3459200,true,true
"selection","Nearly Sorted",5000,98,11525344,3609100,true,true
"selection","Nearly Sorted",5000,99,11932896,3737400,true,true
"merge","Nearly Sorted",5000,0,148800,46700,true,true
"merge","Nearly Sorted",5000,1,149376,46900,true,true
"merge","Nearly Sorted",5000,2,148512,46600,true,true
"merge","Nearly Sorted",5000,3,148832,46700,true,true
"merge","Nearly Sorted",5000,4,148864,46600,true,true
"merge","Nearly Sorted",5000,5,148640,46600,true,true
"merge","Nearly Sorted",5000,6,149024,46800,true,true
"merge","Nearly Sorted",5000,7,148992,46700,true,true
"merge","Nearly Sorted",5000,8,148736,46600,true,true
"merge","Nearly Sorted",5000,9,149312,46800,true,true
"merge","Nearly Sorted",5000,10,148768,46900,true,true
"merge","Nearly Sorted",5000,11,148864,46600,true,true
"merge","Nearly Sorted",5000,12,148640,46600,true,true
"merge","Nearly Sorted",5000,13,148800,46600,true,true
"merge","Nearly Sorted",5000,14,189824,59500,true,true
"merge","Nearly Sorted",5000,15,148608,46600,true,true
"merge","Nearly Sorted",5000,16,149024,46700,true,true
"merge","Nearly Sorted",5000,17,148672,46600,true,true
"merge","Nearly Sorted",5000,18,148864,46700,true,true
"merge","Nearly Sorted",5000,19,151296,47400,true,true
"merge","Nearly Sorted",5000,20,150176,47000,true,true
"merge","Nearly Sorted",5000,21,150048,47000,true,true
"merge","Nearly Sorted",5000,22,149888,47000,true,true
"merge","Nearly Sorted",5000,23,149472,46800,true,true
"merge","Nearly Sorted",5000,24,149344,46800,true,true
"merge","Nearly Sorted",5000,25,149536,46900,true,true
"merge","Nearly Sorted",5000,26,148768,46700,true,true
"merge","Nearly Sorted",5000,27,148736,46700,true,true
"merge","Nearly Sorted",5000,28,148544,46600,true,true
"merge","Nearly Sorted",5000,29,148896,46700,true,true
"merge","Nearly Sorted",5000,30,148416,46500,true,true
"merge","Nearly Sorted",5000,31,149056,46800,true,true
"merge","Nearly Sorted",5000,32,148352,46500,true,true
"merge","Nearly Sorted",5000,33,182592,57300,true,true
"merge","Nearly Sorted",5000,34,151392,47400,true,true
"merge","Nearly Sorted",5000,35,150016,47000,true,true
"merge","Nearly Sorted",5000,36,149856,47000,true,true
"merge","Nearly Sorted",5000,37,149344,46800,true,true
"merge","Nearly Sorted",5000,38,149184,46700,true,true
"merge","Nearly Sorted",5000,39,148992,46700,true,true
"merge","Nearly Sorted",5000,40,149184,46800,true,true
"merge","Nearly Sorted",5000,41,148736,46700,true,true
"merge","Nearly Sorted",5000,42,149056,46800,true,true
"merge","Nearly Sorted",5000,43,149024,46700,true,true
"merge","Nearly Sorted",5000,44,149344,46900,true,true
"merge","Nearly Sorted",5000,45,149184,46800,true,true
"merge","Nearly Sorted",5000,46,148352,46500,true,true
"merge","Nearly Sorted",5000,47,148832,46700,true,true
"merge","Nearly Sorted",5000,48,148224,46400,true,true
"merge","Nearly Sorted",5000,49,149536,46900,true,true
"merge","Nearly Sorted",5000,50,148416,46500,true,true
"merge","Nearly Sorted",5000,51,148416,46500,true,true
"merge","Nearly Sorted",5000,52,148864,46700,true,true
"merge","Nearly Sorted",5000,53,182528,57200,true,true
"merge","Nearly Sorted",5000,54,148160,46600,true,true
"merge","Nearly Sorted",5000,55,148672,46600,true,true
"merge","Nearly Sorted",5000,56,148768,46700,true,true
"merge","Nearly Sorted",5000,57,148448,46600,true,true
"merge","Nearly Sorted",5000,58,148128,46500,true,true
"merge","Nearly Sorted",5000,59,158016,49600,true,true
"merge","Nearly Sorted",5000,60,148928,46600,true,true
"merge","Nearly Sorted",5000,61,148640,46600,true,true
"merge","Nearly Sorted",5000,62,148064,46500,true,true
"merge","Nearly Sorted",5000,63,148800,46700,true,true
"merge","Nearly Sorted",5000,64,148288,46500,true,true
"merge","Nearly Sorted",5000,65,148672,46600,true,true
"merge","Nearly Sorted",5000,66,148672,46600,true,true
"merge","Nearly Sorted",5000,67,148448,46500,true,true
"merge","Nearly Sorted",5000,68,148448,46500,true,true
"merge","Nearly Sorted",5000,69,148288,46400,true,true
"merge","Nearly Sorted",5000,70,147936,46300,true,true
"merge","Nearly Sorted",5000,71,148608,46600,true,true
"merge","Nearly Sorted",5000,72,179648,56300,true,true
"merge","Nearly Sorted",5000,73,148704,46700,true,true
"merge","Nearly Sorted",5000,74,148352,46500,true,true
"merge","Nearly Sorted",5000,75,148704,46700,true,true
"merge","Nearly Sorted",5000,76,148544,46600,true,true
"merge","Nearly Sorted",5000,77,148544,46600,true,true
"merge","Nearly Sorted",5000,78,148096,46500,true,true
"merge","Nearly Sorted",5000,79,148608,46600,true,true
"merge","Nearly Sorted",5000,80,148416,46500,true,true
"merge","Nearly Sorted",5000,81,148480,46500,true,true
"merge","Nearly Sorted",5000,82,148576,46500,true,true
"merge","Nearly Sorted",5000,83,148640,46600,true,true
"merge","Nearly Sorted",5000,84,148448,46600,true,true
"merge","Nearly Sorted",5000,85,148000,46400,true,true
"merge","Nearly Sorted",5000,86,147904,46400,true,true
"merge","Nearly Sorted",5000,87,148128,46500,true,true
"merge","Nearly Sorted",5000,88,148512,46500,true,true
"merge","Nearly Sorted",5000,89,148352,46500,true,true
"merge","Nearly Sorted",5000,90,148032,46400,true,true
"merge","Nearly Sorted",5000,91,179360,56200,true,true
"merge","Nearly Sorted",5000,92,148448,46500,true,true
"merge","Nearly Sorted",5000,93,148608,46600,true,true
"merge","Nearly Sorted",5000,94,148224,46500,true,true
"merge","Nearly Sorted",5000,95,148416,46600,true,true
"merge","Nearly Sorted",5000,96,149024,46700,true,true
"merge","Nearly Sorted",5000,97,148192,46400,true,true
"merge","Nearly Sorted",5000,98,166240,52200,true,true
"merge","Nearly Sorted",5000,99,148448,46500,true,true
"quicksort","Nearly Sorted",5000,0,97472,30600,true,true
"quicksort","Nearly Sorted",5000,1,97376,30600,true,true
"quicksort","Nearly Sorted",5000,2,96960,30400,true,true
"quicksort","Nearly Sorted",5000,3,96832,30400,true,true
"quicksort","Nearly Sorted",5000,4,97344,30500,true,true
"quicksort","Nearly Sorted",5000,5,97184,30500,true,true
"quicksort","Nearly Sorted",5000,6,95872,30100,true,true
"quicksort","Nearly Sorted",5000,7,114688,36000,true,true
"quicksort","Nearly Sorted",5000,8,153760,48200,true,true
"quicksort","Nearly Sorted",5000,9,141856,44500,true,true
"quicksort","Nearly Sorted",5000,10,97024,30400,true,true
"quicksort","Nearly Sorted",5000,11,96512,30300,true,true
"quicksort","Nearly Sorted",5000,12,95904,30000,true,true
"quicksort","Nearly Sorted",5000,13,95680,30000,true,true
"quicksort","Nearly Sorted",5000,14,96576,30300,true,true
"quicksort","Nearly Sorted",5000,15,96384,30200,true,true
"quicksort","Nearly Sorted",5000,16,96224,30200,true,true
"quicksort","Nearly Sorted",5000,17,95680,30000,true,true
"quicksort","Nearly Sorted",5000,18,95200,29900,true,true
"quicksort","Nearly Sorted",5000,19,95680,30000,true,true
"quicksort","Nearly Sorted",5000,20,95488,29900,true,true
"quicksort","Nearly Sorted",5000,21,134624,42300,true,true
"quicksort","Nearly Sorted",5000,22,96640,30300,true,true
"quicksort","Nearly Sorted",5000,23,96000,30100,true,true
"quicksort","Nearly Sorted",5000,24,96800,30400,true,true
"quicksort","Nearly Sorted",5000,25,96704,30300,true,true
"quicksort","Nearly Sorted",5000,26,95232,29800,true,true
"quicksort","Nearly Sorted",5000,27,96320,30200,true,true
"quicksort","Nearly Sorted",5000,28,96224,30200,true,true
"quicksort","Nearly Sorted",5000,29,95360,29900,true,true
"quicksort","Nearly Sorted",5000,30,106208,33300,true,true
"quicksort","Nearly Sorted",5000,31,96512,30300,true,true
"quicksort","Nearly Sorted",5000,32,94848,29800,true,true
"quicksort","Nearly Sorted",5000,33,95648,30000,true,true
"quicksort","Nearly Sorted",5000,34,95680,30000,true,true
"quicksort","Nearly Sorted",5000,35,95744,30000,true,true
"quicksort","Nearly Sorted",5000,36,96000,30100,true,true
"quicksort","Nearly Sorted",5000,37,95232,29900,true,true
"quicksort","Nearly Sorted",5000,38,96416,30200,true,true
"quicksort","Nearly Sorted",5000,39,95072,29900,true,true
"quicksort","Nearly Sorted",5000,40,95424,29900,true,true
"quicksort","Nearly Sorted",5000,41,97056,30500,true,true
"quicksort","Nearly Sorted",5000,42,96416,30300,true,true
"quicksort","Nearly Sorted",5000,43,95872,30100,true,true
"quicksort","Nearly Sorted",5000,44,95520,29900,true,true
"quicksort","Nearly Sorted",5000,45,95488,29900,true,true
"quicksort","Nearly Sorted",5000,46,95264,29800,true,true
"quicksort","Nearly Sorted",5000,47,95136,29800,true,true
"quicksort","Nearly Sorted",5000,48,95104,29900,true,true
"quicksort","Nearly Sorted",5000,49,131360,41100,true,true
"quicksort","Nearly Sorted",5000,50,95712,30100,true,true
"quicksort","Nearly Sorted",5000,51,96704,30300,true,true
"quicksort","Nearly Sorted",5000,52,94912,29800,true,true
"quicksort","Nearly Sorted",5000,53,95104,29800,true,true
"quicksort","Nearly Sorted",5000,54,95808,30100,true,true
"quicksort","Nearly Sorted",5000,55,95712,30000,true,true
"quicksort","Nearly Sorted",5000,56,95136,29800,true,true
"quicksort","Nearly Sorted",5000,57,95168,29800,true,true
"quicksort","Nearly Sorted",5000,58,95040,29800,true,true
"quicksort","Nearly Sorted",5000,59,94272,29600,true,true
"quicksort","Nearly Sorted",5000,60,95136,29900,true,true
"quicksort","Nearly Sorted",5000,61,94912,29800,true,true
"quicksort","Nearly Sorted",5000,62,97056,30400,true,true
"quicksort","Nearly Sorted",5000,63,96384,30300,true,true
"quicksort","Nearly Sorted",5000,64,95840,30100,true,true
"quicksort","Nearly Sorted",5000,65,95360,30000,true,true
"quicksort","Nearly Sorted",5000,66,96224,30200,true,true
"quicksort","Nearly Sorted",5000,67,95296,29900,true,true
"quicksort","Nearly Sorted",5000,68,95872,30100,true,true
"quicksort","Nearly Sorted",5000,69,94976,29800,true,true
"quicksort","Nearly Sorted",5000,70,95648,30000,true,true
"quicksort","Nearly Sorted",5000,71,95232,29900,true,true
"quicksort","Nearly Sorted",5000,72,95072,29800,true,true
"quicksort","Nearly Sorted",5000,73,96736,30300,true,true
"quicksort","Nearly Sorted",5000,74,95296,29900,true,true
"quicksort","Nearly Sorted",5000,75,95680,30100,true,true
"quicksort","Nearly Sorted",5000,76,95264,29900,true,true
"quicksort","Nearly Sorted",5000,77,95712,30000,true,true
"quicksort","Nearly Sorted",5000,78,127104,39900,true,true
"quicksort","Nearly Sorted",5000,79,95328,29900,true,true
"quicksort","Nearly Sorted",5000,80,95232,29800,true,true
"quicksort","Nearly Sorted",5000,81,94656,29700,true,true
"quicksort","Nearly Sorted",5000,82,94944,29800,true,true
"quicksort","Nearly Sorted",5000,83,95488,30000,true,true
"quicksort","Nearly Sorted",5000,84,95488,29900,true,true
"quicksort","Nearly Sorted",5000,85,94624,29700,true,true
"quicksort","Nearly Sorted",5000,86,94624,29700,true,true
"quicksort","Nearly Sorted",5000,87,95040,29800,true,true
"quicksort","Nearly Sorted",5000,88,105056,32900,true,true
"quicksort","Nearly Sorted",5000,89,94432,29600,true,true
"quicksort","Nearly Sorted",5000,90,95392,29900,true,true
"quicksort","Nearly Sorted",5000,91,95040,29800,true,true
"quicksort","Nearly Sorted",5000,92,95616,30000,true,true
"quicksort","Nearly Sorted",5000,93,94624,29700,true,true
"quicksort","Nearly Sorted",5000,94,94336,29600,true,true
"quicksort","Nearly Sorted",5000,95,94240,29500,true,true
"quicksort","Nearly Sorted",5000,96,95040,29800,true,true
"quicksort","Nearly Sorted",5000,97,94592,29600,true,true
"quicksort","Nearly Sorted",5000,98,94176,29600,true,true
"quicksort","Nearly Sorted",5000,99,94432,29600,true,true
"heap","Nearly Sorted",5000,0,519168,162600,true,true
"heap","Nearly Sorted",5000,1,485856,152300,true,true
"heap","Nearly Sorted",5000,2,526080,164800,true,true
"heap","Nearly Sorted",5000,3,490496,153800,true,true
"heap","Nearly Sorted",5000,4,481632,150900,true,true
"heap","Nearly Sorted",5000,5,515360,161500,true,true
"heap","Nearly Sorted",5000,6,485408,152000,true,true
"heap","Nearly Sorted",5000,7,483072,151300,true,true
"heap","Nearly Sorted",5000,8,527392,165200,true,true
"heap","Nearly Sorted",5000,9,555616,174300,true,true
"heap","Nearly Sorted",5000,10,529760,166000,true,true
"heap","Nearly Sorted",5000,11,539264,168900,true,true
"heap","Nearly Sorted",5000,12,483968,151500,true,true
"heap","Nearly Sorted",5000,13,485056,152000,true,true
"heap","Nearly Sorted",5000,14,510688,160000,true,true
"heap","Nearly Sorted",5000,15,485184,151900,true,true
"heap","Nearly Sorted",5000,16,481536,150900,true,true
"heap","Nearly Sorted",5000,17,582944,182600,true,true
"heap","Nearly Sorted",5000,18,482560,151100,true,true
"heap","Nearly Sorted",5000,19,481472,150800,true,true
"heap","Nearly Sorted",5000,20,487168,152600,true,true
"heap","Nearly Sorted",5000,21,485792,152200,true,true
"heap","Nearly Sorted",5000,22,486112,152300,true,true
"heap","Nearly Sorted",5000,23,518176,162300,true,true
"heap","Nearly Sorted",5000,24,493440,154500,true,true
"heap","Nearly Sorted",5000,25,482976,151400,true,true
"heap","Nearly Sorted",5000,26,483104,151300,true,true
"heap","Nearly Sorted",5000,27,485216,152000,true,true
"heap","Nearly Sorted",5000,28,484064,151600,true,true
"heap","Nearly Sorted",5000,29,476192,149100,true,true
"heap","Nearly Sorted",5000,30,475232,148900,true,true
"heap","Nearly Sorted",5000,31,480160,150500,true,true
"heap","Nearly Sorted",5000,32,481728,150900,true,true
"heap","Nearly Sorted",5000,33,479520,150200,true,true
"heap","Nearly Sorted",5000,34,521440,163400,true,true
"heap","Nearly Sorted",5000,35,530016,166000,true,true
"heap","Nearly Sorted",5000,36,525088,164500,true,true
"heap","Nearly Sorted",5000,37,479904,150400,true,true
"heap","Nearly Sorted",5000,38,485536,152100,true,true
"heap","Nearly Sorted",5000,39,482240,151000,true,true
"heap","Nearly Sorted",5000,40,535680,167900,true,true
"heap","Nearly Sorted",5000,41,483488,151500,true,true
"heap","Nearly Sorted",5000,42,515808,161600,true,true
"heap","Nearly Sorted",5000,43,480704,150600,true,true
"heap","Nearly Sorted",5000,44,479968,150400,true,true
"heap","Nearly Sorted",5000,45,479904,150300,true,true
"heap","Nearly Sorted",5000,46,481536,150800,true,true
"heap","Nearly Sorted",5000,47,494688,155000,true,true
"heap","Nearly Sorted",5000,48,508608,159300,true,true
"heap","Nearly Sorted",5000,49,481856,150900,true,true
"heap","Nearly Sorted",5000,50,476864,149400,true,true
"heap","Nearly Sorted",5000,51,481408,150800,true,true
"heap","Nearly Sorted",5000,52,477856,149700,true,true
"heap","Nearly Sorted",5000,53,480832,150600,true,true
"heap","Nearly Sorted",5000,54,478432,149800,true,true
"heap","Nearly Sorted",5000,55,511040,160100,true,true
"heap","Nearly Sorted",5000,56,476576,149400,true,true
"heap","Nearly Sorted",5000,57,474400,148500,true,true
"heap","Nearly Sorted",5000,58,477920,149700,true,true
"heap","Nearly Sorted",5000,59,480192,150400,true,true
"heap","Nearly Sorted",5000,60,492480,154300,true,true
"heap","Nearly Sorted",5000,61,506144,158500,true,true
"heap","Nearly Sorted",5000,62,476256,149100,true,true
"heap","Nearly Sorted",5000,63,474720,148700,true,true
"heap","Nearly Sorted",5000,64,481440,150800,true,true
"heap","Nearly Sorted",5000,65,482528,151100,true,true
"heap","Nearly Sorted",5000,66,474240,148500,true,true
"heap","Nearly Sorted",5000,67,504672,158100,true,true
"heap","Nearly Sorted",5000,68,478336,149900,true,true
"heap","Nearly Sorted",5000,69,475040,148800,true,true
"heap","Nearly Sorted",5000,70,472448,147900,true,true
"heap","Nearly Sorted",5000,71,478496,149900,true,true
"heap","Nearly Sorted",5000,72,474880,148800,true,true
"heap","Nearly Sorted",5000,73,492448,154300,true,true
"heap","Nearly Sorted",5000,74,502016,157200,true,true
"heap","Nearly Sorted",5000,75,490272,153600,true,true
"heap","Nearly Sorted",5000,76,517536,162100,true,true
"heap","Nearly Sorted",5000,77,507968,159200,true,true
"heap","Nearly Sorted",5000,78,478656,150000,true,true
"heap","Nearly Sorted",5000,79,476512,149300,true,true
"heap","Nearly Sorted",5000,80,506080,158500,true,true
"heap","Nearly Sorted",5000,81,476128,149100,true,true
"heap","Nearly Sorted",5000,82,523808,164000,true,true
"heap","Nearly Sorted",5000,83,480160,150400,true,true
"heap","Nearly Sorted",5000,84,488928,153200,true,true
"heap","Nearly Sorted",5000,85,474272,148500,true,true
"heap","Nearly Sorted",5000,86,506464,158600,true,true
"heap","Nearly Sorted",5000,87,475776,149000,true,true
"heap","Nearly Sorted",5000,88,470272,147300,true,true
"heap","Nearly Sorted",5000,89,484352,151700,true,true
"heap","Nearly Sorted",5000,90,479744,150200,true,true
"heap","Nearly Sorted",5000,91,483328,151400,true,true
"heap","Nearly Sorted",5000,92,482368,151100,true,true
"heap","Nearly Sorted",5000,93,572096,179200,true,true
"heap","Nearly Sorted",5000,94,529856,166100,true,true
"heap","Nearly Sorted",5000,95,481344,150800,true,true
"heap","Nearly Sorted",5000,96,501088,157000,true,true
"heap","Nearly Sorted",5000,97,480544,150500,true,true
"heap","Nearly Sorted",5000,98,482560,151100,true,true
"heap","Nearly Sorted",5000,99,521824,163400,true,true
"std-sort","Nearly Sorted",5000,0,75968,24000,true,true
"std-sort","Nearly Sorted",5000,1,76544,24100,true,true
"std-sort","Nearly Sorted",5000,2,75968,23900,true,true
"std-sort","Nearly Sorted",5000,3,76608,24100,true,true
"std-sort","Nearly Sorted",5000,4,75936,23800,true,true
"std-sort","Nearly Sorted",5000,5,77088,24200,true,true
"std-sort","Nearly Sorted",5000,6,76800,24300,true,true
"std-sort","Nearly Sorted",5000,7,76320,23900,true,true
"std-sort","Nearly Sorted",5000,8,75104,23600,true,true
"std-sort","Nearly Sorted",5000,9,76032,23900,true,true
"std-sort","Nearly Sorted",5000,10,115968,36400,true,true
"std-sort","Nearly Sorted",5000,11,75936,23800,true,true
"std-sort","Nearly Sorted",5000,12,75648,23800,true,true
"std-sort","Nearly Sorted",5000,13,76064,23900,true,true
"std-sort","Nearly Sorted",5000,14,75808,23800,true,true
"std-sort","Nearly Sorted",5000,15,75936,23800,true,true
"std-sort","Nearly Sorted",5000,16,76672,24100,true,true
"std-sort","Nearly Sorted",5000,17,107360,33700,true,true
"std-sort","Nearly Sorted",5000,18,98080,30800,true,true
"std-sort","Nearly Sorted",5000,19,75040,23600,true,true
"std-sort","Nearly Sorted",5000,20,75840,23800,true,true
"std-sort","Nearly Sorted",5000,21,76832,24100,true,true
"std-sort","Nearly Sorted",5000,22,75648,23800,true,true
"std-sort","Nearly Sorted",5000,23,74976,23500,true,true
"std-sort","Nearly Sorted",5000,24,78752,24800,true,true
"std-sort","Nearly Sorted",5000,25,77184,24200,true,true
"std-sort","Nearly Sorted",5000,26,76352,24000,true,true
"std-sort","Nearly Sorted",5000,27,78048,24500,true,true
"std-sort","Nearly Sorted",5000,28,76928,24100,true,true
"std-sort","Nearly Sorted",5000,29,73216,23000,true,true
"std-sort","Nearly Sorted",5000,30,87904,27600,true,true
"std-sort","Nearly Sorted",5000,31,75840,23900,true,true
"std-sort","Nearly Sorted",5000,32,76928,24200,true,true
"std-sort","Nearly Sorted",5000,33,76288,23900,true,true
"std-sort","Nearly Sorted",5000,34,76160,23900,true,true
"std-sort","Nearly Sorted",5000,35,76320,23900,true,true
"std-sort","Nearly Sorted",5000,36,76224,24000,true,true
"std-sort","Nearly Sorted",5000,37,76512,24000,true,true
"std-sort","Nearly Sorted",5000,38,76192,23900,true,true
"std-sort","Nearly Sorted",5000,39,74336,23300,true,true
"std-sort","Nearly Sorted",5000,40,74368,23400,true,true
"std-sort","Nearly Sorted",5000,41,75776,23800,true,true
"std-sort","Nearly Sorted",5000,42,74528,23400,true,true
"std-sort","Nearly Sorted",5000,43,75392,23700,true,true
"std-sort","Nearly Sorted",5000,44,110496,34600,true,true
"std-sort","Nearly Sorted",5000,45,75424,23700,true,true
"std-sort","Nearly Sorted",5000,46,76128,23900,true,true
"std-sort","Nearly Sorted",5000,47,75776,23800,true,true
"std-sort","Nearly Sorted",5000,48,73888,23200,true,true
"std-sort","Nearly Sorted",5000,49,75488,23700,true,true
"std-sort","Nearly Sorted",5000,50,75040,23600,true,true
"std-sort","Nearly Sorted",5000,51,110560,34800,true,true
"std-sort","Nearly Sorted",5000,52,74560,23400,true,true
"std-sort","Nearly Sorted",5000,53,75584,23700,true,true
"std-sort","Nearly Sorted",5000,54,76288,24000,true,true
"std-sort","Nearly Sorted",5000,55,75968,23800,true,true
"std-sort","Nearly Sorted",5000,56,76736,24000,true,true
"std-sort","Nearly Sorted",5000,57,76448,24000,true,true
"std-sort","Nearly Sorted",5000,58,74912,23500,true,true
"std-sort","Nearly Sorted",5000,59,75424,23600,true,true
"std-sort","Nearly Sorted",5000,60,75584,23700,true,true
"std-sort","Nearly Sorted",5000,61,75712,23700,true,true
"std-sort","Nearly Sorted",5000,62,75712,23800,true,true
"std-sort","Nearly Sorted",5000,63,74432,23300,true,true
"std-sort","Nearly Sorted",5000,64,76512,24000,true,true
"std-sort","Nearly Sorted",5000,65,76096,23900,true,true
"std-sort","Nearly Sorted",5000,66,76288,23900,true,true
"std-sort","Nearly Sorted",5000,67,75072,23600,true,true
"std-sort","Nearly Sorted",5000,68,76352,23900,true,true
"std-sort","Nearly Sorted",5000,69,75840,23800,true,true
"std-sort","Nearly Sorted",5000,70,81312,25500,true,true
"std-sort","Nearly Sorted",5000,71,102848,32200,true,true
"std-sort","Nearly Sorted",5000,72,123104,38600,true,true
"std-sort","Nearly Sorted",5000,73,97536,30700,true,true
"std-sort","Nearly Sorted",5000,74,92800,29100,true,true
"std-sort","Nearly Sorted",5000,75,97024,30700,true,true
"std-sort","Nearly Sorted",5000,76,98144,30800,true,true
"std-sort","Nearly Sorted",5000,77,97312,30700,true,true
"std-sort","Nearly Sorted",5000,78,97952,30700,true,true
"std-sort","Nearly Sorted",5000,79,108832,34100,true,true
"std-sort","Nearly Sorted",5000,80,100864,31700,true,true
"std-sort","Nearly Sorted",5000,81,102560,32200,true,true
"std-sort","Nearly Sorted",5000,82,103168,32300,true,true
"std-sort","Nearly Sorted",5000,83,124224,39000,true,true
"std-sort","Nearly Sorted",5000,84,117504,36800,true,true
"std-sort","Nearly Sorted",5000,85,132352,41600,true,true
"std-sort","Nearly Sorted",5000,86,74496,23400,true,true
"std-sort","Nearly Sorted",5000,87,76032,23900,true,true
"std-sort","Nearly Sorted",5000,88,75744,23700,true,true
"std-sort","Nearly Sorted",5000,89,72992,22900,true,true
"std-sort","Nearly Sorted",5000,90,77280,24400,true,true
"std-sort","Nearly Sorted",5000,91,76320,23900,true,true
"std-sort","Nearly Sorted",5000,92,75552,23700,true,true
"std-sort","Nearly Sorted",5000,93,74816,23500,true,true
"std-sort","Nearly Sorted",5000,94,77280,24200,true,true
"std-sort","Nearly Sorted",5000,95,76288,24000,true,true
"std-sort","Nearly Sorted",5000,96,74944,23500,true,true
"std-sort","Nearly Sorted",5000,97,100288,31400,true,true
"std-sort","Nearly Sorted",5000,98,97856,30700,true,true
"std-sort","Nearly Sorted",5000,99,90208,28300,true,true
"std-stable-sort","Nearly Sorted",5000,0,59488,18700,true,true
"std-stable-sort","Nearly Sorted",5000,1,59904,18800,true,true
"std-stable-sort","Nearly Sorted",5000,2,59008,18500,true,true
"std-stable-sort","Nearly Sorted",5000,3,59104,18600,true,true
"std-stable-sort","Nearly Sorted",5000,4,59328,18600,true,true
"std-stable-sort","Nearly Sorted",5000,5,59328,18600,true,true
"std-stable-sort","Nearly Sorted",5000,6,59392,18700,true,true
"std-stable-sort","Nearly Sorted",5000,7,59104,18600,true,true
"std-stable-sort","Nearly Sorted",5000,8,59072,18600,true,true
"std-stable-sort","Nearly Sorted",5000,9,59360,18700,true,true
"std-stable-sort","Nearly Sorted",5000,10,99552,31500,true,true
"std-stable-sort","Nearly Sorted",5000,11,82336,25900,true,true
"std-stable-sort","Nearly Sorted",5000,12,87520,27400,true,true
"std-stable-sort","Nearly Sorted",5000,13,88608,27800,true,true
"std-stable-sort","Nearly Sorted",5000,14,89120,27900,true,true
"std-stable-sort","Nearly Sorted",5000,15,93824,29400,true,true
"std-stable-sort","Nearly Sorted",5000,16,78912,24800,true,true
"std-stable-sort","Nearly Sorted",5000,17,104864,32900,true,true
"std-stable-sort","Nearly Sorted",5000,18,66208,20700,true,true
"std-stable-sort","Nearly Sorted",5000,19,59136,18600,true,true
"std-stable-sort","Nearly Sorted",5000,20,59232,18600,true,true
"std-stable-sort","Nearly Sorted",5000,21,59136,18500,true,true
"std-stable-sort","Nearly Sorted",5000,22,59072,18500,true,true
"std-stable-sort","Nearly Sorted",5000,23,58880,18600,true,true
"std-stable-sort","Nearly Sorted",5000,24,106848,33500,true,true
"std-stable-sort","Nearly Sorted",5000,25,59456,18700,true,true
"std-stable-sort","Nearly Sorted",5000,26,58976,18600,true,true
"std-stable-sort","Nearly Sorted",5000,27,59360,18600,true,true
"std-stable-sort","Nearly Sorted",5000,28,59008,18600,true,true
"std-stable-sort","Nearly Sorted",5000,29,58880,18500,true,true
"std-stable-sort","Nearly Sorted",5000,30,59008,18600,true,true
"std-stable-sort","Nearly Sorted",5000,31,59072,18500,true,true
"std-stable-sort","Nearly Sorted",5000,32,59328,18600,true,true
"std-stable-sort","Nearly Sorted",5000,33,59488,18700,true,true
"std-stable-sort","Nearly Sorted",5000,34,59168,18600,true,true
"std-stable-sort","Nearly Sorted",5000,35,59200,18600,true,true
"std-stable-sort","Nearly Sorted",5000,36,59104,18600,true,true
"std-stable-sort","Nearly Sorted",5000,37,58720,18500,true,true
"std-stable-sort","Nearly Sorted",5000,38,58880,18500,true,true
"std-stable-sort","Nearly Sorted",5000,39,84320,26500,true,true
"std-stable-sort","Nearly Sorted",5000,40,60096,18900,true,true
"std-stable-sort","Nearly Sorted",5000,41,59488,18700,true,true
"std-stable-sort","Nearly Sorted",5000,42,59264,18600,true,true
"std-stable-sort","Nearly Sorted",5000,43,59232,18600,true,true
"std-stable-sort","Nearly Sorted",5000,44,59520,18700,true,true
"std-stable-sort","Nearly Sorted",5000,45,59200,18700,true,true
"std-stable-sort","Nearly Sorted",5000,46,59200,18600,true,true
"std-stable-sort","Nearly Sorted",5000,47,59328,18700,true,true
"std-stable-sort","Nearly Sorted",5000,48,59072,18500,true,true
"std-stable-sort","Nearly Sorted",5000,49,59360,18600,true,true
"std-stable-sort","Nearly Sorted",5000,50,59488,18700,true,true
"std-stable-sort","Nearly Sorted",5000,51,59328,18700,true,true
"std-stable-sort","Nearly Sorted",5000,52,59264,18600,true,true
"std-stable-sort","Nearly Sorted",5000,53,59264,18600,true,true
"std-stable-sort","Nearly Sorted",5000,54,59264,18600,true,true
"std-stable-sort","Nearly Sorted",5000,55,59296,18600,true,true
"std-stable-sort","Nearly Sorted",5000,56,59296,18700,true,true
"std-stable-sort","Nearly Sorted",5000,57,59360,18600,true,true
"std-stable-sort","Nearly Sorted",5000,58,59104,18500,true,true
"std-stable-sort","Nearly Sorted",5000,59,59168,18600,true,true
"std-stable-sort","Nearly Sorted",5000,60,59488,18700,true,true
"std-stable-sort","Nearly Sorted",5000,61,59328,18700,true,true
"std-stable-sort","Nearly Sorted",5000,62,59360,18700,true,true
"std-stable-sort","Nearly Sorted",5000,63,59200,18600,true,true
"std-stable-sort","Nearly Sorted",5000,64,59488,18700,true,true
"std-stable-sort","Nearly Sorted",5000,65,59584,18700,true,true
"std-stable-sort","Nearly Sorted",5000,66,59360,18700,true,true
"std-stable-sort","Nearly Sorted",5000,67,93696,29400,true,true
"std-stable-sort","Nearly Sorted",5000,68,60160,18900,true,true
"std-stable-sort","Nearly Sorted",5000,69,59456,18700,true,true
"std-stable-sort","Nearly Sorted",5000,70,59264,18600,true,true
"std-stable-sort","Nearly Sorted",5000,71,59168,18600,true,true
"std-stable-sort","Nearly Sorted",5000,72,59264,18600,true,true
"std-stable-sort","Nearly Sorted",5000,73,59296,18700,true,true
"std-stable-sort","Nearly Sorted",5000,74,59328,18600,true,true
"std-stable-sort","Nearly Sorted",5000,75,59232,18600,true,true
"std-stable-sort","Nearly Sorted",5000,76,59488,18700,true,true
"std-stable-sort","Nearly Sorted",5000,77,59392,18700,true,true
"std-stable-sort","Nearly Sorted",5000,78,59648,18800,true,true
"std-stable-sort","Nearly Sorted",5000,79,59200,18600,true,true
"std-stable-sort","Nearly Sorted",5000,80,59328,18600,true,true
"std-stable-sort","Nearly Sorted",5000,81,59424,18600,true,true
"std-stable-sort","Nearly Sorted",5000,82,59424,18600,true,true
"std-stable-sort","Nearly Sorted",5000,83,59520,18700,true,true
"std-stable-sort","Nearly Sorted",5000,84,59328,18700,true,true
"std-stable-sort","Nearly Sorted",5000,85,59136,18600,true,true
"std-stable-sort","Nearly Sorted",5000,86,59168,18600,true,true
"std-stable-sort","Nearly Sorted",5000,87,59040,18600,true,true
"std-stable-sort","Nearly Sorted",5000,88,59392,18700,true,true
"std-stable-sort","Nearly Sorted",5000,89,59200,18600,true,true
"std-stable-sort","Nearly Sorted",5000,90,59552,18700,true,true
"std-stable-sort","Nearly Sorted",5000,91,59520,18700,true,true
"std-stable-sort","Nearly Sorted",5000,92,59296,18600,true,true
"std-stable-sort","Nearly Sorted",5000,93,59296,18700,true,true
"std-stable-sort","Nearly Sorted",5000,94,59456,18600,true,true
"std-stable-sort","Nearly Sorted",5000,95,59488,18700,true,true
"std-stable-sort","Nearly Sorted",5000,96,59360,18600,true,true
"std-stable-sort","Nearly Sorted",5000,97,59232,18600,true,true
"std-stable-sort","Nearly Sorted",5000,98,59456,18700,true,true
"std-stable-sort","Nearly Sorted",5000,99,59232,18600,true,true
"bubble","Nearly Sorted",10000,0,62656,19700,true,true
"bubble","Nearly Sorted",10000,1,62720,19900,true,true
"bubble","Nearly Sorted",10000,2,49024,15600,true,true
"bubble","Nearly Sorted",10000,3,48896,15400,true,true
"bubble","Nearly Sorted",10000,4,62656,19700,true,true
"bubble","Nearly Sorted",10000,5,48832,15400,true,true
"bubble","Nearly Sorted",10000,6,62816,19700,true,true
"bubble","Nearly Sorted",10000,7,62592,19700,true,true
"bubble","Nearly Sorted",10000,8,48800,15400,true,true
"bubble","Nearly Sorted",10000,9,49024,15400,true,true
"bubble","Nearly Sorted",10000,10,62848,19700,true,true
"bubble","Nearly Sorted",10000,11,48832,15500,true,true
"bubble","Nearly Sorted",10000,12,48864,15300,true,true
"bubble","Nearly Sorted",10000,13,48864,15400,true,true
"bubble","Nearly Sorted",10000,14,62752,19700,true,true
"bubble","Nearly Sorted",10000,15,48800,15400,true,true
"bubble","Nearly Sorted",10000,16,62816,19700,true,true
"bubble","Nearly Sorted",10000,17,48960,15400,true,true
"bubble","Nearly Sorted",10000,18,48608,15300,true,true
"bubble","Nearly Sorted",10000,19,48768,15400,true,true
"bubble","Nearly Sorted",10000,20,48928,15400,true,true
"bubble","Nearly Sorted",10000,21,83200,26100,true,true
"bubble","Nearly Sorted",10000,22,48864,15300,true,true
"bubble","Nearly Sorted",10000,23,48928,15400,true,true
"bubble","Nearly Sorted",10000,24,48992,15400,true,true
"bubble","Nearly Sorted",10000,25,49024,15400,true,true
"bubble","Nearly Sorted",10000,26,48736,15500,true,true
"bubble","Nearly Sorted",10000,27,48640,15300,true,true
"bubble","Nearly Sorted",10000,28,48992,15400,true,true
"bubble","Nearly Sorted",10000,29,48864,15400,true,true
"bubble","Nearly Sorted",10000,30,48864,15400,true,true
"bubble","Nearly Sorted",10000,31,48672,15300,true,true
"bubble","Nearly Sorted",10000,32,48832,15400,true,true
"bubble","Nearly Sorted",10000,33,48896,15300,true,true
"bubble","Nearly Sorted",10000,34,62720,19700,true,true
"bubble","Nearly Sorted",10000,35,48800,15400,true,true
"bubble","Nearly Sorted",10000,36,48768,15300,true,true
"bubble","Nearly Sorted",10000,37,48704,15300,true,true
"bubble","Nearly Sorted",10000,38,48832,15300,true,true
"bubble","Nearly Sorted",10000,39,48928,15400,true,true
"bubble","Nearly Sorted",10000,40,49024,15400,true,true
"bubble","Nearly Sorted",10000,41,48832,15300,true,true
"bubble","Nearly Sorted",10000,42,48928,15300,true,true
"bubble","Nearly Sorted",10000,43,48672,15300,true,true
"bubble","Nearly Sorted",10000,44,62688,19700,true,true
"bubble","Nearly Sorted",10000,45,62528,19700,true,true
"bubble","Nearly Sorted",10000,46,48768,15400,true,true
"bubble","Nearly Sorted",10000,47,48928,15300,true,true
"bubble","Nearly Sorted",10000,48,48736,15300,true,true
"bubble","Nearly Sorted",10000,49,48992,15400,true,true
"bubble","Nearly Sorted",10000,50,48768,15400,true,true
"bubble","Nearly Sorted",10000,51,62656,19800,true,true
"bubble","Nearly Sorted",10000,52,48608,15300,true,true
"bubble","Nearly Sorted",10000,53,48864,15400,true,true
"bubble","Nearly Sorted",10000,54,48704,15300,true,true
"bubble","Nearly Sorted",10000,55,48800,15300,true,true
"bubble","Nearly Sorted",10000,56,48608,15300,true,true
"bubble","Nearly Sorted",10000,57,82912,26000,true,true
"bubble","Nearly Sorted",10000,58,48832,15300,true,true
"bubble","Nearly Sorted",10000,59,48864,15300,true,true
"bubble","Nearly Sorted",10000,60,48768,15300,true,true
"bubble","Nearly Sorted",10000,61,48832,15500,true,true
"bubble","Nearly Sorted",10000,62,48736,15300,true,true
"bubble","Nearly Sorted",10000,63,48608,15200,true,true
"bubble","Nearly Sorted",10000,64,48864,15400,true,true
"bubble","Nearly Sorted",10000,65,62784,19800,true,true
"bubble","Nearly Sorted",10000,66,48960,15400,true,true
"bubble","Nearly Sorted",10000,67,48704,15300,true,true
"bubble","Nearly Sorted",10000,68,83328,26200,true,true
"bubble","Nearly Sorted",10000,69,103328,32800,true,true
"bubble","Nearly Sorted",10000,70,48768,15300,true,true
"bubble","Nearly Sorted",10000,71,48736,15300,true,true
"bubble","Nearly Sorted",10000,72,78912,24800,true,true
"bubble","Nearly Sorted",10000,73,71424,22500,true,true
"bubble","Nearly Sorted",10000,74,56736,18000,true,true
"bubble","Nearly Sorted",10000,75,48768,15300,true,true
"bubble","Nearly Sorted",10000,76,62752,19700,true,true
"bubble","Nearly Sorted",10000,77,48672,15300,true,true
"bubble","Nearly Sorted",10000,78,48832,15400,true,true
"bubble","Nearly Sorted",10000,79,48704,15300,true,true
"bubble","Nearly Sorted",10000,80,48736,15300,true,true
"bubble","Nearly Sorted",10000,81,48736,15300,true,true
"bubble","Nearly Sorted",10000,82,48800,15300,true,true
"bubble","Nearly Sorted",10000,83,48960,15400,true,true
"bubble","Nearly Sorted",10000,84,48800,15400,true,true
"bubble","Nearly Sorted",10000,85,62752,19700,true,true
"bubble","Nearly Sorted",10000,86,48800,15300,true,true
"bubble","Nearly Sorted",10000,87,48768,15400,true,true
"bubble","Nearly Sorted",10000,88,48832,15300,true,true
"bubble","Nearly Sorted",10000,89,63040,19800,true,true
"bubble","Nearly Sorted",10000,90,83488,26300,true,true
"bubble","Nearly Sorted",10000,91,48960,15400,true,true
"bubble","Nearly Sorted",10000,92,48768,15400,true,true
"bubble","Nearly Sorted",10000,93,48800,15300,true,true
"bubble","Nearly Sorted",10000,94,48864,15300,true,true
"bubble","Nearly Sorted",10000,95,48736,15300,true,true
"bubble","Nearly Sorted",10000,96,48480,15200,true,true
"bubble","Nearly Sorted",10000,97,48352,15300,true,true
"bubble","Nearly Sorted",10000,98,62400,19600,true,true
"bubble","Nearly Sorted",10000,99,48704,15300,true,true
"insertion","Nearly Sorted",10000,0,35232,11100,true,true
"insertion","Nearly Sorted",10000,1,34848,11000,true,true
"insertion","Nearly Sorted",10000,2,35520,11200,true,true
"insertion","Nearly Sorted",10000,3,35776,11300,true,true
"insertion","Nearly Sorted",10000,4,35328,11100,true,true
"insertion","Nearly Sorted",10000,5,36000,11400,true,true
"insertion","Nearly Sorted",10000,6,35200,11000,true,true
"insertion","Nearly Sorted",10000,7,34880,11200,true,true
"insertion","Nearly Sorted",10000,8,35392,11100,true,true
"insertion","Nearly Sorted",10000,9,35840,11300,true,true
"insertion","Nearly Sorted",10000,10,35008,11100,true,true
"insertion","Nearly Sorted",10000,11,68256,21400,true,true
"insertion","Nearly Sorted",10000,12,35264,11200,true,true
"insertion","Nearly Sorted",10000,13,35456,11200,true,true
"insertion","Nearly Sorted",10000,14,35008,11000,true,true
"insertion","Nearly Sorted",10000,15,35616,11200,true,true
"insertion","Nearly Sorted",10000,16,35040,11000,true,true
"insertion","Nearly Sorted",10000,17,35232,11000,true,true
"insertion","Nearly Sorted",10000,18,35040,11100,true,true
"insertion","Nearly Sorted",10000,19,35296,11100,true,true
"insertion","Nearly Sorted",10000,20,35264,11300,true,true
"insertion","Nearly Sorted",10000,21,35424,11100,true,true
"insertion","Nearly Sorted",10000,22,35072,11100,true,true
"insertion","Nearly Sorted",10000,23,35136,11000,true,true
"insertion","Nearly Sorted",10000,24,35488,11100,true,true
"insertion","Nearly Sorted",10000,25,35648,11200,true,true
"insertion","Nearly Sorted",10000,26,35232,11100,true,true
"insertion","Nearly Sorted",10000,27,45568,14400,true,true
"insertion","Nearly Sorted",10000,28,35584,11200,true,true
"insertion","Nearly Sorted",10000,29,35200,11100,true,true
"insertion","Nearly Sorted",10000,30,35264,11100,true,true
"insertion","Nearly Sorted",10000,31,34976,11000,true,true
"insertion","Nearly Sorted",10000,32,35808,11200,true,true
"insertion","Nearly Sorted",10000,33,35872,11200,true,true
"insertion","Nearly Sorted",10000,34,35392,11100,true,true
"insertion","Nearly Sorted",10000,35,35392,11100,true,true
"insertion","Nearly Sorted",10000,36,35072,11000,true,true
"insertion","Nearly Sorted",10000,37,34720,10900,true,true
"insertion","Nearly Sorted",10000,38,35552,11200,true,true
"insertion","Nearly Sorted",10000,39,35456,11200,true,true
"insertion","Nearly Sorted",10000,40,35488,11200,true,true
"insertion","Nearly Sorted",10000,41,35328,11200,true,true
"insertion","Nearly Sorted",10000,42,35488,11200,true,true
"insertion","Nearly Sorted",10000,43,35328,11200,true,true
"insertion","Nearly Sorted",10000,44,35328,11100,true,true
"insertion","Nearly Sorted",10000,45,35296,11100,true,true
"insertion","Nearly Sorted",10000,46,35520,11200,true,true
"insertion","Nearly Sorted",10000,47,34976,11000,true,true
"insertion","Nearly Sorted",10000,48,35552,11200,true,true
"insertion","Nearly Sorted",10000,49,35552,11200,true,true
"insertion","Nearly Sorted",10000,50,35296,11200,true,true
"insertion","Nearly Sorted",10000,51,35360,11100,true,true
"insertion","Nearly Sorted",10000,52,35072,11000,true,true
"insertion","Nearly Sorted",10000,53,35040,11100,true,true
"insertion","Nearly Sorted",10000,54,67936,21400,true,true
"insertion","Nearly Sorted",10000,55,34816,10900,true,true
"insertion","Nearly Sorted",10000,56,35232,11100,true,true
"insertion","Nearly Sorted",10000,57,34784,10900,true,true
"insertion","Nearly Sorted",10000,58,35296,11100,true,true
"insertion","Nearly Sorted",10000,59,35712,11200,true,true
"insertion","Nearly Sorted",10000,60,35232,11100,true,true
"insertion","Nearly Sorted",10000,61,35552,11200,true,true
"insertion","Nearly Sorted",10000,62,35264,11100,true,true
"insertion","Nearly Sorted",10000,63,34880,10900,true,true
"insertion","Nearly Sorted",10000,64,35840,11300,true,true
"insertion","Nearly Sorted",10000,65,35232,11100,true,true
"insertion","Nearly Sorted",10000,66,35520,11500,true,true
"insertion","Nearly Sorted",10000,67,35488,11200,true,true
"insertion","Nearly Sorted",10000,68,35360,11200,true,true
"insertion","Nearly Sorted",10000,69,35072,11000,true,true
"insertion","Nearly Sorted",10000,70,35168,11100,true,true
"insertion","Nearly Sorted",10000,71,35520,11100,true,true
"insertion","Nearly Sorted",10000,72,35232,11400,true,true
"insertion","Nearly Sorted",10000,73,35808,11300,true,true
"insertion","Nearly Sorted",10000,74,35520,11100,true,true
"insertion","Nearly Sorted",10000,75,35488,11100,true,true
"insertion","Nearly Sorted",10000,76,35168,11100,true,true
"insertion","Nearly Sorted",10000,77,35392,11100,true,true
"insertion","Nearly Sorted",10000,78,35808,11300,true,true
"insertion","Nearly Sorted",10000,79,35296,11100,true,true
"insertion","Nearly Sorted",10000,80,34912,11000,true,true
"insertion","Nearly Sorted",10000,81,35456,11200,true,true
"insertion","Nearly Sorted",10000,82,35168,11000,true,true
"insertion","Nearly Sorted",10000,83,35648,11200,true,true
"insertion","Nearly Sorted",10000,84,35328,11200,true,true
"insertion","Nearly Sorted",10000,85,35392,11100,true,true
"insertion","Nearly Sorted",10000,86,35904,11300,true,true
"insertion","Nearly Sorted",10000,87,35232,11100,true,true
"insertion","Nearly Sorted",10000,88,35072,11100,true,true
"insertion","Nearly Sorted",10000,89,35840,11300,true,true
"insertion","Nearly Sorted",10000,90,35136,11100,true,true
"insertion","Nearly Sorted",10000,91,35680,11200,true,true
"insertion","Nearly Sorted",10000,92,35456,11100,true,true
"insertion","Nearly Sorted",10000,93,35232,11100,true,true
"insertion","Nearly Sorted",10000,94,35584,11200,true,true
"insertion","Nearly Sorted",10000,95,35616,11200,true,true
"insertion","Nearly Sorted",10000,96,35456,11100,true,true
"insertion","Nearly Sorted",10000,97,35200,11100,true,true
"insertion","Nearly Sorted",10000,98,35424,11200,true,true
"insertion","Nearly Sorted",10000,99,35136,11000,true,true
"selection","Nearly Sorted",10000,0,43269280,13548300,true,true
"selection","Nearly Sorted",10000,1,43408000,13591700,true,true
"selection","Nearly Sorted",10000,2,43274400,13549700,true,true
"selection","Nearly Sorted",10000,3,43366208,13578600,true,true
"selection","Nearly Sorted",10000,4,43714272,13688600,true,true
"selection","Nearly Sorted",10000,5,43467456,13610200,true,true
"selection","Nearly Sorted",10000,6,43536768,13632000,true,true
"selection","Nearly Sorted",10000,7,43368192,13579200,true,true
"selection","Nearly Sorted",10000,8,43287392,13553700,true,true
"selection","Nearly Sorted",10000,9,43304192,13559200,true,true
"selection","Nearly Sorted",10000,10,43465024,13609600,true,true
"selection","Nearly Sorted",10000,11,43584800,13646900,true,true
"selection","Nearly Sorted",10000,12,43391904,13586500,true,true
"selection","Nearly Sorted",10000,13,43349184,13573200,true,true
"selection","Nearly Sorted",10000,14,47328608,14819100,true,true
"selection","Nearly Sorted",10000,15,43508416,13623000,true,true
"selection","Nearly Sorted",10000,16,43531104,13630200,true,true
"selection","Nearly Sorted",10000,17,43479584,13614000,true,true
"selection","Nearly Sorted",10000,18,43552320,13636800,true,true
"selection","Nearly Sorted",10000,19,43358944,13576300,true,true
"selection","Nearly Sorted",10000,20,47826528,14975300,true,true
"selection","Nearly Sorted",10000,21,43941760,13759100,true,true
"selection","Nearly Sorted",10000,22,43584448,13647400,true,true
"selection","Nearly Sorted",10000,23,43630048,13661400,true,true
"selection","Nearly Sorted",10000,24,43878944,13739700,true,true
"selection","Nearly Sorted",10000,25,43323424,13565200,true,true
"selection","Nearly Sorted",10000,26,43461952,13609000,true,true
"selection","Nearly Sorted",10000,27,43706016,13685600,true,true
"selection","Nearly Sorted",10000,28,43648288,13667400,true,true
"selection","Nearly Sorted",10000,29,43389440,13585800,true,true
"selection","Nearly Sorted",10000,30,43224032,13533900,true,true
"selection","Nearly Sorted",10000,31,43260480,13545500,true,true
"selection","Nearly Sorted",10000,32,43620608,13658800,true,true
"selection","Nearly Sorted",10000,33,43557632,13638700,true,true
"selection","Nearly Sorted",10000,34,46715776,14629400,true,true
"selection","Nearly Sorted",10000,35,46524640,14569400,true,true
"selection","Nearly Sorted",10000,36,43982176,13772400,true,true
"selection","Nearly Sorted",10000,37,43565280,13642000,true,true
"selection","Nearly Sorted",10000,38,43824448,13722600,true,true
"selection","Nearly Sorted",10000,39,44256800,13858200,true,true
"selection","Nearly Sorted",10000,40,43311840,13561500,true,true
"selection","Nearly Sorted",10000,41,43481824,13615000,true,true
"selection","Nearly Sorted",10000,42,43233216,13537000,true,true
"selection","Nearly Sorted",10000,43,42683872,13364800,true,true
"selection","Nearly Sorted",10000,44,41886560,13115100,true,true
"selection","Nearly Sorted",10000,45,42844288,13415500,true,true
"selection","Nearly Sorted",10000,46,42401888,13276700,true,true
"selection","Nearly Sorted",10000,47,42208384,13216000,true,true
"selection","Nearly Sorted",10000,48,42335040,13255600,true,true
"selection","Nearly Sorted",10000,49,42227520,13222000,true,true
"selection","Nearly Sorted",10000,50,42290976,13241800,true,true
"selection","Nearly Sorted",10000,51,42215392,13218200,true,true
"selection","Nearly Sorted",10000,52,42124640,13189800,true,true
"selection","Nearly Sorted",10000,53,42295904,13243300,true,true
"selection","Nearly Sorted",10000,54,42541728,13321300,true,true
"selection","Nearly Sorted",10000,55,42196864,13212400,true,true
"selection","Nearly Sorted",10000,56,42141376,13195200,true,true
"selection","Nearly Sorted",10000,57,42198656,13212800,true,true
"selection","Nearly Sorted",10000,58,42390176,13272800,true,true
"selection","Nearly Sorted",10000,59,42147040,13196700,true,true
"selection","Nearly Sorted",10000,60,42285728,13240100,true,true
"selection","Nearly Sorted",10000,61,42225760,13221500,true,true
"selection","Nearly Sorted",10000,62,42268896,13235400,true,true
"selection","Nearly Sorted",10000,63,42134144,13192700,true,true
"selection","Nearly Sorted",10000,64,42287104,13240600,true,true
"selection","Nearly Sorted",10000,65,42298272,13244300,true,true
"selection","Nearly Sorted",10000,66,42545824,13322200,true,true
"selection","Nearly Sorted",10000,67,42210912,13216600,true,true
"selection","Nearly Sorted",10000,68,43914896,13751500,true,true
"selection","Nearly Sorted",10000,69,42471952,13298700,true,true
"selection","Nearly Sorted",10000,70,42495488,13306000,true,true
"selection","Nearly Sorted",10000,71,42751008,13385900,true,true
"selection","Nearly Sorted",10000,72,42665408,13359100,true,true
"selection","Nearly Sorted",10000,73,42795680,13400200,true,true
"selection","Nearly Sorted",10000,74,42647168,13353400,true,true
"selection","Nearly Sorted",10000,75,42567872,13328500,true,true
"selection","Nearly Sorted",10000,76,42476256,13299800,true,true
"selection","Nearly Sorted",10000,77,42322464,13251600,true,true
"selection","Nearly Sorted",10000,78,42257408,13231200,true,true
"selection","Nearly Sorted",10000,79,42315456,13249500,true,true
"selection","Nearly Sorted",10000,80,42344384,13258500,true,true
"selection","Nearly Sorted",10000,81,42391232,13273600,true,true
"selection","Nearly Sorted",10000,82,42243104,13226800,true,true
"selection","Nearly Sorted",10000,83,42381248,13270300,true,true
"selection","Nearly Sorted",10000,84,42313472,13248800,true,true
"selection","Nearly Sorted",10000,85,42144480,13196000,true,true
"selection","Nearly Sorted",10000,86,42331136,13254500,true,true
"selection","Nearly Sorted",10000,87,42915648,13437900,true,true
"selection","Nearly Sorted",10000,88,42313536,13248900,true,true
"selection","Nearly Sorted",10000,89,42275040,13236800,true,true
"selection","Nearly Sorted",10000,90,42230784,13223000,true,true
"selection","Nearly Sorted",10000,91,42352064,13260900,true,true
"selection","Nearly Sorted",10000,92,42384960,13271300,true,true
"selection","Nearly Sorted",10000,93,42445344,13290600,true,true
"selection","Nearly Sorted",10000,94,42318496,13250400,true,true
"selection","Nearly Sorted",10000,95,42266560,13234100,true,true
"selection","Nearly Sorted",10000,96,42203584,13214400,true,true
"selection","Nearly Sorted",10000,97,42258880,13232000,true,true
"selection","Nearly Sorted",10000,98,42175232,13205500,true,true
"selection","Nearly Sorted",10000,99,42254240,13230300,true,true
"merge","Nearly Sorted",10000,0,293408,91900,true,true
"merge","Nearly Sorted",10000,1,293088,92000,true,true
"merge","Nearly Sorted",10000,2,294080,92200,true,true
"merge","Nearly Sorted",10000,3,292960,91900,true,true
"merge","Nearly Sorted",10000,4,293984,92100,true,true
"merge","Nearly Sorted",10000,5,303296,95000,true,true
"merge","Nearly Sorted",10000,6,294112,92200,true,true
"merge","Nearly Sorted",10000,7,292480,91700,true,true
"merge","Nearly Sorted",10000,8,293888,92100,true,true
"merge","Nearly Sorted",10000,9,310176,97300,true,true
"merge","Nearly Sorted",10000,10,303424,95300,true,true
"merge","Nearly Sorted",10000,11,302592,94800,true,true
"merge","Nearly Sorted",10000,12,304096,95300,true,true
"merge","Nearly Sorted",10000,13,303168,95000,true,true
"merge","Nearly Sorted",10000,14,303264,95000,true,true
"merge","Nearly Sorted",10000,15,329760,103300,true,true
"merge","Nearly Sorted",10000,16,303456,95000,true,true
"merge","Nearly Sorted",10000,17,302784,94900,true,true
"merge","Nearly Sorted",10000,18,303520,95100,true,true
"merge","Nearly Sorted",10000,19,302464,94800,true,true
"merge","Nearly Sorted",10000,20,303680,95100,true,true
"merge","Nearly Sorted",10000,21,302496,94800,true,true
"merge","Nearly Sorted",10000,22,302816,94900,true,true
"merge","Nearly Sorted",10000,23,303008,94900,true,true
"merge","Nearly Sorted",10000,24,311520,97600,true,true
"merge","Nearly Sorted",10000,25,330944,103700,true,true
"merge","Nearly Sorted",10000,26,302944,94900,true,true
"merge","Nearly Sorted",10000,27,302752,94900,true,true
"merge","Nearly Sorted",10000,28,303328,95000,true,true
"merge","Nearly Sorted",10000,29,302944,94900,true,true
"merge","Nearly Sorted",10000,30,303744,95200,true,true
"merge","Nearly Sorted",10000,31,349888,109800,true,true
"merge","Nearly Sorted",10000,32,303136,94900,true,true
"merge","Nearly Sorted",10000,33,302848,95000,true,true
"merge","Nearly Sorted",10000,34,302720,94800,true,true
"merge","Nearly Sorted",10000,35,330336,103500,true,true
"merge","Nearly Sorted",10000,36,303168,95000,true,true
"merge","Nearly Sorted",10000,37,302080,94600,true,true
"merge","Nearly Sorted",10000,38,302624,94800,true,true
"merge","Nearly Sorted",10000,39,302816,94900,true,true
"merge","Nearly Sorted",10000,40,302240,94700,true,true
"merge","Nearly Sorted",10000,41,303200,95000,true,true
"merge","Nearly Sorted",10000,42,302592,94800,true,true
"merge","Nearly Sorted",10000,43,302880,94900,true,true
"merge","Nearly Sorted",10000,44,340672,106800,true,true
"merge","Nearly Sorted",10000,45,303616,95100,true,true
"merge","Nearly Sorted",10000,46,303232,95000,true,true
"merge","Nearly Sorted",10000,47,303680,95200,true,true
"merge","Nearly Sorted",10000,48,304128,95300,true,true
"merge","Nearly Sorted",10000,49,303008,95000,true,true
"merge","Nearly Sorted",10000,50,303104,95000,true,true
"merge","Nearly Sorted",10000,51,303008,95000,true,true
"merge","Nearly Sorted",10000,52,303360,95000,true,true
"merge","Nearly Sorted",10000,53,302976,95000,true,true
"merge","Nearly Sorted",10000,54,331168,103700,true,true
"merge","Nearly Sorted",10000,55,303072,95100,true,true
"merge","Nearly Sorted",10000,56,302688,94800,true,true
"merge","Nearly Sorted",10000,57,302624,94800,true,true
"merge","Nearly Sorted",10000,58,303520,95100,true,true
"merge","Nearly Sorted",10000,59,302336,94700,true,true
"merge","Nearly Sorted",10000,60,302752,94800,true,true
"merge","Nearly Sorted",10000,61,302752,94900,true,true
"merge","Nearly Sorted",10000,62,302880,94900,true,true
"merge","Nearly Sorted",10000,63,310912,97500,true,true
"merge","Nearly Sorted",10000,64,328736,103000,true,true
"merge","Nearly Sorted",10000,65,302528,94800,true,true
"merge","Nearly Sorted",10000,66,303008,94900,true,true
"merge","Nearly Sorted",10000,67,302656,94800,true,true
"merge","Nearly Sorted",10000,68,303776,95200,true,true
"merge","Nearly Sorted",10000,69,302528,94800,true,true
"merge","Nearly Sorted",10000,70,364608,114200,true,true
"merge","Nearly Sorted",10000,71,365536,114600,true,true
"merge","Nearly Sorted",10000,72,378080,118600,true,true
"merge","Nearly Sorted",10000,73,456896,143100,true,true
"merge","Nearly Sorted",10000,74,391168,122800,true,true
"merge","Nearly Sorted",10000,75,363776,114000,true,true
"merge","Nearly Sorted",10000,76,339296,106300,true,true
"merge","Nearly Sorted",10000,77,336064,105300,true,true
"merge","Nearly Sorted",10000,78,344832,108100,true,true
"merge","Nearly Sorted",10000,79,346112,108400,true,true
"merge","Nearly Sorted",10000,80,363200,113800,true,true
"merge","Nearly Sorted",10000,81,405568,127100,true,true
"merge","Nearly Sorted",10000,82,352960,110600,true,true
"merge","Nearly Sorted",10000,83,345632,108300,true,true
"merge","Nearly Sorted",10000,84,304128,95300,true,true
"merge","Nearly Sorted",10000,85,302848,94900,true,true
"merge","Nearly Sorted",10000,86,303520,95100,true,true
"merge","Nearly Sorted",10000,87,302784,95000,true,true
"merge","Nearly Sorted",10000,88,303808,95100,true,true
"merge","Nearly Sorted",10000,89,303584,95100,true,true
"merge","Nearly Sorted",10000,90,339456,106300,true,true
"merge","Nearly Sorted",10000,91,302912,94900,true,true
"merge","Nearly Sorted",10000,92,304160,95400,true,true
"merge","Nearly Sorted",10000,93,303072,94900,true,true
"merge","Nearly Sorted",10000,94,302912,94900,true,true
"merge","Nearly Sorted",10000,95,302848,94900,true,true
"merge","Nearly Sorted",10000,96,302688,94800,true,true
"merge","Nearly Sorted",10000,97,302496,94700,true,true
"merge","Nearly Sorted",10000,98,313376,98200,true,true
"merge","Nearly Sorted",10000,99,339296,106300,true,true
"quicksort","Nearly Sorted",10000,0,201792,63300,true,true
"quicksort","Nearly Sorted",10000,1,202720,63500,true,true
"quicksort","Nearly Sorted",10000,2,202080,63400,true,true
"quicksort","Nearly Sorted",10000,3,200448,62800,true,true
"quicksort","Nearly Sorted",10000,4,200256,62800,true,true
"quicksort","Nearly Sorted",10000,5,201120,63000,true,true
"quicksort","Nearly Sorted",10000,6,213472,66900,true,true
"quicksort","Nearly Sorted",10000,7,230272,72200,true,true
"quicksort","Nearly Sorted",10000,8,200256,62800,true,true
"quicksort","Nearly Sorted",10000,9,201472,63100,true,true
"quicksort","Nearly Sorted",10000,10,202560,63500,true,true
"quicksort","Nearly Sorted",10000,11,212928,66700,true,true
"quicksort","Nearly Sorted",10000,12,197536,62000,true,true
"quicksort","Nearly Sorted",10000,13,198592,62200,true,true
"quicksort","Nearly Sorted",10000,14,198240,62200,true,true
"quicksort","Nearly Sorted",10000,15,197824,61900,true,true
"quicksort","Nearly Sorted",10000,16,198560,62300,true,true
"quicksort","Nearly Sorted",10000,17,199264,62500,true,true
"quicksort","Nearly Sorted",10000,18,198560,62300,true,true
"quicksort","Nearly Sorted",10000,19,197280,61800,true,true
"quicksort","Nearly Sorted",10000,20,197056,61800,true,true
"quicksort","Nearly Sorted",10000,21,226880,71200,true,true
"quicksort","Nearly Sorted",10000,22,196032,61500,true,true
"quicksort","Nearly Sorted",10000,23,195936,61400,true,true
"quicksort","Nearly Sorted",10000,24,198656,62300,true,true
"quicksort","Nearly Sorted",10000,25,197312,61800,true,true
"quicksort","Nearly Sorted",10000,26,196416,61600,true,true
"quicksort","Nearly Sorted",10000,27,197696,62000,true,true
"quicksort","Nearly Sorted",10000,28,210272,65900,true,true
"quicksort","Nearly Sorted",10000,29,195584,61400,true,true
"quicksort","Nearly Sorted",10000,30,193152,60500,true,true
"quicksort","Nearly Sorted",10000,31,205248,64500,true,true
"quicksort","Nearly Sorted",10000,32,195232,61400,true,true
"quicksort","Nearly Sorted",10000,33,194880,61100,true,true
"quicksort","Nearly Sorted",10000,34,193600,60700,true,true
"quicksort","Nearly Sorted",10000,35,219936,69100,true,true
"quicksort","Nearly Sorted",10000,36,194496,61000,true,true
"quicksort","Nearly Sorted",10000,37,193952,60700,true,true
"quicksort","Nearly Sorted",10000,38,194336,60900,true,true
"quicksort","Nearly Sorted",10000,39,194816,61000,true,true
"quicksort","Nearly Sorted",10000,40,193664,60700,true,true
"quicksort","Nearly Sorted",10000,41,193760,60700,true,true
"quicksort","Nearly Sorted",10000,42,194816,61000,true,true
"quicksort","Nearly Sorted",10000,43,194720,61100,true,true
"quicksort","Nearly Sorted",10000,44,194528,61000,true,true
"quicksort","Nearly Sorted",10000,45,207616,65100,true,true
"quicksort","Nearly Sorted",10000,46,195200,61100,true,true
"quicksort","Nearly Sorted",10000,47,196288,61500,true,true
"quicksort","Nearly Sorted",10000,48,194848,61100,true,true
"quicksort","Nearly Sorted",10000,49,225024,70500,true,true
"quicksort","Nearly Sorted",10000,50,195584,61300,true,true
"quicksort","Nearly Sorted",10000,51,195232,61200,true,true
"quicksort","Nearly Sorted",10000,52,196192,61500,true,true
"quicksort","Nearly Sorted",10000,53,195936,61400,true,true
"quicksort","Nearly Sorted",10000,54,194624,61000,true,true
"quicksort","Nearly Sorted",10000,55,194720,61000,true,true
"quicksort","Nearly Sorted",10000,56,194912,61100,true,true
"quicksort","Nearly Sorted",10000,57,195104,61100,true,true
"quicksort","Nearly Sorted",10000,58,195264,61200,true,true
"quicksort","Nearly Sorted",10000,59,196160,61400,true,true
"quicksort","Nearly Sorted",10000,60,205824,64600,true,true
"quicksort","Nearly Sorted",10000,61,194848,61100,true,true
"quicksort","Nearly Sorted",10000,62,193664,60700,true,true
"quicksort","Nearly Sorted",10000,63,211424,66300,true,true
"quicksort","Nearly Sorted",10000,64,226720,71000,true,true
"quicksort","Nearly Sorted",10000,65,201600,63300,true,true
"quicksort","Nearly Sorted",10000,66,200960,63000,true,true
"quicksort","Nearly Sorted",10000,67,200320,62800,true,true
"quicksort","Nearly Sorted",10000,68,201408,63200,true,true
"quicksort","Nearly Sorted",10000,69,200288,62800,true,true
"quicksort","Nearly Sorted",10000,70,199616,62600,true,true
"quicksort","Nearly Sorted",10000,71,200512,62800,true,true
"quicksort","Nearly Sorted",10000,72,198944,62400,true,true
"quicksort","Nearly Sorted",10000,73,200064,62700,true,true
"quicksort","Nearly Sorted",10000,74,200064,62800,true,true
"quicksort","Nearly Sorted",10000,75,201376,63100,true,true
"quicksort","Nearly Sorted",10000,76,199168,62500,true,true
"quicksort","Nearly Sorted",10000,77,200192,62700,true,true
"quicksort","Nearly Sorted",10000,78,227904,71400,true,true
"quicksort","Nearly Sorted",10000,79,199712,62600,true,true
"quicksort","Nearly Sorted",10000,80,200160,62700,true,true
"quicksort","Nearly Sorted",10000,81,198432,62200,true,true
"quicksort","Nearly Sorted",10000,82,198688,62200,true,true
"quicksort","Nearly Sorted",10000,83,199360,62500,true,true
"quicksort","Nearly Sorted",10000,84,205792,64500,true,true
"quicksort","Nearly Sorted",10000,85,200576,62900,true,true
"quicksort","Nearly Sorted",10000,86,198400,62200,true,true
"quicksort","Nearly Sorted",10000,87,199136,62400,true,true
"quicksort","Nearly Sorted",10000,88,199360,62500,true,true
"quicksort","Nearly Sorted",10000,89,200000,62700,true,true
"quicksort","Nearly Sorted",10000,90,198848,62300,true,true
"quicksort","Nearly Sorted",10000,91,199968,62700,true,true
"quicksort","Nearly Sorted",10000,92,225568,70700,true,true
"quicksort","Nearly Sorted",10000,93,198368,62100,true,true
"quicksort","Nearly Sorted",10000,94,199584,62500,true,true
"quicksort","Nearly Sorted",10000,95,200224,62700,true,true
"quicksort","Nearly Sorted",10000,96,198688,62300,true,true
"quicksort","Nearly Sorted",10000,97,210944,66100,true,true
"quicksort","Nearly Sorted",10000,98,194304,60900,true,true
"quicksort","Nearly Sorted",10000,99,195392,61300,true,true
"heap","Nearly Sorted",10000,0,1015488,318200,true,true
"heap","Nearly Sorted",10000,1,1034496,324000,true,true
"heap","Nearly Sorted",10000,2,1048160,328200,true,true
"heap","Nearly Sorted",10000,3,981504,307400,true,true
"heap","Nearly Sorted",10000,4,1012896,317200,true,true
"heap","Nearly Sorted",10000,5,1057280,331100,true,true
"heap","Nearly Sorted",10000,6,1015744,318100,true,true
"heap","Nearly Sorted",10000,7,1016608,318400,true,true
"heap","Nearly Sorted",10000,8,1067392,334300,true,true
"heap","Nearly Sorted",10000,9,1024128,320800,true,true
"heap","Nearly Sorted",10000,10,1023072,320400,true,true
"heap","Nearly Sorted",10000,11,1060512,332200,true,true
"heap","Nearly Sorted",10000,12,1048320,328400,true,true
"heap","Nearly Sorted",10000,13,1032320,323300,true,true
"heap","Nearly Sorted",10000,14,1060960,332300,true,true
"heap","Nearly Sorted",10000,15,1030272,322700,true,true
"heap","Nearly Sorted",10000,16,1031328,323100,true,true
"heap","Nearly Sorted",10000,17,1072864,336000,true,true
"heap","Nearly Sorted",10000,18,1033568,323600,true,true
"heap","Nearly Sorted",10000,19,1036416,324500,true,true
"heap","Nearly Sorted",10000,20,1105856,346300,true,true
"heap","Nearly Sorted",10000,21,1013088,317400,true,true
"heap","Nearly Sorted",10000,22,1023232,320400,true,true
"heap","Nearly Sorted",10000,23,1040736,325900,true,true
"heap","Nearly Sorted",10000,24,1014272,317900,true,true
"heap","Nearly Sorted",10000,25,1010304,316400,true,true
"heap","Nearly Sorted",10000,26,1065152,333600,true,true
"heap","Nearly Sorted",10000,27,1024832,320900,true,true
"heap","Nearly Sorted",10000,28,1036544,324700,true,true
"heap","Nearly Sorted",10000,29,1048736,328400,true,true
"heap","Nearly Sorted",10000,30,1037184,324800,true,true
"heap","Nearly Sorted",10000,31,1034080,323900,true,true
"heap","Nearly Sorted",10000,32,1056896,331000,true,true
"heap","Nearly Sorted",10000,33,1042240,326400,true,true
"heap","Nearly Sorted",10000,34,1040384,325800,true,true
"heap","Nearly Sorted",10000,35,1056416,330900,true,true
"heap","Nearly Sorted",10000,36,1022208,320100,true,true
"heap","Nearly Sorted",10000,37,1036928,324800,true,true
"heap","Nearly Sorted",10000,38,1045024,327300,true,true
"heap","Nearly Sorted",10000,39,1022592,320300,true,true
"heap","Nearly Sorted",10000,40,1030208,322600,true,true
"heap","Nearly Sorted",10000,41,1053472,329900,true,true
"heap","Nearly Sorted",10000,42,1032960,323400,true,true
"heap","Nearly Sorted",10000,43,1024256,320700,true,true
"heap","Nearly Sorted",10000,44,1049728,328700,true,true
"heap","Nearly Sorted",10000,45,1025792,321200,true,true
"heap","Nearly Sorted",10000,46,1026144,321300,true,true
"heap","Nearly Sorted",10000,47,1058624,331500,true,true
"heap","Nearly Sorted",10000,48,1022496,320200,true,true
"heap","Nearly Sorted",10000,49,1022880,320300,true,true
"heap","Nearly Sorted",10000,50,1045792,327500,true,true
"heap","Nearly Sorted",10000,51,1050688,329100,true,true
"heap","Nearly Sorted",10000,52,1031360,323000,true,true
"heap","Nearly Sorted",10000,53,1058528,331500,true,true
"heap","Nearly Sorted",10000,54,1022208,320100,true,true
"heap","Nearly Sorted",10000,55,1023424,320500,true,true
"heap","Nearly Sorted",10000,56,1050880,329100,true,true
"heap","Nearly Sorted",10000,57,1040512,325900,true,true
"heap","Nearly Sorted",10000,58,1020192,319500,true,true
"heap","Nearly Sorted",10000,59,1064480,333400,true,true
"heap","Nearly Sorted",10000,60,1017344,318600,true,true
"heap","Nearly Sorted",10000,61,1020800,319700,true,true
"heap","Nearly Sorted",10000,62,1049984,328800,true,true
"heap","Nearly Sorted",10000,63,1026304,321400,true,true
"heap","Nearly Sorted",10000,64,1018944,319100,true,true
"heap","Nearly Sorted",10000,65,1044608,327300,true,true
"heap","Nearly Sorted",10000,66,1042080,326400,true,true
"heap","Nearly Sorted",10000,67,1075872,336900,true,true
"heap","Nearly Sorted",10000,68,1052896,329800,true,true
"heap","Nearly Sorted",10000,69,1034048,323800,true,true
"heap","Nearly Sorted",10000,70,1026112,321400,true,true
"heap","Nearly Sorted",10000,71,1054848,330400,true,true
"heap","Nearly Sorted",10000,72,1031200,322900,true,true
"heap","Nearly Sorted",10000,73,1039360,325500,true,true
"heap","Nearly Sorted",10000,74,1051136,329100,true,true
"heap","Nearly Sorted",10000,75,1032512,323400,true,true
"heap","Nearly Sorted",10000,76,1027936,322000,true,true
"heap","Nearly Sorted",10000,77,1050784,329100,true,true
"heap","Nearly Sorted",10000,78,1022720,320300,true,true
"heap","Nearly Sorted",10000,79,1016736,318400,true,true
"heap","Nearly Sorted",10000,80,1065344,333700,true,true
"heap","Nearly Sorted",10000,81,1022624,320300,true,true
"heap","Nearly Sorted",10000,82,1021696,320000,true,true
"heap","Nearly Sorted",10000,83,1051104,329200,true,true
"heap","Nearly Sorted",10000,84,1028320,322100,true,true
"heap","Nearly Sorted",10000,85,1025952,321300,true,true
"heap","Nearly Sorted",10000,86,1062944,332900,true,true
"heap","Nearly Sorted",10000,87,1022752,320300,true,true
"heap","Nearly Sorted",10000,88,1026080,321400,true,true
"heap","Nearly Sorted",10000,89,1056672,330900,true,true
"heap","Nearly Sorted",10000,90,1029184,322300,true,true
"heap","Nearly Sorted",10000,91,1037824,325100,true,true
"heap","Nearly Sorted",10000,92,1057728,331200,true,true
"heap","Nearly Sorted",10000,93,1030592,322700,true,true
"heap","Nearly Sorted",10000,94,1025056,321000,true,true
"heap","Nearly Sorted",10000,95,1074752,336600,true,true
"heap","Nearly Sorted",10000,96,1015968,318200,true,true
"heap","Nearly Sorted",10000,97,1028672,322200,true,true
"heap","Nearly Sorted",10000,98,1057088,331100,true,true
"heap","Nearly Sorted",10000,99,1041088,326200,true,true
"std-sort","Nearly Sorted",10000,0,157856,49500,true,true
"std-sort","Nearly Sorted",10000,1,156512,49100,true,true
"std-sort","Nearly Sorted",10000,2,165632,51900,true,true
"std-sort","Nearly Sorted",10000,3,156800,49200,true,true
"std-sort","Nearly Sorted",10000,4,154400,48400,true,true
"std-sort","Nearly Sorted",10000,5,153472,48100,true,true
"std-sort","Nearly Sorted",10000,6,155520,48800,true,true
"std-sort","Nearly Sorted",10000,7,155616,48800,true,true
"std-sort","Nearly Sorted",10000,8,184160,57700,true,true
"std-sort","Nearly Sorted",10000,9,157152,49300,true,true
"std-sort","Nearly Sorted",10000,10,157728,49400,true,true
"std-sort","Nearly Sorted",10000,11,154336,48300,true,true
"std-sort","Nearly Sorted",10000,12,155296,48600,true,true
"std-sort","Nearly Sorted",10000,13,155328,48700,true,true
"std-sort","Nearly Sorted",10000,14,170848,53600,true,true
"std-sort","Nearly Sorted",10000,15,154400,48400,true,true
"std-sort","Nearly Sorted",10000,16,155712,48800,true,true
"std-sort","Nearly Sorted",10000,17,158560,49800,true,true
"std-sort","Nearly Sorted",10000,18,155808,48800,true,true
"std-sort","Nearly Sorted",10000,19,158144,49600,true,true
"std-sort","Nearly Sorted",10000,20,155616,48800,true,true
"std-sort","Nearly Sorted",10000,21,158176,49600,true,true
"std-sort","Nearly Sorted",10000,22,154240,48400,true,true
"std-sort","Nearly Sorted",10000,23,154976,48500,true,true
"std-sort","Nearly Sorted",10000,24,156160,49000,true,true
"std-sort","Nearly Sorted",10000,25,158656,49700,true,true
"std-sort","Nearly Sorted",10000,26,182688,57300,true,true
"std-sort","Nearly Sorted",10000,27,156832,49200,true,true
"std-sort","Nearly Sorted",10000,28,158176,49600,true,true
"std-sort","Nearly Sorted",10000,29,155904,48900,true,true
"std-sort","Nearly Sorted",10000,30,154112,48300,true,true
"std-sort","Nearly Sorted",10000,31,155872,48800,true,true
"std-sort","Nearly Sorted",10000,32,156128,49000,true,true
"std-sort","Nearly Sorted",10000,33,156736,49200,true,true
"std-sort","Nearly Sorted",10000,34,157760,49500,true,true
"std-sort","Nearly Sorted",10000,35,171424,53700,true,true
"std-sort","Nearly Sorted",10000,36,160384,50300,true,true
"std-sort","Nearly Sorted",10000,37,167168,52400,true,true
"std-sort","Nearly Sorted",10000,38,158880,49800,true,true
"std-sort","Nearly Sorted",10000,39,159136,49900,true,true
"std-sort","Nearly Sorted",10000,40,159712,50100,true,true
"std-sort","Nearly Sorted",10000,41,159680,50100,true,true
"std-sort","Nearly Sorted",10000,42,159680,50000,true,true
"std-sort","Nearly Sorted",10000,43,188224,59000,true,true
"std-sort","Nearly Sorted",10000,44,160704,50400,true,true
"std-sort","Nearly Sorted",10000,45,159072,49900,true,true
"std-sort","Nearly Sorted",10000,46,158976,49800,true,true
"std-sort","Nearly Sorted",10000,47,159360,50000,true,true
"std-sort","Nearly Sorted",10000,48,159712,50100,true,true
"std-sort","Nearly Sorted",10000,49,160480,50300,true,true
"std-sort","Nearly Sorted",10000,50,159840,50100,true,true
"std-sort","Nearly Sorted",10000,51,211648,66400,true,true
"std-sort","Nearly Sorted",10000,52,161504,50600,true,true
"std-sort","Nearly Sorted",10000,53,158816,49800,true,true
"std-sort","Nearly Sorted",10000,54,157888,49400,true,true
"std-sort","Nearly Sorted",10000,55,158624,49700,true,true
"std-sort","Nearly Sorted",10000,56,159584,50000,true,true
"std-sort","Nearly Sorted",10000,57,158880,49800,true,true
"std-sort","Nearly Sorted",10000,58,160064,50200,true,true
"std-sort","Nearly Sorted",10000,59,159296,50000,true,true
"std-sort","Nearly Sorted",10000,60,159264,49900,true,true
"std-sort","Nearly Sorted",10000,61,155360,48700,true,true
"std-sort","Nearly Sorted",10000,62,158656,49700,true,true
"std-sort","Nearly Sorted",10000,63,156160,49000,true,true
"std-sort","Nearly Sorted",10000,64,155680,48800,true,true
"std-sort","Nearly Sorted",10000,65,161248,50500,true,true
"std-sort","Nearly Sorted",10000,66,159552,50100,true,true
"std-sort","Nearly Sorted",10000,67,159072,49900,true,true
"std-sort","Nearly Sorted",10000,68,160096,50200,true,true
"std-sort","Nearly Sorted",10000,69,154752,48500,true,true
"std-sort","Nearly Sorted",10000,70,158912,49800,true,true
"std-sort","Nearly Sorted",10000,71,161024,50500,true,true
"std-sort","Nearly Sorted",10000,72,172256,54000,true,true
"std-sort","Nearly Sorted",10000,73,160224,50200,true,true
"std-sort","Nearly Sorted",10000,74,159392,50000,true,true
"std-sort","Nearly Sorted",10000,75,159776,50100,true,true
"std-sort","Nearly Sorted",10000,76,171456,53800,true,true
"std-sort","Nearly Sorted",10000,77,156416,49000,true,true
"std-sort","Nearly Sorted",10000,78,184256,57800,true,true
"std-sort","Nearly Sorted",10000,79,156960,49300,true,true
"std-sort","Nearly Sorted",10000,80,156864,49200,true,true
"std-sort","Nearly Sorted",10000,81,156288,49000,true,true
"std-sort","Nearly Sorted",10000,82,158464,49700,true,true
"std-sort","Nearly Sorted",10000,83,158368,49700,true,true
"std-sort","Nearly Sorted",10000,84,158656,49700,true,true
"std-sort","Nearly Sorted",10000,85,156512,49100,true,true
"std-sort","Nearly Sorted",10000,86,154688,48500,true,true
"std-sort","Nearly Sorted",10000,87,156224,48900,true,true
"std-sort","Nearly Sorted",10000,88,155104,48600,true,true
"std-sort","Nearly Sorted",10000,89,156736,49100,true,true
"std-sort","Nearly Sorted",10000,90,159040,49900,true,true
"std-sort","Nearly Sorted",10000,91,157440,49300,true,true
"std-sort","Nearly Sorted",10000,92,155808,48900,true,true
"std-sort","Nearly Sorted",10000,93,155808,48900,true,true
"std-sort","Nearly Sorted",10000,94,156992,49200,true,true
"std-sort","Nearly Sorted",10000,95,186496,58500,true,true
"std-sort","Nearly Sorted",10000,96,158016,49500,true,true
"std-sort","Nearly Sorted",10000,97,176224,55200,true,true
"std-sort","Nearly Sorted",10000,98,157760,49500,true,true
"std-sort","Nearly Sorted",10000,99,158112,49600,true,true
"std-stable-sort","Nearly Sorted",10000,0,120736,37800,true,true
"std-stable-sort","Nearly Sorted",10000,1,120800,37800,true,true
"std-stable-sort","Nearly Sorted",10000,2,120640,37800,true,true
"std-stable-sort","Nearly Sorted",10000,3,121024,38000,true,true
"std-stable-sort","Nearly Sorted",10000,4,120608,37800,true,true
"std-stable-sort","Nearly Sorted",10000,5,120160,37700,true,true
"std-stable-sort","Nearly Sorted",10000,6,120640,37800,true,true
"std-stable-sort","Nearly Sorted",10000,7,120352,37800,true,true
"std-stable-sort","Nearly Sorted",10000,8,120384,37700,true,true
"std-stable-sort","Nearly Sorted",10000,9,120480,37800,true,true
"std-stable-sort","Nearly Sorted",10000,10,120640,37900,true,true
"std-stable-sort","Nearly Sorted",10000,11,120352,37700,true,true
"std-stable-sort","Nearly Sorted",10000,12,120192,37700,true,true
"std-stable-sort","Nearly Sorted",10000,13,120352,37800,true,true
"std-stable-sort","Nearly Sorted",10000,14,120544,37800,true,true
"std-stable-sort","Nearly Sorted",10000,15,120160,37700,true,true
"std-stable-sort","Nearly Sorted",10000,16,120064,37600,true,true
"std-stable-sort","Nearly Sorted",10000,17,120832,37800,true,true
"std-stable-sort","Nearly Sorted",10000,18,148096,46500,true,true
"std-stable-sort","Nearly Sorted",10000,19,120576,37800,true,true
"std-stable-sort","Nearly Sorted",10000,20,120288,37700,true,true
"std-stable-sort","Nearly Sorted",10000,21,120576,37800,true,true
"std-stable-sort","Nearly Sorted",10000,22,120448,37700,true,true
"std-stable-sort","Nearly Sorted",10000,23,120480,37800,true,true
"std-stable-sort","Nearly Sorted",10000,24,120544,37800,true,true
"std-stable-sort","Nearly Sorted",10000,25,120544,37900,true,true
"std-stable-sort","Nearly Sorted",10000,26,120384,37700,true,true
"std-stable-sort","Nearly Sorted",10000,27,131168,41100,true,true
"std-stable-sort","Nearly Sorted",10000,28,121248,38000,true,true
"std-stable-sort","Nearly Sorted",10000,29,135168,42400,true,true
"std-stable-sort","Nearly Sorted",10000,30,123648,38800,true,true
"std-stable-sort","Nearly Sorted",10000,31,123680,38800,true,true
"std-stable-sort","Nearly Sorted",10000,32,123840,38900,true,true
"std-stable-sort","Nearly Sorted",10000,33,123840,38800,true,true
"std-stable-sort","Nearly Sorted",10000,34,123744,38800,true,true
"std-stable-sort","Nearly Sorted",10000,35,123744,38800,true,true
"std-stable-sort","Nearly Sorted",10000,36,123616,38800,true,true
"std-stable-sort","Nearly Sorted",10000,37,123552,38700,true,true
"std-stable-sort","Nearly Sorted",10000,38,123552,38700,true,true
"std-stable-sort","Nearly Sorted",10000,39,123808,38900,true,true
"std-stable-sort","Nearly Sorted",10000,40,151136,47400,true,true
"std-stable-sort","Nearly Sorted",10000,41,123872,38900,true,true
"std-stable-sort","Nearly Sorted",10000,42,123968,38900,true,true
"std-stable-sort","Nearly Sorted",10000,43,123424,38700,true,true
"std-stable-sort","Nearly Sorted",10000,44,123488,38700,true,true
"std-stable-sort","Nearly Sorted",10000,45,123360,38700,true,true
"std-stable-sort","Nearly Sorted",10000,46,123520,38700,true,true
"std-stable-sort","Nearly Sorted",10000,47,123616,38800,true,true
"std-stable-sort","Nearly Sorted",10000,48,123360,38600,true,true
"std-stable-sort","Nearly Sorted",10000,49,123872,38800,true,true
"std-stable-sort","Nearly Sorted",10000,50,123552,38700,true,true
"std-stable-sort","Nearly Sorted",10000,51,123680,38800,true,true
"std-stable-sort","Nearly Sorted",10000,52,123136,38600,true,true
"std-stable-sort","Nearly Sorted",10000,53,123616,38700,true,true
"std-stable-sort","Nearly Sorted",10000,54,123328,38600,true,true
"std-stable-sort","Nearly Sorted",10000,55,124064,38900,true,true
"std-stable-sort","Nearly Sorted",10000,56,123584,38700,true,true
"std-stable-sort","Nearly Sorted",10000,57,123584,38800,true,true
"std-stable-sort","Nearly Sorted",10000,58,123712,38900,true,true
"std-stable-sort","Nearly Sorted",10000,59,123744,38800,true,true
"std-stable-sort","Nearly Sorted",10000,60,123232,38700,true,true
"std-stable-sort","Nearly Sorted",10000,61,123456,38700,true,true
"std-stable-sort","Nearly Sorted",10000,62,151552,47500,true,true
"std-stable-sort","Nearly Sorted",10000,63,123872,38900,true,true
"std-stable-sort","Nearly Sorted",10000,64,133952,42000,true,true
"std-stable-sort","Nearly Sorted",10000,65,124352,39100,true,true
"std-stable-sort","Nearly Sorted",10000,66,123616,38800,true,true
"std-stable-sort","Nearly Sorted",10000,67,123776,38800,true,true
"std-stable-sort","Nearly Sorted",10000,68,123424,38700,true,true
"std-stable-sort","Nearly Sorted",10000,69,123296,38700,true,true
"std-stable-sort","Nearly Sorted",10000,70,123168,38700,true,true
"std-stable-sort","Nearly Sorted",10000,71,123296,38600,true,true
"std-stable-sort","Nearly Sorted",10000,72,123488,38700,true,true
"std-stable-sort","Nearly Sorted",10000,73,123232,38600,true,true
"std-stable-sort","Nearly Sorted",10000,74,123776,38800,true,true
"std-stable-sort","Nearly Sorted",10000,75,123328,38700,true,true
"std-stable-sort","Nearly Sorted",10000,76,123488,38700,true,true
"std-stable-sort","Nearly Sorted",10000,77,123744,38800,true,true
"std-stable-sort","Nearly Sorted",10000,78,123808,38800,true,true
"std-stable-sort","Nearly Sorted",10000,79,123328,38700,true,true
"std-stable-sort","Nearly Sorted",10000,80,123136,38600,true,true
"std-stable-sort","Nearly Sorted",10000,81,123520,38800,true,true
"std-stable-sort","Nearly Sorted",10000,82,123712,38800,true,true
"std-stable-sort","Nearly Sorted",10000,83,150752,47300,true,true
"std-stable-sort","Nearly Sorted",10000,84,123616,38700,true,true
"std-stable-sort","Nearly Sorted",10000,85,123648,38700,true,true
"std-stable-sort","Nearly Sorted",10000,86,123552,38800,true,true
"std-stable-sort","Nearly Sorted",10000,87,123360,38700,true,true
"std-stable-sort","Nearly Sorted",10000,88,123456,38700,true,true
"std-stable-sort","Nearly Sorted",10000,89,123872,38900,true,true
"std-stable-sort","Nearly Sorted",10000,90,123648,38800,true,true
"std-stable-sort","Nearly Sorted",10000,91,123232,38600,true,true
"std-stable-sort","Nearly Sorted",10000,92,123584,38800,true,true
"std-stable-sort","Nearly Sorted",10000,93,123520,38700,true,true
"std-stable-sort","Nearly Sorted",10000,94,123584,38800,true,true
"std-stable-sort","Nearly Sorted",10000,95,123328,38700,true,true
"std-stable-sort","Nearly Sorted",10000,96,123232,38600,true,true
"std-stable-sort","Nearly Sorted",10000,97,123360,38700,true,true
"std-stable-sort","Nearly Sorted",10000,98,123616,38800,true,true
"std-stable-sort","Nearly Sorted",10000,99,123360,38700,true,true
