benchmark_key,input_data,input_size,iteration,cycles,time_ns,verification_performed,verified
"bubble","Random",100,0,34496,10900,true,true
"bubble","Random",100,1,34624,10900,true,true
"bubble","Random",100,2,35104,11100,true,true
"bubble","Random",100,3,33472,10500,true,true
"bubble","Random",100,4,33248,10600,true,true
"bubble","Random",100,5,35840,11300,true,true
"bubble","Random",100,6,35840,11400,true,true
"bubble","Random",100,7,36992,11700,true,true
"bubble","Random",100,8,34400,10900,true,true
"bubble","Random",100,9,34944,11100,true,true
"bubble","Random",100,10,35904,11300,true,true
"bubble","Random",100,11,37056,11700,true,true
"bubble","Random",100,12,33568,10600,true,true
"bubble","Random",100,13,36384,11500,true,true
"bubble","Random",100,14,36352,11500,true,true
"bubble","Random",100,15,35136,11100,true,true
"bubble","Random",100,16,33376,10600,true,true
"bubble","Random",100,17,52384,16800,true,true
"bubble","Random",100,18,44576,14100,true,true
"bubble","Random",100,19,52192,16400,true,true
"bubble","Random",100,20,39648,12500,true,true
"bubble","Random",100,21,37728,11900,true,true
"bubble","Random",100,22,38048,12000,true,true
"bubble","Random",100,23,37696,11900,true,true
"bubble","Random",100,24,37952,12000,true,true
"bubble","Random",100,25,37056,11700,true,true
"bubble","Random",100,26,37280,11800,true,true
"bubble","Random",100,27,38816,12300,true,true
"bubble","Random",100,28,38528,12200,true,true
"bubble","Random",100,29,36928,11700,true,true
"bubble","Random",100,30,37600,11900,true,true
"bubble","Random",100,31,37664,11900,true,true
"bubble","Random",100,32,36928,11700,true,true
"bubble","Random",100,33,36768,11700,true,true
"bubble","Random",100,34,37184,11800,true,true
"bubble","Random",100,35,37472,11900,true,true
"bubble","Random",100,36,35808,11400,true,true
"bubble","Random",100,37,35040,11100,true,true
"bubble","Random",100,38,36512,11500,true,true
"bubble","Random",100,39,37760,11900,true,true
"bubble","Random",100,40,37280,11800,true,true
"bubble","Random",100,41,35360,11200,true,true
"bubble","Random",100,42,61312,19400,true,true
"bubble","Random",100,43,35520,11300,true,true
"bubble","Random",100,44,35968,11300,true,true
"bubble","Random",100,45,35904,11300,true,true
"bubble","Random",100,46,38368,12100,true,true
"bubble","Random",100,47,35520,11200,true,true
"bubble","Random",100,48,36704,11600,true,true
"bubble","Random",100,49,35520,11300,true,true
"bubble","Random",100,50,35648,11300,true,true
"bubble","Random",100,51,34112,10800,true,true
"bubble","Random",100,52,36736,11700,true,true
"bubble","Random",100,53,35264,11200,true,true
"bubble","Random",100,54,38496,12200,true,true
"bubble","Random",100,55,38560,12200,true,true
"bubble","Random",100,56,37216,11800,true,true
"bubble","Random",100,57,35840,11300,true,true
"bubble","Random",100,58,35616,11500,true,true
"bubble","Random",100,59,37792,11900,true,true
"bubble","Random",100,60,36512,11600,true,true
"bubble","Random",100,61,107008,33600,true,true
"bubble","Random",100,62,36992,11700,true,true
"bubble","Random",100,63,36512,11600,true,true
"bubble","Random",100,64,36000,11400,true,true
"bubble","Random",100,65,36480,11800,true,true
"bubble","Random",100,66,37856,11900,true,true
"bubble","Random",100,67,36384,11500,true,true
"bubble","Random",100,68,38176,12000,true,true
"bubble","Random",100,69,37696,12000,true,true
"bubble","Random",100,70,39008,12300,true,true
"bubble","Random",100,71,37728,11900,true,true
"bubble","Random",100,72,37984,12100,true,true
"bubble","Random",100,73,38912,12300,true,true
"bubble","Random",100,74,37664,11900,true,true
"bubble","Random",100,75,37024,11700,true,true
"bubble","Random",100,76,36064,11500,true,true
"bubble","Random",100,77,35488,11200,true,true
"bubble","Random",100,78,36480,11500,true,true
"bubble","Random",100,79,36992,11700,true,true
"bubble","Random",100,80,34912,11100,true,true
"bubble","Random",100,81,37728,11900,true,true
"bubble","Random",100,82,35104,11100,true,true
"bubble","Random",100,83,36320,11400,true,true
"bubble","Random",100,84,34176,10800,true,true
"bubble","Random",100,85,35776,11300,true,true
"bubble","Random",100,86,36416,11500,true,true
"bubble","Random",100,87,35424,11200,true,true
"bubble","Random",100,88,36704,11600,true,true
"bubble","Random",100,89,38784,12300,true,true
"bubble","Random",100,90,34912,11000,true,true
"bubble","Random",100,91,37120,11700,true,true
"bubble","Random",100,92,37568,11800,true,true
"bubble","Random",100,93,37152,11700,true,true
"bubble","Random",100,94,38240,12100,true,true
"bubble","Random",100,95,38048,12000,true,true
"bubble","Random",100,96,35456,11200,true,true
"bubble","Random",100,97,38144,12000,true,true
"bubble","Random",100,98,37856,11900,true,true
"bubble","Random",100,99,35488,11200,true,true
"insertion","Random",100,0,8064,2600,true,true
"insertion","Random",100,1,8160,2700,true,true
"insertion","Random",100,2,7488,2400,true,true
"insertion","Random",100,3,7840,2600,true,true
"insertion","Random",100,4,7616,2500,true,true
"insertion","Random",100,5,8192,2700,true,true
"insertion","Random",100,6,8288,2700,true,true
"insertion","Random",100,7,8384,2700,true,true
"insertion","Random",100,8,7840,2600,true,true
"insertion","Random",100,9,7872,2600,true,true
"insertion","Random",100,10,7328,2400,true,true
"insertion","Random",100,11,7936,2600,true,true
"insertion","Random",100,12,7808,2500,true,true
"insertion","Random",100,13,8384,2800,true,true
"insertion","Random",100,14,7680,2600,true,true
"insertion","Random",100,15,8448,2700,true,true
"insertion","Random",100,16,8384,2700,true,true
"insertion","Random",100,17,8192,2700,true,true
"insertion","Random",100,18,7904,2600,true,true
"insertion","Random",100,19,7392,2400,true,true
"insertion","Random",100,20,7776,2500,true,true
"insertion","Random",100,21,8096,2600,true,true
"insertion","Random",100,22,8288,2700,true,true
"insertion","Random",100,23,7680,2500,true,true
"insertion","Random",100,24,8288,2800,true,true
"insertion","Random",100,25,7840,2500,true,true
"insertion","Random",100,26,8384,2700,true,true
"insertion","Random",100,27,8032,2700,true,true
"insertion","Random",100,28,8064,2600,true,true
"insertion","Random",100,29,7840,2500,true,true
"insertion","Random",100,30,8160,2700,true,true
"insertion","Random",100,31,7936,2600,true,true
"insertion","Random",100,32,8256,2700,true,true
"insertion","Random",100,33,8064,2600,true,true
"insertion","Random",100,34,8480,2800,true,true
"insertion","Random",100,35,8064,2600,true,true
"insertion","Random",100,36,7680,2500,true,true
"insertion","Random",100,37,7744,2600,true,true
"insertion","Random",100,38,7520,2500,true,true
"insertion","Random",100,39,8096,2600,true,true
"insertion","Random",100,40,8160,2600,true,true
"insertion","Random",100,41,7552,2500,true,true
"insertion","Random",100,42,8032,2700,true,true
"insertion","Random",100,43,7776,2500,true,true
"insertion","Random",100,44,7744,2500,true,true
"insertion","Random",100,45,8288,2700,true,true
"insertion","Random",100,46,8256,2700,true,true
"insertion","Random",100,47,7424,2400,true,true
"insertion","Random",100,48,7904,2600,true,true
"insertion","Random",100,49,7328,2400,true,true
"insertion","Random",100,50,8416,2700,true,true
"insertion","Random",100,51,65632,20600,true,true
"insertion","Random",100,52,8256,2700,true,true
"insertion","Random",100,53,7776,2600,true,true
"insertion","Random",100,54,7680,2600,true,true
"insertion","Random",100,55,7872,2500,true,true
"insertion","Random",100,56,8384,2800,true,true
"insertion","Random",100,57,8032,2600,true,true
"insertion","Random",100,58,7776,2600,true,true
"insertion","Random",100,59,7840,2600,true,true
"insertion","Random",100,60,7840,2600,true,true
"insertion","Random",100,61,7840,2600,true,true
"insertion","Random",100,62,8064,2600,true,true
"insertion","Random",100,63,7744,2500,true,true
"insertion","Random",100,64,7776,2500,true,true
"insertion","Random",100,65,7584,2500,true,true
"insertion","Random",100,66,8128,2600,true,true
"insertion","Random",100,67,8032,2600,true,true
"insertion","Random",100,68,7712,2500,true,true
"insertion","Random",100,69,8160,2700,true,true
"insertion","Random",100,70,8064,2600,true,true
"insertion","Random",100,71,7840,2600,true,true
"insertion","Random",100,72,8064,2700,true,true
"insertion","Random",100,73,8192,2700,true,true
"insertion","Random",100,74,8192,2600,true,true
"insertion","Random",100,75,7840,2600,true,true
"insertion","Random",100,76,7968,2600,true,true
"insertion","Random",100,77,7680,2500,true,true
"insertion","Random",100,78,8064,2600,true,true
"insertion","Random",100,79,7360,2400,true,true
"insertion","Random",100,80,7584,2400,true,true
"insertion","Random",100,81,7840,2600,true,true
"insertion","Random",100,82,7520,2500,true,true
"insertion","Random",100,83,7520,2400,true,true
"insertion","Random",100,84,7712,2500,true,true
"insertion","Random",100,85,7488,2500,true,true
"insertion","Random",100,86,7744,2500,true,true
"insertion","Random",100,87,7744,2500,true,true
"insertion","Random",100,88,7456,2400,true,true
"insertion","Random",100,89,8224,2700,true,true
"insertion","Random",100,90,7712,2500,true,true
"insertion","Random",100,91,8032,2600,true,true
"insertion","Random",100,92,7872,2600,true,true
"insertion","Random",100,93,7712,2500,true,true
"insertion","Random",100,94,7904,2600,true,true
"insertion","Random",100,95,8288,2700,true,true
"insertion","Random",100,96,7584,2400,true,true
"insertion","Random",100,97,8128,2700,true,true
"insertion","Random",100,98,7648,2600,true,true
"insertion","Random",100,99,7584,2500,true,true
"selection","Random",100,0,25120,8000,true,true
"selection","Random",100,1,24192,7700,true,true
"selection","Random",100,2,23744,7600,true,true
"selection","Random",100,3,23616,7500,true,true
"selection","Random",100,4,24544,7800,true,true
"selection","Random",100,5,24288,7700,true,true
"selection","Random",100,6,23840,7600,true,true
"selection","Random",100,7,23776,7500,true,true
"selection","Random",100,8,24256,7700,true,true
"selection","Random",100,9,22848,7200,true,true
"selection","Random",100,10,24000,7600,true,true
"selection","Random",100,11,24672,7900,true,true
"selection","Random",100,12,24576,7800,true,true
"selection","Random",100,13,23296,7400,true,true
"selection","Random",100,14,23744,7600,true,true
"selection","Random",100,15,23616,7500,true,true
"selection","Random",100,16,24064,7600,true,true
"selection","Random",100,17,22784,7300,true,true
"selection","Random",100,18,23360,7400,true,true
"selection","Random",100,19,23840,7500,true,true
"selection","Random",100,20,22944,7300,true,true
"selection","Random",100,21,23456,7500,true,true
"selection","Random",100,22,24608,7900,true,true
"selection","Random",100,23,24096,7600,true,true
"selection","Random",100,24,23168,7400,true,true
"selection","Random",100,25,24000,7600,true,true
"selection","Random",100,26,23136,7300,true,true
"selection","Random",100,27,24576,7800,true,true
"selection","Random",100,28,25120,8000,true,true
"selection","Random",100,29,23328,7400,true,true
"selection","Random",100,30,23040,7300,true,true
"selection","Random",100,31,23392,7400,true,true
"selection","Random",100,32,24128,7700,true,true
"selection","Random",100,33,24032,7600,true,true
"selection","Random",100,34,23488,7400,true,true
"selection","Random",100,35,23232,7400,true,true
"selection","Random",100,36,22368,7100,true,true
"selection","Random",100,37,23168,7300,true,true
"selection","Random",100,38,23136,7300,true,true
"selection","Random",100,39,23264,7300,true,true
"selection","Random",100,40,22816,7300,true,true
"selection","Random",100,41,23008,7300,true,true
"selection","Random",100,42,23936,7600,true,true
"selection","Random",100,43,23968,7600,true,true
"selection","Random",100,44,22784,7200,true,true
"selection","Random",100,45,23840,7600,true,true
"selection","Random",100,46,24320,7700,true,true
"selection","Random",100,47,27424,8800,true,true
"selection","Random",100,48,25888,8200,true,true
"selection","Random",100,49,27296,8700,true,true
"selection","Random",100,50,27616,8700,true,true
"selection","Random",100,51,26816,8500,true,true
"selection","Random",100,52,27104,8600,true,true
"selection","Random",100,53,27168,8600,true,true
"selection","Random",100,54,27488,8700,true,true
"selection","Random",100,55,25984,8300,true,true
"selection","Random",100,56,27264,8600,true,true
"selection","Random",100,57,27968,8800,true,true
"selection","Random",100,58,26848,8500,true,true
"selection","Random",100,59,26432,8400,true,true
"selection","Random",100,60,27328,8600,true,true
"selection","Random",100,61,22912,7300,true,true
"selection","Random",100,62,22528,7200,true,true
"selection","Random",100,63,22432,7200,true,true
"selection","Random",100,64,23040,7400,true,true
"selection","Random",100,65,27488,8800,true,true
"selection","Random",100,66,35488,11200,true,true
"selection","Random",100,67,36064,11400,true,true
"selection","Random",100,68,29920,9400,true,true
"selection","Random",100,69,28000,8900,true,true
"selection","Random",100,70,25472,8100,true,true
"selection","Random",100,71,22880,7300,true,true
"selection","Random",100,72,23904,7600,true,true
"selection","Random",100,73,23392,7400,true,true
"selection","Random",100,74,24128,7600,true,true
"selection","Random",100,75,22272,7100,true,true
"selection","Random",100,76,23136,7400,true,true
"selection","Random",100,77,23904,7600,true,true
"selection","Random",100,78,23680,7500,true,true
"selection","Random",100,79,24320,7700,true,true
"selection","Random",100,80,23424,7400,true,true
"selection","Random",100,81,22048,7000,true,true
"selection","Random",100,82,23072,7400,true,true
"selection","Random",100,83,23328,7400,true,true
"selection","Random",100,84,22528,7100,true,true
"selection","Random",100,85,23904,7600,true,true
"selection","Random",100,86,24320,7700,true,true
"selection","Random",100,87,23264,7400,true,true
"selection","Random",100,88,24032,7600,true,true
"selection","Random",100,89,23808,7500,true,true
"selection","Random",100,90,22624,7200,true,true
"selection","Random",100,91,24000,7600,true,true
"selection","Random",100,92,24288,7700,true,true
"selection","Random",100,93,23616,7500,true,true
"selection","Random",100,94,21184,6700,true,true
"selection","Random",100,95,24512,7800,true,true
"selection","Random",100,96,23584,7500,true,true
"selection","Random",100,97,23328,7400,true,true
"selection","Random",100,98,23392,7400,true,true
"selection","Random",100,99,22720,7200,true,true
"merge","Random",100,0,14496,4600,true,true
"merge","Random",100,1,14528,4700,true,true
"merge","Random",100,2,14112,4500,true,true
"merge","Random",100,3,14688,4700,true,true
"merge","Random",100,4,14208,4600,true,true
"merge","Random",100,5,14528,4600,true,true
"merge","Random",100,6,14432,4600,true,true
"merge","Random",100,7,13984,4500,true,true
"merge","Random",100,8,14016,4500,true,true
"merge","Random",100,9,14528,4700,true,true
"merge","Random",100,10,14304,4600,true,true
"merge","Random",100,11,13952,4500,true,true
"merge","Random",100,12,14304,4600,true,true
"merge","Random",100,13,14144,4500,true,true
"merge","Random",100,14,14400,4600,true,true
"merge","Random",100,15,13696,4400,true,true
"merge","Random",100,16,14304,4600,true,true
"merge","Random",100,17,14048,4500,true,true
"merge","Random",100,18,13760,4500,true,true
"merge","Random",100,19,13504,4400,true,true
"merge","Random",100,20,14112,4500,true,true
"merge","Random",100,21,13760,4400,true,true
"merge","Random",100,22,14176,4500,true,true
"merge","Random",100,23,14336,4600,true,true
"merge","Random",100,24,14336,4600,true,true
"merge","Random",100,25,14304,4600,true,true
"merge","Random",100,26,14240,4600,true,true
"merge","Random",100,27,14176,4500,true,true
"merge","Random",100,28,13920,4500,true,true
"merge","Random",100,29,14240,4600,true,true
"merge","Random",100,30,13504,4300,true,true
"merge","Random",100,31,13792,4500,true,true
"merge","Random",100,32,13824,4500,true,true
"merge","Random",100,33,14176,4500,true,true
"merge","Random",100,34,14592,4700,true,true
"merge","Random",100,35,14240,4500,true,true
"merge","Random",100,36,14240,4600,true,true
"merge","Random",100,37,14336,4600,true,true
"merge","Random",100,38,13664,4400,true,true
"merge","Random",100,39,14080,4600,true,true
"merge","Random",100,40,13696,4400,true,true
"merge","Random",100,41,13664,4400,true,true
"merge","Random",100,42,14752,4700,true,true
"merge","Random",100,43,14304,4600,true,true
"merge","Random",100,44,14080,4500,true,true
"merge","Random",100,45,14080,4500,true,true
"merge","Random",100,46,13984,4500,true,true
"merge","Random",100,47,13664,4400,true,true
"merge","Random",100,48,13952,4500,true,true
"merge","Random",100,49,14016,4500,true,true
"merge","Random",100,50,13696,4400,true,true
"merge","Random",100,51,13856,4500,true,true
"merge","Random",100,52,14528,4600,true,true
"merge","Random",100,53,13440,4300,true,true
"merge","Random",100,54,14112,4500,true,true
"merge","Random",100,55,14176,4500,true,true
"merge","Random",100,56,13984,4500,true,true
"merge","Random",100,57,13568,4400,true,true
"merge","Random",100,58,14400,4600,true,true
"merge","Random",100,59,13696,4400,true,true
"merge","Random",100,60,13856,4400,true,true
"merge","Random",100,61,13408,4300,true,true
"merge","Random",100,62,14464,4600,true,true
"merge","Random",100,63,14208,4600,true,true
"merge","Random",100,64,14240,4800,true,true
"merge","Random",100,65,14432,4600,true,true
"merge","Random",100,66,14080,4500,true,true
"merge","Random",100,67,14112,4500,true,true
"merge","Random",100,68,14176,4600,true,true
"merge","Random",100,69,13760,4400,true,true
"merge","Random",100,70,13792,4400,true,true
"merge","Random",100,71,14016,4500,true,true
"merge","Random",100,72,14208,4600,true,true
"merge","Random",100,73,13824,4500,true,true
"merge","Random",100,74,14080,4600,true,true
"merge","Random",100,75,13728,4500,true,true
"merge","Random",100,76,14016,4500,true,true
"merge","Random",100,77,14560,4700,true,true
"merge","Random",100,78,14080,4500,true,true
"merge","Random",100,79,13984,4500,true,true
"merge","Random",100,80,14080,4600,true,true
"merge","Random",100,81,14528,4700,true,true
"merge","Random",100,82,13920,4400,true,true
"merge","Random",100,83,13536,4400,true,true
"merge","Random",100,84,13888,4500,true,true
"merge","Random",100,85,14080,4500,true,true
"merge","Random",100,86,17792,5700,true,true
"merge","Random",100,87,20512,6500,true,true
"merge","Random",100,88,20512,6600,true,true
"merge","Random",100,89,19904,6400,true,true
"merge","Random",100,90,15744,5100,true,true
"merge","Random",100,91,15136,4800,true,true
"merge","Random",100,92,15488,5000,true,true
"merge","Random",100,93,13760,4400,true,true
"merge","Random",100,94,13888,4500,true,true
"merge","Random",100,95,13664,4400,true,true
"merge","Random",100,96,14016,4500,true,true
"merge","Random",100,97,13792,4400,true,true
"merge","Random",100,98,13856,4400,true,true
"merge","Random",100,99,14464,4600,true,true
"quicksort","Random",100,0,16256,5200,true,true
"quicksort","Random",100,1,15200,4900,true,true
"quicksort","Random",100,2,15200,4900,true,true
"quicksort","Random",100,3,79968,25200,true,true
"quicksort","Random",100,4,16320,5200,true,true
"quicksort","Random",100,5,15968,5200,true,true
"quicksort","Random",100,6,15488,5000,true,true
"quicksort","Random",100,7,16128,5100,true,true
"quicksort","Random",100,8,14656,4700,true,true
"quicksort","Random",100,9,15136,4900,true,true
"quicksort","Random",100,10,14464,4600,true,true
"quicksort","Random",100,11,14880,4800,true,true
"quicksort","Random",100,12,14624,4700,true,true
"quicksort","Random",100,13,18528,5900,true,true
"quicksort","Random",100,14,23072,7400,true,true
"quicksort","Random",100,15,17024,5500,true,true
"quicksort","Random",100,16,19104,6200,true,true
"quicksort","Random",100,17,17088,5500,true,true
"quicksort","Random",100,18,19488,6200,true,true
"quicksort","Random",100,19,54648,17800,true,true
"quicksort","Random",100,20,21120,6800,true,true
"quicksort","Random",100,21,18528,6100,true,true
"quicksort","Random",100,22,18016,5700,true,true
"quicksort","Random",100,23,18784,6000,true,true
"quicksort","Random",100,24,18144,5800,true,true
"quicksort","Random",100,25,58421,19000,true,true
"quicksort","Random",100,26,18912,6100,true,true
"quicksort","Random",100,27,20640,6600,true,true
"quicksort","Random",100,28,24320,7700,true,true
"quicksort","Random",100,29,20640,6600,true,true
"quicksort","Random",100,30,15424,5000,true,true
"quicksort","Random",100,31,17888,5900,true,true
"quicksort","Random",100,32,23008,7300,true,true
"quicksort","Random",100,33,17824,5800,true,true
"quicksort","Random",100,34,16928,5400,true,true
"quicksort","Random",100,35,18240,5900,true,true
"quicksort","Random",100,36,23328,7500,true,true
"quicksort","Random",100,37,18080,5900,true,true
"quicksort","Random",100,38,16000,5200,true,true
"quicksort","Random",100,39,14688,4700,true,true
"quicksort","Random",100,40,16288,5200,true,true
"quicksort","Random",100,41,15584,5000,true,true
"quicksort","Random",100,42,16608,5400,true,true
"quicksort","Random",100,43,15264,4900,true,true
"quicksort","Random",100,44,16096,5200,true,true
"quicksort","Random",100,45,14624,4700,true,true
"quicksort","Random",100,46,14784,4800,true,true
"quicksort","Random",100,47,14976,4800,true,true
"quicksort","Random",100,48,14592,4700,true,true
"quicksort","Random",100,49,14624,4700,true,true
"quicksort","Random",100,50,14720,4700,true,true
"quicksort","Random",100,51,14912,4800,true,true
"quicksort","Random",100,52,16064,5200,true,true
"quicksort","Random",100,53,16160,5200,true,true
"quicksort","Random",100,54,16704,5300,true,true
"quicksort","Random",100,55,15488,5000,true,true
"quicksort","Random",100,56,14592,4700,true,true
"quicksort","Random",100,57,16160,5200,true,true
"quicksort","Random",100,58,15552,5000,true,true
"quicksort","Random",100,59,14752,4700,true,true
"quicksort","Random",100,60,16608,5300,true,true
"quicksort","Random",100,61,14560,4700,true,true
"quicksort","Random",100,62,15104,4800,true,true
"quicksort","Random",100,63,15008,4800,true,true
"quicksort","Random",100,64,15200,4800,true,true
"quicksort","Random",100,65,14848,4800,true,true
"quicksort","Random",100,66,14912,4900,true,true
"quicksort","Random",100,67,17600,5600,true,true
"quicksort","Random",100,68,14720,4700,true,true
"quicksort","Random",100,69,14848,4700,true,true
"quicksort","Random",100,70,14240,4600,true,true
"quicksort","Random",100,71,14784,4700,true,true
"quicksort","Random",100,72,14848,4700,true,true
"quicksort","Random",100,73,15552,5000,true,true
"quicksort","Random",100,74,15968,5200,true,true
"quicksort","Random",100,75,14656,4800,true,true
"quicksort","Random",100,76,14240,4600,true,true
"quicksort","Random",100,77,15616,5000,true,true
"quicksort","Random",100,78,15520,5000,true,true
"quicksort","Random",100,79,15040,4800,true,true
"quicksort","Random",100,80,15168,4900,true,true
"quicksort","Random",100,81,14208,4500,true,true
"quicksort","Random",100,82,14944,4800,true,true
"quicksort","Random",100,83,14144,4600,true,true
"quicksort","Random",100,84,14720,4700,true,true
"quicksort","Random",100,85,13984,4500,true,true
"quicksort","Random",100,86,14464,4600,true,true
"quicksort","Random",100,87,14720,4700,true,true
"quicksort","Random",100,88,15136,4800,true,true
"quicksort","Random",100,89,14592,4700,true,true
"quicksort","Random",100,90,20256,6500,true,true
"quicksort","Random",100,91,23104,7400,true,true
"quicksort","Random",100,92,16544,5400,true,true
"quicksort","Random",100,93,23712,7600,true,true
"quicksort","Random",100,94,17696,5700,true,true
"quicksort","Random",100,95,15840,5000,true,true
"quicksort","Random",100,96,15072,4800,true,true
"quicksort","Random",100,97,20640,6600,true,true
"quicksort","Random",100,98,19936,6400,true,true
"quicksort","Random",100,99,18976,6100,true,true
"heap","Random",100,0,18720,6000,true,true
"heap","Random",100,1,20608,6600,true,true
"heap","Random",100,2,16448,5200,true,true
"heap","Random",100,3,16768,5400,true,true
"heap","Random",100,4,18752,6100,true,true
"heap","Random",100,5,24512,7800,true,true
"heap","Random",100,6,24288,7700,true,true
"heap","Random",100,7,19456,6200,true,true
"heap","Random",100,8,18784,6000,true,true
"heap","Random",100,9,17728,5700,true,true
"heap","Random",100,10,18432,5900,true,true
"heap","Random",100,11,24416,7800,true,true
"heap","Random",100,12,17888,5700,true,true
"heap","Random",100,13,18496,5900,true,true
"heap","Random",100,14,20864,6900,true,true
"heap","Random",100,15,21984,7000,true,true
"heap","Random",100,16,15648,5000,true,true
"heap","Random",100,17,16416,5300,true,true
"heap","Random",100,18,16480,5300,true,true
"heap","Random",100,19,16480,5300,true,true
"heap","Random",100,20,15424,4900,true,true
"heap","Random",100,21,16512,5300,true,true
"heap","Random",100,22,16288,5200,true,true
"heap","Random",100,23,16480,5200,true,true
"heap","Random",100,24,15424,4900,true,true
"heap","Random",100,25,17248,5600,true,true
"heap","Random",100,26,16384,5300,true,true
"heap","Random",100,27,16384,5200,true,true
"heap","Random",100,28,16800,5400,true,true
"heap","Random",100,29,16448,5300,true,true
"heap","Random",100,30,15488,4900,true,true
"heap","Random",100,31,15328,4900,true,true
"heap","Random",100,32,16064,5100,true,true
"heap","Random",100,33,15712,5000,true,true
"heap","Random",100,34,15360,4900,true,true
"heap","Random",100,35,15680,5000,true,true
"heap","Random",100,36,16512,5300,true,true
"heap","Random",100,37,15712,5100,true,true
"heap","Random",100,38,14560,4600,true,true
"heap","Random",100,39,15744,5000,true,true
"heap","Random",100,40,16160,5100,true,true
"heap","Random",100,41,16352,5200,true,true
"heap","Random",100,42,16032,5300,true,true
"heap","Random",100,43,15648,5000,true,true
"heap","Random",100,44,15584,5000,true,true
"heap","Random",100,45,15776,5100,true,true
"heap","Random",100,46,16480,5200,true,true
"heap","Random",100,47,16032,5300,true,true
"heap","Random",100,48,23616,7500,true,true
"heap","Random",100,49,20032,6400,true,true
"heap","Random",100,50,20608,6700,true,true
"heap","Random",100,51,18208,5800,true,true
"heap","Random",100,52,19584,6300,true,true
"heap","Random",100,53,16256,5200,true,true
"heap","Random",100,54,17792,5700,true,true
"heap","Random",100,55,19648,6300,true,true
"heap","Random",100,56,18784,6000,true,true
"heap","Random",100,57,21728,6900,true,true
"heap","Random",100,58,19616,6400,true,true
"heap","Random",100,59,18784,6000,true,true
"heap","Random",100,60,18272,5900,true,true
"heap","Random",100,61,16800,5400,true,true
"heap","Random",100,62,18688,6000,true,true
"heap","Random",100,63,18848,6100,true,true
"heap","Random",100,64,19584,6300,true,true
"heap","Random",100,65,23328,7500,true,true
"heap","Random",100,66,19808,6500,true,true
"heap","Random",100,67,22688,7200,true,true
"heap","Random",100,68,19200,6100,true,true
"heap","Random",100,69,18080,5800,true,true
"heap","Random",100,70,18112,5800,true,true
"heap","Random",100,71,15488,4900,true,true
"heap","Random",100,72,15488,5000,true,true
"heap","Random",100,73,15712,5000,true,true
"heap","Random",100,74,15744,5100,true,true
"heap","Random",100,75,16032,5200,true,true
"heap","Random",100,76,15360,4900,true,true
"heap","Random",100,77,15488,5000,true,true
"heap","Random",100,78,15904,5100,true,true
"heap","Random",100,79,15488,5100,true,true
"heap","Random",100,80,16032,5200,true,true
"heap","Random",100,81,16352,5300,true,true
"heap","Random",100,82,15232,4900,true,true
"heap","Random",100,83,15136,4900,true,true
"heap","Random",100,84,104928,33000,true,true
"heap","Random",100,85,14336,4600,true,true
"heap","Random",100,86,16224,5200,true,true
"heap","Random",100,87,15904,5100,true,true
"heap","Random",100,88,15200,4900,true,true
"heap","Random",100,89,15968,5100,true,true
"heap","Random",100,90,16544,5200,true,true
"heap","Random",100,91,15808,5000,true,true
"heap","Random",100,92,16576,5300,true,true
"heap","Random",100,93,15584,5000,true,true
"heap","Random",100,94,15392,4900,true,true
"heap","Random",100,95,15936,5100,true,true
"heap","Random",100,96,16544,5300,true,true
"heap","Random",100,97,15392,5000,true,true
"heap","Random",100,98,15392,5000,true,true
"heap","Random",100,99,15552,4900,true,true
"std-sort","Random",100,0,9312,3000,true,true
"std-sort","Random",100,1,9184,3200,true,true
"std-sort","Random",100,2,9568,3100,true,true
"std-sort","Random",100,3,9120,3000,true,true
"std-sort","Random",100,4,8864,2900,true,true
"std-sort","Random",100,5,9344,3000,true,true
"std-sort","Random",100,6,9088,2900,true,true
"std-sort","Random",100,7,9408,3100,true,true
"std-sort","Random",100,8,9120,2900,true,true
"std-sort","Random",100,9,8992,2900,true,true
"std-sort","Random",100,10,9056,3000,true,true
"std-sort","Random",100,11,9920,3300,true,true
"std-sort","Random",100,12,9504,3100,true,true
"std-sort","Random",100,13,11488,3700,true,true
"std-sort","Random",100,14,13312,4300,true,true
"std-sort","Random",100,15,12512,4000,true,true
"std-sort","Random",100,16,10784,3600,true,true
"std-sort","Random",100,17,10304,3300,true,true
"std-sort","Random",100,18,13280,4400,true,true
"std-sort","Random",100,19,11840,3900,true,true
"std-sort","Random",100,20,11936,3900,true,true
"std-sort","Random",100,21,13152,4300,true,true
"std-sort","Random",100,22,11328,3600,true,true
"std-sort","Random",100,23,10592,3400,true,true
"std-sort","Random",100,24,9696,3100,true,true
"std-sort","Random",100,25,9216,3000,true,true
"std-sort","Random",100,26,9440,3100,true,true
"std-sort","Random",100,27,8832,2900,true,true
"std-sort","Random",100,28,9024,2900,true,true
"std-sort","Random",100,29,9952,3200,true,true
"std-sort","Random",100,30,8768,2800,true,true
"std-sort","Random",100,31,10112,3300,true,true
"std-sort","Random",100,32,9248,3000,true,true
"std-sort","Random",100,33,9248,3000,true,true
"std-sort","Random",100,34,9312,3000,true,true
"std-sort","Random",100,35,8992,2900,true,true
"std-sort","Random",100,36,8736,2900,true,true
"std-sort","Random",100,37,10336,3400,true,true
"std-sort","Random",100,38,8992,2900,true,true
"std-sort","Random",100,39,9728,3200,true,true
"std-sort","Random",100,40,8992,2900,true,true
"std-sort","Random",100,41,9344,3100,true,true
"std-sort","Random",100,42,8928,2900,true,true
"std-sort","Random",100,43,9504,3100,true,true
"std-sort","Random",100,44,9024,3000,true,true
"std-sort","Random",100,45,9056,3000,true,true
"std-sort","Random",100,46,9344,3000,true,true
"std-sort","Random",100,47,9568,3200,true,true
"std-sort","Random",100,48,8992,3000,true,true
"std-sort","Random",100,49,9600,3100,true,true
"std-sort","Random",100,50,8768,2900,true,true
"std-sort","Random",100,51,10272,3300,true,true
"std-sort","Random",100,52,8992,2900,true,true
"std-sort","Random",100,53,8960,2900,true,true
"std-sort","Random",100,54,8832,2800,true,true
"std-sort","Random",100,55,9824,3200,true,true
"std-sort","Random",100,56,9184,3000,true,true
"std-sort","Random",100,57,9952,3300,true,true
"std-sort","Random",100,58,9280,3100,true,true
"std-sort","Random",100,59,9312,3000,true,true
"std-sort","Random",100,60,8832,2900,true,true
"std-sort","Random",100,61,9024,3000,true,true
"std-sort","Random",100,62,9152,3000,true,true
"std-sort","Random",100,63,9216,3000,true,true
"std-sort","Random",100,64,8928,2900,true,true
"std-sort","Random",100,65,9760,3200,true,true
"std-sort","Random",100,66,9312,3100,true,true
"std-sort","Random",100,67,9760,3100,true,true
"std-sort","Random",100,68,9344,3100,true,true
"std-sort","Random",100,69,8928,2900,true,true
"std-sort","Random",100,70,9184,3000,true,true
"std-sort","Random",100,71,8992,2900,true,true
"std-sort","Random",100,72,9728,3100,true,true
"std-sort","Random",100,73,9408,3000,true,true
"std-sort","Random",100,74,9216,3000,true,true
"std-sort","Random",100,75,9600,3200,true,true
"std-sort","Random",100,76,8736,2900,true,true
"std-sort","Random",100,77,9216,3000,true,true
"std-sort","Random",100,78,9664,3200,true,true
"std-sort","Random",100,79,9664,3100,true,true
"std-sort","Random",100,80,9312,3000,true,true
"std-sort","Random",100,81,9440,3100,true,true
"std-sort","Random",100,82,8768,2800,true,true
"std-sort","Random",100,83,8640,2800,true,true
"std-sort","Random",100,84,9824,3100,true,true
"std-sort","Random",100,85,8928,2900,true,true
"std-sort","Random",100,86,9216,3000,true,true
"std-sort","Random",100,87,9280,3000,true,true
"std-sort","Random",100,88,9408,3100,true,true
"std-sort","Random",100,89,9504,3100,true,true
"std-sort","Random",100,90,10176,3300,true,true
"std-sort","Random",100,91,9728,3200,true,true
"std-sort","Random",100,92,8928,2900,true,true
"std-sort","Random",100,93,8704,2800,true,true
"std-sort","Random",100,94,9824,3200,true,true
"std-sort","Random",100,95,9216,3000,true,true
"std-sort","Random",100,96,9024,3000,true,true
"std-sort","Random",100,97,9408,3100,true,true
"std-sort","Random",100,98,9088,3000,true,true
"std-sort","Random",100,99,8640,2800,true,true
"std-stable-sort","Random",100,0,16128,5200,true,true
"std-stable-sort","Random",100,1,13536,4400,true,true
"std-stable-sort","Random",100,2,14400,4700,true,true
"std-stable-sort","Random",100,3,12608,4000,true,true
"std-stable-sort","Random",100,4,11808,3800,true,true
"std-stable-sort","Random",100,5,11936,3800,true,true
"std-stable-sort","Random",100,6,11936,3900,true,true
"std-stable-sort","Random",100,7,11936,3900,true,true
"std-stable-sort","Random",100,8,11680,3700,true,true
"std-stable-sort","Random",100,9,13728,4400,true,true
"std-stable-sort","Random",100,10,13856,4500,true,true
"std-stable-sort","Random",100,11,14080,4600,true,true
"std-stable-sort","Random",100,12,13312,4300,true,true
"std-stable-sort","Random",100,13,15328,5100,true,true
"std-stable-sort","Random",100,14,16192,5200,true,true
"std-stable-sort","Random",100,15,12384,4000,true,true
"std-stable-sort","Random",100,16,17088,5500,true,true
"std-stable-sort","Random",100,17,14656,4900,true,true
"std-stable-sort","Random",100,18,12096,3900,true,true
"std-stable-sort","Random",100,19,11552,3700,true,true
"std-stable-sort","Random",100,20,11552,3700,true,true
"std-stable-sort","Random",100,21,12160,3900,true,true
"std-stable-sort","Random",100,22,11808,3900,true,true
"std-stable-sort","Random",100,23,10816,3500,true,true
"std-stable-sort","Random",100,24,11392,3700,true,true
"std-stable-sort","Random",100,25,11072,3600,true,true
"std-stable-sort","Random",100,26,10784,3500,true,true
"std-stable-sort","Random",100,27,10816,3500,true,true
"std-stable-sort","Random",100,28,10976,3600,true,true
"std-stable-sort","Random",100,29,11360,3600,true,true
"std-stable-sort","Random",100,30,10720,3400,true,true
"std-stable-sort","Random",100,31,10784,3500,true,true
"std-stable-sort","Random",100,32,10464,3400,true,true
"std-stable-sort","Random",100,33,11456,3700,true,true
"std-stable-sort","Random",100,34,10400,3300,true,true
"std-stable-sort","Random",100,35,11168,3600,true,true
"std-stable-sort","Random",100,36,10784,3500,true,true
"std-stable-sort","Random",100,37,10752,3500,true,true
"std-stable-sort","Random",100,38,11104,3600,true,true
"std-stable-sort","Random",100,39,10912,3500,true,true
"std-stable-sort","Random",100,40,9920,3200,true,true
"std-stable-sort","Random",100,41,11040,3600,true,true
"std-stable-sort","Random",100,42,11072,3600,true,true
"std-stable-sort","Random",100,43,10816,3500,true,true
"std-stable-sort","Random",100,44,10848,3500,true,true
"std-stable-sort","Random",100,45,11008,3600,true,true
"std-stable-sort","Random",100,46,11136,3600,true,true
"std-stable-sort","Random",100,47,11104,3600,true,true
"std-stable-sort","Random",100,48,10816,3500,true,true
"std-stable-sort","Random",100,49,11424,3700,true,true
"std-stable-sort","Random",100,50,11040,3600,true,true
"std-stable-sort","Random",100,51,10976,3500,true,true
"std-stable-sort","Random",100,52,10976,3500,true,true
"std-stable-sort","Random",100,53,10560,3400,true,true
"std-stable-sort","Random",100,54,11584,3900,true,true
"std-stable-sort","Random",100,55,12096,3900,true,true
"std-stable-sort","Random",100,56,11904,3800,true,true
"std-stable-sort","Random",100,57,12832,4100,true,true
"std-stable-sort","Random",100,58,11968,3800,true,true
"std-stable-sort","Random",100,59,13152,4200,true,true
"std-stable-sort","Random",100,60,11936,3900,true,true
"std-stable-sort","Random",100,61,12704,4100,true,true
"std-stable-sort","Random",100,62,12672,4100,true,true
"std-stable-sort","Random",100,63,15776,5200,true,true
"std-stable-sort","Random",100,64,14784,4700,true,true
"std-stable-sort","Random",100,65,12064,3900,true,true
"std-stable-sort","Random",100,66,11104,3600,true,true
"std-stable-sort","Random",100,67,10528,3400,true,true
"std-stable-sort","Random",100,68,10784,3500,true,true
"std-stable-sort","Random",100,69,12704,4100,true,true
"std-stable-sort","Random",100,70,18048,5800,true,true
"std-stable-sort","Random",100,71,12928,4100,true,true
"std-stable-sort","Random",100,72,12608,4100,true,true
"std-stable-sort","Random",100,73,14720,4700,true,true
"std-stable-sort","Random",100,74,15968,5100,true,true
"std-stable-sort","Random",100,75,12992,4200,true,true
"std-stable-sort","Random",100,76,12608,4000,true,true
"std-stable-sort","Random",100,77,12416,4000,true,true
"std-stable-sort","Random",100,78,12544,4000,true,true
"std-stable-sort","Random",100,79,11808,3800,true,true
"std-stable-sort","Random",100,80,12960,4200,true,true
"std-stable-sort","Random",100,81,12224,3900,true,true
"std-stable-sort","Random",100,82,13216,4300,true,true
"std-stable-sort","Random",100,83,12032,3900,true,true
"std-stable-sort","Random",100,84,13408,4400,true,true
"std-stable-sort","Random",100,85,14560,4700,true,true
"std-stable-sort","Random",100,86,17888,5700,true,true
"std-stable-sort","Random",100,87,14496,4600,true,true
"std-stable-sort","Random",100,88,15872,5100,true,true
"std-stable-sort","Random",100,89,13408,4400,true,true
"std-stable-sort","Random",100,90,13280,4300,true,true
"std-stable-sort","Random",100,91,92106,29400,true,true
"std-stable-sort","Random",100,92,16320,5300,true,true
"std-stable-sort","Random",100,93,15008,4900,true,true
"std-stable-sort","Random",100,94,17952,5800,true,true
"std-stable-sort","Random",100,95,13344,4300,true,true
"std-stable-sort","Random",100,96,13280,4300,true,true
"std-stable-sort","Random",100,97,12800,4100,true,true
"std-stable-sort","Random",100,98,12032,3900,true,true
"std-stable-sort","Random",100,99,13472,4400,true,true
"bubble","Random",500,0,648416,203100,true,true
"bubble","Random",500,1,730080,228800,true,true
"bubble","Random",500,2,791773,249100,true,true
"bubble","Random",500,3,597632,187300,true,true
"bubble","Random",500,4,493728,154800,true,true
"bubble","Random",500,5,577216,180900,true,true
"bubble","Random",500,6,473760,148500,true,true
"bubble","Random",500,7,501056,157100,true,true
"bubble","Random",500,8,492704,154600,true,true
"bubble","Random",500,9,496512,155500,true,true
"bubble","Random",500,10,484032,151700,true,true
"bubble","Random",500,11,561344,175900,true,true
"bubble","Random",500,12,522624,163900,true,true
"bubble","Random",500,13,487072,152600,true,true
"bubble","Random",500,14,488000,152900,true,true
"bubble","Random",500,15,496576,155600,true,true
"bubble","Random",500,16,498944,156400,true,true
"bubble","Random",500,17,562112,176200,true,true
"bubble","Random",500,18,497696,156000,true,true
"bubble","Random",500,19,499328,156500,true,true
"bubble","Random",500,20,488256,153000,true,true
"bubble","Random",500,21,491488,154000,true,true
"bubble","Random",500,22,499104,156400,true,true
"bubble","Random",500,23,540352,169300,true,true
"bubble","Random",500,24,986435,310000,true,true
"bubble","Random",500,25,880992,276000,true,true
"bubble","Random",500,26,871488,273000,true,true
"bubble","Random",500,27,882240,276400,true,true
"bubble","Random",500,28,946412,297200,true,true
"bubble","Random",500,29,741600,232500,true,true
"bubble","Random",500,30,598624,187500,true,true
"bubble","Random",500,31,761824,239200,true,true
"bubble","Random",500,32,743883,233600,true,true
"bubble","Random",500,33,584192,183000,true,true
"bubble","Random",500,34,544672,170700,true,true
"bubble","Random",500,35,737408,231200,true,true
"bubble","Random",500,36,629952,197500,true,true
"bubble","Random",500,37,629152,197200,true,true
"bubble","Random",500,38,719334,226200,true,true
"bubble","Random",500,39,480448,150600,true,true
"bubble","Random",500,40,589152,184600,true,true
"bubble","Random",500,41,489056,153200,true,true
"bubble","Random",500,42,498784,156300,true,true
"bubble","Random",500,43,487744,152900,true,true
"bubble","Random",500,44,492288,154300,true,true
"bubble","Random",500,45,483744,151600,true,true
"bubble","Random",500,46,558464,175000,true,true
"bubble","Random",500,47,525472,164700,true,true
"bubble","Random",500,48,533344,167200,true,true
"bubble","Random",500,49,491936,154200,true,true
"bubble","Random",500,50,507968,159100,true,true
"bubble","Random",500,51,503168,157700,true,true
"bubble","Random",500,52,539040,168900,true,true
"bubble","Random",500,53,490112,153600,true,true
"bubble","Random",500,54,495776,155400,true,true
"bubble","Random",500,55,479456,150400,true,true
"bubble","Random",500,56,528448,165700,true,true
"bubble","Random",500,57,504128,158000,true,true
"bubble","Random",500,58,537888,168500,true,true
"bubble","Random",500,59,582816,182600,true,true
"bubble","Random",500,60,502176,157300,true,true
"bubble","Random",500,61,522560,163700,true,true
"bubble","Random",500,62,504032,157900,true,true
"bubble","Random",500,63,504992,158200,true,true
"bubble","Random",500,64,562528,176200,true,true
"bubble","Random",500,65,503168,157700,true,true
"bubble","Random",500,66,491616,154000,true,true
"bubble","Random",500,67,501984,157400,true,true
"bubble","Random",500,68,505600,158400,true,true
"bubble","Random",500,69,498496,156200,true,true
"bubble","Random",500,70,547872,171700,true,true
"bubble","Random",500,71,502464,157600,true,true
"bubble","Random",500,72,482624,151200,true,true
"bubble","Random",500,73,513024,160700,true,true
"bubble","Random",500,74,502752,157500,true,true
"bubble","Random",500,75,492416,154300,true,true
"bubble","Random",500,76,549344,172200,true,true
"bubble","Random",500,77,496768,155600,true,true
"bubble","Random",500,78,490208,153600,true,true
"bubble","Random",500,79,499168,156400,true,true
"bubble","Random",500,80,491616,154000,true,true
"bubble","Random",500,81,494080,154800,true,true
"bubble","Random",500,82,540768,169400,true,true
"bubble","Random",500,83,482432,151200,true,true
"bubble","Random",500,84,501312,157100,true,true
"bubble","Random",500,85,520032,162900,true,true
"bubble","Random",500,86,492576,154400,true,true
"bubble","Random",500,87,484192,151700,true,true
"bubble","Random",500,88,490560,153700,true,true
"bubble","Random",500,89,538560,168800,true,true
"bubble","Random",500,90,484576,152000,true,true
"bubble","Random",500,91,496288,155500,true,true
"bubble","Random",500,92,501472,157200,true,true
"bubble","Random",500,93,498752,156200,true,true
"bubble","Random",500,94,506688,158700,true,true
"bubble","Random",500,95,546368,171200,true,true
"bubble","Random",500,96,505344,158400,true,true
"bubble","Random",500,97,496384,155500,true,true
"bubble","Random",500,98,480672,150600,true,true
"bubble","Random",500,99,495232,155100,true,true
"insertion","Random",500,0,127936,40100,true,true
"insertion","Random",500,1,123520,38800,true,true
"insertion","Random",500,2,122048,38400,true,true
"insertion","Random",500,3,129056,40600,true,true
"insertion","Random",500,4,120864,38000,true,true
"insertion","Random",500,5,126208,39600,true,true
"insertion","Random",500,6,129280,40600,true,true
"insertion","Random",500,7,172416,54100,true,true
"insertion","Random",500,8,128960,40500,true,true
"insertion","Random",500,9,125408,39400,true,true
"insertion","Random",500,10,123584,38800,true,true
"insertion","Random",500,11,124736,39100,true,true
"insertion","Random",500,12,127040,39900,true,true
"insertion","Random",500,13,121248,38100,true,true
"insertion","Random",500,14,127360,40000,true,true
"insertion","Random",500,15,128896,40500,true,true
"insertion","Random",500,16,124256,39000,true,true
"insertion","Random",500,17,142176,44600,true,true
"insertion","Random",500,18,119456,37500,true,true
"insertion","Random",500,19,121024,38000,true,true
"insertion","Random",500,20,117536,36900,true,true
"insertion","Random",500,21,120832,38000,true,true
"insertion","Random",500,22,122720,38500,true,true
"insertion","Random",500,23,129280,40600,true,true
"insertion","Random",500,24,120800,38000,true,true
"insertion","Random",500,25,122912,38600,true,true
"insertion","Random",500,26,123360,38800,true,true
"insertion","Random",500,27,125696,39400,true,true
"insertion","Random",500,28,125024,39300,true,true
"insertion","Random",500,29,120576,37900,true,true
"insertion","Random",500,30,170720,53600,true,true
"insertion","Random",500,31,124416,39000,true,true
"insertion","Random",500,32,121408,38100,true,true
"insertion","Random",500,33,125824,39500,true,true
"insertion","Random",500,34,130880,41000,true,true
"insertion","Random",500,35,122304,38400,true,true
"insertion","Random",500,36,125824,39500,true,true
"insertion","Random",500,37,124064,38900,true,true
"insertion","Random",500,38,125600,39400,true,true
"insertion","Random",500,39,122208,38400,true,true
"insertion","Random",500,40,122240,38400,true,true
"insertion","Random",500,41,116640,36600,true,true
"insertion","Random",500,42,127296,40000,true,true
"insertion","Random",500,43,124480,39000,true,true
"insertion","Random",500,44,121312,38100,true,true
"insertion","Random",500,45,484794,152900,true,true
"insertion","Random",500,46,344992,108300,true,true
"insertion","Random",500,47,320672,100600,true,true
"insertion","Random",500,48,396358,124800,true,true
"insertion","Random",500,49,126560,39800,true,true
"insertion","Random",500,50,178208,55900,true,true
"insertion","Random",500,51,150208,47100,true,true
"insertion","Random",500,52,150144,47200,true,true
"insertion","Random",500,53,146912,46200,true,true
"insertion","Random",500,54,152224,47800,true,true
"insertion","Random",500,55,181024,56800,true,true
"insertion","Random",500,56,175392,55000,true,true
"insertion","Random",500,57,175072,55000,true,true
"insertion","Random",500,58,160384,50400,true,true
"insertion","Random",500,59,181184,56900,true,true
"insertion","Random",500,60,191648,60100,true,true
"insertion","Random",500,61,186880,58700,true,true
"insertion","Random",500,62,175520,55100,true,true
"insertion","Random",500,63,482800,151900,true,true
"insertion","Random",500,64,296426,93700,true,true
"insertion","Random",500,65,131936,41500,true,true
"insertion","Random",500,66,121504,38200,true,true
"insertion","Random",500,67,127392,40000,true,true
"insertion","Random",500,68,128352,40300,true,true
"insertion","Random",500,69,217440,68500,true,true
"insertion","Random",500,70,119584,37500,true,true
"insertion","Random",500,71,119648,37500,true,true
"insertion","Random",500,72,127040,39900,true,true
"insertion","Random",500,73,124448,39000,true,true
"insertion","Random",500,74,126304,39700,true,true
"insertion","Random",500,75,127680,40100,true,true
"insertion","Random",500,76,124256,39100,true,true
"insertion","Random",500,77,126880,39800,true,true
"insertion","Random",500,78,123328,38700,true,true
"insertion","Random",500,79,125856,39500,true,true
"insertion","Random",500,80,124992,39300,true,true
"insertion","Random",500,81,121728,38300,true,true
"insertion","Random",500,82,122976,38600,true,true
"insertion","Random",500,83,126784,39800,true,true
"insertion","Random",500,84,125216,39300,true,true
"insertion","Random",500,85,121312,38100,true,true
"insertion","Random",500,86,123200,38600,true,true
"insertion","Random",500,87,118592,37200,true,true
"insertion","Random",500,88,125216,39300,true,true
"insertion","Random",500,89,121056,38000,true,true
"insertion","Random",500,90,119168,37500,true,true
"insertion","Random",500,91,121216,38100,true,true
"insertion","Random",500,92,125376,39400,true,true
"insertion","Random",500,93,121600,38200,true,true
"insertion","Random",500,94,121344,38100,true,true
"insertion","Random",500,95,125312,39400,true,true
"insertion","Random",500,96,126752,39800,true,true
"insertion","Random",500,97,119008,37400,true,true
"insertion","Random",500,98,118112,37000,true,true
"insertion","Random",500,99,128832,40500,true,true
"selection","Random",500,0,316320,99100,true,true
"selection","Random",500,1,379712,119000,true,true
"selection","Random",500,2,914656,286800,true,true
"selection","Random",500,3,851085,267100,true,true
"selection","Random",500,4,419776,131700,true,true
"selection","Random",500,5,442720,139000,true,true
"selection","Random",500,6,445952,139800,true,true
"selection","Random",500,7,391904,123000,true,true
"selection","Random",500,8,506890,159400,true,true
"selection","Random",500,9,874006,274400,true,true
"selection","Random",500,10,403232,126400,true,true
"selection","Random",500,11,394752,123800,true,true
"selection","Random",500,12,483968,151800,true,true
"selection","Random",500,13,468544,147000,true,true
"selection","Random",500,14,457024,143300,true,true
"selection","Random",500,15,608970,191500,true,true
"selection","Random",500,16,590985,185800,true,true
"selection","Random",500,17,879160,275900,true,true
"selection","Random",500,18,450880,141400,true,true
"selection","Random",500,19,579461,182500,true,true
"selection","Random",500,20,435776,136600,true,true
"selection","Random",500,21,488224,153000,true,true
"selection","Random",500,22,556864,174600,true,true
"selection","Random",500,23,459104,143900,true,true
"selection","Random",500,24,473600,148400,true,true
"selection","Random",500,25,483072,151400,true,true
"selection","Random",500,26,483424,151600,true,true
"selection","Random",500,27,546720,171300,true,true
"selection","Random",500,28,508864,159500,true,true
"selection","Random",500,29,485792,152300,true,true
"selection","Random",500,30,482912,151300,true,true
"selection","Random",500,31,475136,148900,true,true
"selection","Random",500,32,466720,146300,true,true
"selection","Random",500,33,548000,171700,true,true
"selection","Random",500,34,488224,153000,true,true
"selection","Random",500,35,486688,152500,true,true
"selection","Random",500,36,461216,144500,true,true
"selection","Random",500,37,490176,153600,true,true
"selection","Random",500,38,489792,153500,true,true
"selection","Random",500,39,499936,156600,true,true
"selection","Random",500,40,527904,165500,true,true
"selection","Random",500,41,509472,159800,true,true
"selection","Random",500,42,487424,152800,true,true
"selection","Random",500,43,482784,151300,true,true
"selection","Random",500,44,476928,149500,true,true
"selection","Random",500,45,411200,129000,true,true
"selection","Random",500,46,379232,119100,true,true
"selection","Random",500,47,311104,97600,true,true
"selection","Random",500,48,315424,98900,true,true
"selection","Random",500,49,310464,97400,true,true
"selection","Random",500,50,314176,98400,true,true
"selection","Random",500,51,313120,98100,true,true
"selection","Random",500,52,318080,99800,true,true
"selection","Random",500,53,316864,99300,true,true
"selection","Random",500,54,311104,97600,true,true
"selection","Random",500,55,314560,98600,true,true
"selection","Random",500,56,371456,116500,true,true
"selection","Random",500,57,314528,98900,true,true
"selection","Random",500,58,327904,102800,true,true
"selection","Random",500,59,315040,98800,true,true
"selection","Random",500,60,316768,99300,true,true
"selection","Random",500,61,311680,97700,true,true
"selection","Random",500,62,309088,96900,true,true
"selection","Random",500,63,314176,98500,true,true
"selection","Random",500,64,312192,97900,true,true
"selection","Random",500,65,385760,121100,true,true
"selection","Random",500,66,386272,121100,true,true
"selection","Random",500,67,394784,123800,true,true
"selection","Random",500,68,452928,142000,true,true
"selection","Random",500,69,401536,125900,true,true
"selection","Random",500,70,320000,100800,true,true
"selection","Random",500,71,315168,98800,true,true
"selection","Random",500,72,311936,97800,true,true
"selection","Random",500,73,400160,125500,true,true
"selection","Random",500,74,324928,101900,true,true
"selection","Random",500,75,338656,106400,true,true
"selection","Random",500,76,315168,98800,true,true
"selection","Random",500,77,318144,99800,true,true
"selection","Random",500,78,314848,98700,true,true
"selection","Random",500,79,314720,98700,true,true
"selection","Random",500,80,314464,98600,true,true
"selection","Random",500,81,315328,98800,true,true
"selection","Random",500,82,380128,119200,true,true
"selection","Random",500,83,317888,99700,true,true
"selection","Random",500,84,315808,99100,true,true
"selection","Random",500,85,312384,97900,true,true
"selection","Random",500,86,385248,120700,true,true
"selection","Random",500,87,341920,107200,true,true
"selection","Random",500,88,310016,97200,true,true
"selection","Random",500,89,310176,97400,true,true
"selection","Random",500,90,312000,97800,true,true
"selection","Random",500,91,315328,98800,true,true
"selection","Random",500,92,319936,100300,true,true
"selection","Random",500,93,335968,105400,true,true
"selection","Random",500,94,385120,120700,true,true
"selection","Random",500,95,315168,98800,true,true
"selection","Random",500,96,442240,138600,true,true
"selection","Random",500,97,323552,101400,true,true
"selection","Random",500,98,313792,98300,true,true
"selection","Random",500,99,390176,122400,true,true
"merge","Random",500,0,86432,27200,true,true
"merge","Random",500,1,87296,27400,true,true
"merge","Random",500,2,86400,27100,true,true
"merge","Random",500,3,87392,27500,true,true
"merge","Random",500,4,86976,27300,true,true
"merge","Random",500,5,91392,28700,true,true
"merge","Random",500,6,92160,28900,true,true
"merge","Random",500,7,89344,28100,true,true
"merge","Random",500,8,183136,57500,true,true
"merge","Random",500,9,88608,27800,true,true
"merge","Random",500,10,89824,28300,true,true
"merge","Random",500,11,86144,27100,true,true
"merge","Random",500,12,89088,28100,true,true
"merge","Random",500,13,89600,28100,true,true
"merge","Random",500,14,116320,36600,true,true
"merge","Random",500,15,89280,28000,true,true
"merge","Random",500,16,88736,27900,true,true
"merge","Random",500,17,88640,27900,true,true
"merge","Random",500,18,87968,27700,true,true
"merge","Random",500,19,89984,28300,true,true
"merge","Random",500,20,87584,27600,true,true
"merge","Random",500,21,88672,27900,true,true
"merge","Random",500,22,87840,27600,true,true
"merge","Random",500,23,87680,27600,true,true
"merge","Random",500,24,86880,27400,true,true
"merge","Random",500,25,87968,27600,true,true
"merge","Random",500,26,88608,27900,true,true
"merge","Random",500,27,88736,27900,true,true
"merge","Random",500,28,88416,27800,true,true
"merge","Random",500,29,86912,27400,true,true
"merge","Random",500,30,87552,27600,true,true
"merge","Random",500,31,87264,27400,true,true
"merge","Random",500,32,87264,27500,true,true
"merge","Random",500,33,87776,27600,true,true
"merge","Random",500,34,85856,26900,true,true
"merge","Random",500,35,89024,28000,true,true
"merge","Random",500,36,87616,27500,true,true
"merge","Random",500,37,86304,27200,true,true
"merge","Random",500,38,153248,48100,true,true
"merge","Random",500,39,88000,27900,true,true
"merge","Random",500,40,88768,27900,true,true
"merge","Random",500,41,86560,27300,true,true
"merge","Random",500,42,88640,27800,true,true
"merge","Random",500,43,88064,27600,true,true
"merge","Random",500,44,86624,27300,true,true
"merge","Random",500,45,85920,27000,true,true
"merge","Random",500,46,88320,27800,true,true
"merge","Random",500,47,87104,27400,true,true
"merge","Random",500,48,86976,27400,true,true
"merge","Random",500,49,86912,27300,true,true
"merge","Random",500,50,88480,27800,true,true
"merge","Random",500,51,86560,27200,true,true
"merge","Random",500,52,88960,28000,true,true
"merge","Random",500,53,88064,27700,true,true
"merge","Random",500,54,85856,27000,true,true
"merge","Random",500,55,88800,27900,true,true
"merge","Random",500,56,86752,27300,true,true
"merge","Random",500,57,88992,28000,true,true
"merge","Random",500,58,86208,27100,true,true
"merge","Random",500,59,88384,27800,true,true
"merge","Random",500,60,86304,27200,true,true
"merge","Random",500,61,87776,27600,true,true
"merge","Random",500,62,87104,27400,true,true
"merge","Random",500,63,87712,27500,true,true
"merge","Random",500,64,87904,27600,true,true
"merge","Random",500,65,88224,27700,true,true
"merge","Random",500,66,88800,27900,true,true
"merge","Random",500,67,86304,27200,true,true
"merge","Random",500,68,88224,27900,true,true
"merge","Random",500,69,197216,61900,true,true
"merge","Random",500,70,86368,27200,true,true
"merge","Random",500,71,88512,27900,true,true
"merge","Random",500,72,87808,27600,true,true
"merge","Random",500,73,89024,28000,true,true
"merge","Random",500,74,87072,27400,true,true
"merge","Random",500,75,105248,33100,true,true
"merge","Random",500,76,85984,27100,true,true
"merge","Random",500,77,94208,29600,true,true
"merge","Random",500,78,91872,28900,true,true
"merge","Random",500,79,90752,28500,true,true
"merge","Random",500,80,90560,28500,true,true
"merge","Random",500,81,89056,28000,true,true
"merge","Random",500,82,88480,27800,true,true
"merge","Random",500,83,88704,27900,true,true
"merge","Random",500,84,87904,27700,true,true
"merge","Random",500,85,89152,28000,true,true
"merge","Random",500,86,87776,27600,true,true
"merge","Random",500,87,87904,27700,true,true
"merge","Random",500,88,87328,27500,true,true
"merge","Random",500,89,88416,27800,true,true
"merge","Random",500,90,88480,27800,true,true
"merge","Random",500,91,88096,27700,true,true
"merge","Random",500,92,88288,27700,true,true
"merge","Random",500,93,90336,28300,true,true
"merge","Random",500,94,87264,27500,true,true
"merge","Random",500,95,89600,28200,true,true
"merge","Random",500,96,88352,27700,true,true
"merge","Random",500,97,85696,26900,true,true
"merge","Random",500,98,87168,27400,true,true
"merge","Random",500,99,86976,27400,true,true
"quicksort","Random",500,0,95136,29900,true,true
"quicksort","Random",500,1,93856,29500,true,true
"quicksort","Random",500,2,93440,29400,true,true
"quicksort","Random",500,3,95328,30000,true,true
"quicksort","Random",500,4,91424,28800,true,true
"quicksort","Random",500,5,94432,29700,true,true
"quicksort","Random",500,6,94848,29800,true,true
"quicksort","Random",500,7,157856,49600,true,true
"quicksort","Random",500,8,91488,29000,true,true
"quicksort","Random",500,9,91680,28800,true,true
"quicksort","Random",500,10,92320,29000,true,true
"quicksort","Random",500,11,94016,29600,true,true
"quicksort","Random",500,12,93952,29500,true,true
"quicksort","Random",500,13,91232,28700,true,true
"quicksort","Random",500,14,112768,35400,true,true
"quicksort","Random",500,15,92576,29100,true,true
"quicksort","Random",500,16,92832,29200,true,true
"quicksort","Random",500,17,92064,28900,true,true
"quicksort","Random",500,18,92576,29100,true,true
"quicksort","Random",500,19,89312,28100,true,true
"quicksort","Random",500,20,92928,29200,true,true
"quicksort","Random",500,21,92960,29200,true,true
"quicksort","Random",500,22,96256,30200,true,true
"quicksort","Random",500,23,95424,30000,true,true
"quicksort","Random",500,24,90560,28400,true,true
"quicksort","Random",500,25,93536,29400,true,true
"quicksort","Random",500,26,92832,29100,true,true
"quicksort","Random",500,27,88704,27800,true,true
"quicksort","Random",500,28,91264,28700,true,true
"quicksort","Random",500,29,93568,29400,true,true
"quicksort","Random",500,30,92864,29200,true,true
"quicksort","Random",500,31,88672,27900,true,true
"quicksort","Random",500,32,92480,29000,true,true
"quicksort","Random",500,33,92896,29200,true,true
"quicksort","Random",500,34,91680,28800,true,true
"quicksort","Random",500,35,94080,29600,true,true
"quicksort","Random",500,36,154880,48600,true,true
"quicksort","Random",500,37,92256,29000,true,true
"quicksort","Random",500,38,94720,29800,true,true
"quicksort","Random",500,39,92096,28900,true,true
"quicksort","Random",500,40,89568,28100,true,true
"quicksort","Random",500,41,88992,28000,true,true
"quicksort","Random",500,42,94464,29700,true,true
"quicksort","Random",500,43,89568,28200,true,true
"quicksort","Random",500,44,88736,27900,true,true
"quicksort","Random",500,45,88064,27700,true,true
"quicksort","Random",500,46,87744,27600,true,true
"quicksort","Random",500,47,91904,28900,true,true
"quicksort","Random",500,48,93760,29500,true,true
"quicksort","Random",500,49,90880,28600,true,true
"quicksort","Random",500,50,88480,27900,true,true
"quicksort","Random",500,51,94272,29600,true,true
"quicksort","Random",500,52,91680,28800,true,true
"quicksort","Random",500,53,88160,27800,true,true
"quicksort","Random",500,54,87808,27600,true,true
"quicksort","Random",500,55,90624,28500,true,true
"quicksort","Random",500,56,90336,28400,true,true
"quicksort","Random",500,57,90688,28500,true,true
"quicksort","Random",500,58,91680,28800,true,true
"quicksort","Random",500,59,93408,29300,true,true
"quicksort","Random",500,60,93536,29400,true,true
"quicksort","Random",500,61,90816,28600,true,true
"quicksort","Random",500,62,90144,28300,true,true
"quicksort","Random",500,63,93728,29400,true,true
"quicksort","Random",500,64,89376,28000,true,true
"quicksort","Random",500,65,89888,28200,true,true
"quicksort","Random",500,66,152704,47900,true,true
"quicksort","Random",500,67,89632,28200,true,true
"quicksort","Random",500,68,91904,28800,true,true
"quicksort","Random",500,69,92384,29000,true,true
"quicksort","Random",500,70,90368,28400,true,true
"quicksort","Random",500,71,89504,28200,true,true
"quicksort","Random",500,72,91072,28700,true,true
"quicksort","Random",500,73,116800,36700,true,true
"quicksort","Random",500,74,90976,28600,true,true
"quicksort","Random",500,75,92064,29000,true,true
"quicksort","Random",500,76,90432,28400,true,true
"quicksort","Random",500,77,93056,29300,true,true
"quicksort","Random",500,78,90496,28500,true,true
"quicksort","Random",500,79,87520,27500,true,true
"quicksort","Random",500,80,92512,29000,true,true
"quicksort","Random",500,81,90464,28400,true,true
"quicksort","Random",500,82,91232,28700,true,true
"quicksort","Random",500,83,91232,28700,true,true
"quicksort","Random",500,84,91552,28800,true,true
"quicksort","Random",500,85,90784,28600,true,true
"quicksort","Random",500,86,88160,27700,true,true
"quicksort","Random",500,87,91296,28700,true,true
"quicksort","Random",500,88,88384,27800,true,true
"quicksort","Random",500,89,89920,28300,true,true
"quicksort","Random",500,90,92192,29000,true,true
"quicksort","Random",500,91,88832,27900,true,true
"quicksort","Random",500,92,92384,29100,true,true
"quicksort","Random",500,93,90528,28400,true,true
"quicksort","Random",500,94,88096,27700,true,true
"quicksort","Random",500,95,91552,28800,true,true
"quicksort","Random",500,96,156032,49000,true,true
"quicksort","Random",500,97,88544,27800,true,true
"quicksort","Random",500,98,90304,28400,true,true
"quicksort","Random",500,99,88960,28000,true,true
"heap","Random",500,0,105472,33200,true,true
"heap","Random",500,1,106016,33300,true,true
"heap","Random",500,2,169152,53100,true,true
"heap","Random",500,3,106368,33500,true,true
"heap","Random",500,4,105216,33100,true,true
"heap","Random",500,5,106976,33600,true,true
"heap","Random",500,6,105088,33000,true,true
"heap","Random",500,7,106080,33300,true,true
"heap","Random",500,8,121920,38400,true,true
"heap","Random",500,9,104320,32700,true,true
"heap","Random",500,10,105344,33100,true,true
"heap","Random",500,11,106496,33500,true,true
"heap","Random",500,12,106528,33500,true,true
"heap","Random",500,13,104128,32700,true,true
"heap","Random",500,14,105216,33100,true,true
"heap","Random",500,15,103392,32500,true,true
"heap","Random",500,16,104064,32700,true,true
"heap","Random",500,17,104640,32900,true,true
"heap","Random",500,18,104448,32800,true,true
"heap","Random",500,19,103488,32500,true,true
"heap","Random",500,20,103936,32600,true,true
"heap","Random",500,21,105504,33200,true,true
"heap","Random",500,22,104384,32800,true,true
"heap","Random",500,23,104320,32800,true,true
"heap","Random",500,24,103456,32500,true,true
"heap","Random",500,25,103104,32400,true,true
"heap","Random",500,26,105344,33100,true,true
"heap","Random",500,27,107296,33700,true,true
"heap","Random",500,28,162592,51000,true,true
"heap","Random",500,29,103616,32600,true,true
"heap","Random",500,30,105408,33100,true,true
"heap","Random",500,31,105440,33100,true,true
"heap","Random",500,32,105504,33100,true,true
"heap","Random",500,33,105600,33200,true,true
"heap","Random",500,34,103296,32500,true,true
"heap","Random",500,35,103904,32600,true,true
"heap","Random",500,36,104032,32700,true,true
"heap","Random",500,37,101696,31900,true,true
"heap","Random",500,38,105984,33300,true,true
"heap","Random",500,39,105376,33100,true,true
"heap","Random",500,40,106080,33400,true,true
"heap","Random",500,41,104608,32800,true,true
"heap","Random",500,42,104064,32700,true,true
"heap","Random",500,43,104768,33000,true,true
"heap","Random",500,44,104160,32700,true,true
"heap","Random",500,45,103264,32500,true,true
"heap","Random",500,46,104992,33000,true,true
"heap","Random",500,47,102592,32200,true,true
"heap","Random",500,48,105376,33100,true,true
"heap","Random",500,49,104576,32800,true,true
"heap","Random",500,50,104288,32800,true,true
"heap","Random",500,51,103744,32600,true,true
"heap","Random",500,52,105120,33000,true,true
"heap","Random",500,53,102560,32200,true,true
"heap","Random",500,54,103232,32500,true,true
"heap","Random",500,55,158816,49800,true,true
"heap","Random",500,56,104000,32800,true,true
"heap","Random",500,57,103744,32600,true,true
"heap","Random",500,58,104448,32800,true,true
"heap","Random",500,59,102816,32300,true,true
"heap","Random",500,60,105216,33100,true,true
"heap","Random",500,61,102272,32200,true,true
"heap","Random",500,62,119840,37600,true,true
"heap","Random",500,63,104000,32600,true,true
"heap","Random",500,64,104800,32900,true,true
"heap","Random",500,65,104224,32800,true,true
"heap","Random",500,66,102080,32100,true,true
"heap","Random",500,67,103200,32500,true,true
"heap","Random",500,68,103904,32600,true,true
"heap","Random",500,69,102176,32100,true,true
"heap","Random",500,70,103616,32600,true,true
"heap","Random",500,71,104128,32800,true,true
"heap","Random",500,72,103520,32500,true,true
"heap","Random",500,73,104256,32800,true,true
"heap","Random",500,74,104480,32800,true,true
"heap","Random",500,75,104416,32800,true,true
"heap","Random",500,76,104544,32900,true,true
"heap","Random",500,77,104672,32900,true,true
"heap","Random",500,78,103680,32500,true,true
"heap","Random",500,79,102240,32100,true,true
"heap","Random",500,80,102784,32300,true,true
"heap","Random",500,81,103936,32700,true,true
"heap","Random",500,82,159552,50100,true,true
"heap","Random",500,83,103968,32600,true,true
"heap","Random",500,84,102624,32200,true,true
"heap","Random",500,85,103456,32500,true,true
"heap","Random",500,86,102208,32100,true,true
"heap","Random",500,87,104096,32700,true,true
"heap","Random",500,88,121952,38300,true,true
"heap","Random",500,89,114752,36100,true,true
"heap","Random",500,90,121184,38100,true,true
"heap","Random",500,91,113088,35600,true,true
"heap","Random",500,92,118912,37300,true,true
"heap","Random",500,93,110528,34700,true,true
"heap","Random",500,94,109024,34800,true,true
"heap","Random",500,95,110496,34700,true,true
"heap","Random",500,96,126016,39800,true,true
"heap","Random",500,97,113824,35800,true,true
"heap","Random",500,98,103904,32700,true,true
"heap","Random",500,99,104512,32800,true,true
"std-sort","Random",500,0,85760,26900,true,true
"std-sort","Random",500,1,60928,19200,true,true
"std-sort","Random",500,2,59392,18700,true,true
"std-sort","Random",500,3,61312,19300,true,true
"std-sort","Random",500,4,62304,19700,true,true
"std-sort","Random",500,5,60704,19200,true,true
"std-sort","Random",500,6,63424,20000,true,true
"std-sort","Random",500,7,60480,19000,true,true
"std-sort","Random",500,8,62016,19500,true,true
"std-sort","Random",500,9,57920,18200,true,true
"std-sort","Random",500,10,60288,19000,true,true
"std-sort","Random",500,11,63456,20000,true,true
"std-sort","Random",500,12,61216,19300,true,true
"std-sort","Random",500,13,59744,18800,true,true
"std-sort","Random",500,14,61184,19300,true,true
"std-sort","Random",500,15,61024,19200,true,true
"std-sort","Random",500,16,60896,19100,true,true
"std-sort","Random",500,17,63808,20100,true,true
"std-sort","Random",500,18,59712,18800,true,true
"std-sort","Random",500,19,61184,19300,true,true
"std-sort","Random",500,20,59968,18900,true,true
"std-sort","Random",500,21,62016,19600,true,true
"std-sort","Random",500,22,62400,19600,true,true
"std-sort","Random",500,23,62272,19600,true,true
"std-sort","Random",500,24,61792,19500,true,true
"std-sort","Random",500,25,62080,19600,true,true
"std-sort","Random",500,26,58080,18300,true,true
"std-sort","Random",500,27,64480,20300,true,true
"std-sort","Random",500,28,60608,19100,true,true
"std-sort","Random",500,29,60320,19000,true,true
"std-sort","Random",500,30,63520,20000,true,true
"std-sort","Random",500,31,62592,39300,true,true
"std-sort","Random",500,32,59648,18700,true,true
"std-sort","Random",500,33,58976,18500,true,true
"std-sort","Random",500,34,59616,18800,true,true
"std-sort","Random",500,35,61280,19300,true,true
"std-sort","Random",500,36,58784,18500,true,true
"std-sort","Random",500,37,61024,19200,true,true
"std-sort","Random",500,38,59520,18800,true,true
"std-sort","Random",500,39,61440,19400,true,true
"std-sort","Random",500,40,63136,19900,true,true
"std-sort","Random",500,41,58752,18500,true,true
"std-sort","Random",500,42,60544,19000,true,true
"std-sort","Random",500,43,60384,19000,true,true
"std-sort","Random",500,44,60352,19000,true,true
"std-sort","Random",500,45,59552,18700,true,true
"std-sort","Random",500,46,59424,18700,true,true
"std-sort","Random",500,47,59200,18700,true,true
"std-sort","Random",500,48,61280,19300,true,true
"std-sort","Random",500,49,60160,19000,true,true
"std-sort","Random",500,50,61856,19400,true,true
"std-sort","Random",500,51,59552,18800,true,true
"std-sort","Random",500,52,60480,19100,true,true
"std-sort","Random",500,53,59936,18800,true,true
"std-sort","Random",500,54,60480,19000,true,true
"std-sort","Random",500,55,60640,19100,true,true
"std-sort","Random",500,56,60416,19000,true,true
"std-sort","Random",500,57,61408,19400,true,true
"std-sort","Random",500,58,60928,19200,true,true
"std-sort","Random",500,59,59968,18900,true,true
"std-sort","Random",500,60,63392,20000,true,true
"std-sort","Random",500,61,61536,19400,true,true
"std-sort","Random",500,62,60960,19200,true,true
"std-sort","Random",500,63,59232,18600,true,true
"std-sort","Random",500,64,60352,19000,true,true
"std-sort","Random",500,65,61728,19500,true,true
"std-sort","Random",500,66,58944,18600,true,true
"std-sort","Random",500,67,61504,19400,true,true
"std-sort","Random",500,68,60256,19000,true,true
"std-sort","Random",500,69,61152,19300,true,true
"std-sort","Random",500,70,60768,19100,true,true
"std-sort","Random",500,71,62624,19700,true,true
"std-sort","Random",500,72,60992,19200,true,true
"std-sort","Random",500,73,59936,18900,true,true
"std-sort","Random",500,74,59648,18800,true,true
"std-sort","Random",500,75,59680,18800,true,true
"std-sort","Random",500,76,58112,18300,true,true
"std-sort","Random",500,77,61728,19400,true,true
"std-sort","Random",500,78,60768,19100,true,true
"std-sort","Random",500,79,82496,26000,true,true
"std-sort","Random",500,80,63200,19900,true,true
"std-sort","Random",500,81,61696,19400,true,true
"std-sort","Random",500,82,75648,23900,true,true
"std-sort","Random",500,83,75232,23700,true,true
"std-sort","Random",500,84,60544,19100,true,true
"std-sort","Random",500,85,57760,18200,true,true
"std-sort","Random",500,86,77248,24400,true,true
"std-sort","Random",500,87,73952,23200,true,true
"std-sort","Random",500,88,67200,21200,true,true
"std-sort","Random",500,89,74912,23600,true,true
"std-sort","Random",500,90,61856,19500,true,true
"std-sort","Random",500,91,60448,19100,true,true
"std-sort","Random",500,92,59296,18700,true,true
"std-sort","Random",500,93,62240,19600,true,true
"std-sort","Random",500,94,59392,18700,true,true
"std-sort","Random",500,95,63680,20000,true,true
"std-sort","Random",500,96,62624,19700,true,true
"std-sort","Random",500,97,61696,19400,true,true
"std-sort","Random",500,98,58592,18500,true,true
"std-sort","Random",500,99,62208,19600,true,true
"std-stable-sort","Random",500,0,65888,20700,true,true
"std-stable-sort","Random",500,1,66400,20900,true,true
"std-stable-sort","Random",500,2,66592,21000,true,true
"std-stable-sort","Random",500,3,65696,20700,true,true
"std-stable-sort","Random",500,4,66176,20900,true,true
"std-stable-sort","Random",500,5,66912,21100,true,true
"std-stable-sort","Random",500,6,68000,21400,true,true
"std-stable-sort","Random",500,7,65984,20800,true,true
"std-stable-sort","Random",500,8,65728,20700,true,true
"std-stable-sort","Random",500,9,67264,21200,true,true
"std-stable-sort","Random",500,10,65504,20600,true,true
"std-stable-sort","Random",500,11,66784,21100,true,true
"std-stable-sort","Random",500,12,65824,20700,true,true
"std-stable-sort","Random",500,13,64896,20400,true,true
"std-stable-sort","Random",500,14,65536,20600,true,true
"std-stable-sort","Random",500,15,65696,20700,true,true
"std-stable-sort","Random",500,16,65568,20700,true,true
"std-stable-sort","Random",500,17,65664,20700,true,true
"std-stable-sort","Random",500,18,66368,20900,true,true
"std-stable-sort","Random",500,19,65888,20800,true,true
"std-stable-sort","Random",500,20,67168,21100,true,true
"std-stable-sort","Random",500,21,65792,20700,true,true
"std-stable-sort","Random",500,22,65408,20600,true,true
"std-stable-sort","Random",500,23,66656,21000,true,true
"std-stable-sort","Random",500,24,64512,20300,true,true
"std-stable-sort","Random",500,25,65536,20700,true,true
"std-stable-sort","Random",500,26,66688,21000,true,true
"std-stable-sort","Random",500,27,65632,20700,true,true
"std-stable-sort","Random",500,28,64640,20400,true,true
"std-stable-sort","Random",500,29,65600,20700,true,true
"std-stable-sort","Random",500,30,65664,20700,true,true
"std-stable-sort","Random",500,31,65248,20600,true,true
"std-stable-sort","Random",500,32,65856,20700,true,true
"std-stable-sort","Random",500,33,66848,21000,true,true
"std-stable-sort","Random",500,34,64992,20500,true,true
"std-stable-sort","Random",500,35,65408,20600,true,true
"std-stable-sort","Random",500,36,65888,20700,true,true
"std-stable-sort","Random",500,37,65600,20600,true,true
"std-stable-sort","Random",500,38,65664,20700,true,true
"std-stable-sort","Random",500,39,64736,20400,true,true
"std-stable-sort","Random",500,40,67296,21200,true,true
"std-stable-sort","Random",500,41,65408,20600,true,true
"std-stable-sort","Random",500,42,84960,26700,true,true
"std-stable-sort","Random",500,43,64992,20400,true,true
"std-stable-sort","Random",500,44,65824,20700,true,true
"std-stable-sort","Random",500,45,66720,21000,true,true
"std-stable-sort","Random",500,46,64800,20400,true,true
"std-stable-sort","Random",500,47,65344,20500,true,true
"std-stable-sort","Random",500,48,66272,20800,true,true
"std-stable-sort","Random",500,49,66144,20800,true,true
"std-stable-sort","Random",500,50,66624,21000,true,true
"std-stable-sort","Random",500,51,65568,20700,true,true
"std-stable-sort","Random",500,52,65888,20700,true,true
"std-stable-sort","Random",500,53,65792,20700,true,true
"std-stable-sort","Random",500,54,65344,20500,true,true
"std-stable-sort","Random",500,55,65472,20600,true,true
"std-stable-sort","Random",500,56,65088,20500,true,true
"std-stable-sort","Random",500,57,64224,20200,true,true
"std-stable-sort","Random",500,58,64608,20300,true,true
"std-stable-sort","Random",500,59,66304,20900,true,true
"std-stable-sort","Random",500,60,65152,20500,true,true
"std-stable-sort","Random",500,61,65024,20400,true,true
"std-stable-sort","Random",500,62,65056,20500,true,true
"std-stable-sort","Random",500,63,65152,20500,true,true
"std-stable-sort","Random",500,64,65888,20800,true,true
"std-stable-sort","Random",500,65,65024,20500,true,true
"std-stable-sort","Random",500,66,64320,20400,true,true
"std-stable-sort","Random",500,67,67136,21200,true,true
"std-stable-sort","Random",500,68,66272,20900,true,true
"std-stable-sort","Random",500,69,66016,20800,true,true
"std-stable-sort","Random",500,70,64960,20400,true,true
"std-stable-sort","Random",500,71,65888,20700,true,true
"std-stable-sort","Random",500,72,65856,20700,true,true
"std-stable-sort","Random",500,73,65952,20800,true,true
"std-stable-sort","Random",500,74,65120,20500,true,true
"std-stable-sort","Random",500,75,65312,20600,true,true
"std-stable-sort","Random",500,76,66144,20900,true,true
"std-stable-sort","Random",500,77,64800,20400,true,true
"std-stable-sort","Random",500,78,66016,20800,true,true
"std-stable-sort","Random",500,79,65728,20700,true,true
"std-stable-sort","Random",500,80,64864,20400,true,true
"std-stable-sort","Random",500,81,66432,20900,true,true
"std-stable-sort","Random",500,82,66016,20800,true,true
"std-stable-sort","Random",500,83,66304,20900,true,true
"std-stable-sort","Random",500,84,66144,20800,true,true
"std-stable-sort","Random",500,85,66304,20900,true,true
"std-stable-sort","Random",500,86,66688,21000,true,true
"std-stable-sort","Random",500,87,65056,20500,true,true
"std-stable-sort","Random",500,88,65184,20500,true,true
"std-stable-sort","Random",500,89,65888,20700,true,true
"std-stable-sort","Random",500,90,65344,20500,true,true
"std-stable-sort","Random",500,91,66304,20900,true,true
"std-stable-sort","Random",500,92,66016,20800,true,true
"std-stable-sort","Random",500,93,64992,20400,true,true
"std-stable-sort","Random",500,94,67456,21200,true,true
"std-stable-sort","Random",500,95,66720,21000,true,true
"std-stable-sort","Random",500,96,65312,20500,true,true
"std-stable-sort","Random",500,97,66400,20900,true,true
"std-stable-sort","Random",500,98,66816,21100,true,true
"std-stable-sort","Random",500,99,66784,21000,true,true
"bubble","Random",1000,0,1795744,562600,true,true
"bubble","Random",1000,1,1887136,591200,true,true
"bubble","Random",1000,2,2042464,639700,true,true
"bubble","Random",1000,3,1814688,568300,true,true
"bubble","Random",1000,4,1933280,605500,true,true
"bubble","Random",1000,5,1822880,571000,true,true
"bubble","Random",1000,6,1804128,565100,true,true
"bubble","Random",1000,7,1890816,592200,true,true
"bubble","Random",1000,8,1802464,564500,true,true
"bubble","Random",1000,9,1857344,581700,true,true
"bubble","Random",1000,10,1834112,574400,true,true
"bubble","Random",1000,11,1841472,576700,true,true
"bubble","Random",1000,12,1866688,584600,true,true
"bubble","Random",1000,13,1812768,567700,true,true
"bubble","Random",1000,14,1873792,586800,true,true
"bubble","Random",1000,15,1809664,566700,true,true
"bubble","Random",1000,16,1877216,587900,true,true
"bubble","Random",1000,17,1862240,583300,true,true
"bubble","Random",1000,18,1856960,581600,true,true
"bubble","Random",1000,19,1863456,583600,true,true
"bubble","Random",1000,20,1814752,568400,true,true
"bubble","Random",1000,21,1874560,587100,true,true
"bubble","Random",1000,22,1799264,563500,true,true
"bubble","Random",1000,23,1823936,571200,true,true
"bubble","Random",1000,24,2076928,650500,true,true
"bubble","Random",1000,25,1799552,563600,true,true
"bubble","Random",1000,26,1893504,593000,true,true
"bubble","Random",1000,27,1796704,562700,true,true
"bubble","Random",1000,28,1869760,585600,true,true
"bubble","Random",1000,29,1847936,578700,true,true
"bubble","Random",1000,30,1812576,567600,true,true
"bubble","Random",1000,31,1970336,617100,true,true
"bubble","Random",1000,32,1917472,601500,true,true
"bubble","Random",1000,33,1864832,584300,true,true
"bubble","Random",1000,34,1850624,579600,true,true
"bubble","Random",1000,35,1794144,561800,true,true
"bubble","Random",1000,36,1878656,588300,true,true
"bubble","Random",1000,37,1841952,576900,true,true
"bubble","Random",1000,38,1883456,589900,true,true
"bubble","Random",1000,39,1870560,585800,true,true
"bubble","Random",1000,40,1807296,566000,true,true
"bubble","Random",1000,41,1870432,585800,true,true
"bubble","Random",1000,42,1806560,565800,true,true
"bubble","Random",1000,43,1852608,580200,true,true
"bubble","Random",1000,44,1824608,571500,true,true
"bubble","Random",1000,45,1882432,589500,true,true
"bubble","Random",1000,46,1852576,580200,true,true
"bubble","Random",1000,47,1818880,569600,true,true
"bubble","Random",1000,48,1859680,582400,true,true
"bubble","Random",1000,49,1779936,557400,true,true
"bubble","Random",1000,50,1847456,578600,true,true
"bubble","Random",1000,51,1913120,599100,true,true
"bubble","Random",1000,52,1794144,561900,true,true
"bubble","Random",1000,53,1853184,580400,true,true
"bubble","Random",1000,54,1814720,568300,true,true
"bubble","Random",1000,55,1888768,591500,true,true
"bubble","Random",1000,56,1816544,568900,true,true
"bubble","Random",1000,57,1849152,579100,true,true
"bubble","Random",1000,58,1860096,582600,true,true
"bubble","Random",1000,59,1962880,614900,true,true
"bubble","Random",1000,60,1875264,587400,true,true
"bubble","Random",1000,61,1829792,573100,true,true
"bubble","Random",1000,62,1861792,583100,true,true
"bubble","Random",1000,63,1848064,578900,true,true
"bubble","Random",1000,64,1819424,569800,true,true
"bubble","Random",1000,65,1849504,579200,true,true
"bubble","Random",1000,66,2027616,635500,true,true
"bubble","Random",1000,67,1867936,585000,true,true
"bubble","Random",1000,68,1891168,592300,true,true
"bubble","Random",1000,69,1780384,557500,true,true
"bubble","Random",1000,70,1868928,585300,true,true
"bubble","Random",1000,71,1833952,574300,true,true
"bubble","Random",1000,72,1870336,585700,true,true
"bubble","Random",1000,73,1772224,555000,true,true
"bubble","Random",1000,74,1875392,587400,true,true
"bubble","Random",1000,75,1882816,589600,true,true
"bubble","Random",1000,76,1829856,573100,true,true
"bubble","Random",1000,77,1854752,580900,true,true
"bubble","Random",1000,78,1830976,573400,true,true
"bubble","Random",1000,79,1866112,584400,true,true
"bubble","Random",1000,80,1833344,574200,true,true
"bubble","Random",1000,81,1855328,581100,true,true
"bubble","Random",1000,82,1889152,591700,true,true
"bubble","Random",1000,83,1818144,569400,true,true
"bubble","Random",1000,84,1865088,584100,true,true
"bubble","Random",1000,85,1883584,589900,true,true
"bubble","Random",1000,86,1785632,559200,true,true
"bubble","Random",1000,87,1945984,609500,true,true
"bubble","Random",1000,88,2442880,765100,true,true
"bubble","Random",1000,89,2286528,716100,true,true
"bubble","Random",1000,90,2268800,710600,true,true
"bubble","Random",1000,91,2150848,673600,true,true
"bubble","Random",1000,92,1833216,574100,true,true
"bubble","Random",1000,93,1861088,582900,true,true
"bubble","Random",1000,94,1820512,570200,true,true
"bubble","Random",1000,95,1884672,590200,true,true
"bubble","Random",1000,96,1879008,588500,true,true
"bubble","Random",1000,97,1842720,577100,true,true
"bubble","Random",1000,98,1863712,583700,true,true
"bubble","Random",1000,99,1798624,563300,true,true
"insertion","Random",1000,0,513568,161000,true,true
"insertion","Random",1000,1,457408,143300,true,true
"insertion","Random",1000,2,475872,149100,true,true
"insertion","Random",1000,3,462016,145000,true,true
"insertion","Random",1000,4,453600,142100,true,true
"insertion","Random",1000,5,453408,142400,true,true
"insertion","Random",1000,6,457760,143500,true,true
"insertion","Random",1000,7,511360,160200,true,true
"insertion","Random",1000,8,461152,144500,true,true
"insertion","Random",1000,9,453728,142100,true,true
"insertion","Random",1000,10,478528,150000,true,true
"insertion","Random",1000,11,486720,152800,true,true
"insertion","Random",1000,12,459136,143900,true,true
"insertion","Random",1000,13,514496,161200,true,true
"insertion","Random",1000,14,456128,142900,true,true
"insertion","Random",1000,15,483040,151400,true,true
"insertion","Random",1000,16,459520,144000,true,true
"insertion","Random",1000,17,459104,143900,true,true
"insertion","Random",1000,18,446112,139800,true,true
"insertion","Random",1000,19,461024,144500,true,true
"insertion","Random",1000,20,532224,166800,true,true
"insertion","Random",1000,21,461664,144700,true,true
"insertion","Random",1000,22,476608,149300,true,true
"insertion","Random",1000,23,492288,154200,true,true
"insertion","Random",1000,24,465568,145800,true,true
"insertion","Random",1000,25,476192,149200,true,true
"insertion","Random",1000,26,489600,153400,true,true
"insertion","Random",1000,27,469408,147100,true,true
"insertion","Random",1000,28,473984,148600,true,true
"insertion","Random",1000,29,461088,144400,true,true
"insertion","Random",1000,30,464352,145500,true,true
"insertion","Random",1000,31,478112,149800,true,true
"insertion","Random",1000,32,452160,141700,true,true
"insertion","Random",1000,33,503424,157800,true,true
"insertion","Random",1000,34,455712,142800,true,true
"insertion","Random",1000,35,453856,142300,true,true
"insertion","Random",1000,36,465440,145900,true,true
"insertion","Random",1000,37,455488,142800,true,true
"insertion","Random",1000,38,464736,145600,true,true
"insertion","Random",1000,39,514048,161100,true,true
"insertion","Random",1000,40,453728,142200,true,true
"insertion","Random",1000,41,469440,147100,true,true
"insertion","Random",1000,42,461440,144600,true,true
"insertion","Random",1000,43,473088,148300,true,true
"insertion","Random",1000,44,456640,143100,true,true
"insertion","Random",1000,45,451424,141500,true,true
"insertion","Random",1000,46,518176,162400,true,true
"insertion","Random",1000,47,444128,139200,true,true
"insertion","Random",1000,48,457120,143300,true,true
"insertion","Random",1000,49,486720,152500,true,true
"insertion","Random",1000,50,462944,145100,true,true
"insertion","Random",1000,51,465216,145800,true,true
"insertion","Random",1000,52,526752,165100,true,true
"insertion","Random",1000,53,474368,148600,true,true
"insertion","Random",1000,54,454816,142600,true,true
"insertion","Random",1000,55,445056,139500,true,true
"insertion","Random",1000,56,464384,145500,true,true
"insertion","Random",1000,57,482208,151100,true,true
"insertion","Random",1000,58,463392,145200,true,true
"insertion","Random",1000,59,520992,163300,true,true
"insertion","Random",1000,60,465376,145900,true,true
"insertion","Random",1000,61,474368,148600,true,true
"insertion","Random",1000,62,479488,150200,true,true
"insertion","Random",1000,63,471456,147700,true,true
"insertion","Random",1000,64,468512,146800,true,true
"insertion","Random",1000,65,498112,156100,true,true
"insertion","Random",1000,66,463296,145200,true,true
"insertion","Random",1000,67,466976,146300,true,true
"insertion","Random",1000,68,457056,143200,true,true
"insertion","Random",1000,69,479136,150100,true,true
"insertion","Random",1000,70,474464,148700,true,true
"insertion","Random",1000,71,455072,142600,true,true
"insertion","Random",1000,72,513920,161000,true,true
"insertion","Random",1000,73,474976,148900,true,true
"insertion","Random",1000,74,477472,149600,true,true
"insertion","Random",1000,75,478176,149800,true,true
"insertion","Random",1000,76,459744,144000,true,true
"insertion","Random",1000,77,478656,150000,true,true
"insertion","Random",1000,78,504192,158000,true,true
"insertion","Random",1000,79,468160,146700,true,true
"insertion","Random",1000,80,476352,149300,true,true
"insertion","Random",1000,81,472832,148200,true,true
"insertion","Random",1000,82,458496,143700,true,true
"insertion","Random",1000,83,453760,142200,true,true
"insertion","Random",1000,84,454880,142600,true,true
"insertion","Random",1000,85,506496,158700,true,true
"insertion","Random",1000,86,458048,143500,true,true
"insertion","Random",1000,87,462912,145100,true,true
"insertion","Random",1000,88,491840,154200,true,true
"insertion","Random",1000,89,472224,148000,true,true
"insertion","Random",1000,90,478080,149800,true,true
"insertion","Random",1000,91,519136,162700,true,true
"insertion","Random",1000,92,463488,145200,true,true
"insertion","Random",1000,93,466144,146100,true,true
"insertion","Random",1000,94,454592,142500,true,true
"insertion","Random",1000,95,441504,138400,true,true
"insertion","Random",1000,96,449056,140700,true,true
"insertion","Random",1000,97,472544,148100,true,true
"insertion","Random",1000,98,507264,159000,true,true
"insertion","Random",1000,99,459392,144000,true,true
"selection","Random",1000,0,1075904,337000,true,true
"selection","Random",1000,1,1125696,352600,true,true
"selection","Random",1000,2,1070304,335200,true,true
"selection","Random",1000,3,1084928,339800,true,true
"selection","Random",1000,4,1131040,354300,true,true
"selection","Random",1000,5,1067904,334500,true,true
"selection","Random",1000,6,1068224,334600,true,true
"selection","Random",1000,7,1125952,352700,true,true
"selection","Random",1000,8,1079520,338100,true,true
"selection","Random",1000,9,1084736,339800,true,true
"selection","Random",1000,10,1109216,347500,true,true
"selection","Random",1000,11,1074592,336600,true,true
"selection","Random",1000,12,1063616,333200,true,true
"selection","Random",1000,13,1117120,349900,true,true
"selection","Random",1000,14,1063040,332900,true,true
"selection","Random",1000,15,1083520,339400,true,true
"selection","Random",1000,16,1118784,350400,true,true
"selection","Random",1000,17,1070752,335400,true,true
"selection","Random",1000,18,1070144,335200,true,true
"selection","Random",1000,19,1115744,349400,true,true
"selection","Random",1000,20,1079680,338200,true,true
"selection","Random",1000,21,1073856,336300,true,true
"selection","Random",1000,22,1120320,350900,true,true
"selection","Random",1000,23,1062432,332700,true,true
"selection","Random",1000,24,1115680,349500,true,true
"selection","Random",1000,25,1077728,337500,true,true
"selection","Random",1000,26,1133984,355200,true,true
"selection","Random",1000,27,1211296,379400,true,true
"selection","Random",1000,28,1065952,333900,true,true
"selection","Random",1000,29,1200160,376000,true,true
"selection","Random",1000,30,1138848,356700,true,true
"selection","Random",1000,31,1059424,331800,true,true
"selection","Random",1000,32,1110240,347800,true,true
"selection","Random",1000,33,1116160,349700,true,true
"selection","Random",1000,34,1051104,329200,true,true
"selection","Random",1000,35,1049568,328700,true,true
"selection","Random",1000,36,1222144,382800,true,true
"selection","Random",1000,37,1156000,362100,true,true
"selection","Random",1000,38,1103392,345600,true,true
"selection","Random",1000,39,1055200,330500,true,true
"selection","Random",1000,40,1064032,333300,true,true
"selection","Random",1000,41,1109952,347700,true,true
"selection","Random",1000,42,1064768,333500,true,true
"selection","Random",1000,43,1074560,336500,true,true
"selection","Random",1000,44,1110752,348100,true,true
"selection","Random",1000,45,1056832,331000,true,true
"selection","Random",1000,46,1060992,332300,true,true
"selection","Random",1000,47,1108544,347200,true,true
"selection","Random",1000,48,1056768,331100,true,true
"selection","Random",1000,49,1081344,338700,true,true
"selection","Random",1000,50,1424704,446200,true,true
"selection","Random",1000,51,1203680,377000,true,true
"selection","Random",1000,52,1252576,392300,true,true
"selection","Random",1000,53,1067392,334400,true,true
"selection","Random",1000,54,1076640,337300,true,true
"selection","Random",1000,55,1108544,347400,true,true
"selection","Random",1000,56,1053760,330100,true,true
"selection","Random",1000,57,1065024,333600,true,true
"selection","Random",1000,58,1111264,348100,true,true
"selection","Random",1000,59,1065984,333800,true,true
"selection","Random",1000,60,1079584,338200,true,true
"selection","Random",1000,61,1116480,349700,true,true
"selection","Random",1000,62,1061312,332400,true,true
"selection","Random",1000,63,1054656,330300,true,true
"selection","Random",1000,64,1106624,346700,true,true
"selection","Random",1000,65,1055136,330500,true,true
"selection","Random",1000,66,1068800,334800,true,true
"selection","Random",1000,67,1108160,347100,true,true
"selection","Random",1000,68,1060096,332000,true,true
"selection","Random",1000,69,1063424,333200,true,true
"selection","Random",1000,70,1105760,346400,true,true
"selection","Random",1000,71,1064512,333400,true,true
"selection","Random",1000,72,1081568,338800,true,true
"selection","Random",1000,73,1199552,375800,true,true
"selection","Random",1000,74,1056832,331000,true,true
"selection","Random",1000,75,1058080,331600,true,true
"selection","Random",1000,76,1103296,345600,true,true
"selection","Random",1000,77,1077088,337400,true,true
"selection","Random",1000,78,1112544,348500,true,true
"selection","Random",1000,79,1167872,365800,true,true
"selection","Random",1000,80,1056384,330900,true,true
"selection","Random",1000,81,1100320,344700,true,true
"selection","Random",1000,82,1059776,332000,true,true
"selection","Random",1000,83,1070368,335200,true,true
"selection","Random",1000,84,1102432,345300,true,true
"selection","Random",1000,85,1064000,333500,true,true
"selection","Random",1000,86,1059776,332000,true,true
"selection","Random",1000,87,1099872,344500,true,true
"selection","Random",1000,88,1056672,331000,true,true
"selection","Random",1000,89,1079744,338200,true,true
"selection","Random",1000,90,1103744,345700,true,true
"selection","Random",1000,91,1064736,333500,true,true
"selection","Random",1000,92,1056288,330900,true,true
"selection","Random",1000,93,1104352,345900,true,true
"selection","Random",1000,94,1059968,332000,true,true
"selection","Random",1000,95,1212288,380400,true,true
"selection","Random",1000,96,1134336,355300,true,true
"selection","Random",1000,97,1068480,334800,true,true
"selection","Random",1000,98,1080160,338300,true,true
"selection","Random",1000,99,1120832,351100,true,true
"merge","Random",1000,0,194432,61000,true,true
"merge","Random",1000,1,189760,59500,true,true
"merge","Random",1000,2,190336,59700,true,true
"merge","Random",1000,3,192000,60300,true,true
"merge","Random",1000,4,250304,78500,true,true
"merge","Random",1000,5,193120,60600,true,true
"merge","Random",1000,6,190272,59600,true,true
"merge","Random",1000,7,190880,59800,true,true
"merge","Random",1000,8,191488,60100,true,true
"merge","Random",1000,9,192608,60400,true,true
"merge","Random",1000,10,195456,61300,true,true
"merge","Random",1000,11,202432,63600,true,true
"merge","Random",1000,12,201152,63100,true,true
"merge","Random",1000,13,214496,67300,true,true
"merge","Random",1000,14,200640,63100,true,true
"merge","Random",1000,15,198336,62200,true,true
"merge","Random",1000,16,196128,61600,true,true
"merge","Random",1000,17,197984,62100,true,true
"merge","Random",1000,18,256928,80600,true,true
"merge","Random",1000,19,195840,61400,true,true
"merge","Random",1000,20,192864,60500,true,true
"merge","Random",1000,21,191392,60000,true,true
"merge","Random",1000,22,193856,60800,true,true
"merge","Random",1000,23,192352,60400,true,true
"merge","Random",1000,24,191008,59900,true,true
"merge","Random",1000,25,191424,60000,true,true
"merge","Random",1000,26,191488,60000,true,true
"merge","Random",1000,27,194144,60900,true,true
"merge","Random",1000,28,188704,59200,true,true
"merge","Random",1000,29,190336,59700,true,true
"merge","Random",1000,30,191392,60000,true,true
"merge","Random",1000,31,192608,60400,true,true
"merge","Random",1000,32,189920,59600,true,true
"merge","Random",1000,33,249088,78100,true,true
"merge","Random",1000,34,188832,59200,true,true
"merge","Random",1000,35,187968,58900,true,true
"merge","Random",1000,36,191072,59900,true,true
"merge","Random",1000,37,187936,59000,true,true
"merge","Random",1000,38,190176,59600,true,true
"merge","Random",1000,39,190048,59700,true,true
"merge","Random",1000,40,188576,59100,true,true
"merge","Random",1000,41,191072,59900,true,true
"merge","Random",1000,42,204512,64200,true,true
"merge","Random",1000,43,187328,58800,true,true
"merge","Random",1000,44,189856,59500,true,true
"merge","Random",1000,45,190496,59800,true,true
"merge","Random",1000,46,190016,59500,true,true
"merge","Random",1000,47,191264,60000,true,true
"merge","Random",1000,48,249952,78400,true,true
"merge","Random",1000,49,188608,59200,true,true
"merge","Random",1000,50,190688,59800,true,true
"merge","Random",1000,51,193504,60700,true,true
"merge","Random",1000,52,191264,59900,true,true
"merge","Random",1000,53,190816,59900,true,true
"merge","Random",1000,54,188416,59100,true,true
"merge","Random",1000,55,187936,58900,true,true
"merge","Random",1000,56,189856,59600,true,true
"merge","Random",1000,57,188960,59300,true,true
"merge","Random",1000,58,189504,59500,true,true
"merge","Random",1000,59,191520,60100,true,true
"merge","Random",1000,60,189920,59600,true,true
"merge","Random",1000,61,189568,59500,true,true
"merge","Random",1000,62,189280,59400,true,true
"merge","Random",1000,63,242592,76100,true,true
"merge","Random",1000,64,187936,58900,true,true
"merge","Random",1000,65,189312,59400,true,true
"merge","Random",1000,66,189728,59600,true,true
"merge","Random",1000,67,189920,59600,true,true
"merge","Random",1000,68,188864,59300,true,true
"merge","Random",1000,69,191776,60100,true,true
"merge","Random",1000,70,190112,59700,true,true
"merge","Random",1000,71,189344,59400,true,true
"merge","Random",1000,72,208160,65300,true,true
"merge","Random",1000,73,192864,60500,true,true
"merge","Random",1000,74,187584,58900,true,true
"merge","Random",1000,75,191136,60000,true,true
"merge","Random",1000,76,188032,59000,true,true
"merge","Random",1000,77,189184,59300,true,true
"merge","Random",1000,78,350880,110900,true,true
"merge","Random",1000,79,210304,66100,true,true
"merge","Random",1000,80,204960,64300,true,true
"merge","Random",1000,81,202784,63600,true,true
"merge","Random",1000,82,206112,64600,true,true
"merge","Random",1000,83,204704,64300,true,true
"merge","Random",1000,84,204800,64300,true,true
"merge","Random",1000,85,200512,62900,true,true
"merge","Random",1000,86,201504,63200,true,true
"merge","Random",1000,87,221280,69400,true,true
"merge","Random",1000,88,202208,63400,true,true
"merge","Random",1000,89,201504,63200,true,true
"merge","Random",1000,90,198912,62400,true,true
"merge","Random",1000,91,326336,102300,true,true
"merge","Random",1000,92,200160,62800,true,true
"merge","Random",1000,93,201248,63900,true,true
"merge","Random",1000,94,200096,62800,true,true
"merge","Random",1000,95,199264,62500,true,true
"merge","Random",1000,96,199008,62400,true,true
"merge","Random",1000,97,197920,62100,true,true
"merge","Random",1000,98,200192,62900,true,true
"merge","Random",1000,99,201664,63200,true,true
"quicksort","Random",1000,0,204320,64100,true,true
"quicksort","Random",1000,1,205344,64500,true,true
"quicksort","Random",1000,2,206464,64700,true,true
"quicksort","Random",1000,3,205280,64400,true,true
"quicksort","Random",1000,4,202464,63500,true,true
"quicksort","Random",1000,5,240768,75500,true,true
"quicksort","Random",1000,6,205600,64700,true,true
"quicksort","Random",1000,7,208960,65600,true,true
"quicksort","Random",1000,8,213152,66800,true,true
"quicksort","Random",1000,9,198912,62400,true,true
"quicksort","Random",1000,10,200544,63000,true,true
"quicksort","Random",1000,11,206784,64800,true,true
"quicksort","Random",1000,12,208128,65300,true,true
"quicksort","Random",1000,13,205888,64600,true,true
"quicksort","Random",1000,14,195264,61200,true,true
"quicksort","Random",1000,15,204352,64100,true,true
"quicksort","Random",1000,16,200128,62700,true,true
"quicksort","Random",1000,17,210496,66000,true,true
"quicksort","Random",1000,18,207424,65100,true,true
"quicksort","Random",1000,19,217696,68300,true,true
"quicksort","Random",1000,20,198496,62300,true,true
"quicksort","Random",1000,21,205984,64600,true,true
"quicksort","Random",1000,22,205504,64500,true,true
"quicksort","Random",1000,23,307648,96600,true,true
"quicksort","Random",1000,24,207456,65100,true,true
"quicksort","Random",1000,25,201792,63300,true,true
"quicksort","Random",1000,26,207104,65000,true,true
"quicksort","Random",1000,27,206368,64700,true,true
"quicksort","Random",1000,28,205984,64600,true,true
"quicksort","Random",1000,29,202592,63600,true,true
"quicksort","Random",1000,30,202464,63500,true,true
"quicksort","Random",1000,31,206752,64900,true,true
"quicksort","Random",1000,32,248768,78000,true,true
"quicksort","Random",1000,33,214816,67400,true,true
"quicksort","Random",1000,34,212192,66600,true,true
"quicksort","Random",1000,35,194336,61000,true,true
"quicksort","Random",1000,36,270880,84900,true,true
"quicksort","Random",1000,37,198272,62200,true,true
"quicksort","Random",1000,38,193088,60600,true,true
"quicksort","Random",1000,39,196512,61600,true,true
"quicksort","Random",1000,40,201024,63000,true,true
"quicksort","Random",1000,41,191520,60100,true,true
"quicksort","Random",1000,42,198880,62400,true,true
"quicksort","Random",1000,43,196512,61600,true,true
"quicksort","Random",1000,44,196768,61800,true,true
"quicksort","Random",1000,45,191584,60100,true,true
"quicksort","Random",1000,46,199168,62500,true,true
"quicksort","Random",1000,47,193536,60700,true,true
"quicksort","Random",1000,48,196960,61800,true,true
"quicksort","Random",1000,49,264128,82900,true,true
"quicksort","Random",1000,50,197120,61800,true,true
"quicksort","Random",1000,51,193600,60800,true,true
"quicksort","Random",1000,52,192256,60300,true,true
"quicksort","Random",1000,53,193344,60600,true,true
"quicksort","Random",1000,54,193536,60700,true,true
"quicksort","Random",1000,55,196352,61600,true,true
"quicksort","Random",1000,56,196832,61800,true,true
"quicksort","Random",1000,57,198176,62200,true,true
"quicksort","Random",1000,58,216864,68000,true,true
"quicksort","Random",1000,59,197376,61900,true,true
"quicksort","Random",1000,60,195520,61400,true,true
"quicksort","Random",1000,61,200000,62700,true,true
"quicksort","Random",1000,62,194880,61100,true,true
"quicksort","Random",1000,63,254592,79800,true,true
"quicksort","Random",1000,64,198880,62400,true,true
"quicksort","Random",1000,65,201600,63300,true,true
"quicksort","Random",1000,66,196704,61700,true,true
"quicksort","Random",1000,67,193952,60800,true,true
"quicksort","Random",1000,68,196576,61700,true,true
"quicksort","Random",1000,69,198656,62300,true,true
"quicksort","Random",1000,70,198336,62200,true,true
"quicksort","Random",1000,71,196096,61500,true,true
"quicksort","Random",1000,72,207488,65000,true,true
"quicksort","Random",1000,73,224000,70300,true,true
"quicksort","Random",1000,74,200480,62900,true,true
"quicksort","Random",1000,75,193984,60900,true,true
"quicksort","Random",1000,76,193984,60800,true,true
"quicksort","Random",1000,77,195456,61300,true,true
"quicksort","Random",1000,78,198304,62200,true,true
"quicksort","Random",1000,79,200000,62700,true,true
"quicksort","Random",1000,80,199200,62500,true,true
"quicksort","Random",1000,81,192864,60500,true,true
"quicksort","Random",1000,82,191904,60100,true,true
"quicksort","Random",1000,83,196544,61600,true,true
"quicksort","Random",1000,84,190720,59900,true,true
"quicksort","Random",1000,85,199008,62400,true,true
"quicksort","Random",1000,86,197408,62000,true,true
"quicksort","Random",1000,87,214528,67300,true,true
"quicksort","Random",1000,88,200096,62700,true,true
"quicksort","Random",1000,89,194688,61100,true,true
"quicksort","Random",1000,90,199520,62600,true,true
"quicksort","Random",1000,91,193568,60800,true,true
"quicksort","Random",1000,92,263456,82600,true,true
"quicksort","Random",1000,93,188192,59100,true,true
"quicksort","Random",1000,94,195264,61300,true,true
"quicksort","Random",1000,95,191968,60200,true,true
"quicksort","Random",1000,96,194272,60900,true,true
"quicksort","Random",1000,97,198816,62400,true,true
"quicksort","Random",1000,98,198720,62300,true,true
"quicksort","Random",1000,99,199296,62500,true,true
"heap","Random",1000,0,229312,71900,true,true
"heap","Random",1000,1,227264,71200,true,true
"heap","Random",1000,2,228928,71800,true,true
"heap","Random",1000,3,228224,71500,true,true
"heap","Random",1000,4,230528,72300,true,true
"heap","Random",1000,5,227648,71400,true,true
"heap","Random",1000,6,230368,72300,true,true
"heap","Random",1000,7,228800,71700,true,true
"heap","Random",1000,8,230720,72400,true,true
"heap","Random",1000,9,225824,70800,true,true
"heap","Random",1000,10,230912,72400,true,true
"heap","Random",1000,11,286368,89800,true,true
"heap","Random",1000,12,228992,71800,true,true
"heap","Random",1000,13,229536,72000,true,true
"heap","Random",1000,14,228352,71600,true,true
"heap","Random",1000,15,229600,72000,true,true
"heap","Random",1000,16,229088,71800,true,true
"heap","Random",1000,17,226656,71200,true,true
"heap","Random",1000,18,228768,71700,true,true
"heap","Random",1000,19,246592,77300,true,true
"heap","Random",1000,20,226880,71200,true,true
"heap","Random",1000,21,227168,71300,true,true
"heap","Random",1000,22,230432,72300,true,true
"heap","Random",1000,23,284256,89100,true,true
"heap","Random",1000,24,228320,71600,true,true
"heap","Random",1000,25,228256,71600,true,true
"heap","Random",1000,26,228800,71800,true,true
"heap","Random",1000,27,226464,71000,true,true
"heap","Random",1000,28,229824,72000,true,true
"heap","Random",1000,29,228672,71700,true,true
"heap","Random",1000,30,228544,71700,true,true
"heap","Random",1000,31,226880,71200,true,true
"heap","Random",1000,32,229536,72000,true,true
"heap","Random",1000,33,231616,72600,true,true
"heap","Random",1000,34,225472,70700,true,true
"heap","Random",1000,35,225248,70600,true,true
"heap","Random",1000,36,287200,90000,true,true
"heap","Random",1000,37,227616,71400,true,true
"heap","Random",1000,38,226784,71100,true,true
"heap","Random",1000,39,224992,70500,true,true
"heap","Random",1000,40,227680,71400,true,true
"heap","Random",1000,41,225792,70800,true,true
"heap","Random",1000,42,227040,71200,true,true
"heap","Random",1000,43,230144,72100,true,true
"heap","Random",1000,44,227424,71300,true,true
"heap","Random",1000,45,244832,76800,true,true
"heap","Random",1000,46,227200,71200,true,true
"heap","Random",1000,47,226432,71100,true,true
"heap","Random",1000,48,224864,70500,true,true
"heap","Random",1000,49,762096,240100,true,true
"heap","Random",1000,50,227072,71400,true,true
"heap","Random",1000,51,226560,71700,true,true
"heap","Random",1000,52,230272,72200,true,true
"heap","Random",1000,53,227648,71300,true,true
"heap","Random",1000,54,228416,71600,true,true
"heap","Random",1000,55,228224,71600,true,true
"heap","Random",1000,56,227584,71300,true,true
"heap","Random",1000,57,227648,71400,true,true
"heap","Random",1000,58,315456,98900,true,true
"heap","Random",1000,59,228320,71600,true,true
"heap","Random",1000,60,227232,71200,true,true
"heap","Random",1000,61,226976,71200,true,true
"heap","Random",1000,62,227072,71200,true,true
"heap","Random",1000,63,226752,71100,true,true
"heap","Random",1000,64,228352,71600,true,true
"heap","Random",1000,65,227072,71200,true,true
"heap","Random",1000,66,226080,70900,true,true
"heap","Random",1000,67,225216,70600,true,true
"heap","Random",1000,68,229344,71900,true,true
"heap","Random",1000,69,255392,80100,true,true
"heap","Random",1000,70,289376,90700,true,true
"heap","Random",1000,71,226944,71200,true,true
"heap","Random",1000,72,227712,71400,true,true
"heap","Random",1000,73,229696,72000,true,true
"heap","Random",1000,74,228832,71800,true,true
"heap","Random",1000,75,229056,71800,true,true
"heap","Random",1000,76,226912,71200,true,true
"heap","Random",1000,77,226528,71100,true,true
"heap","Random",1000,78,223552,70100,true,true
"heap","Random",1000,79,227488,71300,true,true
"heap","Random",1000,80,223936,70200,true,true
"heap","Random",1000,81,226688,71000,true,true
"heap","Random",1000,82,224992,70600,true,true
"heap","Random",1000,83,284128,89100,true,true
"heap","Random",1000,84,226016,70900,true,true
"heap","Random",1000,85,225568,70700,true,true
"heap","Random",1000,86,225696,70800,true,true
"heap","Random",1000,87,229024,71800,true,true
"heap","Random",1000,88,227872,71400,true,true
"heap","Random",1000,89,226688,71100,true,true
"heap","Random",1000,90,228832,71700,true,true
"heap","Random",1000,91,225984,70900,true,true
"heap","Random",1000,92,224704,70500,true,true
"heap","Random",1000,93,226240,71000,true,true
"heap","Random",1000,94,226848,71100,true,true
"heap","Random",1000,95,240256,75400,true,true
"heap","Random",1000,96,278432,87300,true,true
"heap","Random",1000,97,228288,71600,true,true
"heap","Random",1000,98,224576,70500,true,true
"heap","Random",1000,99,229280,71900,true,true
"std-sort","Random",1000,0,137952,43300,true,true
"std-sort","Random",1000,1,138592,43500,true,true
"std-sort","Random",1000,2,138464,43500,true,true
"std-sort","Random",1000,3,136896,43000,true,true
"std-sort","Random",1000,4,132608,41700,true,true
"std-sort","Random",1000,5,137536,43200,true,true
"std-sort","Random",1000,6,132736,41600,true,true
"std-sort","Random",1000,7,138976,43700,true,true
"std-sort","Random",1000,8,135840,42700,true,true
"std-sort","Random",1000,9,131904,41400,true,true
"std-sort","Random",1000,10,135488,42500,true,true
"std-sort","Random",1000,11,133024,41800,true,true
"std-sort","Random",1000,12,155968,48900,true,true
"std-sort","Random",1000,13,136480,42800,true,true
"std-sort","Random",1000,14,193760,60900,true,true
"std-sort","Random",1000,15,135328,42500,true,true
"std-sort","Random",1000,16,134656,42300,true,true
"std-sort","Random",1000,17,136320,42800,true,true
"std-sort","Random",1000,18,134656,42300,true,true
"std-sort","Random",1000,19,137216,43100,true,true
"std-sort","Random",1000,20,136000,42700,true,true
"std-sort","Random",1000,21,135168,42400,true,true
"std-sort","Random",1000,22,134272,42200,true,true
"std-sort","Random",1000,23,132800,41700,true,true
"std-sort","Random",1000,24,137696,43200,true,true
"std-sort","Random",1000,25,134368,42200,true,true
"std-sort","Random",1000,26,136480,42800,true,true
"std-sort","Random",1000,27,136736,42900,true,true
"std-sort","Random",1000,28,136672,42900,true,true
"std-sort","Random",1000,29,134176,42100,true,true
"std-sort","Random",1000,30,134272,42100,true,true
"std-sort","Random",1000,31,136512,42900,true,true
"std-sort","Random",1000,32,132768,41700,true,true
"std-sort","Random",1000,33,135040,42400,true,true
"std-sort","Random",1000,34,192736,60500,true,true
"std-sort","Random",1000,35,134144,42100,true,true
"std-sort","Random",1000,36,135520,42600,true,true
"std-sort","Random",1000,37,134240,42100,true,true
"std-sort","Random",1000,38,133344,41900,true,true
"std-sort","Random",1000,39,135520,42600,true,true
"std-sort","Random",1000,40,138112,43400,true,true
"std-sort","Random",1000,41,136960,43000,true,true
"std-sort","Random",1000,42,137408,43200,true,true
"std-sort","Random",1000,43,133280,41900,true,true
"std-sort","Random",1000,44,132576,41700,true,true
"std-sort","Random",1000,45,136512,42800,true,true
"std-sort","Random",1000,46,136128,42800,true,true
"std-sort","Random",1000,47,137728,43300,true,true
"std-sort","Random",1000,48,130656,41000,true,true
"std-sort","Random",1000,49,137536,43200,true,true
"std-sort","Random",1000,50,132800,41700,true,true
"std-sort","Random",1000,51,135392,42500,true,true
"std-sort","Random",1000,52,136000,42700,true,true
"std-sort","Random",1000,53,153152,48100,true,true
"std-sort","Random",1000,54,136192,42700,true,true
"std-sort","Random",1000,55,189824,59600,true,true
"std-sort","Random",1000,56,132128,41500,true,true
"std-sort","Random",1000,57,134400,42200,true,true
"std-sort","Random",1000,58,135360,42500,true,true
"std-sort","Random",1000,59,136576,42900,true,true
"std-sort","Random",1000,60,135776,42600,true,true
"std-sort","Random",1000,61,135168,42400,true,true
"std-sort","Random",1000,62,137504,43200,true,true
"std-sort","Random",1000,63,135072,42400,true,true
"std-sort","Random",1000,64,135424,42500,true,true
"std-sort","Random",1000,65,134720,42300,true,true
"std-sort","Random",1000,66,131360,41200,true,true
"std-sort","Random",1000,67,133440,41900,true,true
"std-sort","Random",1000,68,137760,43200,true,true
"std-sort","Random",1000,69,135264,42500,true,true
"std-sort","Random",1000,70,133536,41900,true,true
"std-sort","Random",1000,71,130560,41000,true,true
"std-sort","Random",1000,72,136128,42800,true,true
"std-sort","Random",1000,73,135264,42500,true,true
"std-sort","Random",1000,74,136256,42800,true,true
"std-sort","Random",1000,75,194176,60900,true,true
"std-sort","Random",1000,76,134528,42300,true,true
"std-sort","Random",1000,77,133824,42000,true,true
"std-sort","Random",1000,78,136576,42900,true,true
"std-sort","Random",1000,79,149536,46900,true,true
"std-sort","Random",1000,80,154432,48500,true,true
"std-sort","Random",1000,81,137312,43100,true,true
"std-sort","Random",1000,82,134400,42600,true,true
"std-sort","Random",1000,83,136032,42700,true,true
"std-sort","Random",1000,84,137920,43300,true,true
"std-sort","Random",1000,85,139072,43700,true,true
"std-sort","Random",1000,86,135136,42400,true,true
"std-sort","Random",1000,87,133760,42000,true,true
"std-sort","Random",1000,88,135456,42600,true,true
"std-sort","Random",1000,89,135584,42600,true,true
"std-sort","Random",1000,90,133344,41800,true,true
"std-sort","Random",1000,91,130208,40900,true,true
"std-sort","Random",1000,92,133504,41900,true,true
"std-sort","Random",1000,93,135616,42600,true,true
"std-sort","Random",1000,94,153280,48200,true,true
"std-sort","Random",1000,95,133920,42100,true,true
"std-sort","Random",1000,96,135744,42600,true,true
"std-sort","Random",1000,97,131616,41300,true,true
"std-sort","Random",1000,98,133408,41900,true,true
"std-sort","Random",1000,99,134048,42100,true,true
"std-stable-sort","Random",1000,0,146336,45900,true,true
"std-stable-sort","Random",1000,1,145024,45500,true,true
"std-stable-sort","Random",1000,2,146592,46000,true,true
"std-stable-sort","Random",1000,3,145984,45900,true,true
"std-stable-sort","Random",1000,4,149056,46800,true,true
"std-stable-sort","Random",1000,5,145856,45800,true,true
"std-stable-sort","Random",1000,6,145856,45800,true,true
"std-stable-sort","Random",1000,7,145728,45800,true,true
"std-stable-sort","Random",1000,8,145760,45700,true,true
"std-stable-sort","Random",1000,9,145984,45800,true,true
"std-stable-sort","Random",1000,10,147648,46300,true,true
"std-stable-sort","Random",1000,11,146528,46000,true,true
"std-stable-sort","Random",1000,12,162592,51000,true,true
"std-stable-sort","Random",1000,13,218368,68500,true,true
"std-stable-sort","Random",1000,14,148256,46500,true,true
"std-stable-sort","Random",1000,15,146496,46000,true,true
"std-stable-sort","Random",1000,16,146656,46000,true,true
"std-stable-sort","Random",1000,17,146272,45900,true,true
"std-stable-sort","Random",1000,18,145472,45700,true,true
"std-stable-sort","Random",1000,19,147552,46300,true,true
"std-stable-sort","Random",1000,20,147680,46400,true,true
"std-stable-sort","Random",1000,21,146272,45900,true,true
"std-stable-sort","Random",1000,22,144352,45300,true,true
"std-stable-sort","Random",1000,23,143968,45200,true,true
"std-stable-sort","Random",1000,24,144064,45200,true,true
"std-stable-sort","Random",1000,25,144992,45500,true,true
"std-stable-sort","Random",1000,26,147328,46200,true,true
"std-stable-sort","Random",1000,27,143936,45200,true,true
"std-stable-sort","Random",1000,28,148064,46500,true,true
"std-stable-sort","Random",1000,29,148768,46700,true,true
"std-stable-sort","Random",1000,30,145760,45800,true,true
"std-stable-sort","Random",1000,31,146144,45900,true,true
"std-stable-sort","Random",1000,32,203680,63900,true,true
"std-stable-sort","Random",1000,33,146208,45900,true,true
"std-stable-sort","Random",1000,34,146624,46100,true,true
"std-stable-sort","Random",1000,35,144608,45400,true,true
"std-stable-sort","Random",1000,36,147968,46400,true,true
"std-stable-sort","Random",1000,37,146080,45900,true,true
"std-stable-sort","Random",1000,38,145792,45800,true,true
"std-stable-sort","Random",1000,39,145280,45600,true,true
"std-stable-sort","Random",1000,40,146112,45900,true,true
"std-stable-sort","Random",1000,41,146080,45900,true,true
"std-stable-sort","Random",1000,42,145088,45600,true,true
"std-stable-sort","Random",1000,43,148512,46600,true,true
"std-stable-sort","Random",1000,44,146720,46000,true,true
"std-stable-sort","Random",1000,45,144768,45400,true,true
"std-stable-sort","Random",1000,46,146112,45900,true,true
"std-stable-sort","Random",1000,47,148576,46600,true,true
"std-stable-sort","Random",1000,48,144544,45300,true,true
"std-stable-sort","Random",1000,49,144896,45400,true,true
"std-stable-sort","Random",1000,50,161152,50600,true,true
"std-stable-sort","Random",1000,51,148032,46500,true,true
"std-stable-sort","Random",1000,52,147648,46300,true,true
"std-stable-sort","Random",1000,53,145920,45800,true,true
"std-stable-sort","Random",1000,54,144800,45400,true,true
"std-stable-sort","Random",1000,55,146144,45900,true,true
"std-stable-sort","Random",1000,56,145888,45800,true,true
"std-stable-sort","Random",1000,57,146720,46000,true,true
"std-stable-sort","Random",1000,58,146880,46100,true,true
"std-stable-sort","Random",1000,59,145568,45700,true,true
"std-stable-sort","Random",1000,60,145248,45500,true,true
"std-stable-sort","Random",1000,61,145376,45600,true,true
"std-stable-sort","Random",1000,62,146656,46100,true,true
"std-stable-sort","Random",1000,63,145088,45500,true,true
"std-stable-sort","Random",1000,64,144736,45400,true,true
"std-stable-sort","Random",1000,65,149248,46800,true,true
"std-stable-sort","Random",1000,66,143808,45100,true,true
"std-stable-sort","Random",1000,67,145760,45800,true,true
"std-stable-sort","Random",1000,68,145056,45500,true,true
"std-stable-sort","Random",1000,69,144672,45500,true,true
"std-stable-sort","Random",1000,70,145184,45500,true,true
"std-stable-sort","Random",1000,71,202912,63700,true,true
"std-stable-sort","Random",1000,72,143808,45300,true,true
"std-stable-sort","Random",1000,73,149472,46900,true,true
"std-stable-sort","Random",1000,74,148288,46500,true,true
"std-stable-sort","Random",1000,75,146688,46000,true,true
"std-stable-sort","Random",1000,76,145952,45800,true,true
"std-stable-sort","Random",1000,77,146368,45900,true,true
"std-stable-sort","Random",1000,78,147360,46300,true,true
"std-stable-sort","Random",1000,79,145056,45500,true,true
"std-stable-sort","Random",1000,80,146144,45900,true,true
"std-stable-sort","Random",1000,81,144864,45400,true,true
"std-stable-sort","Random",1000,82,146368,45900,true,true
"std-stable-sort","Random",1000,83,144992,45500,true,true
"std-stable-sort","Random",1000,84,145248,45600,true,true
"std-stable-sort","Random",1000,85,145376,45700,true,true
"std-stable-sort","Random",1000,86,147424,46200,true,true
"std-stable-sort","Random",1000,87,144960,45500,true,true
"std-stable-sort","Random",1000,88,163136,51200,true,true
"std-stable-sort","Random",1000,89,459424,144100,true,true
"std-stable-sort","Random",1000,90,150432,47200,true,true
"std-stable-sort","Random",1000,91,146592,46500,true,true
"std-stable-sort","Random",1000,92,145472,45600,true,true
"std-stable-sort","Random",1000,93,146880,46100,true,true
"std-stable-sort","Random",1000,94,143168,45000,true,true
"std-stable-sort","Random",1000,95,147712,46300,true,true
"std-stable-sort","Random",1000,96,145312,45600,true,true
"std-stable-sort","Random",1000,97,146976,46200,true,true
"std-stable-sort","Random",1000,98,147040,46200,true,true
"std-stable-sort","Random",1000,99,147872,46400,true,true
"bubble","Random",5000,0,45458529,14234200,true,true
"bubble","Random",5000,1,43171008,13517600,true,true
"bubble","Random",5000,2,43513888,13624900,true,true
"bubble","Random",5000,3,43441184,13602400,true,true
"bubble","Random",5000,4,44016384,13782300,true,true
"bubble","Random",5000,5,43358048,13575900,true,true
"bubble","Random",5000,6,43056864,13481700,true,true
"bubble","Random",5000,7,44667296,13986700,true,true
"bubble","Random",5000,8,43804928,13716400,true,true
"bubble","Random",5000,9,43674048,13675200,true,true
"bubble","Random",5000,10,42984928,13459200,true,true
"bubble","Random",5000,11,45757392,14327900,true,true
"bubble","Random",5000,12,43453104,13606300,true,true
"bubble","Random",5000,13,43737664,13695000,true,true
"bubble","Random",5000,14,46276659,14490400,true,true
"bubble","Random",5000,15,43099392,13495200,true,true
"bubble","Random",5000,16,43468224,13610500,true,true
"bubble","Random",5000,17,43775424,13706700,true,true
"bubble","Random",5000,18,43334464,13568600,true,true
"bubble","Random",5000,19,44174464,13832000,true,true
"bubble","Random",5000,20,43583776,13646600,true,true
"bubble","Random",5000,21,43480768,13614400,true,true
"bubble","Random",5000,22,43699948,13683900,true,true
"bubble","Random",5000,23,46183712,14461900,true,true
"bubble","Random",5000,24,57498720,18006800,true,true
"bubble","Random",5000,25,59098688,18507200,true,true
"bubble","Random",5000,26,46165601,14456900,true,true
"bubble","Random",5000,27,43332736,13568400,true,true
"bubble","Random",5000,28,43260864,13545700,true,true
"bubble","Random",5000,29,43204704,13528100,true,true
"bubble","Random",5000,30,45775472,14333600,true,true
"bubble","Random",5000,31,46585103,14587800,true,true
"bubble","Random",5000,32,45566560,14267800,true,true
"bubble","Random",5000,33,43176416,13519200,true,true
"bubble","Random",5000,34,43397696,13588500,true,true
"bubble","Random",5000,35,43170496,13517300,true,true
"bubble","Random",5000,36,48967393,15333000,true,true
"bubble","Random",5000,37,45196371,14152200,true,true
"bubble","Random",5000,38,44508460,13936700,true,true
"bubble","Random",5000,39,43420736,13595700,true,true
"bubble","Random",5000,40,43614912,13656900,true,true
"bubble","Random",5000,41,43239648,13538900,true,true
"bubble","Random",5000,42,43174464,13518800,true,true
"bubble","Random",5000,43,43170848,13517500,true,true
"bubble","Random",5000,44,43303104,13558900,true,true
"bubble","Random",5000,45,44163232,13828700,true,true
"bubble","Random",5000,46,44326484,13879800,true,true
"bubble","Random",5000,47,44135040,13819700,true,true
"bubble","Random",5000,48,44285120,13866500,true,true
"bubble","Random",5000,49,43148352,13510300,true,true
"bubble","Random",5000,50,43797664,13713700,true,true
"bubble","Random",5000,51,44572544,13956600,true,true
"bubble","Random",5000,52,43816320,13719500,true,true
"bubble","Random",5000,53,51178528,16025100,true,true
"bubble","Random",5000,54,47124416,14756400,true,true
"bubble","Random",5000,55,44270784,13861800,true,true
"bubble","Random",5000,56,43704000,13684400,true,true
"bubble","Random",5000,57,43283532,13553000,true,true
"bubble","Random",5000,58,43359968,13576600,true,true
"bubble","Random",5000,59,51446529,16110200,true,true
"bubble","Random",5000,60,44026160,13787000,true,true
"bubble","Random",5000,61,44430864,13912300,true,true
"bubble","Random",5000,62,43568544,13642100,true,true
"bubble","Random",5000,63,43235520,13537600,true,true
"bubble","Random",5000,64,43266560,13547700,true,true
"bubble","Random",5000,65,43224192,13534300,true,true
"bubble","Random",5000,66,45082131,14116400,true,true
"bubble","Random",5000,67,43359616,13576500,true,true
"bubble","Random",5000,68,43307808,13560600,true,true
"bubble","Random",5000,69,43644736,13666400,true,true
"bubble","Random",5000,70,43769280,13704700,true,true
"bubble","Random",5000,71,45792448,14338700,true,true
"bubble","Random",5000,72,45728192,14318900,true,true
"bubble","Random",5000,73,44652845,13982600,true,true
"bubble","Random",5000,74,43580736,13645700,true,true
"bubble","Random",5000,75,43108608,13497800,true,true
"bubble","Random",5000,76,43260384,13545400,true,true
"bubble","Random",5000,77,43548224,13635800,true,true
"bubble","Random",5000,78,43604256,13653200,true,true
"bubble","Random",5000,79,43772512,13706100,true,true
"bubble","Random",5000,80,43204128,13527800,true,true
"bubble","Random",5000,81,43165024,13515600,true,true
"bubble","Random",5000,82,43215744,13531500,true,true
"bubble","Random",5000,83,45963824,14392300,true,true
"bubble","Random",5000,84,44890240,14056200,true,true
"bubble","Random",5000,85,43821072,13721500,true,true
"bubble","Random",5000,86,43795232,13712800,true,true
"bubble","Random",5000,87,43266912,13547800,true,true
"bubble","Random",5000,88,43550912,13636400,true,true
"bubble","Random",5000,89,43843264,13728000,true,true
"bubble","Random",5000,90,45566323,14267800,true,true
"bubble","Random",5000,91,43398368,13588600,true,true
"bubble","Random",5000,92,45845981,14355400,true,true
"bubble","Random",5000,93,44189488,13836800,true,true
"bubble","Random",5000,94,44115072,13813300,true,true
"bubble","Random",5000,95,43979808,13770700,true,true
"bubble","Random",5000,96,43694784,13681600,true,true
"bubble","Random",5000,97,44149888,13824000,true,true
"bubble","Random",5000,98,43629184,13660800,true,true
"bubble","Random",5000,99,44048512,13792500,true,true
"insertion","Random",5000,0,11566016,3621800,true,true
"insertion","Random",5000,1,12360339,3870600,true,true
"insertion","Random",5000,2,11124448,3483400,true,true
"insertion","Random",5000,3,11593888,3630400,true,true
"insertion","Random",5000,4,11417056,3575000,true,true
"insertion","Random",5000,5,11506528,3603200,true,true
"insertion","Random",5000,6,11126656,3483900,true,true
"insertion","Random",5000,7,11366080,3558900,true,true
"insertion","Random",5000,8,11237504,3518600,true,true
"insertion","Random",5000,9,11744032,3677400,true,true
"insertion","Random",5000,10,11353056,3554900,true,true
"insertion","Random",5000,11,11329952,3547600,true,true
"insertion","Random",5000,12,11487648,3597000,true,true
"insertion","Random",5000,13,11932172,3736700,true,true
"insertion","Random",5000,14,11420032,3576300,true,true
"insertion","Random",5000,15,11373056,3561200,true,true
"insertion","Random",5000,16,11066368,3465200,true,true
"insertion","Random",5000,17,11237440,3518800,true,true
"insertion","Random",5000,18,12348704,3867000,true,true
"insertion","Random",5000,19,11145696,3490000,true,true
"insertion","Random",5000,20,11209760,3510000,true,true
"insertion","Random",5000,21,11076064,3468300,true,true
"insertion","Random",5000,22,11872256,3717600,true,true
"insertion","Random",5000,23,11275104,3530700,true,true
"insertion","Random",5000,24,11200416,3507100,true,true
"insertion","Random",5000,25,11284512,3533700,true,true
"insertion","Random",5000,26,11357632,3556300,true,true
"insertion","Random",5000,27,11890304,3723100,true,true
"insertion","Random",5000,28,11292128,3535900,true,true
"insertion","Random",5000,29,11346016,3552800,true,true
"insertion","Random",5000,30,11076768,3468400,true,true
"insertion","Random",5000,31,11614400,3636600,true,true
"insertion","Random",5000,32,11386080,3565200,true,true
"insertion","Random",5000,33,11346720,3553000,true,true
"insertion","Random",5000,34,11288896,3534700,true,true
"insertion","Random",5000,35,11418400,3575300,true,true
"insertion","Random",5000,36,11796128,3693700,true,true
"insertion","Random",5000,37,11363584,3558200,true,true
"insertion","Random",5000,38,11315648,3543300,true,true
"insertion","Random",5000,39,11333120,3548600,true,true
"insertion","Random",5000,40,13850016,4337400,true,true
"insertion","Random",5000,41,11575680,3624600,true,true
"insertion","Random",5000,42,11330464,3548100,true,true
"insertion","Random",5000,43,11333600,3548800,true,true
"insertion","Random",5000,44,13141825,4115900,true,true
"insertion","Random",5000,45,11991648,3755000,true,true
"insertion","Random",5000,46,11322240,3545200,true,true
"insertion","Random",5000,47,11408928,3572400,true,true
"insertion","Random",5000,48,11078240,3468800,true,true
"insertion","Random",5000,49,11686528,3659400,true,true
"insertion","Random",5000,50,11578880,3625800,true,true
"insertion","Random",5000,51,11452320,3586000,true,true
"insertion","Random",5000,52,11180864,3501200,true,true
"insertion","Random",5000,53,12440416,3895400,true,true
"insertion","Random",5000,54,11475776,3593400,true,true
"insertion","Random",5000,55,11339968,3550700,true,true
"insertion","Random",5000,56,11336352,3549700,true,true
"insertion","Random",5000,57,11452288,3585900,true,true
"insertion","Random",5000,58,11418048,3575300,true,true
"insertion","Random",5000,59,11226304,3515300,true,true
"insertion","Random",5000,60,11434368,3580300,true,true
"insertion","Random",5000,61,11428288,3578400,true,true
"insertion","Random",5000,62,12690835,3974300,true,true
"insertion","Random",5000,63,11277600,3531500,true,true
"insertion","Random",5000,64,12642413,3959200,true,true
"insertion","Random",5000,65,11266464,3527900,true,true
"insertion","Random",5000,66,11202144,3507700,true,true
"insertion","Random",5000,67,11302784,3539100,true,true
"insertion","Random",5000,68,11822528,3702500,true,true
"insertion","Random",5000,69,11221024,3513600,true,true
"insertion","Random",5000,70,11338240,3550200,true,true
"insertion","Random",5000,71,11930080,3735800,true,true
"insertion","Random",5000,72,11503904,3602200,true,true
"insertion","Random",5000,73,11479008,3594800,true,true
"insertion","Random",5000,74,11315392,3543100,true,true
"insertion","Random",5000,75,11782240,3689300,true,true
"insertion","Random",5000,76,11480032,3594600,true,true
"insertion","Random",5000,77,11330432,3548200,true,true
"insertion","Random",5000,78,11252960,3523500,true,true
"insertion","Random",5000,79,11193056,3504800,true,true
"insertion","Random",5000,80,11670656,3654300,true,true
"insertion","Random",5000,81,11161216,3494800,true,true
"insertion","Random",5000,82,11464032,3590000,true,true
"insertion","Random",5000,83,11404224,3570900,true,true
"insertion","Random",5000,84,11582336,3626800,true,true
"insertion","Random",5000,85,11388608,3566000,true,true
"insertion","Random",5000,86,11224416,3514600,true,true
"insertion","Random",5000,87,11423968,3577200,true,true
"insertion","Random",5000,88,11483648,3595800,true,true
"insertion","Random",5000,89,11417888,3575200,true,true
"insertion","Random",5000,90,11252640,3523500,true,true
"insertion","Random",5000,91,11260128,3525800,true,true
"insertion","Random",5000,92,11335904,3549500,true,true
"insertion","Random",5000,93,11858784,3713300,true,true
"insertion","Random",5000,94,11335296,3549300,true,true
"insertion","Random",5000,95,11337536,3550000,true,true
"insertion","Random",5000,96,11460384,3588600,true,true
"insertion","Random",5000,97,11359840,3557000,true,true
"insertion","Random",5000,98,11641728,3645300,true,true
"insertion","Random",5000,99,11411712,3573300,true,true
"selection","Random",5000,0,22098016,6919500,true,true
"selection","Random",5000,1,22660384,7095400,true,true
"selection","Random",5000,2,22092480,6917700,true,true
"selection","Random",5000,3,22572288,7067800,true,true
"selection","Random",5000,4,22063104,6908400,true,true
"selection","Random",5000,5,22397056,7012900,true,true
"selection","Random",5000,6,22239872,6963700,true,true
"selection","Random",5000,7,22138464,6931900,true,true
"selection","Random",5000,8,22415008,7018600,true,true
"selection","Random",5000,9,22108576,6922600,true,true
"selection","Random",5000,10,22851904,7155400,true,true
"selection","Random",5000,11,22124448,6927600,true,true
"selection","Random",5000,12,22576672,7069100,true,true
"selection","Random",5000,13,22210496,6954500,true,true
"selection","Random",5000,14,22754900,7125300,true,true
"selection","Random",5000,15,22622656,7083600,true,true
"selection","Random",5000,16,22113280,6924000,true,true
"selection","Random",5000,17,22312896,6986700,true,true
"selection","Random",5000,18,22384896,7009100,true,true
"selection","Random",5000,19,27037248,8465900,true,true
"selection","Random",5000,20,23207232,7266800,true,true
"selection","Random",5000,21,22576224,7069200,true,true
"selection","Random",5000,22,22571008,7067400,true,true
"selection","Random",5000,23,23025325,7210200,true,true
"selection","Random",5000,24,22283552,6977300,true,true
"selection","Random",5000,25,22836928,7151300,true,true
"selection","Random",5000,26,22620768,7083000,true,true
"selection","Random",5000,27,22781920,7133700,true,true
"selection","Random",5000,28,22185408,6946500,true,true
"selection","Random",5000,29,22384576,7009000,true,true
"selection","Random",5000,30,22682944,7102600,true,true
"selection","Random",5000,31,22251552,6967500,true,true
"selection","Random",5000,32,22848384,7154400,true,true
"selection","Random",5000,33,22011872,6892300,true,true
"selection","Random",5000,34,23844416,7466700,true,true
"selection","Random",5000,35,22190848,6948400,true,true
"selection","Random",5000,36,22727712,7117100,true,true
"selection","Random",5000,37,22454048,7030700,true,true
"selection","Random",5000,38,22126080,6928000,true,true
"selection","Random",5000,39,22962160,7190200,true,true
"selection","Random",5000,40,22138112,6931800,true,true
"selection","Random",5000,41,24974575,7820700,true,true
"selection","Random",5000,42,22082624,6914700,true,true
"selection","Random",5000,43,22357952,7000600,true,true
"selection","Random",5000,44,22142304,6933100,true,true
"selection","Random",5000,45,22490560,7042300,true,true
"selection","Random",5000,46,22100544,6920000,true,true
"selection","Random",5000,47,22367936,7003800,true,true
"selection","Random",5000,48,24853376,7782100,true,true
"selection","Random",5000,49,23315392,7300400,true,true
"selection","Random",5000,50,22630816,7086500,true,true
"selection","Random",5000,51,22074912,6912000,true,true
"selection","Random",5000,52,25291968,7920100,true,true
"selection","Random",5000,53,22142624,6933300,true,true
"selection","Random",5000,54,22321504,6989400,true,true
"selection","Random",5000,55,22184832,6946500,true,true
"selection","Random",5000,56,22239712,6963600,true,true
"selection","Random",5000,57,22198720,6950800,true,true
"selection","Random",5000,58,22100928,6920200,true,true
"selection","Random",5000,59,22359296,7001500,true,true
"selection","Random",5000,60,22245536,6965500,true,true
"selection","Random",5000,61,22380448,7007900,true,true
"selection","Random",5000,62,22222944,6958400,true,true
"selection","Random",5000,63,22313472,6986700,true,true
"selection","Random",5000,64,22234432,6961900,true,true
"selection","Random",5000,65,22273696,6974200,true,true
"selection","Random",5000,66,22087872,6916300,true,true
"selection","Random",5000,67,22181504,6945400,true,true
"selection","Random",5000,68,22587552,7072700,true,true
"selection","Random",5000,69,22176128,6943800,true,true
"selection","Random",5000,70,22345184,6996600,true,true
"selection","Random",5000,71,22221952,6958300,true,true
"selection","Random",5000,72,24685748,7730500,true,true
"selection","Random",5000,73,23170572,7256100,true,true
"selection","Random",5000,74,23776288,7445100,true,true
"selection","Random",5000,75,22099168,6919800,true,true
"selection","Random",5000,76,22235168,6962500,true,true
"selection","Random",5000,77,22534304,7056000,true,true
"selection","Random",5000,78,22302560,6983400,true,true
"selection","Random",5000,79,28255872,8848100,true,true
"selection","Random",5000,80,22246912,6965900,true,true
"selection","Random",5000,81,22827264,7148100,true,true
"selection","Random",5000,82,22083456,6914700,true,true
"selection","Random",5000,83,22595136,7075000,true,true
"selection","Random",5000,84,22121664,6926700,true,true
"selection","Random",5000,85,22334656,6993400,true,true
"selection","Random",5000,86,22093632,6917900,true,true
"selection","Random",5000,87,22081984,6914400,true,true
"selection","Random",5000,88,25566016,8005800,true,true
"selection","Random",5000,89,22576032,7069100,true,true
"selection","Random",5000,90,22485920,7040900,true,true
"selection","Random",5000,91,22062816,6908200,true,true
"selection","Random",5000,92,22795264,7137600,true,true
"selection","Random",5000,93,22102144,6920500,true,true
"selection","Random",5000,94,22763424,7128400,true,true
"selection","Random",5000,95,22591072,7073700,true,true
"selection","Random",5000,96,22461888,7033200,true,true
"selection","Random",5000,97,22294432,6980800,true,true
"selection","Random",5000,98,22079520,6913400,true,true
"selection","Random",5000,99,23371328,7318200,true,true
"merge","Random",5000,0,1133216,355000,true,true
"merge","Random",5000,1,1195008,374300,true,true
"merge","Random",5000,2,1137952,356400,true,true
"merge","Random",5000,3,1349120,422600,true,true
"merge","Random",5000,4,1236576,387400,true,true
"merge","Random",5000,5,1191808,373300,true,true
"merge","Random",5000,6,1237216,387500,true,true
"merge","Random",5000,7,1172864,367400,true,true
"merge","Random",5000,8,1193120,373700,true,true
"merge","Random",5000,9,1235360,387000,true,true
"merge","Random",5000,10,1171264,366900,true,true
"merge","Random",5000,11,1220608,382300,true,true
"merge","Random",5000,12,1170656,366700,true,true
"merge","Random",5000,13,1182048,370200,true,true
"merge","Random",5000,14,1228096,384700,true,true
"merge","Random",5000,15,1163584,364400,true,true
"merge","Random",5000,16,1224960,383700,true,true
"merge","Random",5000,17,1212256,379700,true,true
"merge","Random",5000,18,1182624,370400,true,true
"merge","Random",5000,19,1226848,384600,true,true
"merge","Random",5000,20,1160480,363700,true,true
"merge","Random",5000,21,1229376,385100,true,true
"merge","Random",5000,22,1169312,366200,true,true
"merge","Random",5000,23,1185728,371700,true,true
"merge","Random",5000,24,1222592,382900,true,true
"merge","Random",5000,25,1159872,363500,true,true
"merge","Random",5000,26,1218432,381600,true,true
"merge","Random",5000,27,1163904,364500,true,true
"merge","Random",5000,28,1162432,364100,true,true
"merge","Random",5000,29,1216800,381200,true,true
"merge","Random",5000,30,1161472,364000,true,true
"merge","Random",5000,31,1220672,382300,true,true
"merge","Random",5000,32,1166528,365300,true,true
"merge","Random",5000,33,1164896,364900,true,true
"merge","Random",5000,34,1234688,386700,true,true
"merge","Random",5000,35,1165152,364900,true,true
"merge","Random",5000,36,1164032,364600,true,true
"merge","Random",5000,37,1222624,382900,true,true
"merge","Random",5000,38,1167360,365600,true,true
"merge","Random",5000,39,1250592,391700,true,true
"merge","Random",5000,40,1162528,364100,true,true
"merge","Random",5000,41,1160640,363500,true,true
"merge","Random",5000,42,1217344,381300,true,true
"merge","Random",5000,43,1165088,365000,true,true
"merge","Random",5000,44,1371776,429700,true,true
"merge","Random",5000,45,1156800,362400,true,true
"merge","Random",5000,46,1151392,360600,true,true
"merge","Random",5000,47,1211584,379500,true,true
"merge","Random",5000,48,1143232,358100,true,true
"merge","Random",5000,49,1223296,383200,true,true
"merge","Random",5000,50,1143136,358100,true,true
"merge","Random",5000,51,1137312,356200,true,true
"merge","Random",5000,52,1197472,375100,true,true
"merge","Random",5000,53,1127648,353200,true,true
"merge","Random",5000,54,1199712,375800,true,true
"merge","Random",5000,55,1141344,357500,true,true
"merge","Random",5000,56,1142784,357900,true,true
"merge","Random",5000,57,1194400,374200,true,true
"merge","Random",5000,58,1135968,355800,true,true
"merge","Random",5000,59,1169984,366400,true,true
"merge","Random",5000,60,1264224,396000,true,true
"merge","Random",5000,61,1134976,355500,true,true
"merge","Random",5000,62,1190848,373000,true,true
"merge","Random",5000,63,1142560,357900,true,true
"merge","Random",5000,64,1152352,360900,true,true
"merge","Random",5000,65,1195680,374500,true,true
"merge","Random",5000,66,1132128,354600,true,true
"merge","Random",5000,67,1187424,372000,true,true
"merge","Random",5000,68,1146048,359000,true,true
"merge","Random",5000,69,1140608,357200,true,true
"merge","Random",5000,70,1203584,377000,true,true
"merge","Random",5000,71,1130240,354100,true,true
"merge","Random",5000,72,1128416,353400,true,true
"merge","Random",5000,73,1181504,370100,true,true
"merge","Random",5000,74,1131648,354500,true,true
"merge","Random",5000,75,1209472,378900,true,true
"merge","Random",5000,76,1145504,359200,true,true
"merge","Random",5000,77,1138048,356500,true,true
"merge","Random",5000,78,1195840,374600,true,true
"merge","Random",5000,79,1133696,355100,true,true
"merge","Random",5000,80,1208992,378700,true,true
"merge","Random",5000,81,1135104,355500,true,true
"merge","Random",5000,82,1130432,354000,true,true
"merge","Random",5000,83,1190848,373000,true,true
"merge","Random",5000,84,1334400,417900,true,true
"merge","Random",5000,85,1219872,382000,true,true
"merge","Random",5000,86,1144512,358500,true,true
"merge","Random",5000,87,1141824,357600,true,true
"merge","Random",5000,88,1195872,374500,true,true
"merge","Random",5000,89,1126240,352800,true,true
"merge","Random",5000,90,1148800,359800,true,true
"merge","Random",5000,91,1196800,374900,true,true
"merge","Random",5000,92,1135424,355600,true,true
"merge","Random",5000,93,1188928,372400,true,true
"merge","Random",5000,94,1133184,354900,true,true
"merge","Random",5000,95,1134752,355400,true,true
"merge","Random",5000,96,1199616,375800,true,true
"merge","Random",5000,97,1132704,354700,true,true
"merge","Random",5000,98,1132960,354900,true,true
"merge","Random",5000,99,1134624,355400,true,true
"quicksort","Random",5000,0,1135744,355700,true,true
"quicksort","Random",5000,1,1212320,379700,true,true
"quicksort","Random",5000,2,1174528,367900,true,true
"quicksort","Random",5000,3,1161440,363800,true,true
"quicksort","Random",5000,4,1237280,387600,true,true
"quicksort","Random",5000,5,1152256,360900,true,true
"quicksort","Random",5000,6,1291796,405300,true,true
"quicksort","Random",5000,7,1263264,395700,true,true
"quicksort","Random",5000,8,1171648,366900,true,true
"quicksort","Random",5000,9,1220800,382400,true,true
"quicksort","Random",5000,10,1131136,354300,true,true
"quicksort","Random",5000,11,1197824,375200,true,true
"quicksort","Random",5000,12,1215360,380700,true,true
"quicksort","Random",5000,13,1167584,365700,true,true
"quicksort","Random",5000,14,1129088,353700,true,true
"quicksort","Random",5000,15,1165376,365000,true,true
"quicksort","Random",5000,16,1173760,367700,true,true
"quicksort","Random",5000,17,1191040,373300,true,true
"quicksort","Random",5000,18,1159616,363200,true,true
"quicksort","Random",5000,19,1147040,359300,true,true
"quicksort","Random",5000,20,1222176,382800,true,true
"quicksort","Random",5000,21,1160512,363600,true,true
"quicksort","Random",5000,22,1213568,380100,true,true
"quicksort","Random",5000,23,1143680,358200,true,true
"quicksort","Random",5000,24,1151712,360800,true,true
"quicksort","Random",5000,25,1348832,423000,true,true
"quicksort","Random",5000,26,1224448,383600,true,true
"quicksort","Random",5000,27,1201376,376400,true,true
"quicksort","Random",5000,28,1152160,360900,true,true
"quicksort","Random",5000,29,1149408,360000,true,true
"quicksort","Random",5000,30,1210496,379200,true,true
"quicksort","Random",5000,31,1190720,372900,true,true
"quicksort","Random",5000,32,1212000,379600,true,true
"quicksort","Random",5000,33,1146112,359000,true,true
"quicksort","Random",5000,34,1157920,362700,true,true
"quicksort","Random",5000,35,1222432,382900,true,true
"quicksort","Random",5000,36,1158752,363000,true,true
"quicksort","Random",5000,37,1166944,365700,true,true
"quicksort","Random",5000,38,1160416,363400,true,true
"quicksort","Random",5000,39,1139904,357000,true,true
"quicksort","Random",5000,40,1219200,381900,true,true
"quicksort","Random",5000,41,1362720,426900,true,true
"quicksort","Random",5000,42,1265152,396300,true,true
"quicksort","Random",5000,43,1160896,363600,true,true
"quicksort","Random",5000,44,1166304,365300,true,true
"quicksort","Random",5000,45,1191136,373100,true,true
"quicksort","Random",5000,46,1511264,474000,true,true
"quicksort","Random",5000,47,1889164,592400,true,true
"quicksort","Random",5000,48,2469185,774000,true,true
"quicksort","Random",5000,49,1883488,590800,true,true
"quicksort","Random",5000,50,2206592,749900,true,true
"quicksort","Random",5000,51,3718176,1164800,true,true
"quicksort","Random",5000,52,1258496,394200,true,true
"quicksort","Random",5000,53,1235584,387200,true,true
"quicksort","Random",5000,54,1185984,371600,true,true
"quicksort","Random",5000,55,1131360,354400,true,true
"quicksort","Random",5000,56,1250432,391800,true,true
"quicksort","Random",5000,57,1150144,360300,true,true
"quicksort","Random",5000,58,1217536,381300,true,true
"quicksort","Random",5000,59,1156640,362300,true,true
"quicksort","Random",5000,60,1153856,361400,true,true
"quicksort","Random",5000,61,1487136,465900,true,true
"quicksort","Random",5000,62,2109469,661600,true,true
"quicksort","Random",5000,63,1791872,561300,true,true
"quicksort","Random",5000,64,1210528,379200,true,true
"quicksort","Random",5000,65,1245824,390300,true,true
"quicksort","Random",5000,66,1176736,368600,true,true
"quicksort","Random",5000,67,1228736,385100,true,true
"quicksort","Random",5000,68,1166496,365300,true,true
"quicksort","Random",5000,69,1181824,370200,true,true
"quicksort","Random",5000,70,1165280,365000,true,true
"quicksort","Random",5000,71,1151200,360500,true,true
"quicksort","Random",5000,72,1197952,375200,true,true
"quicksort","Random",5000,73,1130432,354200,true,true
"quicksort","Random",5000,74,1162144,364000,true,true
"quicksort","Random",5000,75,1241984,389000,true,true
"quicksort","Random",5000,76,1172512,367200,true,true
"quicksort","Random",5000,77,1210624,379300,true,true
"quicksort","Random",5000,78,1140352,357100,true,true
"quicksort","Random",5000,79,1159744,363200,true,true
"quicksort","Random",5000,80,1261152,395000,true,true
"quicksort","Random",5000,81,1167712,365700,true,true
"quicksort","Random",5000,82,1214656,380500,true,true
"quicksort","Random",5000,83,1158944,363000,true,true
"quicksort","Random",5000,84,1160032,363300,true,true
"quicksort","Random",5000,85,1233440,386400,true,true
"quicksort","Random",5000,86,1149472,360000,true,true
"quicksort","Random",5000,87,1224960,383700,true,true
"quicksort","Random",5000,88,1157280,362500,true,true
"quicksort","Random",5000,89,1164928,364900,true,true
"quicksort","Random",5000,90,1234368,386700,true,true
"quicksort","Random",5000,91,1166240,365200,true,true
"quicksort","Random",5000,92,1170464,366600,true,true
"quicksort","Random",5000,93,1142880,358000,true,true
"quicksort","Random",5000,94,1158016,362700,true,true
"quicksort","Random",5000,95,1210912,379300,true,true
"quicksort","Random",5000,96,1153504,361300,true,true
"quicksort","Random",5000,97,1158592,362900,true,true
"quicksort","Random",5000,98,1212960,380000,true,true
"quicksort","Random",5000,99,1151616,360700,true,true
"heap","Random",5000,0,1450528,454300,true,true
"heap","Random",5000,1,1391072,435700,true,true
"heap","Random",5000,2,1384928,433800,true,true
"heap","Random",5000,3,1432608,448700,true,true
"heap","Random",5000,4,1397088,437600,true,true
"heap","Random",5000,5,1436832,450000,true,true
"heap","Random",5000,6,1380256,432400,true,true
"heap","Random",5000,7,1432800,448800,true,true
"heap","Random",5000,8,1385344,434000,true,true
"heap","Random",5000,9,1451392,454600,true,true
"heap","Random",5000,10,1381696,432800,true,true
"heap","Random",5000,11,1432704,448800,true,true
"heap","Random",5000,12,1401312,438900,true,true
"heap","Random",5000,13,1565920,490500,true,true
"heap","Random",5000,14,1378272,431600,true,true
"heap","Random",5000,15,1574720,493900,true,true
"heap","Random",5000,16,1522240,477000,true,true
"heap","Random",5000,17,1451456,454600,true,true
"heap","Random",5000,18,1383872,433400,true,true
"heap","Random",5000,19,1384864,433700,true,true
"heap","Random",5000,20,1436352,449900,true,true
"heap","Random",5000,21,1397856,437800,true,true
"heap","Random",5000,22,1432928,448800,true,true
"heap","Random",5000,23,1383296,433300,true,true
"heap","Random",5000,24,1437664,450300,true,true
"heap","Random",5000,25,1392960,436200,true,true
"heap","Random",5000,26,1435712,449700,true,true
"heap","Random",5000,27,1386304,434400,true,true
"heap","Random",5000,28,1439520,450900,true,true
"heap","Random",5000,29,1407456,440800,true,true
"heap","Random",5000,30,1434880,449500,true,true
"heap","Random",5000,31,1378400,431700,true,true
"heap","Random",5000,32,1378304,431700,true,true
"heap","Random",5000,33,1437440,450300,true,true
"heap","Random",5000,34,1400448,438700,true,true
"heap","Random",5000,35,1432672,448700,true,true
"heap","Random",5000,36,1375168,430700,true,true
"heap","Random",5000,37,1436672,450000,true,true
"heap","Random",5000,38,1401568,439000,true,true
"heap","Random",5000,39,1432704,448700,true,true
"heap","Random",5000,40,1380352,432300,true,true
"heap","Random",5000,41,1429984,447900,true,true
"heap","Random",5000,42,1403040,439400,true,true
"heap","Random",5000,43,1436096,449800,true,true
"heap","Random",5000,44,1384192,433600,true,true
"heap","Random",5000,45,1384736,433800,true,true
"heap","Random",5000,46,1440096,451400,true,true
"heap","Random",5000,47,1442176,451700,true,true
"heap","Random",5000,48,1435904,449700,true,true
"heap","Random",5000,49,1378048,431600,true,true
"heap","Random",5000,50,1420736,445000,true,true
"heap","Random",5000,51,1486848,465800,true,true
"heap","Random",5000,52,1439200,450800,true,true
"heap","Random",5000,53,1382912,433100,true,true
"heap","Random",5000,54,1436128,449800,true,true
"heap","Random",5000,55,1398304,438000,true,true
"heap","Random",5000,56,1436288,449900,true,true
"heap","Random",5000,57,1386592,434300,true,true
"heap","Random",5000,58,1428832,447500,true,true
"heap","Random",5000,59,1380672,432400,true,true
"heap","Random",5000,60,1397536,437700,true,true
"heap","Random",5000,61,1435616,449600,true,true
"heap","Random",5000,62,1379968,432300,true,true
"heap","Random",5000,63,1435200,449500,true,true
"heap","Random",5000,64,1399008,438200,true,true
"heap","Random",5000,65,1434368,449200,true,true
"heap","Random",5000,66,1383424,433200,true,true
"heap","Random",5000,67,1423840,446000,true,true
"heap","Random",5000,68,1403936,439800,true,true
"heap","Random",5000,69,1433184,448900,true,true
"heap","Random",5000,70,1461248,457700,true,true
"heap","Random",5000,71,1528224,478700,true,true
"heap","Random",5000,72,1383520,433400,true,true
"heap","Random",5000,73,1444032,452200,true,true
"heap","Random",5000,74,1382720,433100,true,true
"heap","Random",5000,75,1375872,431000,true,true
"heap","Random",5000,76,1437536,450300,true,true
"heap","Random",5000,77,1392320,436100,true,true
"heap","Random",5000,78,1430336,448000,true,true
"heap","Random",5000,79,1375840,430900,true,true
"heap","Random",5000,80,1433536,449000,true,true
"heap","Random",5000,81,1392352,436100,true,true
"heap","Random",5000,82,1817664,569300,true,true
"heap","Random",5000,83,1536224,481200,true,true
"heap","Random",5000,84,1500480,470000,true,true
"heap","Random",5000,85,1398208,438100,true,true
"heap","Random",5000,86,1456800,456300,true,true
"heap","Random",5000,87,1413824,442900,true,true
"heap","Random",5000,88,1449152,453900,true,true
"heap","Random",5000,89,1394496,436800,true,true
"heap","Random",5000,90,1437376,450200,true,true
"heap","Random",5000,91,1374688,430500,true,true
"heap","Random",5000,92,1435680,449700,true,true
"heap","Random",5000,93,1375424,430800,true,true
"heap","Random",5000,94,1399520,438300,true,true
"heap","Random",5000,95,1441312,451400,true,true
"heap","Random",5000,96,1384288,433700,true,true
"heap","Random",5000,97,1428384,447400,true,true
"heap","Random",5000,98,1399904,438800,true,true
"heap","Random",5000,99,1437504,450500,true,true
"std-sort","Random",5000,0,903872,283100,true,true
"std-sort","Random",5000,1,841600,263600,true,true
"std-sort","Random",5000,2,825056,258500,true,true
"std-sort","Random",5000,3,875584,274200,true,true
"std-sort","Random",5000,4,833888,261200,true,true
"std-sort","Random",5000,5,834048,261300,true,true
"std-sort","Random",5000,6,1011796,318000,true,true
"std-sort","Random",5000,7,882784,276500,true,true
"std-sort","Random",5000,8,1018176,318900,true,true
"std-sort","Random",5000,9,831488,260400,true,true
"std-sort","Random",5000,10,815040,255300,true,true
"std-sort","Random",5000,11,905248,283700,true,true
"std-sort","Random",5000,12,858336,269000,true,true
"std-sort","Random",5000,13,886176,277600,true,true
"std-sort","Random",5000,14,1020000,319600,true,true
"std-sort","Random",5000,15,1088896,341200,true,true
"std-sort","Random",5000,16,845504,265000,true,true
"std-sort","Random",5000,17,970592,304100,true,true
"std-sort","Random",5000,18,881344,276200,true,true
"std-sort","Random",5000,19,827872,259300,true,true
"std-sort","Random",5000,20,832288,260800,true,true
"std-sort","Random",5000,21,941600,295000,true,true
"std-sort","Random",5000,22,843616,264300,true,true
"std-sort","Random",5000,23,816736,255800,true,true
"std-sort","Random",5000,24,894304,280100,true,true
"std-sort","Random",5000,25,811296,254300,true,true
"std-sort","Random",5000,26,817344,256100,true,true
"std-sort","Random",5000,27,867712,271900,true,true
"std-sort","Random",5000,28,875968,274500,true,true
"std-sort","Random",5000,29,837120,262200,true,true
"std-sort","Random",5000,30,826144,258800,true,true
"std-sort","Random",5000,31,892928,279700,true,true
"std-sort","Random",5000,32,867680,271900,true,true
"std-sort","Random",5000,33,826816,259000,true,true
"std-sort","Random",5000,34,825120,258500,true,true
"std-sort","Random",5000,35,898016,281300,true,true
"std-sort","Random",5000,36,825344,258500,true,true
"std-sort","Random",5000,37,812096,254400,true,true
"std-sort","Random",5000,38,933888,292600,true,true
"std-sort","Random",5000,39,831904,260600,true,true
"std-sort","Random",5000,40,832384,260700,true,true
"std-sort","Random",5000,41,817408,256000,true,true
"std-sort","Random",5000,42,877664,274900,true,true
"std-sort","Random",5000,43,832480,260800,true,true
"std-sort","Random",5000,44,847040,265400,true,true
"std-sort","Random",5000,45,855552,268000,true,true
"std-sort","Random",5000,46,833248,261000,true,true
"std-sort","Random",5000,47,825184,258500,true,true
"std-sort","Random",5000,48,845248,264800,true,true
"std-sort","Random",5000,49,925856,290100,true,true
"std-sort","Random",5000,50,831808,260600,true,true
"std-sort","Random",5000,51,832608,260800,true,true
"std-sort","Random",5000,52,887168,277900,true,true
"std-sort","Random",5000,53,808960,253400,true,true
"std-sort","Random",5000,54,820000,256900,true,true
"std-sort","Random",5000,55,882976,276600,true,true
"std-sort","Random",5000,56,907552,284300,true,true
"std-sort","Random",5000,57,824544,258200,true,true
"std-sort","Random",5000,58,807104,252800,true,true
"std-sort","Random",5000,59,888000,278200,true,true
"std-sort","Random",5000,60,969984,304000,true,true
"std-sort","Random",5000,61,843008,264500,true,true
"std-sort","Random",5000,62,931552,292000,true,true
"std-sort","Random",5000,63,840192,263200,true,true
"std-sort","Random",5000,64,820448,257000,true,true
"std-sort","Random",5000,65,872800,273500,true,true
"std-sort","Random",5000,66,935616,293100,true,true
"std-sort","Random",5000,67,832576,260800,true,true
"std-sort","Random",5000,68,805792,252400,true,true
"std-sort","Random",5000,69,892000,279500,true,true
"std-sort","Random",5000,70,819456,256700,true,true
"std-sort","Random",5000,71,864768,270900,true,true
"std-sort","Random",5000,72,823616,258000,true,true
"std-sort","Random",5000,73,1020288,319600,true,true
"std-sort","Random",5000,74,841120,263600,true,true
"std-sort","Random",5000,75,820736,257100,true,true
"std-sort","Random",5000,76,927200,290500,true,true
"std-sort","Random",5000,77,834400,261400,true,true
"std-sort","Random",5000,78,837056,262500,true,true
"std-sort","Random",5000,79,805984,252500,true,true
"std-sort","Random",5000,80,871008,272900,true,true
"std-sort","Random",5000,81,823264,257900,true,true
"std-sort","Random",5000,82,867360,271700,true,true
"std-sort","Random",5000,83,908896,284800,true,true
"std-sort","Random",5000,84,831264,260400,true,true
"std-sort","Random",5000,85,830784,260200,true,true
"std-sort","Random",5000,86,804256,251900,true,true
"std-sort","Random",5000,87,870048,272600,true,true
"std-sort","Random",5000,88,829312,259800,true,true
"std-sort","Random",5000,89,832832,260900,true,true
"std-sort","Random",5000,90,891040,279200,true,true
"std-sort","Random",5000,91,815104,255300,true,true
"std-sort","Random",5000,92,822592,257700,true,true
"std-sort","Random",5000,93,859520,269300,true,true
"std-sort","Random",5000,94,826176,258800,true,true
"std-sort","Random",5000,95,824704,258400,true,true
"std-sort","Random",5000,96,822336,257600,true,true
"std-sort","Random",5000,97,861632,269900,true,true
"std-sort","Random",5000,98,827584,259200,true,true
"std-sort","Random",5000,99,854080,267500,true,true
"std-stable-sort","Random",5000,0,960320,300900,true,true
"std-stable-sort","Random",5000,1,906528,284000,true,true
"std-stable-sort","Random",5000,2,899680,281800,true,true
"std-stable-sort","Random",5000,3,959264,300500,true,true
"std-stable-sort","Random",5000,4,946336,296400,true,true
"std-stable-sort","Random",5000,5,900384,282100,true,true
"std-stable-sort","Random",5000,6,957696,300000,true,true
"std-stable-sort","Random",5000,7,894560,280200,true,true
"std-stable-sort","Random",5000,8,990464,310300,true,true
"std-stable-sort","Random",5000,9,1001792,313800,true,true
"std-stable-sort","Random",5000,10,899104,281600,true,true
"std-stable-sort","Random",5000,11,891328,279200,true,true
"std-stable-sort","Random",5000,12,946912,296700,true,true
"std-stable-sort","Random",5000,13,901632,282400,true,true
"std-stable-sort","Random",5000,14,919968,288200,true,true
"std-stable-sort","Random",5000,15,898208,281300,true,true
"std-stable-sort","Random",5000,16,958048,300100,true,true
"std-stable-sort","Random",5000,17,929824,291300,true,true
"std-stable-sort","Random",5000,18,900576,282100,true,true
"std-stable-sort","Random",5000,19,972448,304700,true,true
"std-stable-sort","Random",5000,20,901984,282500,true,true
"std-stable-sort","Random",5000,21,898784,281600,true,true
"std-stable-sort","Random",5000,22,950464,297700,true,true
"std-stable-sort","Random",5000,23,895424,280500,true,true
"std-stable-sort","Random",5000,24,896672,280900,true,true
"std-stable-sort","Random",5000,25,950400,297800,true,true
"std-stable-sort","Random",5000,26,908864,284700,true,true
"std-stable-sort","Random",5000,27,890816,279100,true,true
"std-stable-sort","Random",5000,28,966816,302900,true,true
"std-stable-sort","Random",5000,29,948032,297000,true,true
"std-stable-sort","Random",5000,30,893792,280000,true,true
"std-stable-sort","Random",5000,31,903424,283000,true,true
"std-stable-sort","Random",5000,32,973696,305100,true,true
"std-stable-sort","Random",5000,33,896800,280900,true,true
"std-stable-sort","Random",5000,34,904768,283400,true,true
"std-stable-sort","Random",5000,35,955456,299300,true,true
"std-stable-sort","Random",5000,36,901184,282300,true,true
"std-stable-sort","Random",5000,37,895328,280400,true,true
"std-stable-sort","Random",5000,38,956448,299600,true,true
"std-stable-sort","Random",5000,39,923680,289400,true,true
"std-stable-sort","Random",5000,40,892704,279600,true,true
"std-stable-sort","Random",5000,41,891712,279300,true,true
"std-stable-sort","Random",5000,42,957152,299900,true,true
"std-stable-sort","Random",5000,43,934400,292800,true,true
"std-stable-sort","Random",5000,44,1021664,320100,true,true
"std-stable-sort","Random",5000,45,1052480,329700,true,true
"std-stable-sort","Random",5000,46,982912,308000,true,true
"std-stable-sort","Random",5000,47,1100000,344600,true,true
"std-stable-sort","Random",5000,48,1030528,322800,true,true
"std-stable-sort","Random",5000,49,987136,309200,true,true
"std-stable-sort","Random",5000,50,1102176,345400,true,true
"std-stable-sort","Random",5000,51,998560,312900,true,true
"std-stable-sort","Random",5000,52,977056,306100,true,true
"std-stable-sort","Random",5000,53,1134848,355600,true,true
"std-stable-sort","Random",5000,54,1057056,331100,true,true
"std-stable-sort","Random",5000,55,1016160,318400,true,true
"std-stable-sort","Random",5000,56,1077728,337700,true,true
"std-stable-sort","Random",5000,57,1050016,329100,true,true
"std-stable-sort","Random",5000,58,1160544,363700,true,true
"std-stable-sort","Random",5000,59,998976,312900,true,true
"std-stable-sort","Random",5000,60,928064,290800,true,true
"std-stable-sort","Random",5000,61,969728,303800,true,true
"std-stable-sort","Random",5000,62,898368,281400,true,true
"std-stable-sort","Random",5000,63,894784,280700,true,true
"std-stable-sort","Random",5000,64,903296,283000,true,true
"std-stable-sort","Random",5000,65,982208,307800,true,true
"std-stable-sort","Random",5000,66,905792,283700,true,true
"std-stable-sort","Random",5000,67,905792,283800,true,true
"std-stable-sort","Random",5000,68,953568,298800,true,true
"std-stable-sort","Random",5000,69,897408,281300,true,true
"std-stable-sort","Random",5000,70,893248,279800,true,true
"std-stable-sort","Random",5000,71,960832,301100,true,true
"std-stable-sort","Random",5000,72,920736,288400,true,true
"std-stable-sort","Random",5000,73,900256,282000,true,true
"std-stable-sort","Random",5000,74,953856,298800,true,true
"std-stable-sort","Random",5000,75,900768,282200,true,true
"std-stable-sort","Random",5000,76,889824,278800,true,true
"std-stable-sort","Random",5000,77,894144,280100,true,true
"std-stable-sort","Random",5000,78,952192,298300,true,true
"std-stable-sort","Random",5000,79,894048,280100,true,true
"std-stable-sort","Random",5000,80,894048,280100,true,true
"std-stable-sort","Random",5000,81,945728,296300,true,true
"std-stable-sort","Random",5000,82,896224,280700,true,true
"std-stable-sort","Random",5000,83,905344,283600,true,true
"std-stable-sort","Random",5000,84,2713536,849800,true,true
"std-stable-sort","Random",5000,85,896960,281000,true,true
"std-stable-sort","Random",5000,86,951616,298100,true,true
"std-stable-sort","Random",5000,87,890560,279000,true,true
"std-stable-sort","Random",5000,88,894368,280200,true,true
"std-stable-sort","Random",5000,89,952416,298300,true,true
"std-stable-sort","Random",5000,90,897248,281100,true,true
"std-stable-sort","Random",5000,91,1202848,376800,true,true
"std-stable-sort","Random",5000,92,985184,308600,true,true
"std-stable-sort","Random",5000,93,900256,282100,true,true
"std-stable-sort","Random",5000,94,901856,282500,true,true
"std-stable-sort","Random",5000,95,960256,300800,true,true
"std-stable-sort","Random",5000,96,893760,279900,true,true
"std-stable-sort","Random",5000,97,923424,289200,true,true
"std-stable-sort","Random",5000,98,955552,299300,true,true
"std-stable-sort","Random",5000,99,897472,281200,true,true
"bubble","Random",10000,0,169850064,53182400,true,true
"bubble","Random",10000,1,172255088,53935200,true,true
"bubble","Random",10000,2,168874528,52876500,true,true
"bubble","Random",10000,3,170655840,53435100,true,true
"bubble","Random",10000,4,168854496,52870200,true,true
"bubble","Random",10000,5,170569216,53407200,true,true
"bubble","Random",10000,6,172581536,54037400,true,true
"bubble","Random",10000,7,169820288,53172600,true,true
"bubble","Random",10000,8,169842592,53179600,true,true
"bubble","Random",10000,9,178281984,55823900,true,true
"bubble","Random",10000,10,174814515,54737800,true,true
"bubble","Random",10000,11,171270112,53627300,true,true
"bubble","Random",10000,12,188279276,58954800,true,true
"bubble","Random",10000,13,168735296,52833000,true,true
"bubble","Random",10000,14,173274848,54254200,true,true
"bubble","Random",10000,15,170899412,53511100,true,true
"bubble","Random",10000,16,174230733,54554100,true,true
"bubble","Random",10000,17,171795743,53791300,true,true
"bubble","Random",10000,18,170072864,53251500,true,true
"bubble","Random",10000,19,170980960,53536400,true,true
"bubble","Random",10000,20,169198068,52978000,true,true
"bubble","Random",10000,21,172951360,54153500,true,true
"bubble","Random",10000,22,171816544,53798200,true,true
"bubble","Random",10000,23,172581789,54037900,true,true
"bubble","Random",10000,24,168395488,52726400,true,true
"bubble","Random",10000,25,168970080,52906500,true,true
"bubble","Random",10000,26,171317571,53641500,true,true
"bubble","Random",10000,27,399365341,125047600,true,true
"bubble","Random",10000,28,168652736,52807500,true,true
"bubble","Random",10000,29,169406384,53044800,true,true
"bubble","Random",10000,30,169242080,52991300,true,true
"bubble","Random",10000,31,167672576,52500100,true,true
"bubble","Random",10000,32,168980480,52909500,true,true
"bubble","Random",10000,33,169650592,53119800,true,true
"bubble","Random",10000,34,175206559,54860500,true,true
"bubble","Random",10000,35,171096192,53572300,true,true
"bubble","Random",10000,36,169859444,53185200,true,true
"bubble","Random",10000,37,171650400,53745600,true,true
"bubble","Random",10000,38,314704696,98539800,true,true
"bubble","Random",10000,39,211476982,66218000,true,true
"bubble","Random",10000,40,170962320,53530300,true,true
"bubble","Random",10000,41,171981472,53849000,true,true
"bubble","Random",10000,42,172065216,53875400,true,true
"bubble","Random",10000,43,170190816,53288800,true,true
"bubble","Random",10000,44,169754272,53151600,true,true
"bubble","Random",10000,45,174373359,54600300,true,true
"bubble","Random",10000,46,176479968,55259500,true,true
"bubble","Random",10000,47,170103008,53261700,true,true
"bubble","Random",10000,48,177583488,55604700,true,true
"bubble","Random",10000,49,168995680,52914900,true,true
"bubble","Random",10000,50,171188928,53601800,true,true
"bubble","Random",10000,51,168008192,52605300,true,true
"bubble","Random",10000,52,172413620,53984600,true,true
"bubble","Random",10000,53,176034316,55118500,true,true
"bubble","Random",10000,54,169797684,53166200,true,true
"bubble","Random",10000,55,170055488,53246200,true,true
"bubble","Random",10000,56,169840896,53179400,true,true
"bubble","Random",10000,57,171771756,53784200,true,true
"bubble","Random",10000,58,169383264,53035900,true,true
"bubble","Random",10000,59,173501696,54325600,true,true
"bubble","Random",10000,60,181168672,56728200,true,true
"bubble","Random",10000,61,169547136,53087100,true,true
"bubble","Random",10000,62,171935328,53836700,true,true
"bubble","Random",10000,63,176845713,55373900,true,true
"bubble","Random",10000,64,171629711,53739800,true,true
"bubble","Random",10000,65,169169120,52969200,true,true
"bubble","Random",10000,66,168938996,52897000,true,true
"bubble","Random",10000,67,170043232,53242800,true,true
"bubble","Random",10000,68,168971116,52907500,true,true
"bubble","Random",10000,69,170921824,53518000,true,true
"bubble","Random",10000,70,169503124,53073500,true,true
"bubble","Random",10000,71,173700448,54387700,true,true
"bubble","Random",10000,72,169232428,52988800,true,true
"bubble","Random",10000,73,173013396,54172500,true,true
"bubble","Random",10000,74,169143468,52961000,true,true
"bubble","Random",10000,75,171418976,53673100,true,true
"bubble","Random",10000,76,169567380,53093600,true,true
"bubble","Random",10000,77,170382060,53348700,true,true
"bubble","Random",10000,78,173743968,54401000,true,true
"bubble","Random",10000,79,173119616,54205500,true,true
"bubble","Random",10000,80,172873620,54128700,true,true
"bubble","Random",10000,81,177738188,55651800,true,true
"bubble","Random",10000,82,178000384,55734400,true,true
"bubble","Random",10000,83,179469681,56195500,true,true
"bubble","Random",10000,84,172923264,54145300,true,true
"bubble","Random",10000,85,169321200,53017300,true,true
"bubble","Random",10000,86,172755648,54092100,true,true
"bubble","Random",10000,87,169402048,53041800,true,true
"bubble","Random",10000,88,170171840,53282900,true,true
"bubble","Random",10000,89,170380416,53348300,true,true
"bubble","Random",10000,90,170052320,53245800,true,true
"bubble","Random",10000,91,171687475,53757500,true,true
"bubble","Random",10000,92,174516301,54644900,true,true
"bubble","Random",10000,93,170892255,53508500,true,true
"bubble","Random",10000,94,179412961,56178000,true,true
"bubble","Random",10000,95,168696928,52820900,true,true
"bubble","Random",10000,96,178543827,55906000,true,true
"bubble","Random",10000,97,170973181,53533800,true,true
"bubble","Random",10000,98,170788880,53476400,true,true
"bubble","Random",10000,99,177039199,55433700,true,true
"insertion","Random",10000,0,45961952,14391500,true,true
"insertion","Random",10000,1,45613216,14282200,true,true
"insertion","Random",10000,2,44909632,14061800,true,true
"insertion","Random",10000,3,45517792,14252600,true,true
"insertion","Random",10000,4,45617152,14283300,true,true
"insertion","Random",10000,5,45052000,14106300,true,true
"insertion","Random",10000,6,47568864,14894600,true,true
"insertion","Random",10000,7,45707616,14311700,true,true
"insertion","Random",10000,8,46659904,14610200,true,true
"insertion","Random",10000,9,45971936,14394500,true,true
"insertion","Random",10000,10,46278912,14490600,true,true
"insertion","Random",10000,11,45940084,14385200,true,true
"insertion","Random",10000,12,47136396,14759500,true,true
"insertion","Random",10000,13,45235360,14163800,true,true
"insertion","Random",10000,14,45806080,14342500,true,true
"insertion","Random",10000,15,46148116,14450000,true,true
"insertion","Random",10000,16,45580032,14271700,true,true
"insertion","Random",10000,17,44762496,14015800,true,true
"insertion","Random",10000,18,45503552,14248100,true,true
"insertion","Random",10000,19,47966989,15019500,true,true
"insertion","Random",10000,20,45961968,14391700,true,true
"insertion","Random",10000,21,45675008,14301500,true,true
"insertion","Random",10000,22,46959811,14704100,true,true
"insertion","Random",10000,23,45298368,14183500,true,true
"insertion","Random",10000,24,45402016,14216400,true,true
"insertion","Random",10000,25,50321117,15756900,true,true
"insertion","Random",10000,26,46044784,14417700,true,true
"insertion","Random",10000,27,48736307,15260300,true,true
"insertion","Random",10000,28,48056192,15047000,true,true
"insertion","Random",10000,29,45402124,14216300,true,true
"insertion","Random",10000,30,44723936,14003600,true,true
"insertion","Random",10000,31,45290656,14181300,true,true
"insertion","Random",10000,32,45216896,14157900,true,true
"insertion","Random",10000,33,45552256,14263500,true,true
"insertion","Random",10000,34,45995872,14402100,true,true
"insertion","Random",10000,35,45616000,14282900,true,true
"insertion","Random",10000,36,46082196,14429600,true,true
"insertion","Random",10000,37,45927360,14380900,true,true
"insertion","Random",10000,38,46170764,14457300,true,true
"insertion","Random",10000,39,45072352,14113300,true,true
"insertion","Random",10000,40,45482592,14241100,true,true
"insertion","Random",10000,41,45686944,14305100,true,true
"insertion","Random",10000,42,45440800,14228600,true,true
"insertion","Random",10000,43,45070080,14112000,true,true
"insertion","Random",10000,44,45389600,14212000,true,true
"insertion","Random",10000,45,45124980,14129600,true,true
"insertion","Random",10000,46,45100192,14121400,true,true
"insertion","Random",10000,47,45236832,14164100,true,true
"insertion","Random",10000,48,48520032,15192100,true,true
"insertion","Random",10000,49,47394813,14840400,true,true
"insertion","Random",10000,50,45813680,14345300,true,true
"insertion","Random",10000,51,45219296,14158900,true,true
"insertion","Random",10000,52,45239008,14164900,true,true
"insertion","Random",10000,53,48190291,15089400,true,true
"insertion","Random",10000,54,46428448,14538000,true,true
"insertion","Random",10000,55,46743584,14636200,true,true
"insertion","Random",10000,56,46315808,14502200,true,true
"insertion","Random",10000,57,46314048,14501700,true,true
"insertion","Random",10000,58,48232781,15102800,true,true
"insertion","Random",10000,59,45413184,14219400,true,true
"insertion","Random",10000,60,45495936,14245600,true,true
"insertion","Random",10000,61,50687123,15871200,true,true
"insertion","Random",10000,62,48239565,15104900,true,true
"insertion","Random",10000,63,45746064,14324000,true,true
"insertion","Random",10000,64,45985088,14398900,true,true
"insertion","Random",10000,65,45561536,14266000,true,true
"insertion","Random",10000,66,45528640,14255600,true,true
"insertion","Random",10000,67,45239312,14165400,true,true
"insertion","Random",10000,68,45609824,14281000,true,true
"insertion","Random",10000,69,45339968,14196700,true,true
"insertion","Random",10000,70,45639520,14290400,true,true
"insertion","Random",10000,71,46355360,14515500,true,true
"insertion","Random",10000,72,45796368,14340000,true,true
"insertion","Random",10000,73,44897952,14058200,true,true
"insertion","Random",10000,74,48516768,15191200,true,true
"insertion","Random",10000,75,45275808,14177100,true,true
"insertion","Random",10000,76,45645376,14292100,true,true
"insertion","Random",10000,77,45250112,14168800,true,true
"insertion","Random",10000,78,45159168,14140600,true,true
"insertion","Random",10000,79,45362752,14203900,true,true
"insertion","Random",10000,80,45855792,14358400,true,true
"insertion","Random",10000,81,45072544,14112700,true,true
"insertion","Random",10000,82,46813520,14658300,true,true
"insertion","Random",10000,83,48616271,15222700,true,true
"insertion","Random",10000,84,48339008,15135700,true,true
"insertion","Random",10000,85,46219360,14471900,true,true
"insertion","Random",10000,86,45490016,14243500,true,true
"insertion","Random",10000,87,45312864,14188100,true,true
"insertion","Random",10000,88,45999872,14403400,true,true
"insertion","Random",10000,89,46420608,14535300,true,true
"insertion","Random",10000,90,45845568,14354900,true,true
"insertion","Random",10000,91,45457044,14234100,true,true
"insertion","Random",10000,92,45337376,14196400,true,true
"insertion","Random",10000,93,45151968,14137600,true,true
"insertion","Random",10000,94,45697312,14308500,true,true
"insertion","Random",10000,95,45105984,14123200,true,true
"insertion","Random",10000,96,46139168,14446800,true,true
"insertion","Random",10000,97,44685376,13991400,true,true
"insertion","Random",10000,98,47094189,14746200,true,true
"insertion","Random",10000,99,45927584,14381100,true,true
"selection","Random",10000,0,85873376,26888200,true,true
"selection","Random",10000,1,86184416,26985300,true,true
"selection","Random",10000,2,86015584,26932500,true,true
"selection","Random",10000,3,87062975,27261200,true,true
"selection","Random",10000,4,86563936,27104200,true,true
"selection","Random",10000,5,87872512,27514100,true,true
"selection","Random",10000,6,86662624,27135300,true,true
"selection","Random",10000,7,87969120,27544500,true,true
"selection","Random",10000,8,88011776,27557900,true,true
"selection","Random",10000,9,87147232,27286900,true,true
"selection","Random",10000,10,86298496,27021000,true,true
"selection","Random",10000,11,87011008,27244800,true,true
"selection","Random",10000,12,86658004,27134100,true,true
"selection","Random",10000,13,87010560,27243900,true,true
"selection","Random",10000,14,86629152,27125200,true,true
"selection","Random",10000,15,86050528,26943500,true,true
"selection","Random",10000,16,87497068,27396600,true,true
"selection","Random",10000,17,88113856,27589700,true,true
"selection","Random",10000,18,88105780,27587300,true,true
"selection","Random",10000,19,88882365,27830600,true,true
"selection","Random",10000,20,88185696,27612000,true,true
"selection","Random",10000,21,85983648,26923000,true,true
"selection","Random",10000,22,86461776,27072600,true,true
"selection","Random",10000,23,85996096,26926400,true,true
"selection","Random",10000,24,86136096,26970300,true,true
"selection","Random",10000,25,87954463,27540000,true,true
"selection","Random",10000,26,86377684,27063800,true,true
"selection","Random",10000,27,86956428,27227400,true,true
"selection","Random",10000,28,86281376,27015600,true,true
"selection","Random",10000,29,86736320,27159400,true,true
"selection","Random",10000,30,86762400,27167000,true,true
"selection","Random",10000,31,86369824,27043400,true,true
"selection","Random",10000,32,89520256,28030200,true,true
"selection","Random",10000,33,86299968,27021700,true,true
"selection","Random",10000,34,86823616,27185900,true,true
"selection","Random",10000,35,86893792,27207500,true,true
"selection","Random",10000,36,97334432,30477200,true,true
"selection","Random",10000,37,94021780,29439600,true,true
"selection","Random",10000,38,86461472,27072400,true,true
"selection","Random",10000,39,90286912,28270300,true,true
"selection","Random",10000,40,90278112,28267400,true,true
"selection","Random",10000,41,87236524,27315100,true,true
"selection","Random",10000,42,86126688,26967300,true,true
"selection","Random",10000,43,87078784,27265700,true,true
"selection","Random",10000,44,88173696,27608500,true,true
"selection","Random",10000,45,86491424,27081600,true,true
"selection","Random",10000,46,85922112,26903200,true,true
"selection","Random",10000,47,86792672,27176300,true,true
"selection","Random",10000,48,86969152,27231800,true,true
"selection","Random",10000,49,86259840,27009000,true,true
"selection","Random",10000,50,86630656,27125100,true,true
"selection","Random",10000,51,88349937,27663900,true,true
"selection","Random",10000,52,85995776,26926200,true,true
"selection","Random",10000,53,86161024,26978100,true,true
"selection","Random",10000,54,89491075,28021400,true,true
"selection","Random",10000,55,90670828,28390700,true,true
"selection","Random",10000,56,118230705,37021200,true,true
"selection","Random",10000,57,86842288,27192500,true,true
"selection","Random",10000,58,86363072,27041500,true,true
"selection","Random",10000,59,86047008,26942400,true,true
"selection","Random",10000,60,89659344,28075400,true,true
"selection","Random",10000,61,91715344,28718500,true,true
"selection","Random",10000,62,86164832,26979300,true,true
"selection","Random",10000,63,88496147,27709300,true,true
"selection","Random",10000,64,89478304,28017400,true,true
"selection","Random",10000,65,95714413,29970900,true,true
"selection","Random",10000,66,91641811,28695500,true,true
"selection","Random",10000,67,86856588,27196300,true,true
"selection","Random",10000,68,86012064,26931600,true,true
"selection","Random",10000,69,86420224,27059400,true,true
"selection","Random",10000,70,86528192,27093000,true,true
"selection","Random",10000,71,85949140,26912100,true,true
"selection","Random",10000,72,86575744,27108000,true,true
"selection","Random",10000,73,86628704,27124700,true,true
"selection","Random",10000,74,86090048,26955700,true,true
"selection","Random",10000,75,89207325,27932200,true,true
"selection","Random",10000,76,87494608,27396000,true,true
"selection","Random",10000,77,87044496,27255600,true,true
"selection","Random",10000,78,90254304,28260100,true,true
"selection","Random",10000,79,93502576,29277200,true,true
"selection","Random",10000,80,89642687,28068700,true,true
"selection","Random",10000,81,85956896,26914200,true,true
"selection","Random",10000,82,86439520,27065300,true,true
"selection","Random",10000,83,88246816,27631300,true,true
"selection","Random",10000,84,87319104,27340900,true,true
"selection","Random",10000,85,86619520,27121700,true,true
"selection","Random",10000,86,87250592,27319200,true,true
"selection","Random",10000,87,88851476,27821200,true,true
"selection","Random",10000,88,86550604,27100300,true,true
"selection","Random",10000,89,85873184,26888000,true,true
"selection","Random",10000,90,86318272,27027100,true,true
"selection","Random",10000,91,86412608,27057200,true,true
"selection","Random",10000,92,86715380,27152000,true,true
"selection","Random",10000,93,87635116,27440500,true,true
"selection","Random",10000,94,88543201,27724700,true,true
"selection","Random",10000,95,87127136,27280900,true,true
"selection","Random",10000,96,86747488,27161900,true,true
"selection","Random",10000,97,85892832,26893900,true,true
"selection","Random",10000,98,86822848,27185400,true,true
"selection","Random",10000,99,86332288,27031800,true,true
"merge","Random",10000,0,2486720,779000,true,true
"merge","Random",10000,1,2471840,774100,true,true
"merge","Random",10000,2,2475168,775200,true,true
"merge","Random",10000,3,2489408,779600,true,true
"merge","Random",10000,4,2478944,776300,true,true
"merge","Random",10000,5,2457184,769500,true,true
"merge","Random",10000,6,2426432,759900,true,true
"merge","Random",10000,7,2459296,770200,true,true
"merge","Random",10000,8,2487968,779200,true,true
"merge","Random",10000,9,2456672,769500,true,true
"merge","Random",10000,10,2459872,770400,true,true
"merge","Random",10000,11,2424096,759200,true,true
"merge","Random",10000,12,2475392,775200,true,true
"merge","Random",10000,13,2536064,794300,true,true
"merge","Random",10000,14,6679472,2092400,true,true
"merge","Random",10000,15,3214544,1007400,true,true
"merge","Random",10000,16,3077984,964300,true,true
"merge","Random",10000,17,3574111,1119800,true,true
"merge","Random",10000,18,2944512,922500,true,true
"merge","Random",10000,19,2830880,886800,true,true
"merge","Random",10000,20,2526208,791300,true,true
"merge","Random",10000,21,2591168,811600,true,true
"merge","Random",10000,22,2566048,803700,true,true
"merge","Random",10000,23,2579328,808000,true,true
"merge","Random",10000,24,2560800,802000,true,true
"merge","Random",10000,25,2567008,804100,true,true
"merge","Random",10000,26,2559040,801600,true,true
"merge","Random",10000,27,3427904,1073700,true,true
"merge","Random",10000,28,2835424,888000,true,true
"merge","Random",10000,29,2599040,814000,true,true
"merge","Random",10000,30,2526144,791100,true,true
"merge","Random",10000,31,2423392,759100,true,true
"merge","Random",10000,32,2453952,768400,true,true
"merge","Random",10000,33,2489632,780000,true,true
"merge","Random",10000,34,2503744,784200,true,true
"merge","Random",10000,35,2480800,776900,true,true
"merge","Random",10000,36,2478272,776100,true,true
"merge","Random",10000,37,2428832,761100,true,true
"merge","Random",10000,38,2555072,800200,true,true
"merge","Random",10000,39,2519776,789400,true,true
"merge","Random",10000,40,2487520,779000,true,true
"merge","Random",10000,41,2505376,784600,true,true
"merge","Random",10000,42,2414560,756300,true,true
"merge","Random",10000,43,2410912,755100,true,true
"merge","Random",10000,44,2491904,780400,true,true
"merge","Random",10000,45,2474944,775300,true,true
"merge","Random",10000,46,2484064,777900,true,true
"merge","Random",10000,47,2476416,775500,true,true
"merge","Random",10000,48,2428384,760500,true,true
"merge","Random",10000,49,2731424,855400,true,true
"merge","Random",10000,50,2511104,786400,true,true
"merge","Random",10000,51,2514784,787700,true,true
"merge","Random",10000,52,2494752,781400,true,true
"merge","Random",10000,53,2406944,754000,true,true
"merge","Random",10000,54,2440160,764200,true,true
"merge","Random",10000,55,2466464,772500,true,true
"merge","Random",10000,56,2503968,784600,true,true
"merge","Random",10000,57,2573472,805900,true,true
"merge","Random",10000,58,2622560,821300,true,true
"merge","Random",10000,59,2478496,776100,true,true
"merge","Random",10000,60,2500128,783100,true,true
"merge","Random",10000,61,2575168,806500,true,true
"merge","Random",10000,62,2526240,791200,true,true
"merge","Random",10000,63,2552800,799500,true,true
"merge","Random",10000,64,2530880,792900,true,true
"merge","Random",10000,65,2489504,779800,true,true
"merge","Random",10000,66,2500992,783300,true,true
"merge","Random",10000,67,2542016,796100,true,true
"merge","Random",10000,68,2655008,831400,true,true
"merge","Random",10000,69,2822132,884200,true,true
"merge","Random",10000,70,2631744,824200,true,true
"merge","Random",10000,71,2487136,778900,true,true
"merge","Random",10000,72,2512960,787400,true,true
"merge","Random",10000,73,2483488,777800,true,true
"merge","Random",10000,74,2440800,764400,true,true
"merge","Random",10000,75,2522272,789900,true,true
"merge","Random",10000,76,2476640,775600,true,true
"merge","Random",10000,77,2489472,780000,true,true
"merge","Random",10000,78,2636512,825700,true,true
"merge","Random",10000,79,2445632,765900,true,true
"merge","Random",10000,80,2524576,790600,true,true
"merge","Random",10000,81,2570496,804900,true,true
"merge","Random",10000,82,2543712,796600,true,true
"merge","Random",10000,83,2543936,796700,true,true
"merge","Random",10000,84,2570720,805100,true,true
"merge","Random",10000,85,2531488,792700,true,true
"merge","Random",10000,86,2452384,768000,true,true
"merge","Random",10000,87,2586144,810100,true,true
"merge","Random",10000,88,2583648,809400,true,true
"merge","Random",10000,89,2581568,808400,true,true
"merge","Random",10000,90,2522976,790300,true,true
"merge","Random",10000,91,2511872,786600,true,true
"merge","Random",10000,92,2441184,764500,true,true
"merge","Random",10000,93,2476736,775700,true,true
"merge","Random",10000,94,2513344,787200,true,true
"merge","Random",10000,95,2493248,781200,true,true
"merge","Random",10000,96,2498880,782600,true,true
"merge","Random",10000,97,2558464,801200,true,true
"merge","Random",10000,98,2895456,907200,true,true
"merge","Random",10000,99,2419680,757800,true,true
"quicksort","Random",10000,0,2521472,789700,true,true
"quicksort","Random",10000,1,2519840,789100,true,true
"quicksort","Random",10000,2,2713664,850200,true,true
"quicksort","Random",10000,3,2461408,771100,true,true
"quicksort","Random",10000,4,2484288,778000,true,true
"quicksort","Random",10000,5,2503840,784100,true,true
"quicksort","Random",10000,6,2498432,782400,true,true
"quicksort","Random",10000,7,2522720,790100,true,true
"quicksort","Random",10000,8,2526080,791100,true,true
"quicksort","Random",10000,9,2465760,772100,true,true
"quicksort","Random",10000,10,2465056,771900,true,true
"quicksort","Random",10000,11,2487040,778900,true,true
"quicksort","Random",10000,12,2472896,774500,true,true
"quicksort","Random",10000,13,2537984,794800,true,true
"quicksort","Random",10000,14,2496256,781700,true,true
"quicksort","Random",10000,15,2469888,773500,true,true
"quicksort","Random",10000,16,2494048,781100,true,true
"quicksort","Random",10000,17,2512480,786800,true,true
"quicksort","Random",10000,18,2612256,818200,true,true
"quicksort","Random",10000,19,2462496,771200,true,true
"quicksort","Random",10000,20,2511168,786400,true,true
"quicksort","Random",10000,21,2464672,771900,true,true
"quicksort","Random",10000,22,2519776,789100,true,true
"quicksort","Random",10000,23,2818816,883100,true,true
"quicksort","Random",10000,24,2529920,792400,true,true
"quicksort","Random",10000,25,2512480,786800,true,true
"quicksort","Random",10000,26,2506336,784900,true,true
"quicksort","Random",10000,27,2456320,769200,true,true
"quicksort","Random",10000,28,2497728,782300,true,true
"quicksort","Random",10000,29,3887488,1217400,true,true
"quicksort","Random",10000,30,2661952,833700,true,true
"quicksort","Random",10000,31,2551936,799200,true,true
"quicksort","Random",10000,32,2507552,785600,true,true
"quicksort","Random",10000,33,2528640,791900,true,true
"quicksort","Random",10000,34,2567552,804100,true,true
"quicksort","Random",10000,35,2498432,782400,true,true
"quicksort","Random",10000,36,2487584,779000,true,true
"quicksort","Random",10000,37,2649152,829700,true,true
"quicksort","Random",10000,38,2480768,776900,true,true
"quicksort","Random",10000,39,2718560,851600,true,true
"quicksort","Random",10000,40,2510400,786200,true,true
"quicksort","Random",10000,41,2665056,834700,true,true
"quicksort","Random",10000,42,2475648,775300,true,true
"quicksort","Random",10000,43,2573984,806100,true,true
"quicksort","Random",10000,44,2573824,806200,true,true
"quicksort","Random",10000,45,2550016,798600,true,true
"quicksort","Random",10000,46,2523200,790100,true,true
"quicksort","Random",10000,47,2501920,783500,true,true
"quicksort","Random",10000,48,2513152,787000,true,true
"quicksort","Random",10000,49,2529696,792200,true,true
"quicksort","Random",10000,50,2514464,787500,true,true
"quicksort","Random",10000,51,2502848,783700,true,true
"quicksort","Random",10000,52,2462976,771300,true,true
"quicksort","Random",10000,53,2521472,789600,true,true
"quicksort","Random",10000,54,2427296,760200,true,true
"quicksort","Random",10000,55,2521216,789600,true,true
"quicksort","Random",10000,56,2519296,789100,true,true
"quicksort","Random",10000,57,2909472,911100,true,true
"quicksort","Random",10000,58,2501632,783500,true,true
"quicksort","Random",10000,59,2503776,784100,true,true
"quicksort","Random",10000,60,2478048,776100,true,true
"quicksort","Random",10000,61,2475168,775200,true,true
"quicksort","Random",10000,62,2479392,776400,true,true
"quicksort","Random",10000,63,2502944,783800,true,true
"quicksort","Random",10000,64,2517760,788500,true,true
"quicksort","Random",10000,65,2498944,782900,true,true
"quicksort","Random",10000,66,2453760,768500,true,true
"quicksort","Random",10000,67,2534272,793600,true,true
"quicksort","Random",10000,68,2507808,785400,true,true
"quicksort","Random",10000,69,2510816,786400,true,true
"quicksort","Random",10000,70,2543488,796600,true,true
"quicksort","Random",10000,71,2478976,776400,true,true
"quicksort","Random",10000,72,2538944,795100,true,true
"quicksort","Random",10000,73,2508832,785700,true,true
"quicksort","Random",10000,74,2525568,791000,true,true
"quicksort","Random",10000,75,2662208,833700,true,true
"quicksort","Random",10000,76,2509440,785900,true,true
"quicksort","Random",10000,77,2856672,894600,true,true
"quicksort","Random",10000,78,2458528,770000,true,true
"quicksort","Random",10000,79,2664608,834600,true,true
"quicksort","Random",10000,80,2528192,791800,true,true
"quicksort","Random",10000,81,2585472,809700,true,true
"quicksort","Random",10000,82,2515200,787700,true,true
"quicksort","Random",10000,83,2570016,804900,true,true
"quicksort","Random",10000,84,2450336,767600,true,true
"quicksort","Random",10000,85,2518496,788700,true,true
"quicksort","Random",10000,86,2545728,797300,true,true
"quicksort","Random",10000,87,2518208,788700,true,true
"quicksort","Random",10000,88,2532448,793000,true,true
"quicksort","Random",10000,89,2432768,761900,true,true
"quicksort","Random",10000,90,2432832,761800,true,true
"quicksort","Random",10000,91,2529376,792100,true,true
"quicksort","Random",10000,92,2500832,783200,true,true
"quicksort","Random",10000,93,2514752,792800,true,true
"quicksort","Random",10000,94,2491232,780200,true,true
"quicksort","Random",10000,95,2464928,771900,true,true
"quicksort","Random",10000,96,2552960,799600,true,true
"quicksort","Random",10000,97,2898688,907800,true,true
"quicksort","Random",10000,98,2816556,883400,true,true
"quicksort","Random",10000,99,2511808,786700,true,true
"heap","Random",10000,0,3017344,944900,true,true
"heap","Random",10000,1,3011648,943100,true,true
"heap","Random",10000,2,2965280,928600,true,true
"heap","Random",10000,3,2943264,921700,true,true
"heap","Random",10000,4,2956608,925900,true,true
"heap","Random",10000,5,2991744,936900,true,true
"heap","Random",10000,6,3022880,946600,true,true
"heap","Random",10000,7,2992608,937100,true,true
"heap","Random",10000,8,3027360,948000,true,true
"heap","Random",10000,9,2995328,938000,true,true
"heap","Random",10000,10,3112544,974800,true,true
"heap","Random",10000,11,3074912,963000,true,true
"heap","Random",10000,12,3059168,958400,true,true
"heap","Random",10000,13,3001696,940000,true,true
"heap","Random",10000,14,3031488,949400,true,true
"heap","Random",10000,15,3006656,941600,true,true
"heap","Random",10000,16,3023840,946900,true,true
"heap","Random",10000,17,2998304,939000,true,true
"heap","Random",10000,18,3015104,944200,true,true
"heap","Random",10000,19,3002432,940200,true,true
"heap","Random",10000,20,3020960,946400,true,true
"heap","Random",10000,21,3004800,940900,true,true
"heap","Random",10000,22,3014944,944100,true,true
"heap","Random",10000,23,2999968,939500,true,true
"heap","Random",10000,24,3004128,940800,true,true
"heap","Random",10000,25,2991776,936900,true,true
"heap","Random",10000,26,3338368,1045500,true,true
"heap","Random",10000,27,3087840,967100,true,true
"heap","Random",10000,28,3057696,957600,true,true
"heap","Random",10000,29,3003264,940500,true,true
"heap","Random",10000,30,3010272,942700,true,true
"heap","Random",10000,31,2997120,938500,true,true
"heap","Random",10000,32,3013888,943800,true,true
"heap","Random",10000,33,2991520,937000,true,true
"heap","Random",10000,34,3009952,942600,true,true
"heap","Random",10000,35,2985760,935000,true,true
"heap","Random",10000,36,3002368,940400,true,true
"heap","Random",10000,37,2990304,936400,true,true
"heap","Random",10000,38,3010528,942800,true,true
"heap","Random",10000,39,2995008,937900,true,true
"heap","Random",10000,40,3002624,940200,true,true
"heap","Random",10000,41,2989952,936300,true,true
"heap","Random",10000,42,3067616,961700,true,true
"heap","Random",10000,43,3306656,1035500,true,true
"heap","Random",10000,44,3020032,945800,true,true
"heap","Random",10000,45,3045984,953900,true,true
"heap","Random",10000,46,3016800,944700,true,true
"heap","Random",10000,47,2987616,935600,true,true
"heap","Random",10000,48,2991840,936900,true,true
"heap","Random",10000,49,2986784,935300,true,true
"heap","Random",10000,50,2993056,937300,true,true
"heap","Random",10000,51,3017600,945000,true,true
"heap","Random",10000,52,3012000,943200,true,true
"heap","Random",10000,53,3005120,941100,true,true
"heap","Random",10000,54,3000544,939600,true,true
"heap","Random",10000,55,3000480,939700,true,true
"heap","Random",10000,56,3004384,940900,true,true
"heap","Random",10000,57,2989152,936100,true,true
"heap","Random",10000,58,3205024,1003700,true,true
"heap","Random",10000,59,2990496,936900,true,true
"heap","Random",10000,60,3005184,941100,true,true
"heap","Random",10000,61,2987680,935600,true,true
"heap","Random",10000,62,3037632,951300,true,true
"heap","Random",10000,63,3000672,939700,true,true
"heap","Random",10000,64,2994432,937700,true,true
"heap","Random",10000,65,3013856,943800,true,true
"heap","Random",10000,66,2999552,939300,true,true
"heap","Random",10000,67,3011008,943000,true,true
"heap","Random",10000,68,2998208,938900,true,true
"heap","Random",10000,69,2954432,925200,true,true
"heap","Random",10000,70,2938624,920200,true,true
"heap","Random",10000,71,2964448,928300,true,true
"heap","Random",10000,72,2990080,936400,true,true
"heap","Random",10000,73,3005664,941200,true,true
"heap","Random",10000,74,3101504,971300,true,true
"heap","Random",10000,75,3030048,948900,true,true
"heap","Random",10000,76,2997920,938800,true,true
"heap","Random",10000,77,3005344,941200,true,true
"heap","Random",10000,78,2993056,937300,true,true
"heap","Random",10000,79,3064096,961100,true,true
"heap","Random",10000,80,3002400,940200,true,true
"heap","Random",10000,81,3009600,942500,true,true
"heap","Random",10000,82,2998432,939000,true,true
"heap","Random",10000,83,3009696,942600,true,true
"heap","Random",10000,84,2984576,934600,true,true
"heap","Random",10000,85,3008576,942200,true,true
"heap","Random",10000,86,2991744,936900,true,true
"heap","Random",10000,87,3006080,941400,true,true
"heap","Random",10000,88,2998656,939000,true,true
"heap","Random",10000,89,3014016,943900,true,true
"heap","Random",10000,90,3211840,1005900,true,true
"heap","Random",10000,91,3004896,941000,true,true
"heap","Random",10000,92,3000288,939600,true,true
"heap","Random",10000,93,3001568,940000,true,true
"heap","Random",10000,94,2980480,933400,true,true
"heap","Random",10000,95,2998208,938900,true,true
"heap","Random",10000,96,3047904,954800,true,true
"heap","Random",10000,97,3009056,942500,true,true
"heap","Random",10000,98,3003840,940700,true,true
"heap","Random",10000,99,3001728,940000,true,true
"std-sort","Random",10000,0,1839296,576000,true,true
"std-sort","Random",10000,1,1833728,574400,true,true
"std-sort","Random",10000,2,1847968,578800,true,true
"std-sort","Random",10000,3,1820864,570300,true,true
"std-sort","Random",10000,4,1782464,558300,true,true
"std-sort","Random",10000,5,1884320,590200,true,true
"std-sort","Random",10000,6,1801760,564200,true,true
"std-sort","Random",10000,7,1878656,588600,true,true
"std-sort","Random",10000,8,1816256,568800,true,true
"std-sort","Random",10000,9,1828832,572700,true,true
"std-sort","Random",10000,10,1819424,570200,true,true
"std-sort","Random",10000,11,1779232,557200,true,true
"std-sort","Random",10000,12,1755264,549800,true,true
"std-sort","Random",10000,13,1868064,585000,true,true
"std-sort","Random",10000,14,1751040,548400,true,true
"std-sort","Random",10000,15,1876096,587600,true,true
"std-sort","Random",10000,16,2029088,635600,true,true
"std-sort","Random",10000,17,1875520,587300,true,true
"std-sort","Random",10000,18,2031328,636200,true,true
"std-sort","Random",10000,19,1807616,566100,true,true
"std-sort","Random",10000,20,1785024,559000,true,true
"std-sort","Random",10000,21,1876096,587500,true,true
"std-sort","Random",10000,22,1799360,563600,true,true
"std-sort","Random",10000,23,1821312,570500,true,true
"std-sort","Random",10000,24,1843840,577400,true,true
"std-sort","Random",10000,25,1813632,568000,true,true
"std-sort","Random",10000,26,1839616,576100,true,true
"std-sort","Random",10000,27,1762752,552100,true,true
"std-sort","Random",10000,28,1927136,603600,true,true
"std-sort","Random",10000,29,1873664,586800,true,true
"std-sort","Random",10000,30,1818912,569600,true,true
"std-sort","Random",10000,31,1853728,580600,true,true
"std-sort","Random",10000,32,1744416,546300,true,true
"std-sort","Random",10000,33,1803744,565200,true,true
"std-sort","Random",10000,34,1866240,584500,true,true
"std-sort","Random",10000,35,1788864,560200,true,true
"std-sort","Random",10000,36,1859008,582200,true,true
"std-sort","Random",10000,37,1792896,561500,true,true
"std-sort","Random",10000,38,1758816,550800,true,true
"std-sort","Random",10000,39,1847264,578600,true,true
"std-sort","Random",10000,40,1801952,564300,true,true
"std-sort","Random",10000,41,1864224,583900,true,true
"std-sort","Random",10000,42,1827552,572400,true,true
"std-sort","Random",10000,43,1833440,574200,true,true
"std-sort","Random",10000,44,1872640,586500,true,true
"std-sort","Random",10000,45,1808672,566500,true,true
"std-sort","Random",10000,46,1848224,578800,true,true
"std-sort","Random",10000,47,1851328,579800,true,true
"std-sort","Random",10000,48,1800384,563900,true,true
"std-sort","Random",10000,49,1854560,580800,true,true
"std-sort","Random",10000,50,1783232,558500,true,true
"std-sort","Random",10000,51,1839264,576000,true,true
"std-sort","Random",10000,52,1872928,586600,true,true
"std-sort","Random",10000,53,1791872,561200,true,true
"std-sort","Random",10000,54,1840544,576500,true,true
"std-sort","Random",10000,55,1861536,583000,true,true
"std-sort","Random",10000,56,1789856,560500,true,true
"std-sort","Random",10000,57,1837504,575500,true,true
"std-sort","Random",10000,58,1774048,555600,true,true
"std-sort","Random",10000,59,1865120,584100,true,true
"std-sort","Random",10000,60,1858208,582000,true,true
"std-sort","Random",10000,61,1842208,576900,true,true
"std-sort","Random",10000,62,1839520,576200,true,true
"std-sort","Random",10000,63,1794400,562000,true,true
"std-sort","Random",10000,64,1883104,589800,true,true
"std-sort","Random",10000,65,1826528,572400,true,true
"std-sort","Random",10000,66,1798656,563300,true,true
"std-sort","Random",10000,67,1845408,578000,true,true
"std-sort","Random",10000,68,2121376,664500,true,true
"std-sort","Random",10000,69,1969568,616900,true,true
"std-sort","Random",10000,70,2126772,667100,true,true
"std-sort","Random",10000,71,1908640,597900,true,true
"std-sort","Random",10000,72,1802176,564400,true,true
"std-sort","Random",10000,73,1827264,572300,true,true
"std-sort","Random",10000,74,1859680,582700,true,true
"std-sort","Random",10000,75,1787808,559900,true,true
"std-sort","Random",10000,76,1875904,587500,true,true
"std-sort","Random",10000,77,1859968,582600,true,true
"std-sort","Random",10000,78,1777440,556700,true,true
"std-sort","Random",10000,79,1867040,584700,true,true
"std-sort","Random",10000,80,1800064,563800,true,true
"std-sort","Random",10000,81,1837408,575400,true,true
"std-sort","Random",10000,82,3328557,1043300,true,true
"std-sort","Random",10000,83,2455904,769300,true,true
"std-sort","Random",10000,84,1754176,549400,true,true
"std-sort","Random",10000,85,1849120,579200,true,true
"std-sort","Random",10000,86,1832384,573900,true,true
"std-sort","Random",10000,87,1792480,561400,true,true
"std-sort","Random",10000,88,1827104,572300,true,true
"std-sort","Random",10000,89,1782080,558100,true,true
"std-sort","Random",10000,90,1879008,588500,true,true
"std-sort","Random",10000,91,1865920,584400,true,true
"std-sort","Random",10000,92,1798208,563100,true,true
"std-sort","Random",10000,93,1897184,594200,true,true
"std-sort","Random",10000,94,1851584,579800,true,true
"std-sort","Random",10000,95,1919456,601100,true,true
"std-sort","Random",10000,96,1840192,576400,true,true
"std-sort","Random",10000,97,1768128,553700,true,true
"std-sort","Random",10000,98,1814368,568300,true,true
"std-sort","Random",10000,99,1870368,585700,true,true
"std-stable-sort","Random",10000,0,3264512,1022300,true,true
"std-stable-sort","Random",10000,1,1933184,605400,true,true
"std-stable-sort","Random",10000,2,1958720,613500,true,true
"std-stable-sort","Random",10000,3,1988544,622800,true,true
"std-stable-sort","Random",10000,4,1935968,606300,true,true
"std-stable-sort","Random",10000,5,1978016,619500,true,true
"std-stable-sort","Random",10000,6,1998496,625900,true,true
"std-stable-sort","Random",10000,7,1944864,609100,true,true
"std-stable-sort","Random",10000,8,2013440,630600,true,true
"std-stable-sort","Random",10000,9,2139500,670300,true,true
"std-stable-sort","Random",10000,10,2165120,678100,true,true
"std-stable-sort","Random",10000,11,2162400,677300,true,true
"std-stable-sort","Random",10000,12,2215584,694000,true,true
"std-stable-sort","Random",10000,13,2174272,681000,true,true
"std-stable-sort","Random",10000,14,2019392,632500,true,true
"std-stable-sort","Random",10000,15,2177664,682200,true,true
"std-stable-sort","Random",10000,16,2319552,726700,true,true
"std-stable-sort","Random",10000,17,2000064,626400,true,true
"std-stable-sort","Random",10000,18,1972672,617800,true,true
"std-stable-sort","Random",10000,19,2034912,637300,true,true
"std-stable-sort","Random",10000,20,2001184,626700,true,true
"std-stable-sort","Random",10000,21,1961696,614500,true,true
"std-stable-sort","Random",10000,22,2030528,636000,true,true
"std-stable-sort","Random",10000,23,2014208,630800,true,true
"std-stable-sort","Random",10000,24,1981376,620500,true,true
"std-stable-sort","Random",10000,25,2021376,633100,true,true
"std-stable-sort","Random",10000,26,2051648,642500,true,true
"std-stable-sort","Random",10000,27,1964480,615200,true,true
"std-stable-sort","Random",10000,28,2022752,633400,true,true
"std-stable-sort","Random",10000,29,1977760,619400,true,true
"std-stable-sort","Random",10000,30,1978336,619600,true,true
"std-stable-sort","Random",10000,31,2029600,635700,true,true
"std-stable-sort","Random",10000,32,2077632,650600,true,true
"std-stable-sort","Random",10000,33,1999552,626500,true,true
"std-stable-sort","Random",10000,34,2024576,634100,true,true
"std-stable-sort","Random",10000,35,2155072,674900,true,true
"std-stable-sort","Random",10000,36,1972608,618000,true,true
"std-stable-sort","Random",10000,37,2033664,637300,true,true
"std-stable-sort","Random",10000,38,2037440,638600,true,true
"std-stable-sort","Random",10000,39,1975424,618700,true,true
"std-stable-sort","Random",10000,40,2031520,636200,true,true
"std-stable-sort","Random",10000,41,2049504,641900,true,true
"std-stable-sort","Random",10000,42,1978176,619500,true,true
"std-stable-sort","Random",10000,43,2040544,639100,true,true
"std-stable-sort","Random",10000,44,2046240,640900,true,true
"std-stable-sort","Random",10000,45,1972064,617600,true,true
"std-stable-sort","Random",10000,46,2029280,635500,true,true
"std-stable-sort","Random",10000,47,2044992,640500,true,true
"std-stable-sort","Random",10000,48,1970624,617200,true,true
"std-stable-sort","Random",10000,49,2024416,634000,true,true
"std-stable-sort","Random",10000,50,2046528,641000,true,true
"std-stable-sort","Random",10000,51,1976544,619000,true,true
"std-stable-sort","Random",10000,52,2021312,633100,true,true
"std-stable-sort","Random",10000,53,2033024,636700,true,true
"std-stable-sort","Random",10000,54,1974880,618400,true,true
"std-stable-sort","Random",10000,55,2033984,637000,true,true
"std-stable-sort","Random",10000,56,2159668,676600,true,true
"std-stable-sort","Random",10000,57,2036416,637800,true,true
"std-stable-sort","Random",10000,58,1942336,608600,true,true
"std-stable-sort","Random",10000,59,2044128,640200,true,true
"std-stable-sort","Random",10000,60,2347872,735300,true,true
"std-stable-sort","Random",10000,61,1952352,611400,true,true
"std-stable-sort","Random",10000,62,2161504,677000,true,true
"std-stable-sort","Random",10000,63,1994048,624500,true,true
"std-stable-sort","Random",10000,64,1953280,611700,true,true
"std-stable-sort","Random",10000,65,2018496,632200,true,true
"std-stable-sort","Random",10000,66,2005088,628000,true,true
"std-stable-sort","Random",10000,67,1940448,607700,true,true
"std-stable-sort","Random",10000,68,2016704,631600,true,true
"std-stable-sort","Random",10000,69,1992480,624000,true,true
"std-stable-sort","Random",10000,70,1940416,607700,true,true
"std-stable-sort","Random",10000,71,2008448,629000,true,true
"std-stable-sort","Random",10000,72,1995616,625000,true,true
"std-stable-sort","Random",10000,73,3646976,1142000,true,true
"std-stable-sort","Random",10000,74,1993312,624300,true,true
"std-stable-sort","Random",10000,75,1939392,607300,true,true
"std-stable-sort","Random",10000,76,2021408,633000,true,true
"std-stable-sort","Random",10000,77,1987584,622500,true,true
"std-stable-sort","Random",10000,78,1942560,608400,true,true
"std-stable-sort","Random",10000,79,2659212,850500,true,true
"std-stable-sort","Random",10000,80,2730720,855100,true,true
"std-stable-sort","Random",10000,81,1954400,612200,true,true
"std-stable-sort","Random",10000,82,2050144,642300,true,true
"std-stable-sort","Random",10000,83,2151072,673700,true,true
"std-stable-sort","Random",10000,84,1942976,608500,true,true
"std-stable-sort","Random",10000,85,2018688,632300,true,true
"std-stable-sort","Random",10000,86,1993888,624900,true,true
"std-stable-sort","Random",10000,87,1937280,606600,true,true
"std-stable-sort","Random",10000,88,2010880,629800,true,true
"std-stable-sort","Random",10000,89,2000160,626400,true,true
"std-stable-sort","Random",10000,90,1945568,609300,true,true
"std-stable-sort","Random",10000,91,2011040,629800,true,true
"std-stable-sort","Random",10000,92,1996736,625400,true,true
"std-stable-sort","Random",10000,93,1942656,608400,true,true
"std-stable-sort","Random",10000,94,2010592,629600,true,true
"std-stable-sort","Random",10000,95,1998880,626000,true,true
"std-stable-sort","Random",10000,96,1944960,609100,true,true
"std-stable-sort","Random",10000,97,2003264,627400,true,true
"std-stable-sort","Random",10000,98,1987072,622300,true,true
"std-stable-sort","Random",10000,99,1939584,607400,true,true
"bubble","Sorted",100,0,256,200,true,true
"bubble","Sorted",100,1,256,200,true,true
"bubble","Sorted",100,2,256,300,true,true
"bubble","Sorted",100,3,256,300,true,true
"bubble","Sorted",100,4,256,200,true,true
"bubble","Sorted",100,5,256,200,true,true
"bubble","Sorted",100,6,256,200,true,true
"bubble","Sorted",100,7,256,200,true,true
"bubble","Sorted",100,8,256,200,true,true
"bubble","Sorted",100,9,256,200,true,true
"bubble","Sorted",100,10,256,200,true,true
"bubble","Sorted",100,11,256,200,true,true
"bubble","Sorted",100,12,256,200,true,true
"bubble","Sorted",100,13,256,200,true,true
"bubble","Sorted",100,14,256,200,true,true
"bubble","Sorted",100,15,256,200,true,true
"bubble","Sorted",100,16,256,200,true,true
"bubble","Sorted",100,17,256,200,true,true
"bubble","Sorted",100,18,256,200,true,true
"bubble","Sorted",100,19,288,200,true,true
"bubble","Sorted",100,20,256,200,true,true
"bubble","Sorted",100,21,256,200,true,true
"bubble","Sorted",100,22,256,200,true,true
"bubble","Sorted",100,23,256,200,true,true
"bubble","Sorted",100,24,256,200,true,true
"bubble","Sorted",100,25,256,200,true,true
"bubble","Sorted",100,26,256,200,true,true
"bubble","Sorted",100,27,256,200,true,true
"bubble","Sorted",100,28,256,200,true,true
"bubble","Sorted",100,29,256,200,true,true
"bubble","Sorted",100,30,256,200,true,true
"bubble","Sorted",100,31,256,200,true,true
"bubble","Sorted",100,32,256,200,true,true
"bubble","Sorted",100,33,256,200,true,true
"bubble","Sorted",100,34,256,200,true,true
"bubble","Sorted",100,35,288,200,true,true
"bubble","Sorted",100,36,256,200,true,true
"bubble","Sorted",100,37,256,200,true,true
"bubble","Sorted",100,38,256,200,true,true
"bubble","Sorted",100,39,256,200,true,true
"bubble","Sorted",100,40,256,200,true,true
"bubble","Sorted",100,41,256,200,true,true
"bubble","Sorted",100,42,256,200,true,true
"bubble","Sorted",100,43,256,200,true,true
"bubble","Sorted",100,44,256,200,true,true
"bubble","Sorted",100,45,256,200,true,true
"bubble","Sorted",100,46,256,200,true,true
"bubble","Sorted",100,47,256,200,true,true
"bubble","Sorted",100,48,288,200,true,true
"bubble","Sorted",100,49,256,200,true,true
"bubble","Sorted",100,50,256,200,true,true
"bubble","Sorted",100,51,256,200,true,true
"bubble","Sorted",100,52,256,200,true,true
"bubble","Sorted",100,53,256,200,true,true
"bubble","Sorted",100,54,256,200,true,true
"bubble","Sorted",100,55,256,200,true,true
"bubble","Sorted",100,56,256,400,true,true
"bubble","Sorted",100,57,256,200,true,true
"bubble","Sorted",100,58,256,200,true,true
"bubble","Sorted",100,59,256,200,true,true
"bubble","Sorted",100,60,256,200,true,true
"bubble","Sorted",100,61,256,200,true,true
"bubble","Sorted",100,62,256,300,true,true
"bubble","Sorted",100,63,256,200,true,true
"bubble","Sorted",100,64,256,300,true,true
"bubble","Sorted",100,65,288,300,true,true
"bubble","Sorted",100,66,256,200,true,true
"bubble","Sorted",100,67,288,200,true,true
"bubble","Sorted",100,68,256,200,true,true
"bubble","Sorted",100,69,256,300,true,true
"bubble","Sorted",100,70,256,300,true,true
"bubble","Sorted",100,71,256,200,true,true
"bubble","Sorted",100,72,256,300,true,true
"bubble","Sorted",100,73,288,300,true,true
"bubble","Sorted",100,74,288,200,true,true
"bubble","Sorted",100,75,256,300,true,true
"bubble","Sorted",100,76,256,200,true,true
"bubble","Sorted",100,77,256,300,true,true
"bubble","Sorted",100,78,256,300,true,true
"bubble","Sorted",100,79,256,200,true,true
"bubble","Sorted",100,80,256,300,true,true
"bubble","Sorted",100,81,288,200,true,true
"bubble","Sorted",100,82,256,200,true,true
"bubble","Sorted",100,83,256,200,true,true
"bubble","Sorted",100,84,256,200,true,true
"bubble","Sorted",100,85,256,200,true,true
"bubble","Sorted",100,86,256,200,true,true
"bubble","Sorted",100,87,256,200,true,true
"bubble","Sorted",100,88,256,200,true,true
"bubble","Sorted",100,89,256,200,true,true
"bubble","Sorted",100,90,256,200,true,true
"bubble","Sorted",100,91,288,200,true,true
"bubble","Sorted",100,92,256,200,true,true
"bubble","Sorted",100,93,256,200,true,true
"bubble","Sorted",100,94,256,200,true,true
"bubble","Sorted",100,95,256,200,true,true
"bubble","Sorted",100,96,288,200,true,true
"bubble","Sorted",100,97,256,200,true,true
"bubble","Sorted",100,98,256,200,true,true
"bubble","Sorted",100,99,256,200,true,true
"insertion","Sorted",100,0,320,200,true,true
"insertion","Sorted",100,1,320,300,true,true
"insertion","Sorted",100,2,352,200,true,true
"insertion","Sorted",100,3,320,200,true,true
"insertion","Sorted",100,4,320,200,true,true
"insertion","Sorted",100,5,320,200,true,true
"insertion","Sorted",100,6,320,200,true,true
"insertion","Sorted",100,7,352,200,true,true
"insertion","Sorted",100,8,320,200,true,true
"insertion","Sorted",100,9,352,200,true,true
"insertion","Sorted",100,10,352,200,true,true
"insertion","Sorted",100,11,320,200,true,true
"insertion","Sorted",100,12,352,200,true,true
"insertion","Sorted",100,13,352,200,true,true
"insertion","Sorted",100,14,352,200,true,true
"insertion","Sorted",100,15,352,200,true,true
"insertion","Sorted",100,16,352,200,true,true
"insertion","Sorted",100,17,320,200,true,true
"insertion","Sorted",100,18,352,200,true,true
"insertion","Sorted",100,19,320,200,true,true
"insertion","Sorted",100,20,320,200,true,true
"insertion","Sorted",100,21,320,200,true,true
"insertion","Sorted",100,22,320,200,true,true
"insertion","Sorted",100,23,320,300,true,true
"insertion","Sorted",100,24,320,200,true,true
"insertion","Sorted",100,25,320,200,true,true
"insertion","Sorted",100,26,352,200,true,true
"insertion","Sorted",100,27,352,300,true,true
"insertion","Sorted",100,28,352,300,true,true
"insertion","Sorted",100,29,352,200,true,true
"insertion","Sorted",100,30,352,200,true,true
"insertion","Sorted",100,31,320,200,true,true
"insertion","Sorted",100,32,320,200,true,true
"insertion","Sorted",100,33,320,200,true,true
"insertion","Sorted",100,34,320,200,true,true
"insertion","Sorted",100,35,352,200,true,true
"insertion","Sorted",100,36,320,300,true,true
"insertion","Sorted",100,37,352,200,true,true
"insertion","Sorted",100,38,352,200,true,true
"insertion","Sorted",100,39,352,200,true,true
"insertion","Sorted",100,40,352,200,true,true
"insertion","Sorted",100,41,320,200,true,true
"insertion","Sorted",100,42,320,200,true,true
"insertion","Sorted",100,43,320,200,true,true
"insertion","Sorted",100,44,320,200,true,true
"insertion","Sorted",100,45,352,200,true,true
"insertion","Sorted",100,46,352,200,true,true
"insertion","Sorted",100,47,320,200,true,true
"insertion","Sorted",100,48,320,300,true,true
"insertion","Sorted",100,49,320,200,true,true
"insertion","Sorted",100,50,352,200,true,true
"insertion","Sorted",100,51,320,200,true,true
"insertion","Sorted",100,52,320,200,true,true
"insertion","Sorted",100,53,352,200,true,true
"insertion","Sorted",100,54,320,200,true,true
"insertion","Sorted",100,55,320,200,true,true
"insertion","Sorted",100,56,320,200,true,true
"insertion","Sorted",100,57,352,200,true,true
"insertion","Sorted",100,58,352,200,true,true
"insertion","Sorted",100,59,320,200,true,true
"insertion","Sorted",100,60,320,300,true,true
"insertion","Sorted",100,61,352,200,true,true
"insertion","Sorted",100,62,352,200,true,true
"insertion","Sorted",100,63,320,200,true,true
"insertion","Sorted",100,64,320,200,true,true
"insertion","Sorted",100,65,352,200,true,true
"insertion","Sorted",100,66,352,200,true,true
"insertion","Sorted",100,67,320,200,true,true
"insertion","Sorted",100,68,320,200,true,true
"insertion","Sorted",100,69,352,300,true,true
"insertion","Sorted",100,70,320,200,true,true
"insertion","Sorted",100,71,352,200,true,true
"insertion","Sorted",100,72,352,200,true,true
"insertion","Sorted",100,73,352,200,true,true
"insertion","Sorted",100,74,352,200,true,true
"insertion","Sorted",100,75,352,200,true,true
"insertion","Sorted",100,76,352,200,true,true
"insertion","Sorted",100,77,352,200,true,true
"insertion","Sorted",100,78,352,200,true,true
"insertion","Sorted",100,79,352,200,true,true
"insertion","Sorted",100,80,352,200,true,true
"insertion","Sorted",100,81,352,200,true,true
"insertion","Sorted",100,82,352,200,true,true
"insertion","Sorted",100,83,320,200,true,true
"insertion","Sorted",100,84,352,200,true,true
"insertion","Sorted",100,85,352,200,true,true
"insertion","Sorted",100,86,320,200,true,true
"insertion","Sorted",100,87,320,200,true,true
"insertion","Sorted",100,88,320,200,true,true
"insertion","Sorted",100,89,320,200,true,true
"insertion","Sorted",100,90,320,200,true,true
"insertion","Sorted",100,91,352,200,true,true
"insertion","Sorted",100,92,352,200,true,true
"insertion","Sorted",100,93,352,200,true,true
"insertion","Sorted",100,94,320,200,true,true
"insertion","Sorted",100,95,320,200,true,true
"insertion","Sorted",100,96,320,200,true,true
"insertion","Sorted",100,97,352,300,true,true
"insertion","Sorted",100,98,320,200,true,true
"insertion","Sorted",100,99,320,200,true,true
"selection","Sorted",100,0,9920,3300,true,true
"selection","Sorted",100,1,9952,3200,true,true
"selection","Sorted",100,2,9920,3300,true,true
"selection","Sorted",100,3,9920,3200,true,true
"selection","Sorted",100,4,9952,3200,true,true
"selection","Sorted",100,5,9920,3400,true,true
"selection","Sorted",100,6,9920,3200,true,true
"selection","Sorted",100,7,9920,3300,true,true
"selection","Sorted",100,8,9920,3200,true,true
"selection","Sorted",100,9,9952,3200,true,true
"selection","Sorted",100,10,9952,3200,true,true
"selection","Sorted",100,11,9952,3300,true,true
"selection","Sorted",100,12,9920,3300,true,true
"selection","Sorted",100,13,9920,3200,true,true
"selection","Sorted",100,14,9952,3200,true,true
"selection","Sorted",100,15,9920,3200,true,true
"selection","Sorted",100,16,9920,3200,true,true
"selection","Sorted",100,17,9952,3200,true,true
"selection","Sorted",100,18,9952,3200,true,true
"selection","Sorted",100,19,9952,3200,true,true
"selection","Sorted",100,20,9952,3200,true,true
"selection","Sorted",100,21,9952,3300,true,true
"selection","Sorted",100,22,9920,3200,true,true
"selection","Sorted",100,23,9952,3200,true,true
"selection","Sorted",100,24,9920,3300,true,true
"selection","Sorted",100,25,9920,3200,true,true
"selection","Sorted",100,26,9920,3200,true,true
"selection","Sorted",100,27,9920,3200,true,true
"selection","Sorted",100,28,9920,3300,true,true
"selection","Sorted",100,29,9952,3200,true,true
"selection","Sorted",100,30,9920,3200,true,true
"selection","Sorted",100,31,9952,3200,true,true
"selection","Sorted",100,32,9920,3200,true,true
"selection","Sorted",100,33,9920,3200,true,true
"selection","Sorted",100,34,9984,3200,true,true
"selection","Sorted",100,35,9952,3200,true,true
"selection","Sorted",100,36,9920,3300,true,true
"selection","Sorted",100,37,9952,3200,true,true
"selection","Sorted",100,38,9920,3200,true,true
"selection","Sorted",100,39,9952,3200,true,true
"selection","Sorted",100,40,9920,3200,true,true
"selection","Sorted",100,41,9952,3300,true,true
"selection","Sorted",100,42,9952,3200,true,true
"selection","Sorted",100,43,9952,3300,true,true
"selection","Sorted",100,44,9920,3300,true,true
"selection","Sorted",100,45,9952,3200,true,true
"selection","Sorted",100,46,9920,3300,true,true
"selection","Sorted",100,47,9952,3200,true,true
"selection","Sorted",100,48,9952,3200,true,true
"selection","Sorted",100,49,9952,3200,true,true
"selection","Sorted",100,50,9920,3300,true,true
"selection","Sorted",100,51,9952,3300,true,true
"selection","Sorted",100,52,9952,3300,true,true
"selection","Sorted",100,53,9984,3200,true,true
"selection","Sorted",100,54,9952,3200,true,true
"selection","Sorted",100,55,9952,3200,true,true
"selection","Sorted",100,56,9920,3200,true,true
"selection","Sorted",100,57,9952,3300,true,true
"selection","Sorted",100,58,9920,3300,true,true
"selection","Sorted",100,59,9952,3200,true,true
"selection","Sorted",100,60,9952,3200,true,true
"selection","Sorted",100,61,9952,3200,true,true
"selection","Sorted",100,62,9952,3200,true,true
"selection","Sorted",100,63,9984,3200,true,true
"selection","Sorted",100,64,9952,3200,true,true
"selection","Sorted",100,65,9952,3200,true,true
"selection","Sorted",100,66,9920,3300,true,true
"selection","Sorted",100,67,9920,3200,true,true
"selection","Sorted",100,68,9952,3200,true,true
"selection","Sorted",100,69,9920,3200,true,true
"selection","Sorted",100,70,9952,3200,true,true
"selection","Sorted",100,71,9952,3300,true,true
"selection","Sorted",100,72,9920,3300,true,true
"selection","Sorted",100,73,9952,3200,true,true
"selection","Sorted",100,74,9952,3200,true,true
"selection","Sorted",100,75,9920,3200,true,true
"selection","Sorted",100,76,9952,3300,true,true
"selection","Sorted",100,77,9920,3200,true,true
"selection","Sorted",100,78,9952,3300,true,true
"selection","Sorted",100,79,9920,3200,true,true
"selection","Sorted",100,80,9952,3300,true,true
"selection","Sorted",100,81,9920,3200,true,true
"selection","Sorted",100,82,9920,3300,true,true
"selection","Sorted",100,83,9920,3200,true,true
"selection","Sorted",100,84,9920,3200,true,true
"selection","Sorted",100,85,9920,3200,true,true
"selection","Sorted",100,86,9920,3200,true,true
"selection","Sorted",100,87,9952,3200,true,true
"selection","Sorted",100,88,9920,3200,true,true
"selection","Sorted",100,89,9952,3200,true,true
"selection","Sorted",100,90,9952,3200,true,true
"selection","Sorted",100,91,9920,3200,true,true
"selection","Sorted",100,92,9920,3200,true,true
"selection","Sorted",100,93,9920,3200,true,true
"selection","Sorted",100,94,9920,3200,true,true
"selection","Sorted",100,95,9952,3200,true,true
"selection","Sorted",100,96,9920,3200,true,true
"selection","Sorted",100,97,9952,3200,true,true
"selection","Sorted",100,98,9952,3200,true,true
"selection","Sorted",100,99,9920,3200,true,true
"merge","Sorted",100,0,4864,1700,true,true
"merge","Sorted",100,1,4800,1600,true,true
"merge","Sorted",100,2,4736,1600,true,true
"merge","Sorted",100,3,4768,1800,true,true
"merge","Sorted",100,4,4832,1600,true,true
"merge","Sorted",100,5,4864,1600,true,true
"merge","Sorted",100,6,4736,1600,true,true
"merge","Sorted",100,7,4832,1600,true,true
"merge","Sorted",100,8,4768,1600,true,true
"merge","Sorted",100,9,4800,1600,true,true
"merge","Sorted",100,10,4800,1700,true,true
"merge","Sorted",100,11,4768,1600,true,true
"merge","Sorted",100,12,4768,1600,true,true
"merge","Sorted",100,13,4768,1600,true,true
"merge","Sorted",100,14,4864,1600,true,true
"merge","Sorted",100,15,4768,1600,true,true
"merge","Sorted",100,16,4800,1600,true,true
"merge","Sorted",100,17,4864,1700,true,true
"merge","Sorted",100,18,4832,1700,true,true
"merge","Sorted",100,19,4896,1600,true,true
"merge","Sorted",100,20,4800,1700,true,true
"merge","Sorted",100,21,4768,1600,true,true
"merge","Sorted",100,22,4864,1600,true,true
"merge","Sorted",100,23,4864,1600,true,true
"merge","Sorted",100,24,4800,1600,true,true
"merge","Sorted",100,25,4768,1600,true,true
"merge","Sorted",100,26,4768,1600,true,true
"merge","Sorted",100,27,4864,1600,true,true
"merge","Sorted",100,28,4800,1600,true,true
"merge","Sorted",100,29,4768,1600,true,true
"merge","Sorted",100,30,4768,1600,true,true
"merge","Sorted",100,31,4896,1700,true,true
"merge","Sorted",100,32,4800,1700,true,true
"merge","Sorted",100,33,4800,1700,true,true
"merge","Sorted",100,34,4736,1600,true,true
"merge","Sorted",100,35,4704,1600,true,true
"merge","Sorted",100,36,4864,1600,true,true
"merge","Sorted",100,37,4800,1600,true,true
"merge","Sorted",100,38,4864,1700,true,true
"merge","Sorted",100,39,4736,1600,true,true
"merge","Sorted",100,40,4736,1600,true,true
"merge","Sorted",100,41,4736,1600,true,true
"merge","Sorted",100,42,4736,1600,true,true
"merge","Sorted",100,43,4768,1600,true,true
"merge","Sorted",100,44,4768,1600,true,true
"merge","Sorted",100,45,4704,1600,true,true
"merge","Sorted",100,46,4800,1600,true,true
"merge","Sorted",100,47,4800,1600,true,true
"merge","Sorted",100,48,4896,1600,true,true
"merge","Sorted",100,49,4768,1600,true,true
"merge","Sorted",100,50,4800,1600,true,true
"merge","Sorted",100,51,4736,1600,true,true
"merge","Sorted",100,52,4832,1600,true,true
"merge","Sorted",100,53,4704,1600,true,true
"merge","Sorted",100,54,4736,1600,true,true
"merge","Sorted",100,55,4768,1600,true,true
"merge","Sorted",100,56,4768,1600,true,true
"merge","Sorted",100,57,4704,1600,true,true
"merge","Sorted",100,58,4768,1600,true,true
"merge","Sorted",100,59,4672,1600,true,true
"merge","Sorted",100,60,4768,1600,true,true
"merge","Sorted",100,61,4832,1600,true,true
"merge","Sorted",100,62,4800,1600,true,true
"merge","Sorted",100,63,4736,1600,true,true
"merge","Sorted",100,64,4832,1600,true,true
"merge","Sorted",100,65,4800,1600,true,true
"merge","Sorted",100,66,4896,1700,true,true
"merge","Sorted",100,67,4800,1600,true,true
"merge","Sorted",100,68,4672,1600,true,true
"merge","Sorted",100,69,4800,1600,true,true
"merge","Sorted",100,70,4800,1600,true,true
"merge","Sorted",100,71,4800,1600,true,true
"merge","Sorted",100,72,4896,1600,true,true
"merge","Sorted",100,73,4800,1600,true,true
"merge","Sorted",100,74,4800,1600,true,true
"merge","Sorted",100,75,4768,1600,true,true
"merge","Sorted",100,76,4864,1600,true,true
"merge","Sorted",100,77,4832,1600,true,true
"merge","Sorted",100,78,4800,1600,true,true
"merge","Sorted",100,79,4768,1600,true,true
"merge","Sorted",100,80,4864,1600,true,true
"merge","Sorted",100,81,4800,1600,true,true
"merge","Sorted",100,82,4832,1600,true,true
"merge","Sorted",100,83,4768,1600,true,true
"merge","Sorted",100,84,4768,1600,true,true
"merge","Sorted",100,85,4736,1600,true,true
"merge","Sorted",100,86,4864,1600,true,true
"merge","Sorted",100,87,4800,1600,true,true
"merge","Sorted",100,88,4800,1600,true,true
"merge","Sorted",100,89,4832,1600,true,true
"merge","Sorted",100,90,4800,1600,true,true
"merge","Sorted",100,91,4864,1600,true,true
"merge","Sorted",100,92,4832,1600,true,true
"merge","Sorted",100,93,4832,1600,true,true
"merge","Sorted",100,94,4832,1600,true,true
"merge","Sorted",100,95,4736,1600,true,true
"merge","Sorted",100,96,4864,1600,true,true
"merge","Sorted",100,97,4768,1600,true,true
"merge","Sorted",100,98,4800,1600,true,true
"merge","Sorted",100,99,4768,1600,true,true
"quicksort","Sorted",100,0,1728,700,true,true
"quicksort","Sorted",100,1,1760,700,true,true
"quicksort","Sorted",100,2,1952,800,true,true
"quicksort","Sorted",100,3,1760,700,true,true
"quicksort","Sorted",100,4,1760,700,true,true
"quicksort","Sorted",100,5,1760,700,true,true
"quicksort","Sorted",100,6,1792,600,true,true
"quicksort","Sorted",100,7,1760,700,true,true
"quicksort","Sorted",100,8,1760,600,true,true
"quicksort","Sorted",100,9,1792,700,true,true
"quicksort","Sorted",100,10,1760,700,true,true
"quicksort","Sorted",100,11,1792,700,true,true
"quicksort","Sorted",100,12,1728,700,true,true
"quicksort","Sorted",100,13,1728,700,true,true
"quicksort","Sorted",100,14,1696,600,true,true
"quicksort","Sorted",100,15,1760,700,true,true
"quicksort","Sorted",100,16,1728,600,true,true
"quicksort","Sorted",100,17,1760,700,true,true
"quicksort","Sorted",100,18,1728,600,true,true
"quicksort","Sorted",100,19,1728,700,true,true
"quicksort","Sorted",100,20,1728,600,true,true
"quicksort","Sorted",100,21,1760,700,true,true
"quicksort","Sorted",100,22,1728,700,true,true
"quicksort","Sorted",100,23,1728,600,true,true
"quicksort","Sorted",100,24,1696,600,true,true
"quicksort","Sorted",100,25,1728,700,true,true
"quicksort","Sorted",100,26,1696,600,true,true
"quicksort","Sorted",100,27,1728,700,true,true
"quicksort","Sorted",100,28,1728,600,true,true
"quicksort","Sorted",100,29,1728,700,true,true
"quicksort","Sorted",100,30,1728,600,true,true
"quicksort","Sorted",100,31,1760,700,true,true
"quicksort","Sorted",100,32,1696,700,true,true
"quicksort","Sorted",100,33,1856,700,true,true
"quicksort","Sorted",100,34,1856,700,true,true
"quicksort","Sorted",100,35,1792,700,true,true
"quicksort","Sorted",100,36,1760,700,true,true
"quicksort","Sorted",100,37,1792,700,true,true
"quicksort","Sorted",100,38,1760,700,true,true
"quicksort","Sorted",100,39,1760,700,true,true
"quicksort","Sorted",100,40,1760,800,true,true
"quicksort","Sorted",100,41,1792,700,true,true
"quicksort","Sorted",100,42,1760,600,true,true
"quicksort","Sorted",100,43,1760,700,true,true
"quicksort","Sorted",100,44,1760,700,true,true
"quicksort","Sorted",100,45,1760,700,true,true
"quicksort","Sorted",100,46,1728,700,true,true
"quicksort","Sorted",100,47,1728,600,true,true
"quicksort","Sorted",100,48,1760,700,true,true
"quicksort","Sorted",100,49,1760,700,true,true
"quicksort","Sorted",100,50,1728,600,true,true
"quicksort","Sorted",100,51,1728,600,true,true
"quicksort","Sorted",100,52,1760,700,true,true
"quicksort","Sorted",100,53,1920,800,true,true
"quicksort","Sorted",100,54,1696,700,true,true
"quicksort","Sorted",100,55,1728,700,true,true
"quicksort","Sorted",100,56,1728,700,true,true
"quicksort","Sorted",100,57,1728,700,true,true
"quicksort","Sorted",100,58,1760,600,true,true
"quicksort","Sorted",100,59,1728,600,true,true
"quicksort","Sorted",100,60,1760,800,true,true
"quicksort","Sorted",100,61,1728,700,true,true
"quicksort","Sorted",100,62,1792,600,true,true
"quicksort","Sorted",100,63,1728,700,true,true
"quicksort","Sorted",100,64,1728,600,true,true
"quicksort","Sorted",100,65,1888,700,true,true
"quicksort","Sorted",100,66,1888,700,true,true
"quicksort","Sorted",100,67,1728,700,true,true
"quicksort","Sorted",100,68,1824,700,true,true
"quicksort","Sorted",100,69,1760,600,true,true
"quicksort","Sorted",100,70,1792,700,true,true
"quicksort","Sorted",100,71,1728,600,true,true
"quicksort","Sorted",100,72,1728,600,true,true
"quicksort","Sorted",100,73,1728,700,true,true
"quicksort","Sorted",100,74,1760,700,true,true
"quicksort","Sorted",100,75,1760,600,true,true
"quicksort","Sorted",100,76,1792,800,true,true
"quicksort","Sorted",100,77,1728,600,true,true
"quicksort","Sorted",100,78,1760,700,true,true
"quicksort","Sorted",100,79,1728,700,true,true
"quicksort","Sorted",100,80,1728,600,true,true
"quicksort","Sorted",100,81,1728,800,true,true
"quicksort","Sorted",100,82,1728,600,true,true
"quicksort","Sorted",100,83,1760,800,true,true
"quicksort","Sorted",100,84,1760,700,true,true
"quicksort","Sorted",100,85,1728,700,true,true
"quicksort","Sorted",100,86,1760,700,true,true
"quicksort","Sorted",100,87,1728,600,true,true
"quicksort","Sorted",100,88,1728,700,true,true
"quicksort","Sorted",100,89,1728,600,true,true
"quicksort","Sorted",100,90,1760,600,true,true
"quicksort","Sorted",100,91,1728,700,true,true
"quicksort","Sorted",100,92,1760,600,true,true
"quicksort","Sorted",100,93,1760,700,true,true
"quicksort","Sorted",100,94,1760,700,true,true
"quicksort","Sorted",100,95,1728,600,true,true
"quicksort","Sorted",100,96,1728,600,true,true
"quicksort","Sorted",100,97,1728,600,true,true
"quicksort","Sorted",100,98,1728,700,true,true
"quicksort","Sorted",100,99,1728,700,true,true
"heap","Sorted",100,0,4064,1400,true,true
"heap","Sorted",100,1,4064,1400,true,true
"heap","Sorted",100,2,4160,1400,true,true
"heap","Sorted",100,3,3968,1400,true,true
"heap","Sorted",100,4,3904,1300,true,true
"heap","Sorted",100,5,4064,1400,true,true
"heap","Sorted",100,6,3936,1300,true,true
"heap","Sorted",100,7,3808,1400,true,true
"heap","Sorted",100,8,3968,1300,true,true
"heap","Sorted",100,9,3904,1400,true,true
"heap","Sorted",100,10,4032,1500,true,true
"heap","Sorted",100,11,4000,1300,true,true
"heap","Sorted",100,12,4096,1600,true,true
"heap","Sorted",100,13,3968,1300,true,true
"heap","Sorted",100,14,4032,1500,true,true
"heap","Sorted",100,15,4032,1400,true,true
"heap","Sorted",100,16,3968,1300,true,true
"heap","Sorted",100,17,4032,1400,true,true
"heap","Sorted",100,18,4032,1500,true,true
"heap","Sorted",100,19,3968,1300,true,true
"heap","Sorted",100,20,4000,1300,true,true
"heap","Sorted",100,21,4032,1400,true,true
"heap","Sorted",100,22,4000,1300,true,true
"heap","Sorted",100,23,3872,1400,true,true
"heap","Sorted",100,24,3968,1400,true,true
"heap","Sorted",100,25,4032,1400,true,true
"heap","Sorted",100,26,3936,1300,true,true
"heap","Sorted",100,27,3936,1400,true,true
"heap","Sorted",100,28,4000,1300,true,true
"heap","Sorted",100,29,4032,1400,true,true
"heap","Sorted",100,30,4064,1400,true,true
"heap","Sorted",100,31,4000,1400,true,true
"heap","Sorted",100,32,3872,1300,true,true
"heap","Sorted",100,33,4064,1400,true,true
"heap","Sorted",100,34,4192,1400,true,true
"heap","Sorted",100,35,4064,1300,true,true
"heap","Sorted",100,36,4064,1300,true,true
"heap","Sorted",100,37,3968,1300,true,true
"heap","Sorted",100,38,3968,1400,true,true
"heap","Sorted",100,39,4000,1400,true,true
"heap","Sorted",100,40,3904,1300,true,true
"heap","Sorted",100,41,3936,1400,true,true
"heap","Sorted",100,42,3904,1400,true,true
"heap","Sorted",100,43,3904,1300,true,true
"heap","Sorted",100,44,4000,1400,true,true
"heap","Sorted",100,45,3904,1400,true,true
"heap","Sorted",100,46,4000,1400,true,true
"heap","Sorted",100,47,4064,1400,true,true
"heap","Sorted",100,48,3936,1300,true,true
"heap","Sorted",100,49,3968,1300,true,true
"heap","Sorted",100,50,4000,1400,true,true
"heap","Sorted",100,51,4000,1400,true,true
"heap","Sorted",100,52,3904,1400,true,true
"heap","Sorted",100,53,3936,1400,true,true
"heap","Sorted",100,54,4032,1400,true,true
"heap","Sorted",100,55,4000,1400,true,true
"heap","Sorted",100,56,3968,1400,true,true
"heap","Sorted",100,57,3936,1400,true,true
"heap","Sorted",100,58,3968,1400,true,true
"heap","Sorted",100,59,3904,1300,true,true
"heap","Sorted",100,60,3968,1300,true,true
"heap","Sorted",100,61,3936,1300,true,true
"heap","Sorted",100,62,3968,1300,true,true
"heap","Sorted",100,63,3936,1400,true,true
"heap","Sorted",100,64,3936,1300,true,true
"heap","Sorted",100,65,4224,1500,true,true
"heap","Sorted",100,66,4192,1600,true,true
"heap","Sorted",100,67,4224,1600,true,true
"heap","Sorted",100,68,3936,1400,true,true
"heap","Sorted",100,69,3968,1300,true,true
"heap","Sorted",100,70,3968,1400,true,true
"heap","Sorted",100,71,4000,1300,true,true
"heap","Sorted",100,72,3968,1400,true,true
"heap","Sorted",100,73,3968,1400,true,true
"heap","Sorted",100,74,3936,1400,true,true
"heap","Sorted",100,75,3968,1400,true,true
"heap","Sorted",100,76,3872,1400,true,true
"heap","Sorted",100,77,3904,1400,true,true
"heap","Sorted",100,78,4000,1400,true,true
"heap","Sorted",100,79,3936,1300,true,true
"heap","Sorted",100,80,4000,1400,true,true
"heap","Sorted",100,81,3872,1300,true,true
"heap","Sorted",100,82,4000,1300,true,true
"heap","Sorted",100,83,3968,1400,true,true
"heap","Sorted",100,84,3968,1400,true,true
"heap","Sorted",100,85,3936,1300,true,true
"heap","Sorted",100,86,3968,1300,true,true
"heap","Sorted",100,87,4000,1400,true,true
"heap","Sorted",100,88,4000,1300,true,true
"heap","Sorted",100,89,4000,1400,true,true
"heap","Sorted",100,90,3968,1400,true,true
"heap","Sorted",100,91,3872,1300,true,true
"heap","Sorted",100,92,3968,1400,true,true
"heap","Sorted",100,93,3968,1300,true,true
"heap","Sorted",100,94,3936,1300,true,true
"heap","Sorted",100,95,3872,1400,true,true
"heap","Sorted",100,96,3904,1400,true,true
"heap","Sorted",100,97,3904,1300,true,true
"heap","Sorted",100,98,3936,1400,true,true
"heap","Sorted",100,99,3904,1300,true,true
"std-sort","Sorted",100,0,1088,500,true,true
"std-sort","Sorted",100,1,1120,500,true,true
"std-sort","Sorted",100,2,1216,500,true,true
"std-sort","Sorted",100,3,1152,400,true,true
"std-sort","Sorted",100,4,1184,500,true,true
"std-sort","Sorted",100,5,1152,500,true,true
"std-sort","Sorted",100,6,1088,400,true,true
"std-sort","Sorted",100,7,1184,500,true,true
"std-sort","Sorted",100,8,1088,500,true,true
"std-sort","Sorted",100,9,1152,500,true,true
"std-sort","Sorted",100,10,1120,400,true,true
"std-sort","Sorted",100,11,1152,500,true,true
"std-sort","Sorted",100,12,1120,500,true,true
"std-sort","Sorted",100,13,1152,500,true,true
"std-sort","Sorted",100,14,1120,500,true,true
"std-sort","Sorted",100,15,1184,500,true,true
"std-sort","Sorted",100,16,1120,500,true,true
"std-sort","Sorted",100,17,1152,400,true,true
"std-sort","Sorted",100,18,1152,500,true,true
"std-sort","Sorted",100,19,1184,500,true,true
"std-sort","Sorted",100,20,1152,400,true,true
"std-sort","Sorted",100,21,1184,400,true,true
"std-sort","Sorted",100,22,1120,500,true,true
"std-sort","Sorted",100,23,1184,500,true,true
"std-sort","Sorted",100,24,1120,500,true,true
"std-sort","Sorted",100,25,1184,500,true,true
"std-sort","Sorted",100,26,1120,500,true,true
"std-sort","Sorted",100,27,1184,500,true,true
"std-sort","Sorted",100,28,1152,500,true,true
"std-sort","Sorted",100,29,1184,500,true,true
"std-sort","Sorted",100,30,1152,400,true,true
"std-sort","Sorted",100,31,1184,500,true,true
"std-sort","Sorted",100,32,1152,500,true,true
"std-sort","Sorted",100,33,1280,500,true,true
"std-sort","Sorted",100,34,1248,500,true,true
"std-sort","Sorted",100,35,1216,500,true,true
"std-sort","Sorted",100,36,1120,400,true,true
"std-sort","Sorted",100,37,1184,500,true,true
"std-sort","Sorted",100,38,1120,500,true,true
"std-sort","Sorted",100,39,1120,500,true,true
"std-sort","Sorted",100,40,1088,400,true,true
"std-sort","Sorted",100,41,1152,400,true,true
"std-sort","Sorted",100,42,1088,500,true,true
"std-sort","Sorted",100,43,1152,500,true,true
"std-sort","Sorted",100,44,1088,500,true,true
"std-sort","Sorted",100,45,1152,500,true,true
"std-sort","Sorted",100,46,1120,400,true,true
"std-sort","Sorted",100,47,1184,500,true,true
"std-sort","Sorted",100,48,1120,500,true,true
"std-sort","Sorted",100,49,1152,500,true,true
"std-sort","Sorted",100,50,1088,400,true,true
"std-sort","Sorted",100,51,1184,500,true,true
"std-sort","Sorted",100,52,1120,500,true,true
"std-sort","Sorted",100,53,1120,500,true,true
"std-sort","Sorted",100,54,1120,500,true,true
"std-sort","Sorted",100,55,1152,500,true,true
"std-sort","Sorted",100,56,1120,400,true,true
"std-sort","Sorted",100,57,1120,400,true,true
"std-sort","Sorted",100,58,1216,500,true,true
"std-sort","Sorted",100,59,1120,500,true,true
"std-sort","Sorted",100,60,1088,500,true,true
"std-sort","Sorted",100,61,1152,500,true,true
"std-sort","Sorted",100,62,1120,400,true,true
"std-sort","Sorted",100,63,1184,500,true,true
"std-sort","Sorted",100,64,1120,400,true,true
"std-sort","Sorted",100,65,1280,500,true,true
"std-sort","Sorted",100,66,1216,500,true,true
"std-sort","Sorted",100,67,1216,400,true,true
"std-sort","Sorted",100,68,1184,500,true,true
"std-sort","Sorted",100,69,1216,500,true,true
"std-sort","Sorted",100,70,1184,500,true,true
"std-sort","Sorted",100,71,1184,500,true,true
"std-sort","Sorted",100,72,1120,500,true,true
"std-sort","Sorted",100,73,1184,400,true,true
"std-sort","Sorted",100,74,1088,500,true,true
"std-sort","Sorted",100,75,1184,500,true,true
"std-sort","Sorted",100,76,1120,400,true,true
"std-sort","Sorted",100,77,1216,500,true,true
"std-sort","Sorted",100,78,1088,400,true,true
"std-sort","Sorted",100,79,1120,500,true,true
"std-sort","Sorted",100,80,1120,400,true,true
"std-sort","Sorted",100,81,1120,500,true,true
"std-sort","Sorted",100,82,1120,400,true,true
"std-sort","Sorted",100,83,1120,500,true,true
"std-sort","Sorted",100,84,1120,400,true,true
"std-sort","Sorted",100,85,1120,500,true,true
"std-sort","Sorted",100,86,1120,400,true,true
"std-sort","Sorted",100,87,1120,500,true,true
"std-sort","Sorted",100,88,1184,500,true,true
"std-sort","Sorted",100,89,1152,400,true,true
"std-sort","Sorted",100,90,1120,500,true,true
"std-sort","Sorted",100,91,1120,500,true,true
"std-sort","Sorted",100,92,1120,500,true,true
"std-sort","Sorted",100,93,1120,500,true,true
"std-sort","Sorted",100,94,1120,500,true,true
"std-sort","Sorted",100,95,1120,500,true,true
"std-sort","Sorted",100,96,1120,400,true,true
"std-sort","Sorted",100,97,1120,500,true,true
"std-sort","Sorted",100,98,1120,400,true,true
"std-sort","Sorted",100,99,1120,500,true,true
"std-stable-sort","Sorted",100,0,3584,1300,true,true
"std-stable-sort","Sorted",100,1,4000,1300,true,true
"std-stable-sort","Sorted",100,2,4224,1400,true,true
"std-stable-sort","Sorted",100,3,3328,1200,true,true
"std-stable-sort","Sorted",100,4,3744,1300,true,true
"std-stable-sort","Sorted",100,5,3744,1200,true,true
"std-stable-sort","Sorted",100,6,3616,1200,true,true
"std-stable-sort","Sorted",100,7,3552,1200,true,true
"std-stable-sort","Sorted",100,8,3232,1100,true,true
"std-stable-sort","Sorted",100,9,5504,1900,true,true
"std-stable-sort","Sorted",100,10,3584,1200,true,true
"std-stable-sort","Sorted",100,11,3264,1100,true,true
"std-stable-sort","Sorted",100,12,3488,1200,true,true
"std-stable-sort","Sorted",100,13,3424,1200,true,true
"std-stable-sort","Sorted",100,14,3456,1200,true,true
"std-stable-sort","Sorted",100,15,3680,1200,true,true
"std-stable-sort","Sorted",100,16,3744,1300,true,true
"std-stable-sort","Sorted",100,17,3776,1300,true,true
"std-stable-sort","Sorted",100,18,3648,1300,true,true
"std-stable-sort","Sorted",100,19,3648,1300,true,true
"std-stable-sort","Sorted",100,20,4000,1400,true,true
"std-stable-sort","Sorted",100,21,3840,1400,true,true
"std-stable-sort","Sorted",100,22,3968,1300,true,true
"std-stable-sort","Sorted",100,23,3520,1200,true,true
"std-stable-sort","Sorted",100,24,3616,1300,true,true
"std-stable-sort","Sorted",100,25,3072,1000,true,true
"std-stable-sort","Sorted",100,26,3168,1100,true,true
"std-stable-sort","Sorted",100,27,3168,1100,true,true
"std-stable-sort","Sorted",100,28,3040,1000,true,true
"std-stable-sort","Sorted",100,29,3072,1100,true,true
"std-stable-sort","Sorted",100,30,3200,1100,true,true
"std-stable-sort","Sorted",100,31,3360,1200,true,true
"std-stable-sort","Sorted",100,32,3328,1200,true,true
"std-stable-sort","Sorted",100,33,3296,1100,true,true
"std-stable-sort","Sorted",100,34,3264,1100,true,true
"std-stable-sort","Sorted",100,35,3072,1100,true,true
"std-stable-sort","Sorted",100,36,3104,1100,true,true
"std-stable-sort","Sorted",100,37,3040,1100,true,true
"std-stable-sort","Sorted",100,38,3104,1100,true,true
"std-stable-sort","Sorted",100,39,3200,1200,true,true
"std-stable-sort","Sorted",100,40,3072,1100,true,true
"std-stable-sort","Sorted",100,41,3072,1100,true,true
"std-stable-sort","Sorted",100,42,3264,1200,true,true
"std-stable-sort","Sorted",100,43,3200,1200,true,true
"std-stable-sort","Sorted",100,44,3168,1100,true,true
"std-stable-sort","Sorted",100,45,3296,1100,true,true
"std-stable-sort","Sorted",100,46,3424,1200,true,true
"std-stable-sort","Sorted",100,47,4000,1300,true,true
"std-stable-sort","Sorted",100,48,3584,1400,true,true
"std-stable-sort","Sorted",100,49,4032,1400,true,true
"std-stable-sort","Sorted",100,50,4384,1500,true,true
"std-stable-sort","Sorted",100,51,4224,1500,true,true
"std-stable-sort","Sorted",100,52,4992,1700,true,true
"std-stable-sort","Sorted",100,53,5792,1900,true,true
"std-stable-sort","Sorted",100,54,5504,1800,true,true
"std-stable-sort","Sorted",100,55,5312,1800,true,true
"std-stable-sort","Sorted",100,56,4928,1700,true,true
"std-stable-sort","Sorted",100,57,5152,1700,true,true
"std-stable-sort","Sorted",100,58,4032,1400,true,true
"std-stable-sort","Sorted",100,59,4672,1600,true,true
"std-stable-sort","Sorted",100,60,4480,1500,true,true
"std-stable-sort","Sorted",100,61,4704,1800,true,true
"std-stable-sort","Sorted",100,62,5472,1800,true,true
"std-stable-sort","Sorted",100,63,5344,1800,true,true
"std-stable-sort","Sorted",100,64,4064,1500,true,true
"std-stable-sort","Sorted",100,65,4000,1400,true,true
"std-stable-sort","Sorted",100,66,3360,1200,true,true
"std-stable-sort","Sorted",100,67,8608,2800,true,true
"std-stable-sort","Sorted",100,68,4064,1400,true,true
"std-stable-sort","Sorted",100,69,3296,1100,true,true
"std-stable-sort","Sorted",100,70,3168,1100,true,true
"std-stable-sort","Sorted",100,71,3360,1200,true,true
"std-stable-sort","Sorted",100,72,3104,1100,true,true
"std-stable-sort","Sorted",100,73,3200,1100,true,true
"std-stable-sort","Sorted",100,74,3264,1100,true,true
"std-stable-sort","Sorted",100,75,3264,1100,true,true
"std-stable-sort","Sorted",100,76,3712,1300,true,true
"std-stable-sort","Sorted",100,77,4384,1500,true,true
"std-stable-sort","Sorted",100,78,5024,1700,true,true
"std-stable-sort","Sorted",100,79,4832,1600,true,true
"std-stable-sort","Sorted",100,80,3648,1300,true,true
"std-stable-sort","Sorted",100,81,3488,1200,true,true
"std-stable-sort","Sorted",100,82,3168,1100,true,true
"std-stable-sort","Sorted",100,83,3232,1200,true,true
"std-stable-sort","Sorted",100,84,3552,1300,true,true
"std-stable-sort","Sorted",100,85,3328,1200,true,true
"std-stable-sort","Sorted",100,86,3424,1200,true,true
"std-stable-sort","Sorted",100,87,3168,1100,true,true
"std-stable-sort","Sorted",100,88,3616,1200,true,true
"std-stable-sort","Sorted",100,89,3456,1200,true,true
"std-stable-sort","Sorted",100,90,3552,1200,true,true
"std-stable-sort","Sorted",100,91,3840,1400,true,true
"std-stable-sort","Sorted",100,92,3808,1300,true,true
"std-stable-sort","Sorted",100,93,3872,1400,true,true
"std-stable-sort","Sorted",100,94,3648,1200,true,true
"std-stable-sort","Sorted",100,95,3232,1200,true,true
"std-stable-sort","Sorted",100,96,3552,1200,true,true
"std-stable-sort","Sorted",100,97,3616,1200,true,true
"std-stable-sort","Sorted",100,98,3520,1200,true,true
"std-stable-sort","Sorted",100,99,3168,1100,true,true
"bubble","Sorted",500,0,1760,700,true,true
"bubble","Sorted",500,1,1760,600,true,true
"bubble","Sorted",500,2,1824,700,true,true
"bubble","Sorted",500,3,1568,600,true,true
"bubble","Sorted",500,4,1536,600,true,true
"bubble","Sorted",500,5,1536,600,true,true
"bubble","Sorted",500,6,1952,700,true,true
"bubble","Sorted",500,7,1472,500,true,true
"bubble","Sorted",500,8,1472,500,true,true
"bubble","Sorted",500,9,1664,600,true,true
"bubble","Sorted",500,10,1728,700,true,true
"bubble","Sorted",500,11,1536,600,true,true
"bubble","Sorted",500,12,1504,1000,true,true
"bubble","Sorted",500,13,1536,600,true,true
"bubble","Sorted",500,14,1632,600,true,true
"bubble","Sorted",500,15,1632,700,true,true
"bubble","Sorted",500,16,1504,600,true,true
"bubble","Sorted",500,17,1472,600,true,true
"bubble","Sorted",500,18,1664,700,true,true
"bubble","Sorted",500,19,1536,600,true,true
"bubble","Sorted",500,20,1600,700,true,true
"bubble","Sorted",500,21,2144,900,true,true
"bubble","Sorted",500,22,1952,700,true,true
"bubble","Sorted",500,23,2080,800,true,true
"bubble","Sorted",500,24,1472,600,true,true
"bubble","Sorted",500,25,1568,600,true,true
"bubble","Sorted",500,26,1536,600,true,true
"bubble","Sorted",500,27,3264,1200,true,true
"bubble","Sorted",500,28,2560,900,true,true
"bubble","Sorted",500,29,2496,1000,true,true
"bubble","Sorted",500,30,2400,900,true,true
"bubble","Sorted",500,31,2528,900,true,true
"bubble","Sorted",500,32,2944,1000,true,true
"bubble","Sorted",500,33,1920,700,true,true
"bubble","Sorted",500,34,1568,600,true,true
"bubble","Sorted",500,35,2720,1000,true,true
"bubble","Sorted",500,36,2880,1000,true,true
"bubble","Sorted",500,37,98400,31100,true,true
"bubble","Sorted",500,38,1472,500,true,true
"bubble","Sorted",500,39,1440,600,true,true
"bubble","Sorted",500,40,1440,600,true,true
"bubble","Sorted",500,41,1440,600,true,true
"bubble","Sorted",500,42,1440,500,true,true
"bubble","Sorted",500,43,1440,500,true,true
"bubble","Sorted",500,44,1440,500,true,true
"bubble","Sorted",500,45,1440,600,true,true
"bubble","Sorted",500,46,1440,600,true,true
"bubble","Sorted",500,47,1440,600,true,true
"bubble","Sorted",500,48,1440,600,true,true
"bubble","Sorted",500,49,1472,600,true,true
"bubble","Sorted",500,50,1472,600,true,true
"bubble","Sorted",500,51,1440,600,true,true
"bubble","Sorted",500,52,1440,600,true,true
"bubble","Sorted",500,53,1440,600,true,true
"bubble","Sorted",500,54,1440,600,true,true
"bubble","Sorted",500,55,1440,500,true,true
"bubble","Sorted",500,56,1440,600,true,true
"bubble","Sorted",500,57,1312,500,true,true
"bubble","Sorted",500,58,1312,500,true,true
"bubble","Sorted",500,59,1312,600,true,true
"bubble","Sorted",500,60,1312,500,true,true
"bubble","Sorted",500,61,1312,500,true,true
"bubble","Sorted",500,62,1280,500,true,true
"bubble","Sorted",500,63,1312,600,true,true
"bubble","Sorted",500,64,1312,500,true,true
"bubble","Sorted",500,65,1312,500,true,true
"bubble","Sorted",500,66,1376,700,true,true
"bubble","Sorted",500,67,1312,500,true,true
"bubble","Sorted",500,68,1312,500,true,true
"bubble","Sorted",500,69,1312,500,true,true
"bubble","Sorted",500,70,1312,600,true,true
"bubble","Sorted",500,71,1312,500,true,true
"bubble","Sorted",500,72,1280,600,true,true
"bubble","Sorted",500,73,1312,500,true,true
"bubble","Sorted",500,74,1312,500,true,true
"bubble","Sorted",500,75,1312,600,true,true
"bubble","Sorted",500,76,1312,500,true,true
"bubble","Sorted",500,77,1312,600,true,true
"bubble","Sorted",500,78,1312,500,true,true
"bubble","Sorted",500,79,1280,500,true,true
"bubble","Sorted",500,80,1312,500,true,true
"bubble","Sorted",500,81,1312,500,true,true
"bubble","Sorted",500,82,1312,500,true,true
"bubble","Sorted",500,83,1280,500,true,true
"bubble","Sorted",500,84,1312,600,true,true
"bubble","Sorted",500,85,1312,500,true,true
"bubble","Sorted",500,86,1312,500,true,true
"bubble","Sorted",500,87,1312,500,true,true
"bubble","Sorted",500,88,1280,500,true,true
"bubble","Sorted",500,89,1312,500,true,true
"bubble","Sorted",500,90,1312,500,true,true
"bubble","Sorted",500,91,1312,500,true,true
"bubble","Sorted",500,92,1312,500,true,true
"bubble","Sorted",500,93,1312,500,true,true
"bubble","Sorted",500,94,1312,500,true,true
"bubble","Sorted",500,95,1312,500,true,true
"bubble","Sorted",500,96,1312,600,true,true
"bubble","Sorted",500,97,1312,500,true,true
"bubble","Sorted",500,98,1280,500,true,true
"bubble","Sorted",500,99,1312,600,true,true
"insertion","Sorted",500,0,1376,600,true,true
"insertion","Sorted",500,1,1376,500,true,true
"insertion","Sorted",500,2,1376,500,true,true
"insertion","Sorted",500,3,1376,600,true,true
"insertion","Sorted",500,4,1376,500,true,true
"insertion","Sorted",500,5,1376,500,true,true
"insertion","Sorted",500,6,1376,500,true,true
"insertion","Sorted",500,7,1376,600,true,true
"insertion","Sorted",500,8,1376,500,true,true
"insertion","Sorted",500,9,1376,500,true,true
"insertion","Sorted",500,10,1376,500,true,true
"insertion","Sorted",500,11,1376,600,true,true
"insertion","Sorted",500,12,1376,500,true,true
"insertion","Sorted",500,13,1376,600,true,true
"insertion","Sorted",500,14,1408,500,true,true
"insertion","Sorted",500,15,1376,500,true,true
"insertion","Sorted",500,16,1376,500,true,true
"insertion","Sorted",500,17,1376,600,true,true
"insertion","Sorted",500,18,1376,600,true,true
"insertion","Sorted",500,19,1376,500,true,true
"insertion","Sorted",500,20,1376,600,true,true
"insertion","Sorted",500,21,1376,500,true,true
"insertion","Sorted",500,22,1376,500,true,true
"insertion","Sorted",500,23,1376,600,true,true
"insertion","Sorted",500,24,1376,500,true,true
"insertion","Sorted",500,25,1376,600,true,true
"insertion","Sorted",500,26,1376,600,true,true
"insertion","Sorted",500,27,1376,500,true,true
"insertion","Sorted",500,28,1376,600,true,true
"insertion","Sorted",500,29,1376,500,true,true
"insertion","Sorted",500,30,1376,500,true,true
"insertion","Sorted",500,31,1376,600,true,true
"insertion","Sorted",500,32,1376,500,true,true
"insertion","Sorted",500,33,1376,500,true,true
"insertion","Sorted",500,34,1376,600,true,true
"insertion","Sorted",500,35,1376,500,true,true
"insertion","Sorted",500,36,1376,500,true,true
"insertion","Sorted",500,37,1376,500,true,true
"insertion","Sorted",500,38,1376,500,true,true
"insertion","Sorted",500,39,1376,600,true,true
"insertion","Sorted",500,40,1376,500,true,true
"insertion","Sorted",500,41,1376,600,true,true
"insertion","Sorted",500,42,1376,600,true,true
"insertion","Sorted",500,43,1376,500,true,true
"insertion","Sorted",500,44,1376,600,true,true
"insertion","Sorted",500,45,1376,500,true,true
"insertion","Sorted",500,46,1376,500,true,true
"insertion","Sorted",500,47,1376,500,true,true
"insertion","Sorted",500,48,1376,500,true,true
"insertion","Sorted",500,49,1376,600,true,true
"insertion","Sorted",500,50,1376,500,true,true
"insertion","Sorted",500,51,1376,600,true,true
"insertion","Sorted",500,52,1376,600,true,true
"insertion","Sorted",500,53,1376,500,true,true
"insertion","Sorted",500,54,1376,600,true,true
"insertion","Sorted",500,55,1376,500,true,true
"insertion","Sorted",500,56,1376,500,true,true
"insertion","Sorted",500,57,1376,500,true,true
"insertion","Sorted",500,58,1376,500,true,true
"insertion","Sorted",500,59,1376,600,true,true
"insertion","Sorted",500,60,1376,500,true,true
"insertion","Sorted",500,61,1376,600,true,true
"insertion","Sorted",500,62,1376,600,true,true
"insertion","Sorted",500,63,1376,500,true,true
"insertion","Sorted",500,64,1376,600,true,true
"insertion","Sorted",500,65,1408,600,true,true
"insertion","Sorted",500,66,1440,500,true,true
"insertion","Sorted",500,67,1376,500,true,true
"insertion","Sorted",500,68,1440,500,true,true
"insertion","Sorted",500,69,1376,500,true,true
"insertion","Sorted",500,70,1440,500,true,true
"insertion","Sorted",500,71,1376,600,true,true
"insertion","Sorted",500,72,1440,600,true,true
"insertion","Sorted",500,73,1376,500,true,true
"insertion","Sorted",500,74,1440,600,true,true
"insertion","Sorted",500,75,1376,600,true,true
"insertion","Sorted",500,76,1376,500,true,true
"insertion","Sorted",500,77,1376,600,true,true
"insertion","Sorted",500,78,1376,600,true,true
"insertion","Sorted",500,79,1376,500,true,true
"insertion","Sorted",500,80,1376,500,true,true
"insertion","Sorted",500,81,1376,600,true,true
"insertion","Sorted",500,82,1376,500,true,true
"insertion","Sorted",500,83,1376,600,true,true
"insertion","Sorted",500,84,1376,600,true,true
"insertion","Sorted",500,85,1376,500,true,true
"insertion","Sorted",500,86,1376,500,true,true
"insertion","Sorted",500,87,1376,500,true,true
"insertion","Sorted",500,88,1376,500,true,true
"insertion","Sorted",500,89,1376,600,true,true
"insertion","Sorted",500,90,1376,600,true,true
"insertion","Sorted",500,91,1376,500,true,true
"insertion","Sorted",500,92,1376,600,true,true
"insertion","Sorted",500,93,1376,500,true,true
"insertion","Sorted",500,94,1376,500,true,true
"insertion","Sorted",500,95,1376,600,true,true
"insertion","Sorted",500,96,1376,500,true,true
"insertion","Sorted",500,97,1376,500,true,true
"insertion","Sorted",500,98,1376,600,true,true
"insertion","Sorted",500,99,1600,7900,true,true
"selection","Sorted",500,0,222016,69600,true,true
"selection","Sorted",500,1,221600,69500,true,true
"selection","Sorted",500,2,222048,69600,true,true
"selection","Sorted",500,3,270336,84800,true,true
"selection","Sorted",500,4,222112,69700,true,true
"selection","Sorted",500,5,221600,69500,true,true
"selection","Sorted",500,6,222016,69600,true,true
"selection","Sorted",500,7,236992,74300,true,true
"selection","Sorted",500,8,222080,69700,true,true
"selection","Sorted",500,9,221600,69500,true,true
"selection","Sorted",500,10,222016,69700,true,true
"selection","Sorted",500,11,221600,69500,true,true
"selection","Sorted",500,12,222048,69700,true,true
"selection","Sorted",500,13,221600,69500,true,true
"selection","Sorted",500,14,222048,69600,true,true
"selection","Sorted",500,15,221600,69500,true,true
"selection","Sorted",500,16,222048,69600,true,true
"selection","Sorted",500,17,267488,83900,true,true
"selection","Sorted",500,18,222048,69700,true,true
"selection","Sorted",500,19,221600,69500,true,true
"selection","Sorted",500,20,222016,69600,true,true
"selection","Sorted",500,21,221600,69500,true,true
"selection","Sorted",500,22,222016,69800,true,true
"selection","Sorted",500,23,221632,69500,true,true
"selection","Sorted",500,24,222016,69600,true,true
"selection","Sorted",500,25,238816,74900,true,true
"selection","Sorted",500,26,248992,78300,true,true
"selection","Sorted",500,27,292864,91900,true,true
"selection","Sorted",500,28,222016,69700,true,true
"selection","Sorted",500,29,221600,69500,true,true
"selection","Sorted",500,30,273344,85700,true,true
"selection","Sorted",500,31,221664,69500,true,true
"selection","Sorted",500,32,222048,69700,true,true
"selection","Sorted",500,33,221632,69500,true,true
"selection","Sorted",500,34,222112,69700,true,true
"selection","Sorted",500,35,237408,74500,true,true
"selection","Sorted",500,36,222080,69700,true,true
"selection","Sorted",500,37,221600,69500,true,true
"selection","Sorted",500,38,222048,69700,true,true
"selection","Sorted",500,39,221632,69500,true,true
"selection","Sorted",500,40,223360,70100,true,true
"selection","Sorted",500,41,221600,69500,true,true
"selection","Sorted",500,42,222016,69600,true,true
"selection","Sorted",500,43,221632,69500,true,true
"selection","Sorted",500,44,269216,84400,true,true
"selection","Sorted",500,45,221632,69500,true,true
"selection","Sorted",500,46,222080,69600,true,true
"selection","Sorted",500,47,221600,69500,true,true
"selection","Sorted",500,48,222016,69600,true,true
"selection","Sorted",500,49,221632,69500,true,true
"selection","Sorted",500,50,222048,69700,true,true
"selection","Sorted",500,51,221632,69600,true,true
"selection","Sorted",500,52,222016,69600,true,true
"selection","Sorted",500,53,221600,69500,true,true
"selection","Sorted",500,54,222016,69600,true,true
"selection","Sorted",500,55,221600,69500,true,true
"selection","Sorted",500,56,222048,69700,true,true
"selection","Sorted",500,57,221600,69600,true,true
"selection","Sorted",500,58,267136,83800,true,true
"selection","Sorted",500,59,221728,69500,true,true
"selection","Sorted",500,60,222016,69700,true,true
"selection","Sorted",500,61,221600,69500,true,true
"selection","Sorted",500,62,222016,69700,true,true
"selection","Sorted",500,63,236768,74300,true,true
"selection","Sorted",500,64,222112,69700,true,true
"selection","Sorted",500,65,221600,69500,true,true
"selection","Sorted",500,66,222080,70000,true,true
"selection","Sorted",500,67,221600,69500,true,true
"selection","Sorted",500,68,222112,69700,true,true
"selection","Sorted",500,69,221568,69500,true,true
"selection","Sorted",500,70,222080,69700,true,true
"selection","Sorted",500,71,221568,69500,true,true
"selection","Sorted",500,72,266496,83800,true,true
"selection","Sorted",500,73,221600,69500,true,true
"selection","Sorted",500,74,222112,69600,true,true
"selection","Sorted",500,75,221632,69500,true,true
"selection","Sorted",500,76,222144,69800,true,true
"selection","Sorted",500,77,221600,69600,true,true
"selection","Sorted",500,78,222112,69700,true,true
"selection","Sorted",500,79,221600,69500,true,true
"selection","Sorted",500,80,222144,69700,true,true
"selection","Sorted",500,81,221664,69500,true,true
"selection","Sorted",500,82,222112,69700,true,true
"selection","Sorted",500,83,221600,69600,true,true
"selection","Sorted",500,84,222112,69700,true,true
"selection","Sorted",500,85,221632,69500,true,true
"selection","Sorted",500,86,268384,84300,true,true
"selection","Sorted",500,87,221728,69500,true,true
"selection","Sorted",500,88,222144,69700,true,true
"selection","Sorted",500,89,221632,69500,true,true
"selection","Sorted",500,90,222112,69700,true,true
"selection","Sorted",500,91,237280,74400,true,true
"selection","Sorted",500,92,222208,69700,true,true
"selection","Sorted",500,93,221632,69500,true,true
"selection","Sorted",500,94,222080,69600,true,true
"selection","Sorted",500,95,221600,69600,true,true
"selection","Sorted",500,96,222144,69600,true,true
"selection","Sorted",500,97,221632,69500,true,true
"selection","Sorted",500,98,222112,69600,true,true
"selection","Sorted",500,99,221600,69500,true,true
"merge","Sorted",500,0,23808,7500,true,true
"merge","Sorted",500,1,23360,7400,true,true
"merge","Sorted",500,2,23744,7500,true,true
"merge","Sorted",500,3,23392,7400,true,true
"merge","Sorted",500,4,23712,7600,true,true
"merge","Sorted",500,5,23264,7400,true,true
"merge","Sorted",500,6,23744,7600,true,true
"merge","Sorted",500,7,23264,7400,true,true
"merge","Sorted",500,8,23808,7600,true,true
"merge","Sorted",500,9,23264,7400,true,true
"merge","Sorted",500,10,23616,7500,true,true
"merge","Sorted",500,11,23232,7300,true,true
"merge","Sorted",500,12,23744,7500,true,true
"merge","Sorted",500,13,23360,7400,true,true
"merge","Sorted",500,14,23744,7500,true,true
"merge","Sorted",500,15,23520,7500,true,true
"merge","Sorted",500,16,23680,7700,true,true
"merge","Sorted",500,17,23328,7400,true,true
"merge","Sorted",500,18,23648,7600,true,true
"merge","Sorted",500,19,23232,7400,true,true
"merge","Sorted",500,20,23680,7600,true,true
"merge","Sorted",500,21,23296,7400,true,true
"merge","Sorted",500,22,23680,7500,true,true
"merge","Sorted",500,23,23232,7400,true,true
"merge","Sorted",500,24,23680,7600,true,true
"merge","Sorted",500,25,23232,7400,true,true
"merge","Sorted",500,26,23648,7500,true,true
"merge","Sorted",500,27,23392,7400,true,true
"merge","Sorted",500,28,23712,7500,true,true
"merge","Sorted",500,29,23296,7400,true,true
"merge","Sorted",500,30,23744,7500,true,true
"merge","Sorted",500,31,23424,7400,true,true
"merge","Sorted",500,32,23680,7500,true,true
"merge","Sorted",500,33,23296,7400,true,true
"merge","Sorted",500,34,23680,7600,true,true
"merge","Sorted",500,35,23424,7400,true,true
"merge","Sorted",500,36,23744,7500,true,true
"merge","Sorted",500,37,23232,7400,true,true
"merge","Sorted",500,38,23552,7500,true,true
"merge","Sorted",500,39,23328,7400,true,true
"merge","Sorted",500,40,23776,7600,true,true
"merge","Sorted",500,41,23296,7400,true,true
"merge","Sorted",500,42,23616,7500,true,true
"merge","Sorted",500,43,23264,7400,true,true
"merge","Sorted",500,44,23712,7500,true,true
"merge","Sorted",500,45,23328,7400,true,true
"merge","Sorted",500,46,23680,7500,true,true
"merge","Sorted",500,47,23424,7400,true,true
"merge","Sorted",500,48,23744,7500,true,true
"merge","Sorted",500,49,23328,7400,true,true
"merge","Sorted",500,50,23648,7500,true,true
"merge","Sorted",500,51,23360,7400,true,true
"merge","Sorted",500,52,23776,7600,true,true
"merge","Sorted",500,53,23456,7400,true,true
"merge","Sorted",500,54,23744,7500,true,true
"merge","Sorted",500,55,23296,7400,true,true
"merge","Sorted",500,56,23648,7500,true,true
"merge","Sorted",500,57,23328,7400,true,true
"merge","Sorted",500,58,23712,7600,true,true
"merge","Sorted",500,59,23424,7400,true,true
"merge","Sorted",500,60,23712,7600,true,true
"merge","Sorted",500,61,23296,7400,true,true
"merge","Sorted",500,62,23744,7600,true,true
"merge","Sorted",500,63,23360,7400,true,true
"merge","Sorted",500,64,23744,7600,true,true
"merge","Sorted",500,65,23392,7400,true,true
"merge","Sorted",500,66,23744,7500,true,true
"merge","Sorted",500,67,23392,7400,true,true
"merge","Sorted",500,68,23712,7500,true,true
"merge","Sorted",500,69,23488,7500,true,true
"merge","Sorted",500,70,23680,7500,true,true
"merge","Sorted",500,71,23488,7500,true,true
"merge","Sorted",500,72,23744,7600,true,true
"merge","Sorted",500,73,23424,7400,true,true
"merge","Sorted",500,74,23776,7600,true,true
"merge","Sorted",500,75,23424,7400,true,true
"merge","Sorted",500,76,23712,7500,true,true
"merge","Sorted",500,77,23488,7400,true,true
"merge","Sorted",500,78,23616,7500,true,true
"merge","Sorted",500,79,23616,7500,true,true
"merge","Sorted",500,80,23584,7500,true,true
"merge","Sorted",500,81,23456,7500,true,true
"merge","Sorted",500,82,23648,7500,true,true
"merge","Sorted",500,83,23488,7500,true,true
"merge","Sorted",500,84,23584,7500,true,true
"merge","Sorted",500,85,23584,7500,true,true
"merge","Sorted",500,86,23776,7600,true,true
"merge","Sorted",500,87,23488,7500,true,true
"merge","Sorted",500,88,23616,7500,true,true
"merge","Sorted",500,89,23488,7500,true,true
"merge","Sorted",500,90,23648,7500,true,true
"merge","Sorted",500,91,23680,7500,true,true
"merge","Sorted",500,92,23552,7500,true,true
"merge","Sorted",500,93,23424,7500,true,true
"merge","Sorted",500,94,23712,7600,true,true
"merge","Sorted",500,95,23488,7500,true,true
"merge","Sorted",500,96,23808,7600,true,true
"merge","Sorted",500,97,23648,7500,true,true
"merge","Sorted",500,98,23616,7500,true,true
"merge","Sorted",500,99,23392,7400,true,true
"quicksort","Sorted",500,0,11200,3600,true,true
"quicksort","Sorted",500,1,11104,3600,true,true
"quicksort","Sorted",500,2,11264,3600,true,true
"quicksort","Sorted",500,3,11136,3600,true,true
"quicksort","Sorted",500,4,11232,3600,true,true
"quicksort","Sorted",500,5,11168,3600,true,true
"quicksort","Sorted",500,6,11200,3700,true,true
"quicksort","Sorted",500,7,11136,3600,true,true
"quicksort","Sorted",500,8,11264,3700,true,true
"quicksort","Sorted",500,9,11264,3600,true,true
"quicksort","Sorted",500,10,11296,3700,true,true
"quicksort","Sorted",500,11,11264,3600,true,true
"quicksort","Sorted",500,12,11328,3600,true,true
"quicksort","Sorted",500,13,11200,3600,true,true
"quicksort","Sorted",500,14,11264,3600,true,true
"quicksort","Sorted",500,15,11168,3600,true,true
"quicksort","Sorted",500,16,11296,3700,true,true
"quicksort","Sorted",500,17,11296,3700,true,true
"quicksort","Sorted",500,18,11264,3600,true,true
"quicksort","Sorted",500,19,11168,3600,true,true
"quicksort","Sorted",500,20,11296,3600,true,true
"quicksort","Sorted",500,21,11168,3600,true,true
"quicksort","Sorted",500,22,11264,3600,true,true
"quicksort","Sorted",500,23,11168,3600,true,true
"quicksort","Sorted",500,24,11328,3700,true,true
"quicksort","Sorted",500,25,11168,3600,true,true
"quicksort","Sorted",500,26,11264,3600,true,true
"quicksort","Sorted",500,27,11168,3700,true,true
"quicksort","Sorted",500,28,11264,3700,true,true
"quicksort","Sorted",500,29,11136,3600,true,true
"quicksort","Sorted",500,30,11264,3600,true,true
"quicksort","Sorted",500,31,11168,3600,true,true
"quicksort","Sorted",500,32,11296,3600,true,true
"quicksort","Sorted",500,33,11392,3700,true,true
"quicksort","Sorted",500,34,11264,3700,true,true
"quicksort","Sorted",500,35,11328,3700,true,true
"quicksort","Sorted",500,36,11200,3700,true,true
"quicksort","Sorted",500,37,11232,3600,true,true
"quicksort","Sorted",500,38,11264,3600,true,true
"quicksort","Sorted",500,39,11264,3700,true,true
"quicksort","Sorted",500,40,11264,3600,true,true
"quicksort","Sorted",500,41,11232,3600,true,true
"quicksort","Sorted",500,42,11232,3700,true,true
"quicksort","Sorted",500,43,11232,3600,true,true
"quicksort","Sorted",500,44,11264,3600,true,true
"quicksort","Sorted",500,45,11264,3700,true,true
"quicksort","Sorted",500,46,11264,3600,true,true
"quicksort","Sorted",500,47,11168,3700,true,true
"quicksort","Sorted",500,48,27488,8700,true,true
"quicksort","Sorted",500,49,11168,3600,true,true
"quicksort","Sorted",500,50,11200,3700,true,true
"quicksort","Sorted",500,51,11136,3600,true,true
"quicksort","Sorted",500,52,11232,3600,true,true
"quicksort","Sorted",500,53,11136,3600,true,true
"quicksort","Sorted",500,54,11232,3600,true,true
"quicksort","Sorted",500,55,11200,3700,true,true
"quicksort","Sorted",500,56,11264,3600,true,true
"quicksort","Sorted",500,57,11168,3600,true,true
"quicksort","Sorted",500,58,11264,3600,true,true
"quicksort","Sorted",500,59,11168,3600,true,true
"quicksort","Sorted",500,60,11232,3600,true,true
"quicksort","Sorted",500,61,11168,3600,true,true
"quicksort","Sorted",500,62,11232,3600,true,true
"quicksort","Sorted",500,63,11168,3600,true,true
"quicksort","Sorted",500,64,11232,3600,true,true
"quicksort","Sorted",500,65,11296,3600,true,true
"quicksort","Sorted",500,66,11200,3600,true,true
"quicksort","Sorted",500,67,11232,3600,true,true
"quicksort","Sorted",500,68,11232,3600,true,true
"quicksort","Sorted",500,69,11136,3600,true,true
"quicksort","Sorted",500,70,11200,3600,true,true
"quicksort","Sorted",500,71,11072,3600,true,true
"quicksort","Sorted",500,72,11232,3700,true,true
"quicksort","Sorted",500,73,11136,3600,true,true
"quicksort","Sorted",500,74,11200,3600,true,true
"quicksort","Sorted",500,75,11136,3600,true,true
"quicksort","Sorted",500,76,11232,3600,true,true
"quicksort","Sorted",500,77,11136,3600,true,true
"quicksort","Sorted",500,78,11200,3600,true,true
"quicksort","Sorted",500,79,11200,3700,true,true
"quicksort","Sorted",500,80,11264,3600,true,true
"quicksort","Sorted",500,81,11168,3600,true,true
"quicksort","Sorted",500,82,11232,3600,true,true
"quicksort","Sorted",500,83,11136,3600,true,true
"quicksort","Sorted",500,84,11200,3600,true,true
"quicksort","Sorted",500,85,11136,3600,true,true
"quicksort","Sorted",500,86,11200,3600,true,true
"quicksort","Sorted",500,87,11104,3600,true,true
"quicksort","Sorted",500,88,11200,3600,true,true
"quicksort","Sorted",500,89,11168,3600,true,true
"quicksort","Sorted",500,90,11200,3700,true,true
"quicksort","Sorted",500,91,11136,3600,true,true
"quicksort","Sorted",500,92,11200,3600,true,true
"quicksort","Sorted",500,93,11072,3600,true,true
"quicksort","Sorted",500,94,11232,3600,true,true
"quicksort","Sorted",500,95,11168,3600,true,true
"quicksort","Sorted",500,96,11200,3600,true,true
"quicksort","Sorted",500,97,11136,3600,true,true
"quicksort","Sorted",500,98,11200,3600,true,true
"quicksort","Sorted",500,99,11104,3600,true,true
"heap","Sorted",500,0,25856,8200,true,true
"heap","Sorted",500,1,25760,8200,true,true
"heap","Sorted",500,2,25728,8200,true,true
"heap","Sorted",500,3,25792,8200,true,true
"heap","Sorted",500,4,25728,8100,true,true
"heap","Sorted",500,5,25536,8100,true,true
"heap","Sorted",500,6,25632,8200,true,true
"heap","Sorted",500,7,25568,8100,true,true
"heap","Sorted",500,8,25920,8200,true,true
"heap","Sorted",500,9,25760,8100,true,true
"heap","Sorted",500,10,25792,8200,true,true
"heap","Sorted",500,11,25696,8200,true,true
"heap","Sorted",500,12,25760,8200,true,true
"heap","Sorted",500,13,25568,8100,true,true
"heap","Sorted",500,14,25728,8100,true,true
"heap","Sorted",500,15,25664,8200,true,true
"heap","Sorted",500,16,25536,8200,true,true
"heap","Sorted",500,17,25728,8100,true,true
"heap","Sorted",500,18,25536,8100,true,true
"heap","Sorted",500,19,25600,8100,true,true
"heap","Sorted",500,20,25632,8100,true,true
"heap","Sorted",500,21,25824,8200,true,true
"heap","Sorted",500,22,77952,24500,true,true
"heap","Sorted",500,23,25664,8100,true,true
"heap","Sorted",500,24,25600,8100,true,true
"heap","Sorted",500,25,25632,8200,true,true
"heap","Sorted",500,26,25504,8100,true,true
"heap","Sorted",500,27,25664,8200,true,true
"heap","Sorted",500,28,25664,8100,true,true
"heap","Sorted",500,29,25536,8100,true,true
"heap","Sorted",500,30,25536,8100,true,true
"heap","Sorted",500,31,25216,8000,true,true
"heap","Sorted",500,32,25632,8100,true,true
"heap","Sorted",500,33,25664,8200,true,true
"heap","Sorted",500,34,25632,8200,true,true
"heap","Sorted",500,35,25728,8100,true,true
"heap","Sorted",500,36,25632,8200,true,true
"heap","Sorted",500,37,25568,8100,true,true
"heap","Sorted",500,38,25472,8100,true,true
"heap","Sorted",500,39,25696,8200,true,true
"heap","Sorted",500,40,25664,8200,true,true
"heap","Sorted",500,41,25568,8100,true,true
"heap","Sorted",500,42,25280,8000,true,true
"heap","Sorted",500,43,25472,8100,true,true
"heap","Sorted",500,44,25600,8200,true,true
"heap","Sorted",500,45,25504,8100,true,true
"heap","Sorted",500,46,25600,8100,true,true
"heap","Sorted",500,47,25600,8100,true,true
"heap","Sorted",500,48,25600,8200,true,true
"heap","Sorted",500,49,25472,8100,true,true
"heap","Sorted",500,50,25600,8100,true,true
"heap","Sorted",500,51,25504,8100,true,true
"heap","Sorted",500,52,25536,8100,true,true
"heap","Sorted",500,53,25344,8000,true,true
"heap","Sorted",500,54,25376,8000,true,true
"heap","Sorted",500,55,25600,8100,true,true
"heap","Sorted",500,56,25600,8100,true,true
"heap","Sorted",500,57,25440,8000,true,true
"heap","Sorted",500,58,25536,8100,true,true
"heap","Sorted",500,59,25472,8100,true,true
"heap","Sorted",500,60,25664,8100,true,true
"heap","Sorted",500,61,25600,8100,true,true
"heap","Sorted",500,62,25696,8100,true,true
"heap","Sorted",500,63,25472,8100,true,true
"heap","Sorted",500,64,25696,8200,true,true
"heap","Sorted",500,65,25504,8100,true,true
"heap","Sorted",500,66,25696,8100,true,true
"heap","Sorted",500,67,25472,8100,true,true
"heap","Sorted",500,68,25536,8100,true,true
"heap","Sorted",500,69,25504,8100,true,true
"heap","Sorted",500,70,25440,8000,true,true
"heap","Sorted",500,71,25440,8000,true,true
"heap","Sorted",500,72,25696,8100,true,true
"heap","Sorted",500,73,25504,8100,true,true
"heap","Sorted",500,74,25568,8100,true,true
"heap","Sorted",500,75,25408,8100,true,true
"heap","Sorted",500,76,25632,8100,true,true
"heap","Sorted",500,77,25888,8300,true,true
"heap","Sorted",500,78,25472,8100,true,true
"heap","Sorted",500,79,25664,8100,true,true
"heap","Sorted",500,80,25440,8100,true,true
"heap","Sorted",500,81,25632,8100,true,true
"heap","Sorted",500,82,25728,8200,true,true
"heap","Sorted",500,83,25600,8100,true,true
"heap","Sorted",500,84,25568,8100,true,true
"heap","Sorted",500,85,25504,8100,true,true
"heap","Sorted",500,86,25312,8100,true,true
"heap","Sorted",500,87,25376,8000,true,true
"heap","Sorted",500,88,25536,8100,true,true
"heap","Sorted",500,89,25696,8200,true,true
"heap","Sorted",500,90,25408,8100,true,true
"heap","Sorted",500,91,25408,8100,true,true
"heap","Sorted",500,92,25568,8100,true,true
"heap","Sorted",500,93,25536,8100,true,true
"heap","Sorted",500,94,25376,8000,true,true
"heap","Sorted",500,95,25440,8100,true,true
"heap","Sorted",500,96,25504,8000,true,true
"heap","Sorted",500,97,25504,8100,true,true
"heap","Sorted",500,98,25760,8200,true,true
"heap","Sorted",500,99,25600,8100,true,true
"std-sort","Sorted",500,0,7648,2500,true,true
"std-sort","Sorted",500,1,7680,2500,true,true
"std-sort","Sorted",500,2,7648,2500,true,true
"std-sort","Sorted",500,3,7840,2600,true,true
"std-sort","Sorted",500,4,7808,2500,true,true
"std-sort","Sorted",500,5,7840,2600,true,true
"std-sort","Sorted",500,6,7776,2500,true,true
"std-sort","Sorted",500,7,7776,2500,true,true
"std-sort","Sorted",500,8,7648,2500,true,true
"std-sort","Sorted",500,9,7776,2500,true,true
"std-sort","Sorted",500,10,7776,2500,true,true
"std-sort","Sorted",500,11,7808,2500,true,true
"std-sort","Sorted",500,12,7744,2500,true,true
"std-sort","Sorted",500,13,7744,2600,true,true
"std-sort","Sorted",500,14,7776,2600,true,true
"std-sort","Sorted",500,15,7776,2500,true,true
"std-sort","Sorted",500,16,7776,2500,true,true
"std-sort","Sorted",500,17,7712,2500,true,true
"std-sort","Sorted",500,18,7648,2500,true,true
"std-sort","Sorted",500,19,7776,2500,true,true
"std-sort","Sorted",500,20,7744,2500,true,true
"std-sort","Sorted",500,21,7776,2600,true,true
"std-sort","Sorted",500,22,7744,2600,true,true
"std-sort","Sorted",500,23,7744,2500,true,true
"std-sort","Sorted",500,24,7744,2600,true,true
"std-sort","Sorted",500,25,7744,2500,true,true
"std-sort","Sorted",500,26,7776,2500,true,true
"std-sort","Sorted",500,27,7776,2600,true,true
"std-sort","Sorted",500,28,7744,2500,true,true
"std-sort","Sorted",500,29,7744,2500,true,true
"std-sort","Sorted",500,30,7776,2600,true,true
"std-sort","Sorted",500,31,7776,2600,true,true
"std-sort","Sorted",500,32,7744,2500,true,true
"std-sort","Sorted",500,33,7872,2600,true,true
"std-sort","Sorted",500,34,7648,2500,true,true
"std-sort","Sorted",500,35,7744,2600,true,true
"std-sort","Sorted",500,36,7744,2600,true,true
"std-sort","Sorted",500,37,7776,2500,true,true
"std-sort","Sorted",500,38,7648,2500,true,true
"std-sort","Sorted",500,39,7744,2500,true,true
"std-sort","Sorted",500,40,7744,2500,true,true
"std-sort","Sorted",500,41,7744,2600,true,true
"std-sort","Sorted",500,42,7616,2500,true,true
"std-sort","Sorted",500,43,7744,2600,true,true
"std-sort","Sorted",500,44,7744,2600,true,true
"std-sort","Sorted",500,45,7744,2500,true,true
"std-sort","Sorted",500,46,7648,2600,true,true
"std-sort","Sorted",500,47,7744,2500,true,true
"std-sort","Sorted",500,48,7744,2600,true,true
"std-sort","Sorted",500,49,7776,2500,true,true
"std-sort","Sorted",500,50,7648,2500,true,true
"std-sort","Sorted",500,51,7744,2500,true,true
"std-sort","Sorted",500,52,7744,2500,true,true
"std-sort","Sorted",500,53,7744,2600,true,true
"std-sort","Sorted",500,54,7648,2500,true,true
"std-sort","Sorted",500,55,7744,2600,true,true
"std-sort","Sorted",500,56,7744,2600,true,true
"std-sort","Sorted",500,57,7744,2500,true,true
"std-sort","Sorted",500,58,7648,2500,true,true
"std-sort","Sorted",500,59,7744,2500,true,true
"std-sort","Sorted",500,60,7744,2500,true,true
"std-sort","Sorted",500,61,60544,19100,true,true
"std-sort","Sorted",500,62,7744,2500,true,true
"std-sort","Sorted",500,63,7680,2500,true,true
"std-sort","Sorted",500,64,7648,2500,true,true
"std-sort","Sorted",500,65,7840,2600,true,true
"std-sort","Sorted",500,66,7744,2600,true,true
"std-sort","Sorted",500,67,7680,2500,true,true
"std-sort","Sorted",500,68,7808,2500,true,true
"std-sort","Sorted",500,69,7680,2500,true,true
"std-sort","Sorted",500,70,7776,2500,true,true
"std-sort","Sorted",500,71,7680,2500,true,true
"std-sort","Sorted",500,72,7776,2600,true,true
"std-sort","Sorted",500,73,7648,2500,true,true
"std-sort","Sorted",500,74,7776,2600,true,true
"std-sort","Sorted",500,75,7872,2600,true,true
"std-sort","Sorted",500,76,7776,2600,true,true
"std-sort","Sorted",500,77,7808,2500,true,true
"std-sort","Sorted",500,78,7808,2500,true,true
"std-sort","Sorted",500,79,7648,2500,true,true
"std-sort","Sorted",500,80,7776,2600,true,true
"std-sort","Sorted",500,81,7808,2500,true,true
"std-sort","Sorted",500,82,7776,2500,true,true
"std-sort","Sorted",500,83,7776,2600,true,true
"std-sort","Sorted",500,84,7776,2500,true,true
"std-sort","Sorted",500,85,7776,2600,true,true
"std-sort","Sorted",500,86,7776,2500,true,true
"std-sort","Sorted",500,87,7776,2600,true,true
"std-sort","Sorted",500,88,7776,2600,true,true
"std-sort","Sorted",500,89,7808,2600,true,true
"std-sort","Sorted",500,90,7776,2600,true,true
"std-sort","Sorted",500,91,7648,2500,true,true
"std-sort","Sorted",500,92,7808,2600,true,true
"std-sort","Sorted",500,93,7776,2500,true,true
"std-sort","Sorted",500,94,7776,2500,true,true
"std-sort","Sorted",500,95,7776,2600,true,true
"std-sort","Sorted",500,96,7808,2600,true,true
"std-sort","Sorted",500,97,7776,2500,true,true
"std-sort","Sorted",500,98,7776,2500,true,true
"std-sort","Sorted",500,99,7808,2600,true,true
"std-stable-sort","Sorted",500,0,9408,3000,true,true
"std-stable-sort","Sorted",500,1,9376,3000,true,true
"std-stable-sort","Sorted",500,2,9440,3000,true,true
"std-stable-sort","Sorted",500,3,9344,3000,true,true
"std-stable-sort","Sorted",500,4,9376,3000,true,true
"std-stable-sort","Sorted",500,5,9376,3000,true,true
"std-stable-sort","Sorted",500,6,9408,3000,true,true
"std-stable-sort","Sorted",500,7,9344,3000,true,true
"std-stable-sort","Sorted",500,8,9344,3000,true,true
"std-stable-sort","Sorted",500,9,9344,3000,true,true
"std-stable-sort","Sorted",500,10,9344,3100,true,true
"std-stable-sort","Sorted",500,11,9408,3000,true,true
"std-stable-sort","Sorted",500,12,9344,3000,true,true
"std-stable-sort","Sorted",500,13,9376,3100,true,true
"std-stable-sort","Sorted",500,14,9344,3100,true,true
"std-stable-sort","Sorted",500,15,9376,3000,true,true
"std-stable-sort","Sorted",500,16,9344,3100,true,true
"std-stable-sort","Sorted",500,17,9344,3000,true,true
"std-stable-sort","Sorted",500,18,9312,3100,true,true
"std-stable-sort","Sorted",500,19,9376,3000,true,true
"std-stable-sort","Sorted",500,20,9376,3000,true,true
"std-stable-sort","Sorted",500,21,9376,3100,true,true
"std-stable-sort","Sorted",500,22,9344,3000,true,true
"std-stable-sort","Sorted",500,23,9408,3100,true,true
"std-stable-sort","Sorted",500,24,9344,3100,true,true
"std-stable-sort","Sorted",500,25,9760,3100,true,true
"std-stable-sort","Sorted",500,26,9376,3000,true,true
"std-stable-sort","Sorted",500,27,9312,3000,true,true
"std-stable-sort","Sorted",500,28,9408,3000,true,true
"std-stable-sort","Sorted",500,29,9376,3100,true,true
"std-stable-sort","Sorted",500,30,9344,3000,true,true
"std-stable-sort","Sorted",500,31,9344,3100,true,true
"std-stable-sort","Sorted",500,32,9472,3000,true,true
"std-stable-sort","Sorted",500,33,9536,3100,true,true
"std-stable-sort","Sorted",500,34,9792,3200,true,true
"std-stable-sort","Sorted",500,35,9280,3100,true,true
"std-stable-sort","Sorted",500,36,9504,3100,true,true
"std-stable-sort","Sorted",500,37,9280,3000,true,true
"std-stable-sort","Sorted",500,38,9504,3000,true,true
"std-stable-sort","Sorted",500,39,9280,3100,true,true
"std-stable-sort","Sorted",500,40,9504,3100,true,true
"std-stable-sort","Sorted",500,41,9312,3000,true,true
"std-stable-sort","Sorted",500,42,9504,3100,true,true
"std-stable-sort","Sorted",500,43,9280,3000,true,true
"std-stable-sort","Sorted",500,44,9504,3000,true,true
"std-stable-sort","Sorted",500,45,9280,3100,true,true
"std-stable-sort","Sorted",500,46,9504,3100,true,true
"std-stable-sort","Sorted",500,47,9312,3000,true,true
"std-stable-sort","Sorted",500,48,9504,3100,true,true
"std-stable-sort","Sorted",500,49,9280,3000,true,true
"std-stable-sort","Sorted",500,50,9536,3000,true,true
"std-stable-sort","Sorted",500,51,9312,3100,true,true
"std-stable-sort","Sorted",500,52,9504,3100,true,true
"std-stable-sort","Sorted",500,53,9280,3000,true,true
"std-stable-sort","Sorted",500,54,9472,3100,true,true
"std-stable-sort","Sorted",500,55,9280,3000,true,true
"std-stable-sort","Sorted",500,56,9504,3100,true,true
"std-stable-sort","Sorted",500,57,9312,3100,true,true
"std-stable-sort","Sorted",500,58,9504,3100,true,true
"std-stable-sort","Sorted",500,59,9280,3000,true,true
"std-stable-sort","Sorted",500,60,9472,3100,true,true
"std-stable-sort","Sorted",500,61,9280,3000,true,true
"std-stable-sort","Sorted",500,62,9504,3000,true,true
"std-stable-sort","Sorted",500,63,9312,3100,true,true
"std-stable-sort","Sorted",500,64,9504,3100,true,true
"std-stable-sort","Sorted",500,65,9472,3100,true,true
"std-stable-sort","Sorted",500,66,9472,3100,true,true
"std-stable-sort","Sorted",500,67,9376,3100,true,true
"std-stable-sort","Sorted",500,68,9408,3100,true,true
"std-stable-sort","Sorted",500,69,9312,3000,true,true
"std-stable-sort","Sorted",500,70,9376,3000,true,true
"std-stable-sort","Sorted",500,71,9312,3000,true,true
"std-stable-sort","Sorted",500,72,9408,3100,true,true
"std-stable-sort","Sorted",500,73,9312,3000,true,true
"std-stable-sort","Sorted",500,74,9344,3000,true,true
"std-stable-sort","Sorted",500,75,9344,3100,true,true
"std-stable-sort","Sorted",500,76,9408,3100,true,true
"std-stable-sort","Sorted",500,77,9312,3000,true,true
"std-stable-sort","Sorted",500,78,9376,3100,true,true
"std-stable-sort","Sorted",500,79,9312,3000,true,true
"std-stable-sort","Sorted",500,80,9408,3000,true,true
"std-stable-sort","Sorted",500,81,9408,3100,true,true
"std-stable-sort","Sorted",500,82,9408,3000,true,true
"std-stable-sort","Sorted",500,83,9312,3000,true,true
"std-stable-sort","Sorted",500,84,9376,3000,true,true
"std-stable-sort","Sorted",500,85,9376,3100,true,true
"std-stable-sort","Sorted",500,86,9408,3000,true,true
"std-stable-sort","Sorted",500,87,9312,3000,true,true
"std-stable-sort","Sorted",500,88,9408,3100,true,true
"std-stable-sort","Sorted",500,89,9344,3000,true,true
"std-stable-sort","Sorted",500,90,9408,3000,true,true
"std-stable-sort","Sorted",500,91,9312,3000,true,true
"std-stable-sort","Sorted",500,92,9408,3100,true,true
"std-stable-sort","Sorted",500,93,9312,3000,true,true
"std-stable-sort","Sorted",500,94,9376,3000,true,true
"std-stable-sort","Sorted",500,95,9280,3000,true,true
"std-stable-sort","Sorted",500,96,9408,3000,true,true
"std-stable-sort","Sorted",500,97,9312,3100,true,true
"std-stable-sort","Sorted",500,98,9792,3200,true,true
"std-stable-sort","Sorted",500,99,10112,3300,true,true
"bubble","Sorted",1000,0,2592,900,true,true
"bubble","Sorted",1000,1,2592,900,true,true
"bubble","Sorted",1000,2,2592,1000,true,true
"bubble","Sorted",1000,3,2592,900,true,true
"bubble","Sorted",1000,4,2592,1000,true,true
"bubble","Sorted",1000,5,2592,900,true,true
"bubble","Sorted",1000,6,2592,900,true,true
"bubble","Sorted",1000,7,2592,900,true,true
"bubble","Sorted",1000,8,2592,900,true,true
"bubble","Sorted",1000,9,2592,900,true,true
"bubble","Sorted",1000,10,2592,1000,true,true
"bubble","Sorted",1000,11,2624,900,true,true
"bubble","Sorted",1000,12,2592,900,true,true
"bubble","Sorted",1000,13,2624,900,true,true
"bubble","Sorted",1000,14,2624,900,true,true
"bubble","Sorted",1000,15,2624,900,true,true
"bubble","Sorted",1000,16,2624,900,true,true
"bubble","Sorted",1000,17,2592,900,true,true
"bubble","Sorted",1000,18,2592,1000,true,true
"bubble","Sorted",1000,19,2624,900,true,true
"bubble","Sorted",1000,20,2624,1000,true,true
"bubble","Sorted",1000,21,2592,900,true,true
"bubble","Sorted",1000,22,2592,900,true,true
"bubble","Sorted",1000,23,2624,900,true,true
"bubble","Sorted",1000,24,2592,900,true,true
"bubble","Sorted",1000,25,2592,900,true,true
"bubble","Sorted",1000,26,2624,900,true,true
"bubble","Sorted",1000,27,2592,1000,true,true
"bubble","Sorted",1000,28,2592,900,true,true
"bubble","Sorted",1000,29,2592,1000,true,true
"bubble","Sorted",1000,30,2624,900,true,true
"bubble","Sorted",1000,31,2592,1000,true,true
"bubble","Sorted",1000,32,2592,900,true,true
"bubble","Sorted",1000,33,2592,900,true,true
"bubble","Sorted",1000,34,2592,1000,true,true
"bubble","Sorted",1000,35,2592,900,true,true
"bubble","Sorted",1000,36,2624,1000,true,true
"bubble","Sorted",1000,37,2592,900,true,true
"bubble","Sorted",1000,38,2624,1000,true,true
"bubble","Sorted",1000,39,2592,900,true,true
"bubble","Sorted",1000,40,2624,1000,true,true
"bubble","Sorted",1000,41,2624,900,true,true
"bubble","Sorted",1000,42,2624,1000,true,true
"bubble","Sorted",1000,43,2592,900,true,true
"bubble","Sorted",1000,44,2592,1000,true,true
"bubble","Sorted",1000,45,2624,900,true,true
"bubble","Sorted",1000,46,2624,900,true,true
"bubble","Sorted",1000,47,2592,1000,true,true
"bubble","Sorted",1000,48,2592,900,true,true
"bubble","Sorted",1000,49,2624,1000,true,true
"bubble","Sorted",1000,50,2592,900,true,true
"bubble","Sorted",1000,51,2592,1000,true,true
"bubble","Sorted",1000,52,2592,900,true,true
"bubble","Sorted",1000,53,2592,900,true,true
"bubble","Sorted",1000,54,2624,900,true,true
"bubble","Sorted",1000,55,2592,900,true,true
"bubble","Sorted",1000,56,2592,900,true,true
"bubble","Sorted",1000,57,2592,900,true,true
"bubble","Sorted",1000,58,2592,1000,true,true
"bubble","Sorted",1000,59,2592,900,true,true
"bubble","Sorted",1000,60,2592,1000,true,true
"bubble","Sorted",1000,61,2624,900,true,true
"bubble","Sorted",1000,62,2624,1000,true,true
"bubble","Sorted",1000,63,2624,900,true,true
"bubble","Sorted",1000,64,2624,1000,true,true
"bubble","Sorted",1000,65,2624,900,true,true
"bubble","Sorted",1000,66,2592,1000,true,true
"bubble","Sorted",1000,67,2592,900,true,true
"bubble","Sorted",1000,68,2592,1000,true,true
"bubble","Sorted",1000,69,2624,900,true,true
"bubble","Sorted",1000,70,2592,900,true,true
"bubble","Sorted",1000,71,2592,1000,true,true
"bubble","Sorted",1000,72,2592,900,true,true
"bubble","Sorted",1000,73,2592,1000,true,true
"bubble","Sorted",1000,74,2624,900,true,true
"bubble","Sorted",1000,75,2624,900,true,true
"bubble","Sorted",1000,76,2592,900,true,true
"bubble","Sorted",1000,77,2624,900,true,true
"bubble","Sorted",1000,78,2592,900,true,true
"bubble","Sorted",1000,79,2592,900,true,true
"bubble","Sorted",1000,80,2592,900,true,true
"bubble","Sorted",1000,81,2624,900,true,true
"bubble","Sorted",1000,82,2624,900,true,true
"bubble","Sorted",1000,83,2592,900,true,true
"bubble","Sorted",1000,84,2592,1000,true,true
"bubble","Sorted",1000,85,2592,900,true,true
"bubble","Sorted",1000,86,2592,900,true,true
"bubble","Sorted",1000,87,2592,900,true,true
"bubble","Sorted",1000,88,2592,900,true,true
"bubble","Sorted",1000,89,2592,900,true,true
"bubble","Sorted",1000,90,2624,900,true,true
"bubble","Sorted",1000,91,2624,900,true,true
"bubble","Sorted",1000,92,2592,900,true,true
"bubble","Sorted",1000,93,2592,1000,true,true
"bubble","Sorted",1000,94,2592,900,true,true
"bubble","Sorted",1000,95,2624,1000,true,true
"bubble","Sorted",1000,96,2624,900,true,true
"bubble","Sorted",1000,97,2592,1000,true,true
"bubble","Sorted",1000,98,2624,900,true,true
"bubble","Sorted",1000,99,2592,1000,true,true
"insertion","Sorted",1000,0,2688,900,true,true
"insertion","Sorted",1000,1,2688,900,true,true
"insertion","Sorted",1000,2,2656,1000,true,true
"insertion","Sorted",1000,3,2656,1000,true,true
"insertion","Sorted",1000,4,2688,1000,true,true
"insertion","Sorted",1000,5,2688,1000,true,true
"insertion","Sorted",1000,6,2688,900,true,true
"insertion","Sorted",1000,7,2656,900,true,true
"insertion","Sorted",1000,8,2656,1000,true,true
"insertion","Sorted",1000,9,2688,900,true,true
"insertion","Sorted",1000,10,2688,900,true,true
"insertion","Sorted",1000,11,2656,1000,true,true
"insertion","Sorted",1000,12,2688,1000,true,true
"insertion","Sorted",1000,13,2656,1000,true,true
"insertion","Sorted",1000,14,2688,900,true,true
"insertion","Sorted",1000,15,2688,1000,true,true
"insertion","Sorted",1000,16,2688,1000,true,true
"insertion","Sorted",1000,17,2656,900,true,true
"insertion","Sorted",1000,18,2688,900,true,true
"insertion","Sorted",1000,19,2656,1000,true,true
"insertion","Sorted",1000,20,2688,1000,true,true
"insertion","Sorted",1000,21,2688,900,true,true
"insertion","Sorted",1000,22,2688,1000,true,true
"insertion","Sorted",1000,23,2656,1000,true,true
"insertion","Sorted",1000,24,2656,900,true,true
"insertion","Sorted",1000,25,2656,1000,true,true
"insertion","Sorted",1000,26,2688,900,true,true
"insertion","Sorted",1000,27,2688,900,true,true
"insertion","Sorted",1000,28,2656,1000,true,true
"insertion","Sorted",1000,29,2688,900,true,true
"insertion","Sorted",1000,30,2688,1000,true,true
"insertion","Sorted",1000,31,2656,1000,true,true
"insertion","Sorted",1000,32,2784,900,true,true
"insertion","Sorted",1000,33,2784,900,true,true
"insertion","Sorted",1000,34,2656,900,true,true
"insertion","Sorted",1000,35,2656,1000,true,true
"insertion","Sorted",1000,36,2656,1000,true,true
"insertion","Sorted",1000,37,2656,900,true,true
"insertion","Sorted",1000,38,2688,1000,true,true
"insertion","Sorted",1000,39,2656,1000,true,true
"insertion","Sorted",1000,40,2688,900,true,true
"insertion","Sorted",1000,41,2688,900,true,true
"insertion","Sorted",1000,42,2688,1000,true,true
"insertion","Sorted",1000,43,2688,900,true,true
"insertion","Sorted",1000,44,2688,900,true,true
"insertion","Sorted",1000,45,2656,1000,true,true
"insertion","Sorted",1000,46,2688,900,true,true
"insertion","Sorted",1000,47,2688,900,true,true
"insertion","Sorted",1000,48,2656,1000,true,true
"insertion","Sorted",1000,49,2688,900,true,true
"insertion","Sorted",1000,50,2688,1000,true,true
"insertion","Sorted",1000,51,2688,1000,true,true
"insertion","Sorted",1000,52,2656,900,true,true
"insertion","Sorted",1000,53,2688,1000,true,true
"insertion","Sorted",1000,54,2656,900,true,true
"insertion","Sorted",1000,55,2688,900,true,true
"insertion","Sorted",1000,56,2688,1000,true,true
"insertion","Sorted",1000,57,2656,900,true,true
"insertion","Sorted",1000,58,2688,1000,true,true
"insertion","Sorted",1000,59,2656,1000,true,true
"insertion","Sorted",1000,60,2688,900,true,true
"insertion","Sorted",1000,61,2656,900,true,true
"insertion","Sorted",1000,62,2688,1000,true,true
"insertion","Sorted",1000,63,2656,900,true,true
"insertion","Sorted",1000,64,2656,1000,true,true
"insertion","Sorted",1000,65,2688,1000,true,true
"insertion","Sorted",1000,66,2656,900,true,true
"insertion","Sorted",1000,67,2656,1000,true,true
"insertion","Sorted",1000,68,2688,1000,true,true
"insertion","Sorted",1000,69,2688,900,true,true
"insertion","Sorted",1000,70,2688,1000,true,true
"insertion","Sorted",1000,71,2656,1000,true,true
"insertion","Sorted",1000,72,2688,900,true,true
"insertion","Sorted",1000,73,2656,1000,true,true
"insertion","Sorted",1000,74,2688,1000,true,true
"insertion","Sorted",1000,75,2688,900,true,true
"insertion","Sorted",1000,76,2688,1000,true,true
"insertion","Sorted",1000,77,2688,1000,true,true
"insertion","Sorted",1000,78,2656,900,true,true
"insertion","Sorted",1000,79,2656,1000,true,true
"insertion","Sorted",1000,80,2688,900,true,true
"insertion","Sorted",1000,81,2688,900,true,true
"insertion","Sorted",1000,82,2688,1000,true,true
"insertion","Sorted",1000,83,2688,900,true,true
"insertion","Sorted",1000,84,2656,900,true,true
"insertion","Sorted",1000,85,2688,1000,true,true
"insertion","Sorted",1000,86,2688,900,true,true
"insertion","Sorted",1000,87,2688,1000,true,true
"insertion","Sorted",1000,88,2688,1000,true,true
"insertion","Sorted",1000,89,2688,1000,true,true
"insertion","Sorted",1000,90,2656,900,true,true
"insertion","Sorted",1000,91,2688,900,true,true
"insertion","Sorted",1000,92,2656,900,true,true
"insertion","Sorted",1000,93,2688,1000,true,true
"insertion","Sorted",1000,94,2688,1000,true,true
"insertion","Sorted",1000,95,2656,900,true,true
"insertion","Sorted",1000,96,2656,1000,true,true
"insertion","Sorted",1000,97,2688,1000,true,true
"insertion","Sorted",1000,98,2688,900,true,true
"insertion","Sorted",1000,99,2688,1000,true,true
"selection","Sorted",1000,0,848416,265800,true,true
"selection","Sorted",1000,1,893152,279800,true,true
"selection","Sorted",1000,2,848480,265700,true,true
"selection","Sorted",1000,3,848512,265800,true,true
"selection","Sorted",1000,4,891392,279200,true,true
"selection","Sorted",1000,5,990912,310400,true,true
"selection","Sorted",1000,6,848320,265700,true,true
"selection","Sorted",1000,7,848256,265800,true,true
"selection","Sorted",1000,8,898944,281600,true,true
"selection","Sorted",1000,9,849120,265900,true,true
"selection","Sorted",1000,10,848640,265900,true,true
"selection","Sorted",1000,11,894304,280100,true,true
"selection","Sorted",1000,12,848512,265800,true,true
"selection","Sorted",1000,13,863616,270500,true,true
"selection","Sorted",1000,14,848480,265700,true,true
"selection","Sorted",1000,15,892768,279700,true,true
"selection","Sorted",1000,16,848512,265700,true,true
"selection","Sorted",1000,17,848480,265800,true,true
"selection","Sorted",1000,18,848416,265800,true,true
"selection","Sorted",1000,19,893856,280000,true,true
"selection","Sorted",1000,20,862080,270000,true,true
"selection","Sorted",1000,21,848416,265800,true,true
"selection","Sorted",1000,22,848448,265800,true,true
"selection","Sorted",1000,23,848512,265800,true,true
"selection","Sorted",1000,24,848448,265800,true,true
"selection","Sorted",1000,25,848480,265800,true,true
"selection","Sorted",1000,26,893248,279800,true,true
"selection","Sorted",1000,27,848480,265800,true,true
"selection","Sorted",1000,28,863456,270500,true,true
"selection","Sorted",1000,29,848480,265800,true,true
"selection","Sorted",1000,30,892832,279700,true,true
"selection","Sorted",1000,31,848512,265800,true,true
"selection","Sorted",1000,32,848448,265800,true,true
"selection","Sorted",1000,33,848480,265800,true,true
"selection","Sorted",1000,34,892160,279500,true,true
"selection","Sorted",1000,35,861984,270100,true,true
"selection","Sorted",1000,36,849472,266100,true,true
"selection","Sorted",1000,37,893312,279900,true,true
"selection","Sorted",1000,38,848480,265700,true,true
"selection","Sorted",1000,39,848480,265800,true,true
"selection","Sorted",1000,40,848448,265700,true,true
"selection","Sorted",1000,41,892768,279700,true,true
"selection","Sorted",1000,42,861920,270000,true,true
"selection","Sorted",1000,43,848480,265800,true,true
"selection","Sorted",1000,44,848480,265800,true,true
"selection","Sorted",1000,45,894560,280200,true,true
"selection","Sorted",1000,46,1056992,331100,true,true
"selection","Sorted",1000,47,848480,265800,true,true
"selection","Sorted",1000,48,897280,281100,true,true
"selection","Sorted",1000,49,864480,270800,true,true
"selection","Sorted",1000,50,848512,265800,true,true
"selection","Sorted",1000,51,848544,265800,true,true
"selection","Sorted",1000,52,894176,280100,true,true
"selection","Sorted",1000,53,848448,265800,true,true
"selection","Sorted",1000,54,848480,265800,true,true
"selection","Sorted",1000,55,893248,279900,true,true
"selection","Sorted",1000,56,848480,265800,true,true
"selection","Sorted",1000,57,863456,270500,true,true
"selection","Sorted",1000,58,848480,265800,true,true
"selection","Sorted",1000,59,892832,279700,true,true
"selection","Sorted",1000,60,848512,265800,true,true
"selection","Sorted",1000,61,848448,265700,true,true
"selection","Sorted",1000,62,848480,265700,true,true
"selection","Sorted",1000,63,893120,279700,true,true
"selection","Sorted",1000,64,861760,270000,true,true
"selection","Sorted",1000,65,848448,265800,true,true
"selection","Sorted",1000,66,990464,310200,true,true
"selection","Sorted",1000,67,848512,265700,true,true
"selection","Sorted",1000,68,848480,265800,true,true
"selection","Sorted",1000,69,848448,265800,true,true
"selection","Sorted",1000,70,893024,279700,true,true
"selection","Sorted",1000,71,864896,270900,true,true
"selection","Sorted",1000,72,848480,265800,true,true
"selection","Sorted",1000,73,848448,265800,true,true
"selection","Sorted",1000,74,893504,279900,true,true
"selection","Sorted",1000,75,848448,265700,true,true
"selection","Sorted",1000,76,848480,265800,true,true
"selection","Sorted",1000,77,891872,279400,true,true
"selection","Sorted",1000,78,848448,265800,true,true
"selection","Sorted",1000,79,863616,270600,true,true
"selection","Sorted",1000,80,848448,265800,true,true
"selection","Sorted",1000,81,892736,279700,true,true
"selection","Sorted",1000,82,848480,265800,true,true
"selection","Sorted",1000,83,848480,265700,true,true
"selection","Sorted",1000,84,848448,265700,true,true
"selection","Sorted",1000,85,892352,279600,true,true
"selection","Sorted",1000,86,862048,270000,true,true
"selection","Sorted",1000,87,848480,265800,true,true
"selection","Sorted",1000,88,894976,280300,true,true
"selection","Sorted",1000,89,848416,265800,true,true
"selection","Sorted",1000,90,848416,265800,true,true
"selection","Sorted",1000,91,848448,265800,true,true
"selection","Sorted",1000,92,892480,279500,true,true
"selection","Sorted",1000,93,848544,265800,true,true
"selection","Sorted",1000,94,863168,270400,true,true
"selection","Sorted",1000,95,848480,265800,true,true
"selection","Sorted",1000,96,893088,279700,true,true
"selection","Sorted",1000,97,848480,265800,true,true
"selection","Sorted",1000,98,849472,266100,true,true
"selection","Sorted",1000,99,848416,265700,true,true
"merge","Sorted",1000,0,48864,15400,true,true
"merge","Sorted",1000,1,49440,15600,true,true
"merge","Sorted",1000,2,70400,22100,true,true
"merge","Sorted",1000,3,49408,15600,true,true
"merge","Sorted",1000,4,48736,15400,true,true
"merge","Sorted",1000,5,49344,15600,true,true
"merge","Sorted",1000,6,48864,15400,true,true
"merge","Sorted",1000,7,49056,15500,true,true
"merge","Sorted",1000,8,48864,15500,true,true
"merge","Sorted",1000,9,48960,15400,true,true
"merge","Sorted",1000,10,48832,15400,true,true
"merge","Sorted",1000,11,49216,15500,true,true
"merge","Sorted",1000,12,48544,15300,true,true
"merge","Sorted",1000,13,49248,15600,true,true
"merge","Sorted",1000,14,48512,15300,true,true
"merge","Sorted",1000,15,49280,15600,true,true
"merge","Sorted",1000,16,48608,15300,true,true
"merge","Sorted",1000,17,48960,15500,true,true
"merge","Sorted",1000,18,48896,15400,true,true
"merge","Sorted",1000,19,49056,15500,true,true
"merge","Sorted",1000,20,48448,15300,true,true
"merge","Sorted",1000,21,48832,15400,true,true
"merge","Sorted",1000,22,48736,15300,true,true
"merge","Sorted",1000,23,49120,15500,true,true
"merge","Sorted",1000,24,48896,15400,true,true
"merge","Sorted",1000,25,48992,15500,true,true
"merge","Sorted",1000,26,48896,15400,true,true
"merge","Sorted",1000,27,48992,15400,true,true
"merge","Sorted",1000,28,48800,15400,true,true
"merge","Sorted",1000,29,49408,15500,true,true
"merge","Sorted",1000,30,48736,15400,true,true
"merge","Sorted",1000,31,48608,15400,true,true
"merge","Sorted",1000,32,48736,15400,true,true
"merge","Sorted",1000,33,49504,15600,true,true
"merge","Sorted",1000,34,48704,15300,true,true
"merge","Sorted",1000,35,49056,15500,true,true
"merge","Sorted",1000,36,48800,15400,true,true
"merge","Sorted",1000,37,49408,15500,true,true
"merge","Sorted",1000,38,103808,32700,true,true
"merge","Sorted",1000,39,48704,15400,true,true
"merge","Sorted",1000,40,49024,15500,true,true
"merge","Sorted",1000,41,49216,15500,true,true
"merge","Sorted",1000,42,49024,15500,true,true
"merge","Sorted",1000,43,48832,15400,true,true
"merge","Sorted",1000,44,48640,15400,true,true
"merge","Sorted",1000,45,49024,15500,true,true
"merge","Sorted",1000,46,49280,15500,true,true
"merge","Sorted",1000,47,48480,16000,true,true
"merge","Sorted",1000,48,48832,15400,true,true
"merge","Sorted",1000,49,48928,15400,true,true
"merge","Sorted",1000,50,49504,15600,true,true
"merge","Sorted",1000,51,48960,15600,true,true
"merge","Sorted",1000,52,48896,15400,true,true
"merge","Sorted",1000,53,48800,15400,true,true
"merge","Sorted",1000,54,48960,15600,true,true
"merge","Sorted",1000,55,48800,15400,true,true
"merge","Sorted",1000,56,49472,15700,true,true
"merge","Sorted",1000,57,48704,15400,true,true
"merge","Sorted",1000,58,48928,15400,true,true
"merge","Sorted",1000,59,48896,15500,true,true
"merge","Sorted",1000,60,49184,15500,true,true
"merge","Sorted",1000,61,48672,15400,true,true
"merge","Sorted",1000,62,49344,15600,true,true
"merge","Sorted",1000,63,49088,15500,true,true
"merge","Sorted",1000,64,48640,15300,true,true
"merge","Sorted",1000,65,49152,15500,true,true
"merge","Sorted",1000,66,71136,22500,true,true
"merge","Sorted",1000,67,72512,22800,true,true
"merge","Sorted",1000,68,126528,40000,true,true
"merge","Sorted",1000,69,74208,23500,true,true
"merge","Sorted",1000,70,60704,19100,true,true
"merge","Sorted",1000,71,59776,18900,true,true
"merge","Sorted",1000,72,63232,19900,true,true
"merge","Sorted",1000,73,77152,24300,true,true
"merge","Sorted",1000,74,50560,16000,true,true
"merge","Sorted",1000,75,48768,15400,true,true
"merge","Sorted",1000,76,49536,15600,true,true
"merge","Sorted",1000,77,49024,15500,true,true
"merge","Sorted",1000,78,48800,15400,true,true
"merge","Sorted",1000,79,48800,15400,true,true
"merge","Sorted",1000,80,49504,15600,true,true
"merge","Sorted",1000,81,48576,15300,true,true
"merge","Sorted",1000,82,48704,15400,true,true
"merge","Sorted",1000,83,48960,15500,true,true
"merge","Sorted",1000,84,48768,15400,true,true
"merge","Sorted",1000,85,49344,15600,true,true
"merge","Sorted",1000,86,49056,15400,true,true
"merge","Sorted",1000,87,49344,15500,true,true
"merge","Sorted",1000,88,48928,15500,true,true
"merge","Sorted",1000,89,48672,15400,true,true
"merge","Sorted",1000,90,48992,15500,true,true
"merge","Sorted",1000,91,49184,15500,true,true
"merge","Sorted",1000,92,49024,15500,true,true
"merge","Sorted",1000,93,136192,42700,true,true
"merge","Sorted",1000,94,50016,15800,true,true
"merge","Sorted",1000,95,48672,15300,true,true
"merge","Sorted",1000,96,48992,15400,true,true
"merge","Sorted",1000,97,48992,15400,true,true
"merge","Sorted",1000,98,49216,15600,true,true
"merge","Sorted",1000,99,48960,15400,true,true
"quicksort","Sorted",1000,0,23616,7500,true,true
"quicksort","Sorted",1000,1,23680,7500,true,true
"quicksort","Sorted",1000,2,23680,7600,true,true
"quicksort","Sorted",1000,3,23712,7600,true,true
"quicksort","Sorted",1000,4,23680,7500,true,true
"quicksort","Sorted",1000,5,23648,7600,true,true
"quicksort","Sorted",1000,6,23648,7500,true,true
"quicksort","Sorted",1000,7,47200,14900,true,true
"quicksort","Sorted",1000,8,24032,7600,true,true
"quicksort","Sorted",1000,9,24288,7700,true,true
"quicksort","Sorted",1000,10,24064,7700,true,true
"quicksort","Sorted",1000,11,24032,7700,true,true
"quicksort","Sorted",1000,12,24000,7600,true,true
"quicksort","Sorted",1000,13,24032,7700,true,true
"quicksort","Sorted",1000,14,24064,7600,true,true
"quicksort","Sorted",1000,15,24032,7700,true,true
"quicksort","Sorted",1000,16,24000,7600,true,true
"quicksort","Sorted",1000,17,24384,7700,true,true
"quicksort","Sorted",1000,18,24192,7700,true,true
"quicksort","Sorted",1000,19,24160,7700,true,true
"quicksort","Sorted",1000,20,24192,7700,true,true
"quicksort","Sorted",1000,21,24192,7700,true,true
"quicksort","Sorted",1000,22,24160,7700,true,true
"quicksort","Sorted",1000,23,24128,7700,true,true
"quicksort","Sorted",1000,24,24160,7700,true,true
"quicksort","Sorted",1000,25,24192,7700,true,true
"quicksort","Sorted",1000,26,24128,7700,true,true
"quicksort","Sorted",1000,27,24160,7700,true,true
"quicksort","Sorted",1000,28,24192,7700,true,true
"quicksort","Sorted",1000,29,24192,7700,true,true
"quicksort","Sorted",1000,30,24160,7600,true,true
"quicksort","Sorted",1000,31,24192,7600,true,true
"quicksort","Sorted",1000,32,24192,7600,true,true
"quicksort","Sorted",1000,33,24320,7800,true,true
"quicksort","Sorted",1000,34,24160,7700,true,true
"quicksort","Sorted",1000,35,24192,7700,true,true
"quicksort","Sorted",1000,36,24224,7700,true,true
"quicksort","Sorted",1000,37,24192,7700,true,true
"quicksort","Sorted",1000,38,24192,7700,true,true
"quicksort","Sorted",1000,39,24224,7700,true,true
"quicksort","Sorted",1000,40,24192,7700,true,true
"quicksort","Sorted",1000,41,24160,7700,true,true
"quicksort","Sorted",1000,42,24192,7700,true,true
"quicksort","Sorted",1000,43,24224,7700,true,true
"quicksort","Sorted",1000,44,24192,7600,true,true
"quicksort","Sorted",1000,45,24192,7700,true,true
"quicksort","Sorted",1000,46,24192,7700,true,true
"quicksort","Sorted",1000,47,24224,7700,true,true
"quicksort","Sorted",1000,48,24192,7700,true,true
"quicksort","Sorted",1000,49,24160,7700,true,true
"quicksort","Sorted",1000,50,24224,7700,true,true
"quicksort","Sorted",1000,51,24192,7700,true,true
"quicksort","Sorted",1000,52,24160,7700,true,true
"quicksort","Sorted",1000,53,24192,7700,true,true
"quicksort","Sorted",1000,54,24224,7700,true,true
"quicksort","Sorted",1000,55,24192,7700,true,true
"quicksort","Sorted",1000,56,24192,7700,true,true
"quicksort","Sorted",1000,57,24192,7700,true,true
"quicksort","Sorted",1000,58,24224,7700,true,true
"quicksort","Sorted",1000,59,24192,7700,true,true
"quicksort","Sorted",1000,60,24192,7700,true,true
"quicksort","Sorted",1000,61,24224,7700,true,true
"quicksort","Sorted",1000,62,24224,7700,true,true
"quicksort","Sorted",1000,63,24256,7700,true,true
"quicksort","Sorted",1000,64,24192,7700,true,true
"quicksort","Sorted",1000,65,24544,7800,true,true
"quicksort","Sorted",1000,66,24192,7700,true,true
"quicksort","Sorted",1000,67,24224,7700,true,true
"quicksort","Sorted",1000,68,24224,7700,true,true
"quicksort","Sorted",1000,69,24224,7700,true,true
"quicksort","Sorted",1000,70,24224,7700,true,true
"quicksort","Sorted",1000,71,24192,7700,true,true
"quicksort","Sorted",1000,72,24224,7700,true,true
"quicksort","Sorted",1000,73,24192,7700,true,true
"quicksort","Sorted",1000,74,24192,7700,true,true
"quicksort","Sorted",1000,75,83872,26400,true,true
"quicksort","Sorted",1000,76,24416,7800,true,true
"quicksort","Sorted",1000,77,24320,7800,true,true
"quicksort","Sorted",1000,78,24288,7700,true,true
"quicksort","Sorted",1000,79,24256,7700,true,true
"quicksort","Sorted",1000,80,24288,7800,true,true
"quicksort","Sorted",1000,81,25216,8000,true,true
"quicksort","Sorted",1000,82,24480,7800,true,true
"quicksort","Sorted",1000,83,24224,7700,true,true
"quicksort","Sorted",1000,84,24256,7800,true,true
"quicksort","Sorted",1000,85,24224,7700,true,true
"quicksort","Sorted",1000,86,24224,7700,true,true
"quicksort","Sorted",1000,87,24224,7700,true,true
"quicksort","Sorted",1000,88,24288,7700,true,true
"quicksort","Sorted",1000,89,24224,7700,true,true
"quicksort","Sorted",1000,90,24224,7700,true,true
"quicksort","Sorted",1000,91,24288,7700,true,true
"quicksort","Sorted",1000,92,24256,7700,true,true
"quicksort","Sorted",1000,93,24224,7700,true,true
"quicksort","Sorted",1000,94,24224,7800,true,true
"quicksort","Sorted",1000,95,24256,7700,true,true
"quicksort","Sorted",1000,96,24224,7700,true,true
"quicksort","Sorted",1000,97,24224,7700,true,true
"quicksort","Sorted",1000,98,24224,7700,true,true
"quicksort","Sorted",1000,99,24288,7700,true,true
"heap","Sorted",1000,0,53344,16800,true,true
"heap","Sorted",1000,1,53440,16800,true,true
"heap","Sorted",1000,2,53312,16800,true,true
"heap","Sorted",1000,3,53504,16900,true,true
"heap","Sorted",1000,4,53056,16800,true,true
"heap","Sorted",1000,5,53312,16800,true,true
"heap","Sorted",1000,6,53248,16700,true,true
"heap","Sorted",1000,7,53376,16800,true,true
"heap","Sorted",1000,8,53280,16800,true,true
"heap","Sorted",1000,9,53536,16900,true,true
"heap","Sorted",1000,10,53664,16900,true,true
"heap","Sorted",1000,11,53408,16800,true,true
"heap","Sorted",1000,12,53088,16700,true,true
"heap","Sorted",1000,13,53056,16700,true,true
"heap","Sorted",1000,14,53440,16800,true,true
"heap","Sorted",1000,15,111680,35100,true,true
"heap","Sorted",1000,16,53312,16800,true,true
"heap","Sorted",1000,17,53408,16900,true,true
"heap","Sorted",1000,18,53152,16700,true,true
"heap","Sorted",1000,19,53184,16800,true,true
"heap","Sorted",1000,20,53152,16800,true,true
"heap","Sorted",1000,21,53024,16700,true,true
"heap","Sorted",1000,22,53216,16800,true,true
"heap","Sorted",1000,23,53024,16700,true,true
"heap","Sorted",1000,24,52896,16700,true,true
"heap","Sorted",1000,25,53056,16700,true,true
"heap","Sorted",1000,26,53312,16800,true,true
"heap","Sorted",1000,27,53504,16900,true,true
"heap","Sorted",1000,28,53216,16800,true,true
"heap","Sorted",1000,29,52864,16600,true,true
"heap","Sorted",1000,30,53216,16800,true,true
"heap","Sorted",1000,31,53024,16700,true,true
"heap","Sorted",1000,32,53184,16800,true,true
"heap","Sorted",1000,33,53120,16700,true,true
"heap","Sorted",1000,34,53088,16800,true,true
"heap","Sorted",1000,35,53280,16800,true,true
"heap","Sorted",1000,36,52928,16700,true,true
"heap","Sorted",1000,37,70272,22100,true,true
"heap","Sorted",1000,38,53024,16700,true,true
"heap","Sorted",1000,39,52896,16700,true,true
"heap","Sorted",1000,40,52832,16700,true,true
"heap","Sorted",1000,41,52832,16600,true,true
"heap","Sorted",1000,42,52960,16700,true,true
"heap","Sorted",1000,43,52992,16700,true,true
"heap","Sorted",1000,44,53120,16800,true,true
"heap","Sorted",1000,45,53440,16900,true,true
"heap","Sorted",1000,46,53184,16800,true,true
"heap","Sorted",1000,47,53408,16800,true,true
"heap","Sorted",1000,48,53088,16700,true,true
"heap","Sorted",1000,49,53056,16800,true,true
"heap","Sorted",1000,50,52864,16700,true,true
"heap","Sorted",1000,51,52736,16600,true,true
"heap","Sorted",1000,52,53184,16800,true,true
"heap","Sorted",1000,53,53088,16700,true,true
"heap","Sorted",1000,54,52992,16700,true,true
"heap","Sorted",1000,55,53088,16700,true,true
"heap","Sorted",1000,56,53088,16800,true,true
"heap","Sorted",1000,57,53312,16800,true,true
"heap","Sorted",1000,58,53184,16800,true,true
"heap","Sorted",1000,59,53024,16700,true,true
"heap","Sorted",1000,60,52736,16600,true,true
"heap","Sorted",1000,61,52672,16600,true,true
"heap","Sorted",1000,62,53120,16800,true,true
"heap","Sorted",1000,63,53216,16800,true,true
"heap","Sorted",1000,64,53280,16800,true,true
"heap","Sorted",1000,65,53024,16700,true,true
"heap","Sorted",1000,66,53088,16700,true,true
"heap","Sorted",1000,67,53024,16800,true,true
"heap","Sorted",1000,68,53024,16700,true,true
"heap","Sorted",1000,69,52992,16700,true,true
"heap","Sorted",1000,70,104992,33000,true,true
"heap","Sorted",1000,71,53344,16800,true,true
"heap","Sorted",1000,72,53504,16800,true,true
"heap","Sorted",1000,73,53184,16800,true,true
"heap","Sorted",1000,74,52736,16600,true,true
"heap","Sorted",1000,75,52992,16700,true,true
"heap","Sorted",1000,76,53024,16700,true,true
"heap","Sorted",1000,77,53120,16700,true,true
"heap","Sorted",1000,78,52960,16700,true,true
"heap","Sorted",1000,79,53120,16700,true,true
"heap","Sorted",1000,80,53184,16800,true,true
"heap","Sorted",1000,81,53216,16800,true,true
"heap","Sorted",1000,82,53024,16700,true,true
"heap","Sorted",1000,83,53024,16700,true,true
"heap","Sorted",1000,84,53088,16800,true,true
"heap","Sorted",1000,85,52768,16600,true,true
"heap","Sorted",1000,86,52896,16700,true,true
"heap","Sorted",1000,87,53216,16800,true,true
"heap","Sorted",1000,88,53376,16800,true,true
"heap","Sorted",1000,89,53056,16800,true,true
"heap","Sorted",1000,90,53152,16700,true,true
"heap","Sorted",1000,91,52832,16700,true,true
"heap","Sorted",1000,92,53376,16800,true,true
"heap","Sorted",1000,93,52960,16700,true,true
"heap","Sorted",1000,94,52992,16700,true,true
"heap","Sorted",1000,95,53056,16800,true,true
"heap","Sorted",1000,96,52960,16700,true,true
"heap","Sorted",1000,97,53248,16700,true,true
"heap","Sorted",1000,98,53088,16800,true,true
"heap","Sorted",1000,99,53024,16800,true,true
"std-sort","Sorted",1000,0,17440,5600,true,true
"std-sort","Sorted",1000,1,17344,5600,true,true
"std-sort","Sorted",1000,2,17312,5600,true,true
"std-sort","Sorted",1000,3,17344,5500,true,true
"std-sort","Sorted",1000,4,17376,5600,true,true
"std-sort","Sorted",1000,5,17568,5600,true,true
"std-sort","Sorted",1000,6,17344,5500,true,true
"std-sort","Sorted",1000,7,17312,5500,true,true
"std-sort","Sorted",1000,8,17280,5500,true,true
"std-sort","Sorted",1000,9,17472,5500,true,true
"std-sort","Sorted",1000,10,17344,5500,true,true
"std-sort","Sorted",1000,11,17344,5600,true,true
"std-sort","Sorted",1000,12,17536,5600,true,true
"std-sort","Sorted",1000,13,17344,5600,true,true
"std-sort","Sorted",1000,14,17344,5500,true,true
"std-sort","Sorted",1000,15,17344,5500,true,true
"std-sort","Sorted",1000,16,17376,5600,true,true
"std-sort","Sorted",1000,17,17280,5500,true,true
"std-sort","Sorted",1000,18,17504,5600,true,true
"std-sort","Sorted",1000,19,17568,5600,true,true
"std-sort","Sorted",1000,20,17600,5600,true,true
"std-sort","Sorted",1000,21,17312,5600,true,true
"std-sort","Sorted",1000,22,17408,5500,true,true
"std-sort","Sorted",1000,23,17216,5600,true,true
"std-sort","Sorted",1000,24,17216,5500,true,true
"std-sort","Sorted",1000,25,17376,5600,true,true
"std-sort","Sorted",1000,26,17344,5500,true,true
"std-sort","Sorted",1000,27,17344,5600,true,true
"std-sort","Sorted",1000,28,17536,5600,true,true
"std-sort","Sorted",1000,29,17312,5600,true,true
"std-sort","Sorted",1000,30,17280,5500,true,true
"std-sort","Sorted",1000,31,17344,5600,true,true
"std-sort","Sorted",1000,32,17312,5500,true,true
"std-sort","Sorted",1000,33,17376,5600,true,true
"std-sort","Sorted",1000,34,17376,5600,true,true
"std-sort","Sorted",1000,35,17344,5500,true,true
"std-sort","Sorted",1000,36,17280,5600,true,true
"std-sort","Sorted",1000,37,17344,5500,true,true
"std-sort","Sorted",1000,38,17248,5500,true,true
"std-sort","Sorted",1000,39,17248,5500,true,true
"std-sort","Sorted",1000,40,17248,5500,true,true
"std-sort","Sorted",1000,41,17248,5500,true,true
"std-sort","Sorted",1000,42,17344,5500,true,true
"std-sort","Sorted",1000,43,17216,5500,true,true
"std-sort","Sorted",1000,44,17472,5600,true,true
"std-sort","Sorted",1000,45,17440,5600,true,true
"std-sort","Sorted",1000,46,17344,5600,true,true
"std-sort","Sorted",1000,47,17888,5700,true,true
"std-sort","Sorted",1000,48,17536,5600,true,true
"std-sort","Sorted",1000,49,17472,5600,true,true
"std-sort","Sorted",1000,50,17568,5600,true,true
"std-sort","Sorted",1000,51,17536,5600,true,true
"std-sort","Sorted",1000,52,17536,5600,true,true
"std-sort","Sorted",1000,53,17536,5600,true,true
"std-sort","Sorted",1000,54,17504,5600,true,true
"std-sort","Sorted",1000,55,17536,5600,true,true
"std-sort","Sorted",1000,56,17504,5600,true,true
"std-sort","Sorted",1000,57,17536,5600,true,true
"std-sort","Sorted",1000,58,17536,5600,true,true
"std-sort","Sorted",1000,59,17536,5600,true,true
"std-sort","Sorted",1000,60,17504,5600,true,true
"std-sort","Sorted",1000,61,17568,5600,true,true
"std-sort","Sorted",1000,62,17536,5600,true,true
"std-sort","Sorted",1000,63,17536,5600,true,true
"std-sort","Sorted",1000,64,17504,5600,true,true
"std-sort","Sorted",1000,65,17600,5700,true,true
"std-sort","Sorted",1000,66,17568,5600,true,true
"std-sort","Sorted",1000,67,17504,5600,true,true
"std-sort","Sorted",1000,68,17504,5600,true,true
"std-sort","Sorted",1000,69,17504,5600,true,true
"std-sort","Sorted",1000,70,17536,5600,true,true
"std-sort","Sorted",1000,71,17536,5600,true,true
"std-sort","Sorted",1000,72,17536,5600,true,true
"std-sort","Sorted",1000,73,17536,5600,true,true
"std-sort","Sorted",1000,74,17472,5600,true,true
"std-sort","Sorted",1000,75,17536,5600,true,true
"std-sort","Sorted",1000,76,17504,5600,true,true
"std-sort","Sorted",1000,77,17504,5600,true,true
"std-sort","Sorted",1000,78,17504,5600,true,true
"std-sort","Sorted",1000,79,17536,5600,true,true
"std-sort","Sorted",1000,80,17536,5600,true,true
"std-sort","Sorted",1000,81,17504,5600,true,true
"std-sort","Sorted",1000,82,17536,5600,true,true
"std-sort","Sorted",1000,83,17504,5600,true,true
"std-sort","Sorted",1000,84,17536,5600,true,true
"std-sort","Sorted",1000,85,17536,5600,true,true
"std-sort","Sorted",1000,86,17536,5600,true,true
"std-sort","Sorted",1000,87,17504,5600,true,true
"std-sort","Sorted",1000,88,17504,5600,true,true
"std-sort","Sorted",1000,89,17536,5600,true,true
"std-sort","Sorted",1000,90,17504,5600,true,true
"std-sort","Sorted",1000,91,17568,5600,true,true
"std-sort","Sorted",1000,92,17504,5600,true,true
"std-sort","Sorted",1000,93,17536,5600,true,true
"std-sort","Sorted",1000,94,17568,5600,true,true
"std-sort","Sorted",1000,95,17568,5600,true,true
"std-sort","Sorted",1000,96,17536,5600,true,true
"std-sort","Sorted",1000,97,17536,5600,true,true
"std-sort","Sorted",1000,98,17504,5500,true,true
"std-sort","Sorted",1000,99,17536,5600,true,true
"std-stable-sort","Sorted",1000,0,18304,5900,true,true
"std-stable-sort","Sorted",1000,1,18656,5900,true,true
"std-stable-sort","Sorted",1000,2,18240,6000,true,true
"std-stable-sort","Sorted",1000,3,18240,5800,true,true
"std-stable-sort","Sorted",1000,4,18240,5800,true,true
"std-stable-sort","Sorted",1000,5,18208,5800,true,true
"std-stable-sort","Sorted",1000,6,18368,5800,true,true
"std-stable-sort","Sorted",1000,7,18336,5800,true,true
"std-stable-sort","Sorted",1000,8,18272,5800,true,true
"std-stable-sort","Sorted",1000,9,18464,5900,true,true
"std-stable-sort","Sorted",1000,10,18272,5800,true,true
"std-stable-sort","Sorted",1000,11,18272,5900,true,true
"std-stable-sort","Sorted",1000,12,18336,5800,true,true
"std-stable-sort","Sorted",1000,13,18272,5800,true,true
"std-stable-sort","Sorted",1000,14,18336,5900,true,true
"std-stable-sort","Sorted",1000,15,18272,5800,true,true
"std-stable-sort","Sorted",1000,16,18208,5800,true,true
"std-stable-sort","Sorted",1000,17,18432,5900,true,true
"std-stable-sort","Sorted",1000,18,18208,5800,true,true
"std-stable-sort","Sorted",1000,19,18176,5800,true,true
"std-stable-sort","Sorted",1000,20,18336,5900,true,true
"std-stable-sort","Sorted",1000,21,18272,5800,true,true
"std-stable-sort","Sorted",1000,22,18272,5800,true,true
"std-stable-sort","Sorted",1000,23,18304,5800,true,true
"std-stable-sort","Sorted",1000,24,18272,5800,true,true
"std-stable-sort","Sorted",1000,25,18208,5800,true,true
"std-stable-sort","Sorted",1000,26,18304,5800,true,true
"std-stable-sort","Sorted",1000,27,18208,5800,true,true
"std-stable-sort","Sorted",1000,28,18176,5800,true,true
"std-stable-sort","Sorted",1000,29,18368,5800,true,true
"std-stable-sort","Sorted",1000,30,18624,5900,true,true
"std-stable-sort","Sorted",1000,31,18368,5900,true,true
"std-stable-sort","Sorted",1000,32,18240,5800,true,true
"std-stable-sort","Sorted",1000,33,18432,5900,true,true
"std-stable-sort","Sorted",1000,34,18528,5900,true,true
"std-stable-sort","Sorted",1000,35,18240,5900,true,true
"std-stable-sort","Sorted",1000,36,18208,5800,true,true
"std-stable-sort","Sorted",1000,37,18400,5900,true,true
"std-stable-sort","Sorted",1000,38,18208,5800,true,true
"std-stable-sort","Sorted",1000,39,18400,5900,true,true
"std-stable-sort","Sorted",1000,40,18208,5800,true,true
"std-stable-sort","Sorted",1000,41,18176,5800,true,true
"std-stable-sort","Sorted",1000,42,18272,5800,true,true
"std-stable-sort","Sorted",1000,43,18208,5800,true,true
"std-stable-sort","Sorted",1000,44,18400,5900,true,true
"std-stable-sort","Sorted",1000,45,18240,5800,true,true
"std-stable-sort","Sorted",1000,46,18336,5900,true,true
"std-stable-sort","Sorted",1000,47,18368,5800,true,true
"std-stable-sort","Sorted",1000,48,18240,5800,true,true
"std-stable-sort","Sorted",1000,49,18304,5800,true,true
"std-stable-sort","Sorted",1000,50,18368,5900,true,true
"std-stable-sort","Sorted",1000,51,18304,5900,true,true
"std-stable-sort","Sorted",1000,52,18240,5900,true,true
"std-stable-sort","Sorted",1000,53,18368,5900,true,true
"std-stable-sort","Sorted",1000,54,18240,5800,true,true
"std-stable-sort","Sorted",1000,55,18208,5800,true,true
"std-stable-sort","Sorted",1000,56,18272,5900,true,true
"std-stable-sort","Sorted",1000,57,18240,5800,true,true
"std-stable-sort","Sorted",1000,58,18208,5900,true,true
"std-stable-sort","Sorted",1000,59,18304,5800,true,true
"std-stable-sort","Sorted",1000,60,18208,5800,true,true
"std-stable-sort","Sorted",1000,61,18368,5800,true,true
"std-stable-sort","Sorted",1000,62,18336,5900,true,true
"std-stable-sort","Sorted",1000,63,18304,5900,true,true
"std-stable-sort","Sorted",1000,64,18336,5800,true,true
"std-stable-sort","Sorted",1000,65,18592,5900,true,true
"std-stable-sort","Sorted",1000,66,18240,5800,true,true
"std-stable-sort","Sorted",1000,67,18304,5900,true,true
"std-stable-sort","Sorted",1000,68,18208,5800,true,true
"std-stable-sort","Sorted",1000,69,70848,22300,true,true
"std-stable-sort","Sorted",1000,70,18336,5900,true,true
"std-stable-sort","Sorted",1000,71,17792,5700,true,true
"std-stable-sort","Sorted",1000,72,17664,5600,true,true
"std-stable-sort","Sorted",1000,73,17632,5600,true,true
"std-stable-sort","Sorted",1000,74,17600,5600,true,true
"std-stable-sort","Sorted",1000,75,17728,5600,true,true
"std-stable-sort","Sorted",1000,76,17600,5700,true,true
"std-stable-sort","Sorted",1000,77,17536,5600,true,true
"std-stable-sort","Sorted",1000,78,17728,5700,true,true
"std-stable-sort","Sorted",1000,79,17600,5600,true,true
"std-stable-sort","Sorted",1000,80,17600,5700,true,true
"std-stable-sort","Sorted",1000,81,17728,5600,true,true
"std-stable-sort","Sorted",1000,82,17600,5600,true,true
"std-stable-sort","Sorted",1000,83,17600,5600,true,true
"std-stable-sort","Sorted",1000,84,17600,5600,true,true
"std-stable-sort","Sorted",1000,85,17504,5600,true,true
"std-stable-sort","Sorted",1000,86,17696,5700,true,true
"std-stable-sort","Sorted",1000,87,17568,5600,true,true
"std-stable-sort","Sorted",1000,88,17760,5700,true,true
"std-stable-sort","Sorted",1000,89,17568,5600,true,true
"std-stable-sort","Sorted",1000,90,17568,5600,true,true
"std-stable-sort","Sorted",1000,91,17696,5600,true,true
"std-stable-sort","Sorted",1000,92,17696,5700,true,true
"std-stable-sort","Sorted",1000,93,17504,5600,true,true
"std-stable-sort","Sorted",1000,94,17632,5700,true,true
"std-stable-sort","Sorted",1000,95,17472,5600,true,true
"std-stable-sort","Sorted",1000,96,17632,5600,true,true
"std-stable-sort","Sorted",1000,97,17472,5600,true,true
"std-stable-sort","Sorted",1000,98,17504,5600,true,true
"std-stable-sort","Sorted",1000,99,17472,5600,true,true
"bubble","Sorted",5000,0,13024,4200,true,true
"bubble","Sorted",5000,1,12992,4200,true,true
"bubble","Sorted",5000,2,13024,4200,true,true
"bubble","Sorted",5000,3,13024,4200,true,true
"bubble","Sorted",5000,4,13024,4200,true,true
"bubble","Sorted",5000,5,13024,4200,true,true
"bubble","Sorted",5000,6,13024,4200,true,true
"bubble","Sorted",5000,7,13024,4200,true,true
"bubble","Sorted",5000,8,12992,4200,true,true
"bubble","Sorted",5000,9,13024,4200,true,true
"bubble","Sorted",5000,10,13024,4200,true,true
"bubble","Sorted",5000,11,13024,4200,true,true
"bubble","Sorted",5000,12,12992,4200,true,true
"bubble","Sorted",5000,13,13024,4200,true,true
"bubble","Sorted",5000,14,13024,4200,true,true
"bubble","Sorted",5000,15,13024,4200,true,true
"bubble","Sorted",5000,16,13024,4200,true,true
"bubble","Sorted",5000,17,13024,4100,true,true
"bubble","Sorted",5000,18,13024,4200,true,true
"bubble","Sorted",5000,19,13024,4200,true,true
"bubble","Sorted",5000,20,12992,4200,true,true
"bubble","Sorted",5000,21,13024,4200,true,true
"bubble","Sorted",5000,22,23808,7600,true,true
"bubble","Sorted",5000,23,17664,5700,true,true
"bubble","Sorted",5000,24,18176,5800,true,true
"bubble","Sorted",5000,25,13152,4200,true,true
"bubble","Sorted",5000,26,23744,7600,true,true
"bubble","Sorted",5000,27,16192,5200,true,true
"bubble","Sorted",5000,28,13568,4400,true,true
"bubble","Sorted",5000,29,12992,4300,true,true
"bubble","Sorted",5000,30,13024,4200,true,true
"bubble","Sorted",5000,31,13024,4100,true,true
"bubble","Sorted",5000,32,13024,4200,true,true
"bubble","Sorted",5000,33,13024,4200,true,true
"bubble","Sorted",5000,34,13024,4200,true,true
"bubble","Sorted",5000,35,13024,4200,true,true
"bubble","Sorted",5000,36,12992,4200,true,true
"bubble","Sorted",5000,37,12992,4200,true,true
"bubble","Sorted",5000,38,13024,4200,true,true
"bubble","Sorted",5000,39,13024,4200,true,true
"bubble","Sorted",5000,40,12992,4200,true,true
"bubble","Sorted",5000,41,13024,4100,true,true
"bubble","Sorted",5000,42,13024,4200,true,true
"bubble","Sorted",5000,43,13024,4200,true,true
"bubble","Sorted",5000,44,12992,4200,true,true
"bubble","Sorted",5000,45,13024,4200,true,true
"bubble","Sorted",5000,46,13024,4200,true,true
"bubble","Sorted",5000,47,12992,4200,true,true
"bubble","Sorted",5000,48,13024,4900,true,true
"bubble","Sorted",5000,49,13024,4200,true,true
"bubble","Sorted",5000,50,13024,4200,true,true
"bubble","Sorted",5000,51,12992,4200,true,true
"bubble","Sorted",5000,52,12992,4200,true,true
"bubble","Sorted",5000,53,13024,4200,true,true
"bubble","Sorted",5000,54,12992,4200,true,true
"bubble","Sorted",5000,55,12992,4200,true,true
"bubble","Sorted",5000,56,13024,4200,true,true
"bubble","Sorted",5000,57,12992,4200,true,true
"bubble","Sorted",5000,58,12992,4200,true,true
"bubble","Sorted",5000,59,13024,4200,true,true
"bubble","Sorted",5000,60,13024,4200,true,true
"bubble","Sorted",5000,61,12992,4200,true,true
"bubble","Sorted",5000,62,12992,4200,true,true
"bubble","Sorted",5000,63,13024,4100,true,true
"bubble","Sorted",5000,64,13024,4200,true,true
"bubble","Sorted",5000,65,12992,4200,true,true
"bubble","Sorted",5000,66,13024,4200,true,true
"bubble","Sorted",5000,67,13024,4200,true,true
"bubble","Sorted",5000,68,13024,4200,true,true
"bubble","Sorted",5000,69,13024,4200,true,true
"bubble","Sorted",5000,70,13024,4200,true,true
"bubble","Sorted",5000,71,13024,4200,true,true
"bubble","Sorted",5000,72,13024,4200,true,true
"bubble","Sorted",5000,73,13024,4200,true,true
"bubble","Sorted",5000,74,12992,4200,true,true
"bubble","Sorted",5000,75,13024,4200,true,true
"bubble","Sorted",5000,76,13024,4200,true,true
"bubble","Sorted",5000,77,13024,4200,true,true
"bubble","Sorted",5000,78,13024,4100,true,true
"bubble","Sorted",5000,79,12992,4200,true,true
"bubble","Sorted",5000,80,13024,4200,true,true
"bubble","Sorted",5000,81,13024,4200,true,true
"bubble","Sorted",5000,82,12992,4200,true,true
"bubble","Sorted",5000,83,13024,4200,true,true
"bubble","Sorted",5000,84,12992,4200,true,true
"bubble","Sorted",5000,85,13024,4200,true,true
"bubble","Sorted",5000,86,13024,4200,true,true
"bubble","Sorted",5000,87,13024,4200,true,true
"bubble","Sorted",5000,88,12992,4200,true,true
"bubble","Sorted",5000,89,13024,4200,true,true
"bubble","Sorted",5000,90,12992,4200,true,true
"bubble","Sorted",5000,91,13024,4200,true,true
"bubble","Sorted",5000,92,13024,4200,true,true
"bubble","Sorted",5000,93,13024,4200,true,true
"bubble","Sorted",5000,94,13024,4200,true,true
"bubble","Sorted",5000,95,12992,4200,true,true
"bubble","Sorted",5000,96,12992,4100,true,true
"bubble","Sorted",5000,97,13024,4200,true,true
"bubble","Sorted",5000,98,13024,4200,true,true
"bubble","Sorted",5000,99,12992,4200,true,true
"insertion","Sorted",5000,0,13088,4200,true,true
"insertion","Sorted",5000,1,13088,4200,true,true
"insertion","Sorted",5000,2,13088,4200,true,true
"insertion","Sorted",5000,3,13088,4200,true,true
"insertion","Sorted",5000,4,13088,4200,true,true
"insertion","Sorted",5000,5,13088,4300,true,true
"insertion","Sorted",5000,6,13088,4200,true,true
"insertion","Sorted",5000,7,13088,4300,true,true
"insertion","Sorted",5000,8,13088,4300,true,true
"insertion","Sorted",5000,9,13088,4200,true,true
"insertion","Sorted",5000,10,13056,4200,true,true
"insertion","Sorted",5000,11,13088,4200,true,true
"insertion","Sorted",5000,12,13088,4400,true,true
"insertion","Sorted",5000,13,13088,4200,true,true
"insertion","Sorted",5000,14,13088,4200,true,true
"insertion","Sorted",5000,15,13120,4200,true,true
"insertion","Sorted",5000,16,13088,4200,true,true
"insertion","Sorted",5000,17,13056,4300,true,true
"insertion","Sorted",5000,18,13056,4200,true,true
"insertion","Sorted",5000,19,13088,4200,true,true
"insertion","Sorted",5000,20,13088,4200,true,true
"insertion","Sorted",5000,21,13088,4200,true,true
"insertion","Sorted",5000,22,13088,4200,true,true
"insertion","Sorted",5000,23,13120,4200,true,true
"insertion","Sorted",5000,24,13056,4200,true,true
"insertion","Sorted",5000,25,13088,4200,true,true
"insertion","Sorted",5000,26,13088,4200,true,true
"insertion","Sorted",5000,27,13088,4200,true,true
"insertion","Sorted",5000,28,13056,4200,true,true
"insertion","Sorted",5000,29,13088,4200,true,true
"insertion","Sorted",5000,30,13088,4200,true,true
"insertion","Sorted",5000,31,13088,4200,true,true
"insertion","Sorted",5000,32,13056,4200,true,true
"insertion","Sorted",5000,33,13088,4200,true,true
"insertion","Sorted",5000,34,13088,4300,true,true
"insertion","Sorted",5000,35,13088,4200,true,true
"insertion","Sorted",5000,36,13056,4200,true,true
"insertion","Sorted",5000,37,13088,4200,true,true
"insertion","Sorted",5000,38,13088,4200,true,true
"insertion","Sorted",5000,39,13088,4200,true,true
"insertion","Sorted",5000,40,13088,4200,true,true
"insertion","Sorted",5000,41,13120,4200,true,true
"insertion","Sorted",5000,42,13088,4200,true,true
"insertion","Sorted",5000,43,13088,4200,true,true
"insertion","Sorted",5000,44,13088,4200,true,true
"insertion","Sorted",5000,45,13120,4300,true,true
"insertion","Sorted",5000,46,13088,4200,true,true
"insertion","Sorted",5000,47,13088,4200,true,true
"insertion","Sorted",5000,48,13088,4200,true,true
"insertion","Sorted",5000,49,13088,4200,true,true
"insertion","Sorted",5000,50,13056,4200,true,true
"insertion","Sorted",5000,51,13088,4200,true,true
"insertion","Sorted",5000,52,13088,4300,true,true
"insertion","Sorted",5000,53,13120,4200,true,true
"insertion","Sorted",5000,54,13056,4200,true,true
"insertion","Sorted",5000,55,13088,4200,true,true
"insertion","Sorted",5000,56,13120,4200,true,true
"insertion","Sorted",5000,57,13120,4200,true,true
"insertion","Sorted",5000,58,13056,4200,true,true
"insertion","Sorted",5000,59,13088,4200,true,true
"insertion","Sorted",5000,60,13088,4200,true,true
"insertion","Sorted",5000,61,13088,4200,true,true
"insertion","Sorted",5000,62,13088,4200,true,true
"insertion","Sorted",5000,63,13088,4200,true,true
"insertion","Sorted",5000,64,13088,4200,true,true
"insertion","Sorted",5000,65,13088,4200,true,true
"insertion","Sorted",5000,66,13088,4200,true,true
"insertion","Sorted",5000,67,13120,4200,true,true
"insertion","Sorted",5000,68,13088,4200,true,true
"insertion","Sorted",5000,69,13088,4200,true,true
"insertion","Sorted",5000,70,13088,4300,true,true
"insertion","Sorted",5000,71,13088,4200,true,true
"insertion","Sorted",5000,72,13088,4300,true,true
"insertion","Sorted",5000,73,13088,4300,true,true
"insertion","Sorted",5000,74,13088,4200,true,true
"insertion","Sorted",5000,75,13088,4200,true,true
"insertion","Sorted",5000,76,13056,4200,true,true
"insertion","Sorted",5000,77,13088,4200,true,true
"insertion","Sorted",5000,78,13088,4200,true,true
"insertion","Sorted",5000,79,13088,4200,true,true
"insertion","Sorted",5000,80,13088,4200,true,true
"insertion","Sorted",5000,81,13088,4200,true,true
"insertion","Sorted",5000,82,13056,4200,true,true
"insertion","Sorted",5000,83,13088,4300,true,true
"insertion","Sorted",5000,84,13056,4200,true,true
"insertion","Sorted",5000,85,13088,4200,true,true
"insertion","Sorted",5000,86,13088,4200,true,true
"insertion","Sorted",5000,87,13088,4200,true,true
"insertion","Sorted",5000,88,13088,4200,true,true
"insertion","Sorted",5000,89,13088,4200,true,true
"insertion","Sorted",5000,90,13088,4200,true,true
"insertion","Sorted",5000,91,13120,4200,true,true
"insertion","Sorted",5000,92,13088,4200,true,true
"insertion","Sorted",5000,93,13088,4200,true,true
"insertion","Sorted",5000,94,13088,4200,true,true
"insertion","Sorted",5000,95,13088,4200,true,true
"insertion","Sorted",5000,96,13088,4200,true,true
"insertion","Sorted",5000,97,13088,4200,true,true
"insertion","Sorted",5000,98,13088,4200,true,true
"insertion","Sorted",5000,99,13088,4200,true,true
"selection","Sorted",5000,0,20884224,6539200,true,true
"selection","Sorted",5000,1,20688000,6477800,true,true
"selection","Sorted",5000,2,20943456,6557800,true,true
"selection","Sorted",5000,3,20756992,6499300,true,true
"selection","Sorted",5000,4,20648992,6465500,true,true
"selection","Sorted",5000,5,21374240,6692900,true,true
"selection","Sorted",5000,6,20702624,6482300,true,true
"selection","Sorted",5000,7,20866464,6533700,true,true
"selection","Sorted",5000,8,20693152,6479300,true,true
"selection","Sorted",5000,9,20656384,6467800,true,true
"selection","Sorted",5000,10,21463776,6721200,true,true
"selection","Sorted",5000,11,20663488,6470200,true,true
"selection","Sorted",5000,12,21537108,6744700,true,true
"selection","Sorted",5000,13,20660096,6469000,true,true
"selection","Sorted",5000,14,20731776,6491400,true,true
"selection","Sorted",5000,15,20971008,6566400,true,true
"selection","Sorted",5000,16,20689216,6478100,true,true
"selection","Sorted",5000,17,21293376,6667400,true,true
"selection","Sorted",5000,18,20701184,6481800,true,true
"selection","Sorted",5000,19,21639392,6776000,true,true
"selection","Sorted",5000,20,20814592,6517400,true,true
"selection","Sorted",5000,21,20836352,6524100,true,true
"selection","Sorted",5000,22,21002816,6576400,true,true
"selection","Sorted",5000,23,20711968,6485200,true,true
"selection","Sorted",5000,24,20686848,6477400,true,true
"selection","Sorted",5000,25,20770656,6503600,true,true
"selection","Sorted",5000,26,20820032,6519000,true,true
"selection","Sorted",5000,27,20798240,6512200,true,true
"selection","Sorted",5000,28,20646784,6464800,true,true
"selection","Sorted",5000,29,21288864,6666400,true,true
"selection","Sorted",5000,30,21046112,6589900,true,true
"selection","Sorted",5000,31,22837728,7150900,true,true
"selection","Sorted",5000,32,20975264,6567800,true,true
"selection","Sorted",5000,33,20697248,6480600,true,true
"selection","Sorted",5000,34,21079040,6600200,true,true
"selection","Sorted",5000,35,21234880,6649100,true,true
"selection","Sorted",5000,36,22064640,6909200,true,true
"selection","Sorted",5000,37,22690061,7105200,true,true
"selection","Sorted",5000,38,20755360,6498900,true,true
"selection","Sorted",5000,39,20907744,6546500,true,true
"selection","Sorted",5000,40,21649072,6779100,true,true
"selection","Sorted",5000,41,20772992,6504400,true,true
"selection","Sorted",5000,42,21027712,6584500,true,true
"selection","Sorted",5000,43,20689248,6478100,true,true
"selection","Sorted",5000,44,20709824,6484600,true,true
"selection","Sorted",5000,45,21435136,6712400,true,true
"selection","Sorted",5000,46,20666528,6471000,true,true
"selection","Sorted",5000,47,20884000,6539200,true,true
"selection","Sorted",5000,48,20856768,6530600,true,true
"selection","Sorted",5000,49,20694272,6479700,true,true
"selection","Sorted",5000,50,22684207,7103600,true,true
"selection","Sorted",5000,51,20644608,6464300,true,true
"selection","Sorted",5000,52,20965248,6564800,true,true
"selection","Sorted",5000,53,20745120,6495700,true,true
"selection","Sorted",5000,54,21843744,6839800,true,true
"selection","Sorted",5000,55,20919712,6550300,true,true
"selection","Sorted",5000,56,20726400,6489800,true,true
"selection","Sorted",5000,57,23050048,7217900,true,true
"selection","Sorted",5000,58,21116448,6612200,true,true
"selection","Sorted",5000,59,22456480,7031800,true,true
"selection","Sorted",5000,60,20782496,6507400,true,true
"selection","Sorted",5000,61,21426368,6709500,true,true
"selection","Sorted",5000,62,20850592,6528800,true,true
"selection","Sorted",5000,63,20655936,6467800,true,true
"selection","Sorted",5000,64,22594708,7075200,true,true
"selection","Sorted",5000,65,20920448,6550700,true,true
"selection","Sorted",5000,66,23435488,7338500,true,true
"selection","Sorted",5000,67,20887008,6540200,true,true
"selection","Sorted",5000,68,20990976,6572700,true,true
"selection","Sorted",5000,69,20665984,6470800,true,true
"selection","Sorted",5000,70,20854080,6529700,true,true
"selection","Sorted",5000,71,21225632,6646100,true,true
"selection","Sorted",5000,72,21034560,6586300,true,true
"selection","Sorted",5000,73,20695872,6480200,true,true
"selection","Sorted",5000,74,20691712,6478900,true,true
"selection","Sorted",5000,75,20976992,6568200,true,true
"selection","Sorted",5000,76,20813568,6517200,true,true
"selection","Sorted",5000,77,20690528,6478500,true,true
"selection","Sorted",5000,78,21564652,6752600,true,true
"selection","Sorted",5000,79,20695808,6480300,true,true
"selection","Sorted",5000,80,20966048,6564900,true,true
"selection","Sorted",5000,81,20704576,6483000,true,true
"selection","Sorted",5000,82,20643008,6463600,true,true
"selection","Sorted",5000,83,21243104,6651700,true,true
"selection","Sorted",5000,84,20654240,6467200,true,true
"selection","Sorted",5000,85,21058656,6593900,true,true
"selection","Sorted",5000,86,20648512,6465400,true,true
"selection","Sorted",5000,87,20684576,6476800,true,true
"selection","Sorted",5000,88,21096352,6605600,true,true
"selection","Sorted",5000,89,20652640,6466600,true,true
"selection","Sorted",5000,90,21017984,6581100,true,true
"selection","Sorted",5000,91,20662272,6469900,true,true
"selection","Sorted",5000,92,20691712,6478900,true,true
"selection","Sorted",5000,93,21112160,6610600,true,true
"selection","Sorted",5000,94,22661056,7095600,true,true
"selection","Sorted",5000,95,22298273,6982400,true,true
"selection","Sorted",5000,96,20650944,6466100,true,true
"selection","Sorted",5000,97,20697152,6480600,true,true
"selection","Sorted",5000,98,20799072,6512500,true,true
"selection","Sorted",5000,99,20692480,6479200,true,true
"merge","Sorted",5000,0,354816,111200,true,true
"merge","Sorted",5000,1,429472,134700,true,true
"merge","Sorted",5000,2,313792,98500,true,true
"merge","Sorted",5000,3,318400,99900,true,true
"merge","Sorted",5000,4,327552,102700,true,true
"merge","Sorted",5000,5,270432,85000,true,true
"merge","Sorted",5000,6,270176,84700,true,true
"merge","Sorted",5000,7,298208,93500,true,true
"merge","Sorted",5000,8,270464,84900,true,true
"merge","Sorted",5000,9,270432,84800,true,true
"merge","Sorted",5000,10,350976,110000,true,true
"merge","Sorted",5000,11,270208,84700,true,true
"merge","Sorted",5000,12,270528,84900,true,true
"merge","Sorted",5000,13,270176,84700,true,true
"merge","Sorted",5000,14,270752,84900,true,true
"merge","Sorted",5000,15,270112,84700,true,true
"merge","Sorted",5000,16,269792,84600,true,true
"merge","Sorted",5000,17,270464,84800,true,true
"merge","Sorted",5000,18,270336,84800,true,true
"merge","Sorted",5000,19,270272,84700,true,true
"merge","Sorted",5000,20,270528,84900,true,true
"merge","Sorted",5000,21,334272,104800,true,true
"merge","Sorted",5000,22,272832,85500,true,true
"merge","Sorted",5000,23,272512,85500,true,true
"merge","Sorted",5000,24,272704,85500,true,true
"merge","Sorted",5000,25,272352,85400,true,true
"merge","Sorted",5000,26,272096,85300,true,true
"merge","Sorted",5000,27,272896,85600,true,true
"merge","Sorted",5000,28,272416,85400,true,true
"merge","Sorted",5000,29,289280,90700,true,true
"merge","Sorted",5000,30,270752,84900,true,true
"merge","Sorted",5000,31,269984,84600,true,true
"merge","Sorted",5000,32,270208,84700,true,true
"merge","Sorted",5000,33,270560,84800,true,true
"merge","Sorted",5000,34,269952,84600,true,true
"merge","Sorted",5000,35,270272,84800,true,true
"merge","Sorted",5000,36,270240,84700,true,true
"merge","Sorted",5000,37,270240,84800,true,true
"merge","Sorted",5000,38,269952,84600,true,true
"merge","Sorted",5000,39,270176,84700,true,true
"merge","Sorted",5000,40,270272,84800,true,true
"merge","Sorted",5000,41,269600,84600,true,true
"merge","Sorted",5000,42,483136,151500,true,true
"merge","Sorted",5000,43,274048,86000,true,true
"merge","Sorted",5000,44,269824,84600,true,true
"merge","Sorted",5000,45,270208,84700,true,true
"merge","Sorted",5000,46,270656,84900,true,true
"merge","Sorted",5000,47,270176,84700,true,true
"merge","Sorted",5000,48,276768,86700,true,true
"merge","Sorted",5000,49,273824,85900,true,true
"merge","Sorted",5000,50,294656,92300,true,true
"merge","Sorted",5000,51,270784,84900,true,true
"merge","Sorted",5000,52,270400,84800,true,true
"merge","Sorted",5000,53,327680,102800,true,true
"merge","Sorted",5000,54,271456,85100,true,true
"merge","Sorted",5000,55,271008,84900,true,true
"merge","Sorted",5000,56,270464,84800,true,true
"merge","Sorted",5000,57,270624,84900,true,true
"merge","Sorted",5000,58,270656,84800,true,true
"merge","Sorted",5000,59,270880,85000,true,true
"merge","Sorted",5000,60,270016,84700,true,true
"merge","Sorted",5000,61,270944,85000,true,true
"merge","Sorted",5000,62,270560,84800,true,true
"merge","Sorted",5000,63,270400,84800,true,true
"merge","Sorted",5000,64,329216,103200,true,true
"merge","Sorted",5000,65,270400,84800,true,true
"merge","Sorted",5000,66,270176,84700,true,true
"merge","Sorted",5000,67,270592,84800,true,true
"merge","Sorted",5000,68,270688,84900,true,true
"merge","Sorted",5000,69,271168,85100,true,true
"merge","Sorted",5000,70,270048,84600,true,true
"merge","Sorted",5000,71,270816,85000,true,true
"merge","Sorted",5000,72,287008,90000,true,true
"merge","Sorted",5000,73,270400,84800,true,true
"merge","Sorted",5000,74,270784,84900,true,true
"merge","Sorted",5000,75,270688,84900,true,true
"merge","Sorted",5000,76,270112,84700,true,true
"merge","Sorted",5000,77,271744,85300,true,true
"merge","Sorted",5000,78,270688,84800,true,true
"merge","Sorted",5000,79,271168,85000,true,true
"merge","Sorted",5000,80,270080,84700,true,true
"merge","Sorted",5000,81,270304,84700,true,true
"merge","Sorted",5000,82,270080,84700,true,true
"merge","Sorted",5000,83,270624,84800,true,true
"merge","Sorted",5000,84,270496,84900,true,true
"merge","Sorted",5000,85,324768,101800,true,true
"merge","Sorted",5000,86,270240,84800,true,true
"merge","Sorted",5000,87,270336,84800,true,true
"merge","Sorted",5000,88,270528,84800,true,true
"merge","Sorted",5000,89,271200,85100,true,true
"merge","Sorted",5000,90,270528,84900,true,true
"merge","Sorted",5000,91,270496,84800,true,true
"merge","Sorted",5000,92,270208,84700,true,true
"merge","Sorted",5000,93,270464,84800,true,true
"merge","Sorted",5000,94,289760,90800,true,true
"merge","Sorted",5000,95,270688,84900,true,true
"merge","Sorted",5000,96,322304,101000,true,true
"merge","Sorted",5000,97,270048,84600,true,true
"merge","Sorted",5000,98,270464,84900,true,true
"merge","Sorted",5000,99,269984,84700,true,true
"quicksort","Sorted",5000,0,151296,47400,true,true
"quicksort","Sorted",5000,1,151456,47500,true,true
"quicksort","Sorted",5000,2,151744,47600,true,true
"quicksort","Sorted",5000,3,172832,54300,true,true
"quicksort","Sorted",5000,4,150784,47300,true,true
"quicksort","Sorted",5000,5,151392,47500,true,true
"quicksort","Sorted",5000,6,151392,47500,true,true
"quicksort","Sorted",5000,7,151232,47500,true,true
"quicksort","Sorted",5000,8,151232,47500,true,true
"quicksort","Sorted",5000,9,151680,47600,true,true
"quicksort","Sorted",5000,10,151488,47500,true,true
"quicksort","Sorted",5000,11,151424,47600,true,true
"quicksort","Sorted",5000,12,201728,63400,true,true
"quicksort","Sorted",5000,13,152416,47900,true,true
"quicksort","Sorted",5000,14,152128,47700,true,true
"quicksort","Sorted",5000,15,152160,47800,true,true
"quicksort","Sorted",5000,16,151968,47700,true,true
"quicksort","Sorted",5000,17,152384,47800,true,true
"quicksort","Sorted",5000,18,151968,47700,true,true
"quicksort","Sorted",5000,19,152064,47700,true,true
"quicksort","Sorted",5000,20,152000,47700,true,true
"quicksort","Sorted",5000,21,152032,47700,true,true
"quicksort","Sorted",5000,22,151904,47700,true,true
"quicksort","Sorted",5000,23,151840,47600,true,true
"quicksort","Sorted",5000,24,151808,47700,true,true
"quicksort","Sorted",5000,25,151808,47600,true,true
"quicksort","Sorted",5000,26,151808,47700,true,true
"quicksort","Sorted",5000,27,151872,47700,true,true
"quicksort","Sorted",5000,28,151808,47600,true,true
"quicksort","Sorted",5000,29,151904,47700,true,true
"quicksort","Sorted",5000,30,200928,63000,true,true
"quicksort","Sorted",5000,31,149568,47000,true,true
"quicksort","Sorted",5000,32,149696,47000,true,true
"quicksort","Sorted",5000,33,150592,47200,true,true
"quicksort","Sorted",5000,34,151296,47500,true,true
"quicksort","Sorted",5000,35,151616,47600,true,true
"quicksort","Sorted",5000,36,151552,47500,true,true
"quicksort","Sorted",5000,37,151648,47600,true,true
"quicksort","Sorted",5000,38,151488,47600,true,true
"quicksort","Sorted",5000,39,151584,47600,true,true
"quicksort","Sorted",5000,40,168352,52800,true,true
"quicksort","Sorted",5000,41,150432,47200,true,true
"quicksort","Sorted",5000,42,151296,47500,true,true
"quicksort","Sorted",5000,43,151552,47600,true,true
"quicksort","Sorted",5000,44,151264,47500,true,true
"quicksort","Sorted",5000,45,151808,47600,true,true
"quicksort","Sorted",5000,46,151712,47600,true,true
"quicksort","Sorted",5000,47,151840,47700,true,true
"quicksort","Sorted",5000,48,151776,47600,true,true
"quicksort","Sorted",5000,49,203360,63800,true,true
"quicksort","Sorted",5000,50,149088,46800,true,true
"quicksort","Sorted",5000,51,149632,46900,true,true
"quicksort","Sorted",5000,52,150432,47200,true,true
"quicksort","Sorted",5000,53,150816,47300,true,true
"quicksort","Sorted",5000,54,150816,47300,true,true
"quicksort","Sorted",5000,55,150720,47300,true,true
"quicksort","Sorted",5000,56,150720,47300,true,true
"quicksort","Sorted",5000,57,150816,47300,true,true
"quicksort","Sorted",5000,58,150624,47300,true,true
"quicksort","Sorted",5000,59,150880,47400,true,true
"quicksort","Sorted",5000,60,150720,47300,true,true
"quicksort","Sorted",5000,61,150752,47400,true,true
"quicksort","Sorted",5000,62,150688,47300,true,true
"quicksort","Sorted",5000,63,150752,47400,true,true
"quicksort","Sorted",5000,64,150624,47300,true,true
"quicksort","Sorted",5000,65,151296,47500,true,true
"quicksort","Sorted",5000,66,150656,47300,true,true
"quicksort","Sorted",5000,67,150656,47200,true,true
"quicksort","Sorted",5000,68,202496,63500,true,true
"quicksort","Sorted",5000,69,151200,47500,true,true
"quicksort","Sorted",5000,70,151296,47500,true,true
"quicksort","Sorted",5000,71,151872,47700,true,true
"quicksort","Sorted",5000,72,152320,47800,true,true
"quicksort","Sorted",5000,73,152128,47800,true,true
"quicksort","Sorted",5000,74,152096,47700,true,true
"quicksort","Sorted",5000,75,152224,47800,true,true
"quicksort","Sorted",5000,76,152064,47800,true,true
"quicksort","Sorted",5000,77,152096,47800,true,true
"quicksort","Sorted",5000,78,166880,52300,true,true
"quicksort","Sorted",5000,79,149728,47000,true,true
"quicksort","Sorted",5000,80,150848,47400,true,true
"quicksort","Sorted",5000,81,151360,47500,true,true
"quicksort","Sorted",5000,82,151424,47500,true,true
"quicksort","Sorted",5000,83,151456,47500,true,true
"quicksort","Sorted",5000,84,151232,47500,true,true
"quicksort","Sorted",5000,85,151328,47500,true,true
"quicksort","Sorted",5000,86,151296,47500,true,true
"quicksort","Sorted",5000,87,203296,63800,true,true
"quicksort","Sorted",5000,88,152224,47800,true,true
"quicksort","Sorted",5000,89,152224,47700,true,true
"quicksort","Sorted",5000,90,152192,47700,true,true
"quicksort","Sorted",5000,91,152000,47700,true,true
"quicksort","Sorted",5000,92,152128,47800,true,true
"quicksort","Sorted",5000,93,152096,47700,true,true
"quicksort","Sorted",5000,94,151744,47600,true,true
"quicksort","Sorted",5000,95,151968,47700,true,true
"quicksort","Sorted",5000,96,151904,47700,true,true
"quicksort","Sorted",5000,97,151776,47700,true,true
"quicksort","Sorted",5000,98,151808,47600,true,true
"quicksort","Sorted",5000,99,151776,47600,true,true
"heap","Sorted",5000,0,817696,256200,true,true
"heap","Sorted",5000,1,625056,195800,true,true
"heap","Sorted",5000,2,605824,189800,true,true
"heap","Sorted",5000,3,663904,208100,true,true
"heap","Sorted",5000,4,579328,181500,true,true
"heap","Sorted",5000,5,571904,179200,true,true
"heap","Sorted",5000,6,561632,175900,true,true
"heap","Sorted",5000,7,554656,173800,true,true
"heap","Sorted",5000,8,600992,188300,true,true
"heap","Sorted",5000,9,542592,170000,true,true
"heap","Sorted",5000,10,534400,167400,true,true
"heap","Sorted",5000,11,555040,173900,true,true
"heap","Sorted",5000,12,525312,164600,true,true
"heap","Sorted",5000,13,575552,180300,true,true
"heap","Sorted",5000,14,517184,162100,true,true
"heap","Sorted",5000,15,513664,160900,true,true
"heap","Sorted",5000,16,510432,160000,true,true
"heap","Sorted",5000,17,508320,159300,true,true
"heap","Sorted",5000,18,506176,158600,true,true
"heap","Sorted",5000,19,558368,175000,true,true
"heap","Sorted",5000,20,497824,156000,true,true
"heap","Sorted",5000,21,499360,156500,true,true
"heap","Sorted",5000,22,497760,156000,true,true
"heap","Sorted",5000,23,515616,161600,true,true
"heap","Sorted",5000,24,490240,153600,true,true
"heap","Sorted",5000,25,490720,153800,true,true
"heap","Sorted",5000,26,542592,170000,true,true
"heap","Sorted",5000,27,487584,152700,true,true
"heap","Sorted",5000,28,484992,151900,true,true
"heap","Sorted",5000,29,483712,151600,true,true
"heap","Sorted",5000,30,480736,150700,true,true
"heap","Sorted",5000,31,484608,151800,true,true
"heap","Sorted",5000,32,531168,166500,true,true
"heap","Sorted",5000,33,480832,150600,true,true
"heap","Sorted",5000,34,495904,155400,true,true
"heap","Sorted",5000,35,478240,149800,true,true
"heap","Sorted",5000,36,473536,148400,true,true
"heap","Sorted",5000,37,476032,149200,true,true
"heap","Sorted",5000,38,525408,164600,true,true
"heap","Sorted",5000,39,475872,149100,true,true
"heap","Sorted",5000,40,472000,147900,true,true
"heap","Sorted",5000,41,474016,148500,true,true
"heap","Sorted",5000,42,473792,148400,true,true
"heap","Sorted",5000,43,469984,147300,true,true
"heap","Sorted",5000,44,470592,147500,true,true
"heap","Sorted",5000,45,522848,163800,true,true
"heap","Sorted",5000,46,468768,146900,true,true
"heap","Sorted",5000,47,485632,152200,true,true
"heap","Sorted",5000,48,466176,146100,true,true
"heap","Sorted",5000,49,470112,147400,true,true
"heap","Sorted",5000,50,469856,147200,true,true
"heap","Sorted",5000,51,518912,162600,true,true
"heap","Sorted",5000,52,468832,147000,true,true
"heap","Sorted",5000,53,468064,146600,true,true
"heap","Sorted",5000,54,466240,146100,true,true
"heap","Sorted",5000,55,468064,146700,true,true
"heap","Sorted",5000,56,465600,145900,true,true
"heap","Sorted",5000,57,466720,146300,true,true
"heap","Sorted",5000,58,465632,145900,true,true
"heap","Sorted",5000,59,466080,146100,true,true
"heap","Sorted",5000,60,481472,150900,true,true
"heap","Sorted",5000,61,468544,146800,true,true
"heap","Sorted",5000,62,464480,145500,true,true
"heap","Sorted",5000,63,467072,146400,true,true
"heap","Sorted",5000,64,516256,161700,true,true
"heap","Sorted",5000,65,464704,145700,true,true
"heap","Sorted",5000,66,465920,146000,true,true
"heap","Sorted",5000,67,465440,145900,true,true
"heap","Sorted",5000,68,463040,145100,true,true
"heap","Sorted",5000,69,465472,145800,true,true
"heap","Sorted",5000,70,463360,145200,true,true
"heap","Sorted",5000,71,518016,162300,true,true
"heap","Sorted",5000,72,1032704,323600,true,true
"heap","Sorted",5000,73,707680,221700,true,true
"heap","Sorted",5000,74,715168,224400,true,true
"heap","Sorted",5000,75,749248,235100,true,true
"heap","Sorted",5000,76,636864,199500,true,true
"heap","Sorted",5000,77,616864,193300,true,true
"heap","Sorted",5000,78,606336,189900,true,true
"heap","Sorted",5000,79,595648,186600,true,true
"heap","Sorted",5000,80,640832,200800,true,true
"heap","Sorted",5000,81,576128,180500,true,true
"heap","Sorted",5000,82,564768,177000,true,true
"heap","Sorted",5000,83,556736,174500,true,true
"heap","Sorted",5000,84,548640,171900,true,true
"heap","Sorted",5000,85,603040,189000,true,true
"heap","Sorted",5000,86,543072,170200,true,true
"heap","Sorted",5000,87,538080,168600,true,true
"heap","Sorted",5000,88,536224,168100,true,true
"heap","Sorted",5000,89,533344,167100,true,true
"heap","Sorted",5000,90,528064,165400,true,true
"heap","Sorted",5000,91,576608,180700,true,true
"heap","Sorted",5000,92,521760,163400,true,true
"heap","Sorted",5000,93,536064,168000,true,true
"heap","Sorted",5000,94,519744,162900,true,true
"heap","Sorted",5000,95,515744,161700,true,true
"heap","Sorted",5000,96,515104,161400,true,true
"heap","Sorted",5000,97,509184,159500,true,true
"heap","Sorted",5000,98,842016,263800,true,true
"heap","Sorted",5000,99,666912,209000,true,true
"std-sort","Sorted",5000,0,118368,37200,true,true
"std-sort","Sorted",5000,1,118528,37200,true,true
"std-sort","Sorted",5000,2,119808,37700,true,true
"std-sort","Sorted",5000,3,118432,37200,true,true
"std-sort","Sorted",5000,4,118400,37200,true,true
"std-sort","Sorted",5000,5,118400,37200,true,true
"std-sort","Sorted",5000,6,117984,37000,true,true
"std-sort","Sorted",5000,7,118432,37200,true,true
"std-sort","Sorted",5000,8,118528,37200,true,true
"std-sort","Sorted",5000,9,118592,37200,true,true
"std-sort","Sorted",5000,10,118272,37200,true,true
"std-sort","Sorted",5000,11,177792,55800,true,true
"std-sort","Sorted",5000,12,118144,37100,true,true
"std-sort","Sorted",5000,13,118688,37300,true,true
"std-sort","Sorted",5000,14,118592,37200,true,true
"std-sort","Sorted",5000,15,118272,37200,true,true
"std-sort","Sorted",5000,16,118112,37100,true,true
"std-sort","Sorted",5000,17,118080,37100,true,true
"std-sort","Sorted",5000,18,118272,37100,true,true
"std-sort","Sorted",5000,19,118432,37200,true,true
"std-sort","Sorted",5000,20,118528,37200,true,true
"std-sort","Sorted",5000,21,118432,37200,true,true
"std-sort","Sorted",5000,22,118656,37300,true,true
"std-sort","Sorted",5000,23,118368,37100,true,true
"std-sort","Sorted",5000,24,118496,37200,true,true
"std-sort","Sorted",5000,25,118304,37100,true,true
"std-sort","Sorted",5000,26,118784,37300,true,true
"std-sort","Sorted",5000,27,118656,37200,true,true
"std-sort","Sorted",5000,28,118432,37200,true,true
"std-sort","Sorted",5000,29,118400,37200,true,true
"std-sort","Sorted",5000,30,118336,37100,true,true
"std-sort","Sorted",5000,31,118464,37200,true,true
"std-sort","Sorted",5000,32,118336,37100,true,true
"std-sort","Sorted",5000,33,118496,37200,true,true
"std-sort","Sorted",5000,34,171872,53900,true,true
"std-sort","Sorted",5000,35,118176,37100,true,true
"std-sort","Sorted",5000,36,118112,37100,true,true
"std-sort","Sorted",5000,37,118496,37300,true,true
"std-sort","Sorted",5000,38,117984,37100,true,true
"std-sort","Sorted",5000,39,117984,37100,true,true
"std-sort","Sorted",5000,40,118080,37100,true,true
"std-sort","Sorted",5000,41,117952,37100,true,true
"std-sort","Sorted",5000,42,117888,37100,true,true
"std-sort","Sorted",5000,43,134816,42400,true,true
"std-sort","Sorted",5000,44,118208,37100,true,true
"std-sort","Sorted",5000,45,118304,37100,true,true
"std-sort","Sorted",5000,46,118336,37200,true,true
"std-sort","Sorted",5000,47,118336,37200,true,true
"std-sort","Sorted",5000,48,118400,37200,true,true
"std-sort","Sorted",5000,49,118304,37100,true,true
"std-sort","Sorted",5000,50,118304,37200,true,true
"std-sort","Sorted",5000,51,118368,37200,true,true
"std-sort","Sorted",5000,52,118464,37200,true,true
"std-sort","Sorted",5000,53,118336,37200,true,true
"std-sort","Sorted",5000,54,118304,37200,true,true
"std-sort","Sorted",5000,55,118464,37200,true,true
"std-sort","Sorted",5000,56,118112,37100,true,true
"std-sort","Sorted",5000,57,168864,53000,true,true
"std-sort","Sorted",5000,58,120160,37700,true,true
"std-sort","Sorted",5000,59,119488,37500,true,true
"std-sort","Sorted",5000,60,119776,37600,true,true
"std-sort","Sorted",5000,61,119392,37500,true,true
"std-sort","Sorted",5000,62,119488,37600,true,true
"std-sort","Sorted",5000,63,119584,37600,true,true
"std-sort","Sorted",5000,64,119296,37500,true,true
"std-sort","Sorted",5000,65,118368,37200,true,true
"std-sort","Sorted",5000,66,119648,37600,true,true
"std-sort","Sorted",5000,67,119648,37600,true,true
"std-sort","Sorted",5000,68,119424,37500,true,true
"std-sort","Sorted",5000,69,119424,37500,true,true
"std-sort","Sorted",5000,70,119392,37500,true,true
"std-sort","Sorted",5000,71,119680,37500,true,true
"std-sort","Sorted",5000,72,119328,37500,true,true
"std-sort","Sorted",5000,73,119488,37600,true,true
"std-sort","Sorted",5000,74,119648,37600,true,true
"std-sort","Sorted",5000,75,119616,37500,true,true
"std-sort","Sorted",5000,76,119424,37500,true,true
"std-sort","Sorted",5000,77,119616,37600,true,true
"std-sort","Sorted",5000,78,119456,37600,true,true
"std-sort","Sorted",5000,79,119424,37500,true,true
"std-sort","Sorted",5000,80,119552,37600,true,true
"std-sort","Sorted",5000,81,167264,52500,true,true
"std-sort","Sorted",5000,82,119392,37500,true,true
"std-sort","Sorted",5000,83,119616,37600,true,true
"std-sort","Sorted",5000,84,119232,37500,true,true
"std-sort","Sorted",5000,85,119296,37400,true,true
"std-sort","Sorted",5000,86,119520,37600,true,true
"std-sort","Sorted",5000,87,119168,37400,true,true
"std-sort","Sorted",5000,88,119264,37500,true,true
"std-sort","Sorted",5000,89,135808,42600,true,true
"std-sort","Sorted",5000,90,118336,37100,true,true
"std-sort","Sorted",5000,91,119360,37400,true,true
"std-sort","Sorted",5000,92,119424,37500,true,true
"std-sort","Sorted",5000,93,119264,37400,true,true
"std-sort","Sorted",5000,94,119328,37500,true,true
"std-sort","Sorted",5000,95,119296,37500,true,true
"std-sort","Sorted",5000,96,119264,37400,true,true
"std-sort","Sorted",5000,97,119488,37500,true,true
"std-sort","Sorted",5000,98,119296,37500,true,true
"std-sort","Sorted",5000,99,119392,37500,true,true
"std-stable-sort","Sorted",5000,0,100384,31600,true,true
"std-stable-sort","Sorted",5000,1,100320,31500,true,true
"std-stable-sort","Sorted",5000,2,100640,31600,true,true
"std-stable-sort","Sorted",5000,3,100224,31500,true,true
"std-stable-sort","Sorted",5000,4,100448,31500,true,true
"std-stable-sort","Sorted",5000,5,100384,31500,true,true
"std-stable-sort","Sorted",5000,6,100448,31600,true,true
"std-stable-sort","Sorted",5000,7,100224,31500,true,true
"std-stable-sort","Sorted",5000,8,100352,31600,true,true
"std-stable-sort","Sorted",5000,9,100480,31600,true,true
"std-stable-sort","Sorted",5000,10,100384,31600,true,true
"std-stable-sort","Sorted",5000,11,100416,31500,true,true
"std-stable-sort","Sorted",5000,12,152864,48000,true,true
"std-stable-sort","Sorted",5000,13,100512,31600,true,true
"std-stable-sort","Sorted",5000,14,100448,31600,true,true
"std-stable-sort","Sorted",5000,15,100256,31500,true,true
"std-stable-sort","Sorted",5000,16,100416,31600,true,true
"std-stable-sort","Sorted",5000,17,100512,31600,true,true
"std-stable-sort","Sorted",5000,18,100608,31600,true,true
"std-stable-sort","Sorted",5000,19,100352,31500,true,true
"std-stable-sort","Sorted",5000,20,100480,31600,true,true
"std-stable-sort","Sorted",5000,21,100320,31500,true,true
"std-stable-sort","Sorted",5000,22,116352,36600,true,true
"std-stable-sort","Sorted",5000,23,97600,30700,true,true
"std-stable-sort","Sorted",5000,24,100416,31500,true,true
"std-stable-sort","Sorted",5000,25,100288,31500,true,true
"std-stable-sort","Sorted",5000,26,100224,31500,true,true
"std-stable-sort","Sorted",5000,27,100256,31500,true,true
"std-stable-sort","Sorted",5000,28,100320,31500,true,true
"std-stable-sort","Sorted",5000,29,100320,31500,true,true
"std-stable-sort","Sorted",5000,30,100448,31600,true,true
"std-stable-sort","Sorted",5000,31,100288,31600,true,true
"std-stable-sort","Sorted",5000,32,100224,31600,true,true
"std-stable-sort","Sorted",5000,33,100384,31600,true,true
"std-stable-sort","Sorted",5000,34,100384,31600,true,true
"std-stable-sort","Sorted",5000,35,100384,31600,true,true
"std-stable-sort","Sorted",5000,36,100288,31600,true,true
"std-stable-sort","Sorted",5000,37,100320,31500,true,true
"std-stable-sort","Sorted",5000,38,100384,31600,true,true
"std-stable-sort","Sorted",5000,39,151936,47700,true,true
"std-stable-sort","Sorted",5000,40,100544,31600,true,true
"std-stable-sort","Sorted",5000,41,100352,31600,true,true
"std-stable-sort","Sorted",5000,42,100320,31500,true,true
"std-stable-sort","Sorted",5000,43,100448,31500,true,true
"std-stable-sort","Sorted",5000,44,100224,31500,true,true
"std-stable-sort","Sorted",5000,45,100160,31500,true,true
"std-stable-sort","Sorted",5000,46,100256,31500,true,true
"std-stable-sort","Sorted",5000,47,100160,31500,true,true
"std-stable-sort","Sorted",5000,48,100256,31500,true,true
"std-stable-sort","Sorted",5000,49,100160,31500,true,true
"std-stable-sort","Sorted",5000,50,100224,31500,true,true
"std-stable-sort","Sorted",5000,51,100288,31500,true,true
"std-stable-sort","Sorted",5000,52,100288,31600,true,true
"std-stable-sort","Sorted",5000,53,100192,31500,true,true
"std-stable-sort","Sorted",5000,54,100256,31500,true,true
"std-stable-sort","Sorted",5000,55,100320,31500,true,true
"std-stable-sort","Sorted",5000,56,100416,31600,true,true
"std-stable-sort","Sorted",5000,57,100448,31600,true,true
"std-stable-sort","Sorted",5000,58,100512,31600,true,true
"std-stable-sort","Sorted",5000,59,100288,31600,true,true
"std-stable-sort","Sorted",5000,60,100224,31500,true,true
"std-stable-sort","Sorted",5000,61,100224,31500,true,true
"std-stable-sort","Sorted",5000,62,100480,31600,true,true
"std-stable-sort","Sorted",5000,63,100224,31500,true,true
"std-stable-sort","Sorted",5000,64,100288,31500,true,true
"std-stable-sort","Sorted",5000,65,100512,31600,true,true
"std-stable-sort","Sorted",5000,66,147200,46200,true,true
"std-stable-sort","Sorted",5000,67,100192,31500,true,true
"std-stable-sort","Sorted",5000,68,100416,31500,true,true
"std-stable-sort","Sorted",5000,69,100224,31500,true,true
"std-stable-sort","Sorted",5000,70,100256,31500,true,true
"std-stable-sort","Sorted",5000,71,100256,31500,true,true
"std-stable-sort","Sorted",5000,72,100384,31500,true,true
"std-stable-sort","Sorted",5000,73,100320,31600,true,true
"std-stable-sort","Sorted",5000,74,100384,31500,true,true
"std-stable-sort","Sorted",5000,75,100224,31500,true,true
"std-stable-sort","Sorted",5000,76,100352,31500,true,true
"std-stable-sort","Sorted",5000,77,100576,31600,true,true
"std-stable-sort","Sorted",5000,78,100416,31500,true,true
"std-stable-sort","Sorted",5000,79,100160,31400,true,true
"std-stable-sort","Sorted",5000,80,100416,31600,true,true
"std-stable-sort","Sorted",5000,81,100320,31600,true,true
"std-stable-sort","Sorted",5000,82,100416,31600,true,true
"std-stable-sort","Sorted",5000,83,100256,31500,true,true
"std-stable-sort","Sorted",5000,84,100416,31500,true,true
"std-stable-sort","Sorted",5000,85,100288,31500,true,true
"std-stable-sort","Sorted",5000,86,100352,31600,true,true
"std-stable-sort","Sorted",5000,87,100224,31500,true,true
"std-stable-sort","Sorted",5000,88,100416,31500,true,true
"std-stable-sort","Sorted",5000,89,100224,31500,true,true
"std-stable-sort","Sorted",5000,90,100352,31500,true,true
"std-stable-sort","Sorted",5000,91,100192,31500,true,true
"std-stable-sort","Sorted",5000,92,100224,31500,true,true
"std-stable-sort","Sorted",5000,93,152992,48000,true,true
"std-stable-sort","Sorted",5000,94,98048,30800,true,true
"std-stable-sort","Sorted",5000,95,100320,31500,true,true
"std-stable-sort","Sorted",5000,96,100448,31600,true,true
"std-stable-sort","Sorted",5000,97,100256,31500,true,true
"std-stable-sort","Sorted",5000,98,100256,31500,true,true
"std-stable-sort","Sorted",5000,99,100224,31500,true,true
"bubble","Sorted",10000,0,26016,8300,true,true
"bubble","Sorted",10000,1,26016,8200,true,true
"bubble","Sorted",10000,2,26048,8300,true,true
"bubble","Sorted",10000,3,26048,8200,true,true
"bubble","Sorted",10000,4,26048,8300,true,true
"bubble","Sorted",10000,5,26016,8200,true,true
"bubble","Sorted",10000,6,26048,8300,true,true
"bubble","Sorted",10000,7,26016,8300,true,true
"bubble","Sorted",10000,8,26048,8200,true,true
"bubble","Sorted",10000,9,26016,8300,true,true
"bubble","Sorted",10000,10,26048,8300,true,true
"bubble","Sorted",10000,11,26048,8300,true,true
"bubble","Sorted",10000,12,26048,8200,true,true
"bubble","Sorted",10000,13,26048,8300,true,true
"bubble","Sorted",10000,14,26016,8300,true,true
"bubble","Sorted",10000,15,26048,8300,true,true
"bubble","Sorted",10000,16,26016,8300,true,true
"bubble","Sorted",10000,17,26048,8300,true,true
"bubble","Sorted",10000,18,26016,8300,true,true
"bubble","Sorted",10000,19,26048,8300,true,true
"bubble","Sorted",10000,20,26016,8300,true,true
"bubble","Sorted",10000,21,26048,8300,true,true
"bubble","Sorted",10000,22,26048,8300,true,true
"bubble","Sorted",10000,23,45216,14400,true,true
"bubble","Sorted",10000,24,122272,38500,true,true
"bubble","Sorted",10000,25,26144,8300,true,true
"bubble","Sorted",10000,26,26112,8300,true,true
"bubble","Sorted",10000,27,26048,8300,true,true
"bubble","Sorted",10000,28,26016,8300,true,true
"bubble","Sorted",10000,29,26016,8300,true,true
"bubble","Sorted",10000,30,26016,8300,true,true
"bubble","Sorted",10000,31,26016,8200,true,true
"bubble","Sorted",10000,32,26048,8300,true,true
"bubble","Sorted",10000,33,26080,8200,true,true
"bubble","Sorted",10000,34,26048,8300,true,true
"bubble","Sorted",10000,35,26112,8300,true,true
"bubble","Sorted",10000,36,26048,8300,true,true
"bubble","Sorted",10000,37,26016,8300,true,true
"bubble","Sorted",10000,38,26016,8300,true,true
"bubble","Sorted",10000,39,26016,8300,true,true
"bubble","Sorted",10000,40,26048,8300,true,true
"bubble","Sorted",10000,41,26048,8200,true,true
"bubble","Sorted",10000,42,26016,8300,true,true
"bubble","Sorted",10000,43,26144,8300,true,true
"bubble","Sorted",10000,44,26080,8300,true,true
"bubble","Sorted",10000,45,48064,15100,true,true
"bubble","Sorted",10000,46,26048,8300,true,true
"bubble","Sorted",10000,47,26016,8300,true,true
"bubble","Sorted",10000,48,26048,8300,true,true
"bubble","Sorted",10000,49,26016,8300,true,true
"bubble","Sorted",10000,50,26048,8300,true,true
"bubble","Sorted",10000,51,26016,8300,true,true
"bubble","Sorted",10000,52,26048,8200,true,true
"bubble","Sorted",10000,53,26016,8200,true,true
"bubble","Sorted",10000,54,26048,8300,true,true
"bubble","Sorted",10000,55,26016,8300,true,true
"bubble","Sorted",10000,56,26016,8300,true,true
"bubble","Sorted",10000,57,26048,8300,true,true
"bubble","Sorted",10000,58,26048,8300,true,true
"bubble","Sorted",10000,59,26048,8200,true,true
"bubble","Sorted",10000,60,26016,8300,true,true
"bubble","Sorted",10000,61,26048,8200,true,true
"bubble","Sorted",10000,62,26016,8300,true,true
"bubble","Sorted",10000,63,26048,8300,true,true
"bubble","Sorted",10000,64,26016,8300,true,true
"bubble","Sorted",10000,65,26144,8300,true,true
"bubble","Sorted",10000,66,26112,8300,true,true
"bubble","Sorted",10000,67,26144,8300,true,true
"bubble","Sorted",10000,68,26048,8300,true,true
"bubble","Sorted",10000,69,26016,8300,true,true
"bubble","Sorted",10000,70,26048,8300,true,true
"bubble","Sorted",10000,71,25984,8300,true,true
"bubble","Sorted",10000,72,26048,8400,true,true
"bubble","Sorted",10000,73,26016,8300,true,true
"bubble","Sorted",10000,74,26048,8300,true,true
"bubble","Sorted",10000,75,26016,8200,true,true
"bubble","Sorted",10000,76,26048,8300,true,true
"bubble","Sorted",10000,77,26016,8300,true,true
"bubble","Sorted",10000,78,26016,8200,true,true
"bubble","Sorted",10000,79,26016,8200,true,true
"bubble","Sorted",10000,80,26048,8300,true,true
"bubble","Sorted",10000,81,26016,8300,true,true
"bubble","Sorted",10000,82,26048,8300,true,true
"bubble","Sorted",10000,83,26016,8300,true,true
"bubble","Sorted",10000,84,26048,8300,true,true
"bubble","Sorted",10000,85,26016,8200,true,true
"bubble","Sorted",10000,86,26048,8300,true,true
"bubble","Sorted",10000,87,26048,8300,true,true
"bubble","Sorted",10000,88,26016,8200,true,true
"bubble","Sorted",10000,89,26048,8300,true,true
"bubble","Sorted",10000,90,26048,8200,true,true
"bubble","Sorted",10000,91,26048,8300,true,true
"bubble","Sorted",10000,92,26016,8300,true,true
"bubble","Sorted",10000,93,26048,8300,true,true
"bubble","Sorted",10000,94,26016,8300,true,true
"bubble","Sorted",10000,95,26048,8300,true,true
"bubble","Sorted",10000,96,26016,8300,true,true
"bubble","Sorted",10000,97,26048,8300,true,true
"bubble","Sorted",10000,98,26016,8200,true,true
"bubble","Sorted",10000,99,26048,8200,true,true
"insertion","Sorted",10000,0,26112,8300,true,true
"insertion","Sorted",10000,1,26080,8300,true,true
"insertion","Sorted",10000,2,26144,8300,true,true
"insertion","Sorted",10000,3,26112,8300,true,true
"insertion","Sorted",10000,4,26144,8300,true,true
"insertion","Sorted",10000,5,26080,8300,true,true
"insertion","Sorted",10000,6,26112,8300,true,true
"insertion","Sorted",10000,7,26080,8300,true,true
"insertion","Sorted",10000,8,26112,8300,true,true
"insertion","Sorted",10000,9,26112,8300,true,true
"insertion","Sorted",10000,10,26112,8300,true,true
"insertion","Sorted",10000,11,26112,8300,true,true
"insertion","Sorted",10000,12,26080,8300,true,true
"insertion","Sorted",10000,13,26112,8300,true,true
"insertion","Sorted",10000,14,26080,8300,true,true
"insertion","Sorted",10000,15,26144,8300,true,true
"insertion","Sorted",10000,16,26112,8300,true,true
"insertion","Sorted",10000,17,26112,8300,true,true
"insertion","Sorted",10000,18,26112,8300,true,true
"insertion","Sorted",10000,19,26112,8300,true,true
"insertion","Sorted",10000,20,26080,8300,true,true
"insertion","Sorted",10000,21,26112,8300,true,true
"insertion","Sorted",10000,22,26080,8300,true,true
"insertion","Sorted",10000,23,26144,8300,true,true
"insertion","Sorted",10000,24,26080,8300,true,true
"insertion","Sorted",10000,25,26144,8300,true,true
"insertion","Sorted",10000,26,26112,8300,true,true
"insertion","Sorted",10000,27,26112,8300,true,true
"insertion","Sorted",10000,28,26080,8300,true,true
"insertion","Sorted",10000,29,26112,8300,true,true
"insertion","Sorted",10000,30,26080,8300,true,true
"insertion","Sorted",10000,31,26112,8300,true,true
"insertion","Sorted",10000,32,26144,8300,true,true
"insertion","Sorted",10000,33,26080,8300,true,true
"insertion","Sorted",10000,34,26144,8300,true,true
"insertion","Sorted",10000,35,26080,8300,true,true
"insertion","Sorted",10000,36,26112,8300,true,true
"insertion","Sorted",10000,37,26112,8300,true,true
"insertion","Sorted",10000,38,26144,8300,true,true
"insertion","Sorted",10000,39,26112,8200,true,true
"insertion","Sorted",10000,40,26112,8300,true,true
"insertion","Sorted",10000,41,26240,8300,true,true
"insertion","Sorted",10000,42,26112,8300,true,true
"insertion","Sorted",10000,43,26144,8300,true,true
"insertion","Sorted",10000,44,26080,8300,true,true
"insertion","Sorted",10000,45,26112,8300,true,true
"insertion","Sorted",10000,46,26080,8300,true,true
"insertion","Sorted",10000,47,26144,8300,true,true
"insertion","Sorted",10000,48,26080,8300,true,true
"insertion","Sorted",10000,49,26080,8300,true,true
"insertion","Sorted",10000,50,26112,8300,true,true
"insertion","Sorted",10000,51,26080,8300,true,true
"insertion","Sorted",10000,52,26112,8300,true,true
"insertion","Sorted",10000,53,26080,8300,true,true
"insertion","Sorted",10000,54,26112,8300,true,true
"insertion","Sorted",10000,55,26080,8300,true,true
"insertion","Sorted",10000,56,26112,8300,true,true
"insertion","Sorted",10000,57,26080,8300,true,true
"insertion","Sorted",10000,58,26112,8300,true,true
"insertion","Sorted",10000,59,26080,8300,true,true
"insertion","Sorted",10000,60,26112,8300,true,true
"insertion","Sorted",10000,61,26112,8300,true,true
"insertion","Sorted",10000,62,26112,8300,true,true
"insertion","Sorted",10000,63,26144,8300,true,true
"insertion","Sorted",10000,64,26112,8300,true,true
"insertion","Sorted",10000,65,26112,8300,true,true
"insertion","Sorted",10000,66,26080,8300,true,true
"insertion","Sorted",10000,67,26112,8300,true,true
"insertion","Sorted",10000,68,26080,8300,true,true
"insertion","Sorted",10000,69,26112,8300,true,true
"insertion","Sorted",10000,70,26112,8300,true,true
"insertion","Sorted",10000,71,26144,8300,true,true
"insertion","Sorted",10000,72,26144,8300,true,true
"insertion","Sorted",10000,73,26080,8300,true,true
"insertion","Sorted",10000,74,26112,8300,true,true
"insertion","Sorted",10000,75,26144,8300,true,true
"insertion","Sorted",10000,76,26112,8300,true,true
"insertion","Sorted",10000,77,26080,8300,true,true
"insertion","Sorted",10000,78,26112,8300,true,true
"insertion","Sorted",10000,79,26112,8300,true,true
"insertion","Sorted",10000,80,26144,8300,true,true
"insertion","Sorted",10000,81,26112,8300,true,true
"insertion","Sorted",10000,82,26112,8300,true,true
"insertion","Sorted",10000,83,26112,8300,true,true
"insertion","Sorted",10000,84,26144,8300,true,true
"insertion","Sorted",10000,85,26080,8300,true,true
"insertion","Sorted",10000,86,26144,8300,true,true
"insertion","Sorted",10000,87,26112,8300,true,true
"insertion","Sorted",10000,88,26112,8300,true,true
"insertion","Sorted",10000,89,26112,8300,true,true
"insertion","Sorted",10000,90,26112,8300,true,true
"insertion","Sorted",10000,91,26144,8300,true,true
"insertion","Sorted",10000,92,26080,8300,true,true
"insertion","Sorted",10000,93,26112,8300,true,true
"insertion","Sorted",10000,94,26080,8300,true,true
"insertion","Sorted",10000,95,26112,8300,true,true
"insertion","Sorted",10000,96,26112,8300,true,true
"insertion","Sorted",10000,97,26112,8300,true,true
"insertion","Sorted",10000,98,26112,8300,true,true
"insertion","Sorted",10000,99,26144,8300,true,true
"selection","Sorted",10000,0,84929772,26593300,true,true
"selection","Sorted",10000,1,82888960,25953600,true,true
"selection","Sorted",10000,2,83820705,26245600,true,true
"selection","Sorted",10000,3,84516608,26463800,true,true
"selection","Sorted",10000,4,83043328,26002000,true,true
"selection","Sorted",10000,5,82417088,25805800,true,true
"selection","Sorted",10000,6,87210272,27307700,true,true
"selection","Sorted",10000,7,84740864,26534100,true,true
"selection","Sorted",10000,8,82934688,25968700,true,true
"selection","Sorted",10000,9,82758016,25912800,true,true
"selection","Sorted",10000,10,82782384,25921400,true,true
"selection","Sorted",10000,11,82304640,25770500,true,true
"selection","Sorted",10000,12,88970176,27857900,true,true
"selection","Sorted",10000,13,82857184,25944000,true,true
"selection","Sorted",10000,14,84408867,26429800,true,true
"selection","Sorted",10000,15,85316204,26714400,true,true
"selection","Sorted",10000,16,82739648,25906800,true,true
"selection","Sorted",10000,17,82015840,25680200,true,true
"selection","Sorted",10000,18,82994836,25987100,true,true
"selection","Sorted",10000,19,82113728,25710600,true,true
"selection","Sorted",10000,20,83902304,26271900,true,true
"selection","Sorted",10000,21,85167661,26667500,true,true
"selection","Sorted",10000,22,82567040,25853100,true,true
"selection","Sorted",10000,23,91070463,28515700,true,true
"selection","Sorted",10000,24,83414464,26118600,true,true
"selection","Sorted",10000,25,82771584,25916900,true,true
"selection","Sorted",10000,26,83849440,26254400,true,true
"selection","Sorted",10000,27,84308384,26398300,true,true
"selection","Sorted",10000,28,82575840,25855600,true,true
"selection","Sorted",10000,29,82949824,25972500,true,true
"selection","Sorted",10000,30,82399008,25800000,true,true
"selection","Sorted",10000,31,91118945,28531500,true,true
"selection","Sorted",10000,32,82850944,25941700,true,true
"selection","Sorted",10000,33,82614240,25867600,true,true
"selection","Sorted",10000,34,88578047,27737400,true,true
"selection","Sorted",10000,35,84763284,26540600,true,true
"selection","Sorted",10000,36,82382688,25795100,true,true
"selection","Sorted",10000,37,82710752,25897900,true,true
"selection","Sorted",10000,38,83869932,26261000,true,true
"selection","Sorted",10000,39,93928276,29411900,true,true
"selection","Sorted",10000,40,82965164,25977800,true,true
"selection","Sorted",10000,41,82522944,25839000,true,true
"selection","Sorted",10000,42,84187041,26360200,true,true
"selection","Sorted",10000,43,83199296,26051200,true,true
"selection","Sorted",10000,44,94218527,29502400,true,true
"selection","Sorted",10000,45,83451904,26130100,true,true
"selection","Sorted",10000,46,82819872,25932300,true,true
"selection","Sorted",10000,47,82709120,25897600,true,true
"selection","Sorted",10000,48,84222452,26372000,true,true
"selection","Sorted",10000,49,83542272,26158200,true,true
"selection","Sorted",10000,50,82514892,25836800,true,true
"selection","Sorted",10000,51,88248545,27632000,true,true
"selection","Sorted",10000,52,82889760,25953800,true,true
"selection","Sorted",10000,53,82382688,25794900,true,true
"selection","Sorted",10000,54,83057200,26006400,true,true
"selection","Sorted",10000,55,82456992,25818200,true,true
"selection","Sorted",10000,56,85488911,26768100,true,true
"selection","Sorted",10000,57,82616992,25868300,true,true
"selection","Sorted",10000,58,87162976,27293100,true,true
"selection","Sorted",10000,59,84956832,26602000,true,true
"selection","Sorted",10000,60,83837568,26250700,true,true
"selection","Sorted",10000,61,83606080,26178000,true,true
"selection","Sorted",10000,62,85403860,26741200,true,true
"selection","Sorted",10000,63,84593869,26487800,true,true
"selection","Sorted",10000,64,83047360,26003500,true,true
"selection","Sorted",10000,65,83030752,25998200,true,true
"selection","Sorted",10000,66,82578496,25856400,true,true
"selection","Sorted",10000,67,83104176,26021300,true,true
"selection","Sorted",10000,68,82375296,25792800,true,true
"selection","Sorted",10000,69,85257775,26695700,true,true
"selection","Sorted",10000,70,82418816,25806500,true,true
"selection","Sorted",10000,71,82374976,25792500,true,true
"selection","Sorted",10000,72,83430880,26123400,true,true
"selection","Sorted",10000,73,86363540,27042200,true,true
"selection","Sorted",10000,74,82557824,25849800,true,true
"selection","Sorted",10000,75,82756224,25912200,true,true
"selection","Sorted",10000,76,83899904,26270000,true,true
"selection","Sorted",10000,77,82798144,25925500,true,true
"selection","Sorted",10000,78,82434176,25811100,true,true
"selection","Sorted",10000,79,82649964,25878900,true,true
"selection","Sorted",10000,80,82284288,25764100,true,true
"selection","Sorted",10000,81,82476404,25824500,true,true
"selection","Sorted",10000,82,91263645,28578000,true,true
"selection","Sorted",10000,83,89501232,28026100,true,true
"selection","Sorted",10000,84,90784352,28427200,true,true
"selection","Sorted",10000,85,82911552,25960700,true,true
"selection","Sorted",10000,86,82852576,25942800,true,true
"selection","Sorted",10000,87,83780768,26233000,true,true
"selection","Sorted",10000,88,82420768,25807200,true,true
"selection","Sorted",10000,89,82809536,25928700,true,true
"selection","Sorted",10000,90,82836512,25937100,true,true
"selection","Sorted",10000,91,82327680,25777700,true,true
"selection","Sorted",10000,92,82858528,25944000,true,true
"selection","Sorted",10000,93,103155840,32302200,true,true
"selection","Sorted",10000,94,93668179,29330800,true,true
"selection","Sorted",10000,95,83650956,26193400,true,true
"selection","Sorted",10000,96,82425984,25808400,true,true
"selection","Sorted",10000,97,83500800,26145600,true,true
"selection","Sorted",10000,98,90723488,28408900,true,true
"selection","Sorted",10000,99,87026145,27250900,true,true
"merge","Sorted",10000,0,594304,186300,true,true
"merge","Sorted",10000,1,554368,173700,true,true
"merge","Sorted",10000,2,557984,174900,true,true
"merge","Sorted",10000,3,573792,179800,true,true
"merge","Sorted",10000,4,626912,196700,true,true
"merge","Sorted",10000,5,555200,173900,true,true
"merge","Sorted",10000,6,558432,175000,true,true
"merge","Sorted",10000,7,554624,173800,true,true
"merge","Sorted",10000,8,557728,174800,true,true
"merge","Sorted",10000,9,613920,192500,true,true
"merge","Sorted",10000,10,558112,174800,true,true
"merge","Sorted",10000,11,556064,174600,true,true
"merge","Sorted",10000,12,557984,174800,true,true
"merge","Sorted",10000,13,571328,179100,true,true
"merge","Sorted",10000,14,557920,174900,true,true
"merge","Sorted",10000,15,607040,190200,true,true
"merge","Sorted",10000,16,560128,175500,true,true
"merge","Sorted",10000,17,555360,174000,true,true
"merge","Sorted",10000,18,557920,174800,true,true
"merge","Sorted",10000,19,554784,173800,true,true
"merge","Sorted",10000,20,610464,191300,true,true
"merge","Sorted",10000,21,554944,173800,true,true
"merge","Sorted",10000,22,558304,175000,true,true
"merge","Sorted",10000,23,554784,173800,true,true
"merge","Sorted",10000,24,575648,180400,true,true
"merge","Sorted",10000,25,604608,189500,true,true
"merge","Sorted",10000,26,558944,175200,true,true
"merge","Sorted",10000,27,554368,173700,true,true
"merge","Sorted",10000,28,558432,175000,true,true
"merge","Sorted",10000,29,555488,174000,true,true
"merge","Sorted",10000,30,558208,174900,true,true
"merge","Sorted",10000,31,604864,189500,true,true
"merge","Sorted",10000,32,557952,174800,true,true
"merge","Sorted",10000,33,555872,174200,true,true
"merge","Sorted",10000,34,558464,175000,true,true
"merge","Sorted",10000,35,570752,178800,true,true
"merge","Sorted",10000,36,607200,190200,true,true
"merge","Sorted",10000,37,554816,173800,true,true
"merge","Sorted",10000,38,558080,174800,true,true
"merge","Sorted",10000,39,555776,174200,true,true
"merge","Sorted",10000,40,558144,174900,true,true
"merge","Sorted",10000,41,604928,189600,true,true
"merge","Sorted",10000,42,558432,175000,true,true
"merge","Sorted",10000,43,555168,173900,true,true
"merge","Sorted",10000,44,557920,174800,true,true
"merge","Sorted",10000,45,569632,178500,true,true
"merge","Sorted",10000,46,558336,174900,true,true
"merge","Sorted",10000,47,605216,189600,true,true
"merge","Sorted",10000,48,558656,175000,true,true
"merge","Sorted",10000,49,554976,173900,true,true
"merge","Sorted",10000,50,557408,174700,true,true
"merge","Sorted",10000,51,555200,174000,true,true
"merge","Sorted",10000,52,611808,191700,true,true
"merge","Sorted",10000,53,555904,174200,true,true
"merge","Sorted",10000,54,606112,190000,true,true
"merge","Sorted",10000,55,606304,190000,true,true
"merge","Sorted",10000,56,586464,183800,true,true
"merge","Sorted",10000,57,636448,199400,true,true
"merge","Sorted",10000,58,558176,174900,true,true
"merge","Sorted",10000,59,555520,174000,true,true
"merge","Sorted",10000,60,557600,174800,true,true
"merge","Sorted",10000,61,555136,174000,true,true
"merge","Sorted",10000,62,558496,175000,true,true
"merge","Sorted",10000,63,612064,191800,true,true
"merge","Sorted",10000,64,557824,175200,true,true
"merge","Sorted",10000,65,555232,174100,true,true
"merge","Sorted",10000,66,576512,180600,true,true
"merge","Sorted",10000,67,554944,173900,true,true
"merge","Sorted",10000,68,616736,193300,true,true
"merge","Sorted",10000,69,554624,173700,true,true
"merge","Sorted",10000,70,559648,175400,true,true
"merge","Sorted",10000,71,554144,173600,true,true
"merge","Sorted",10000,72,558464,175000,true,true
"merge","Sorted",10000,73,610624,191300,true,true
"merge","Sorted",10000,74,558464,174900,true,true
"merge","Sorted",10000,75,555552,174000,true,true
"merge","Sorted",10000,76,572992,179600,true,true
"merge","Sorted",10000,77,729568,228700,true,true
"merge","Sorted",10000,78,748256,234900,true,true
"merge","Sorted",10000,79,555008,173900,true,true
"merge","Sorted",10000,80,558528,175100,true,true
"merge","Sorted",10000,81,554752,173900,true,true
"merge","Sorted",10000,82,559232,175200,true,true
"merge","Sorted",10000,83,608896,190900,true,true
"merge","Sorted",10000,84,558816,175100,true,true
"merge","Sorted",10000,85,554560,173800,true,true
"merge","Sorted",10000,86,558304,174900,true,true
"merge","Sorted",10000,87,573536,179700,true,true
"merge","Sorted",10000,88,558400,175000,true,true
"merge","Sorted",10000,89,605664,190300,true,true
"merge","Sorted",10000,90,558272,174900,true,true
"merge","Sorted",10000,91,555360,174000,true,true
"merge","Sorted",10000,92,558400,175000,true,true
"merge","Sorted",10000,93,554720,173800,true,true
"merge","Sorted",10000,94,608352,190700,true,true
"merge","Sorted",10000,95,555200,174000,true,true
"merge","Sorted",10000,96,558368,175000,true,true
"merge","Sorted",10000,97,554336,173700,true,true
"merge","Sorted",10000,98,583808,183000,true,true
"merge","Sorted",10000,99,608896,190900,true,true
"quicksort","Sorted",10000,0,328000,102800,true,true
"quicksort","Sorted",10000,1,328160,102900,true,true
"quicksort","Sorted",10000,2,327808,102800,true,true
"quicksort","Sorted",10000,3,328352,102900,true,true
"quicksort","Sorted",10000,4,327904,102800,true,true
"quicksort","Sorted",10000,5,379296,118900,true,true
"quicksort","Sorted",10000,6,328672,103000,true,true
"quicksort","Sorted",10000,7,329312,103200,true,true
"quicksort","Sorted",10000,8,329600,103300,true,true
"quicksort","Sorted",10000,9,329312,103200,true,true
"quicksort","Sorted",10000,10,328480,103000,true,true
"quicksort","Sorted",10000,11,328992,103100,true,true
"quicksort","Sorted",10000,12,344416,107900,true,true
"quicksort","Sorted",10000,13,324512,101700,true,true
"quicksort","Sorted",10000,14,375392,117700,true,true
"quicksort","Sorted",10000,15,321760,100900,true,true
"quicksort","Sorted",10000,16,322016,101000,true,true
"quicksort","Sorted",10000,17,322176,101000,true,true
"quicksort","Sorted",10000,18,323936,101500,true,true
"quicksort","Sorted",10000,19,324064,101600,true,true
"quicksort","Sorted",10000,20,324096,101600,true,true
"quicksort","Sorted",10000,21,323552,101400,true,true
"quicksort","Sorted",10000,22,323488,101400,true,true
"quicksort","Sorted",10000,23,376160,117900,true,true
"quicksort","Sorted",10000,24,327520,102700,true,true
"quicksort","Sorted",10000,25,327776,102800,true,true
"quicksort","Sorted",10000,26,327424,102600,true,true
"quicksort","Sorted",10000,27,327680,102700,true,true
"quicksort","Sorted",10000,28,327392,102600,true,true
"quicksort","Sorted",10000,29,327840,102800,true,true
"quicksort","Sorted",10000,30,344992,108100,true,true
"quicksort","Sorted",10000,31,327136,102600,true,true
"quicksort","Sorted",10000,32,377344,118300,true,true
"quicksort","Sorted",10000,33,327840,102700,true,true
"quicksort","Sorted",10000,34,327104,102600,true,true
"quicksort","Sorted",10000,35,326944,102500,true,true
"quicksort","Sorted",10000,36,327104,102600,true,true
"quicksort","Sorted",10000,37,327040,102600,true,true
"quicksort","Sorted",10000,38,327392,102600,true,true
"quicksort","Sorted",10000,39,327232,102600,true,true
"quicksort","Sorted",10000,40,327328,102600,true,true
"quicksort","Sorted",10000,41,376224,117900,true,true
"quicksort","Sorted",10000,42,328256,102900,true,true
"quicksort","Sorted",10000,43,328320,102900,true,true
"quicksort","Sorted",10000,44,328000,102800,true,true
"quicksort","Sorted",10000,45,328096,103000,true,true
"quicksort","Sorted",10000,46,328352,102900,true,true
"quicksort","Sorted",10000,47,367168,115100,true,true
"quicksort","Sorted",10000,48,455552,142900,true,true
"quicksort","Sorted",10000,49,420736,131900,true,true
"quicksort","Sorted",10000,50,323072,101300,true,true
"quicksort","Sorted",10000,51,322336,101100,true,true
"quicksort","Sorted",10000,52,323072,101200,true,true
"quicksort","Sorted",10000,53,322816,101200,true,true
"quicksort","Sorted",10000,54,323040,101300,true,true
"quicksort","Sorted",10000,55,323456,101400,true,true
"quicksort","Sorted",10000,56,323616,101500,true,true
"quicksort","Sorted",10000,57,323840,101500,true,true
"quicksort","Sorted",10000,58,383968,120400,true,true
"quicksort","Sorted",10000,59,325280,102000,true,true
"quicksort","Sorted",10000,60,324608,102100,true,true
"quicksort","Sorted",10000,61,325472,102000,true,true
"quicksort","Sorted",10000,62,325696,102100,true,true
"quicksort","Sorted",10000,63,325792,102100,true,true
"quicksort","Sorted",10000,64,344864,108100,true,true
"quicksort","Sorted",10000,65,328576,103000,true,true
"quicksort","Sorted",10000,66,383872,120300,true,true
"quicksort","Sorted",10000,67,321632,100800,true,true
"quicksort","Sorted",10000,68,321856,100900,true,true
"quicksort","Sorted",10000,69,323648,101400,true,true
"quicksort","Sorted",10000,70,323296,101300,true,true
"quicksort","Sorted",10000,71,322880,101200,true,true
"quicksort","Sorted",10000,72,323744,101500,true,true
"quicksort","Sorted",10000,73,324160,101600,true,true
"quicksort","Sorted",10000,74,324608,101700,true,true
"quicksort","Sorted",10000,75,377312,118300,true,true
"quicksort","Sorted",10000,76,325216,101900,true,true
"quicksort","Sorted",10000,77,326848,102400,true,true
"quicksort","Sorted",10000,78,328288,102900,true,true
"quicksort","Sorted",10000,79,327872,102800,true,true
"quicksort","Sorted",10000,80,1028800,322300,true,true
"quicksort","Sorted",10000,81,366208,114800,true,true
"quicksort","Sorted",10000,82,411168,129000,true,true
"quicksort","Sorted",10000,83,328480,102900,true,true
"quicksort","Sorted",10000,84,328032,102800,true,true
"quicksort","Sorted",10000,85,328416,102900,true,true
"quicksort","Sorted",10000,86,329504,103300,true,true
"quicksort","Sorted",10000,87,328000,102800,true,true
"quicksort","Sorted",10000,88,328448,103000,true,true
"quicksort","Sorted",10000,89,329056,103100,true,true
"quicksort","Sorted",10000,90,384128,120400,true,true
"quicksort","Sorted",10000,91,326144,102300,true,true
"quicksort","Sorted",10000,92,324800,101800,true,true
"quicksort","Sorted",10000,93,325920,102200,true,true
"quicksort","Sorted",10000,94,327136,102600,true,true
"quicksort","Sorted",10000,95,326720,102400,true,true
"quicksort","Sorted",10000,96,326496,102300,true,true
"quicksort","Sorted",10000,97,344864,108100,true,true
"quicksort","Sorted",10000,98,325792,102200,true,true
"quicksort","Sorted",10000,99,379648,119000,true,true
"heap","Sorted",10000,0,1898912,594700,true,true
"heap","Sorted",10000,1,1894496,593400,true,true
"heap","Sorted",10000,2,1895872,593800,true,true
"heap","Sorted",10000,3,2263584,709000,true,true
"heap","Sorted",10000,4,1830368,573300,true,true
"heap","Sorted",10000,5,1925024,603000,true,true
"heap","Sorted",10000,6,1919648,601400,true,true
"heap","Sorted",10000,7,1842464,577000,true,true
"heap","Sorted",10000,8,1898368,594600,true,true
"heap","Sorted",10000,9,1924512,602700,true,true
"heap","Sorted",10000,10,1836160,575100,true,true
"heap","Sorted",10000,11,1897536,594300,true,true
"heap","Sorted",10000,12,1836064,575000,true,true
"heap","Sorted",10000,13,1899264,594900,true,true
"heap","Sorted",10000,14,1823552,571100,true,true
"heap","Sorted",10000,15,1887904,591200,true,true
"heap","Sorted",10000,16,1885952,590700,true,true
"heap","Sorted",10000,17,1827584,572400,true,true
"heap","Sorted",10000,18,1886848,590900,true,true
"heap","Sorted",10000,19,1843808,577400,true,true
"heap","Sorted",10000,20,1876832,587700,true,true
"heap","Sorted",10000,21,1875616,587400,true,true
"heap","Sorted",10000,22,1827456,572300,true,true
"heap","Sorted",10000,23,1890080,591900,true,true
"heap","Sorted",10000,24,1839008,576000,true,true
"heap","Sorted",10000,25,1920064,601400,true,true
"heap","Sorted",10000,26,1884160,590200,true,true
"heap","Sorted",10000,27,1857632,581800,true,true
"heap","Sorted",10000,28,1899520,594900,true,true
"heap","Sorted",10000,29,2105408,659900,true,true
"heap","Sorted",10000,30,2150656,674100,true,true
"heap","Sorted",10000,31,1957152,613100,true,true
"heap","Sorted",10000,32,1813536,568100,true,true
"heap","Sorted",10000,33,1937824,606900,true,true
"heap","Sorted",10000,34,1905568,596800,true,true
"heap","Sorted",10000,35,1856480,581900,true,true
"heap","Sorted",10000,36,1915968,600000,true,true
"heap","Sorted",10000,37,1841856,576800,true,true
"heap","Sorted",10000,38,1889856,592200,true,true
"heap","Sorted",10000,39,1906656,597200,true,true
"heap","Sorted",10000,40,1830720,573600,true,true
"heap","Sorted",10000,41,1881472,589300,true,true
"heap","Sorted",10000,42,1846528,578300,true,true
"heap","Sorted",10000,43,1887584,591200,true,true
"heap","Sorted",10000,44,1883168,590300,true,true
"heap","Sorted",10000,45,1826784,572100,true,true
"heap","Sorted",10000,46,1899328,594800,true,true
"heap","Sorted",10000,47,1836128,575000,true,true
"heap","Sorted",10000,48,1879680,588700,true,true
"heap","Sorted",10000,49,1890272,592000,true,true
"heap","Sorted",10000,50,1823680,571100,true,true
"heap","Sorted",10000,51,1968896,617100,true,true
"heap","Sorted",10000,52,1965088,615800,true,true
"heap","Sorted",10000,53,1991392,623800,true,true
"heap","Sorted",10000,54,1871360,586100,true,true
"heap","Sorted",10000,55,1852992,580300,true,true
"heap","Sorted",10000,56,1920256,601400,true,true
"heap","Sorted",10000,57,1845856,578100,true,true
"heap","Sorted",10000,58,1898368,594700,true,true
"heap","Sorted",10000,59,1899424,594900,true,true
"heap","Sorted",10000,60,1834336,574500,true,true
"heap","Sorted",10000,61,1885600,590600,true,true
"heap","Sorted",10000,62,1851776,579900,true,true
"heap","Sorted",10000,63,1882528,589600,true,true
"heap","Sorted",10000,64,1871744,586200,true,true
"heap","Sorted",10000,65,1826432,572000,true,true
"heap","Sorted",10000,66,2586271,810700,true,true
"heap","Sorted",10000,67,3731552,1168800,true,true
"heap","Sorted",10000,68,2357408,738400,true,true
"heap","Sorted",10000,69,1902912,596000,true,true
"heap","Sorted",10000,70,1846240,578200,true,true
"heap","Sorted",10000,71,1897280,594200,true,true
"heap","Sorted",10000,72,1905280,596900,true,true
"heap","Sorted",10000,73,1840192,576300,true,true
"heap","Sorted",10000,74,1887168,591100,true,true
"heap","Sorted",10000,75,1827808,572400,true,true
"heap","Sorted",10000,76,1893280,593000,true,true
"heap","Sorted",10000,77,1983456,621400,true,true
"heap","Sorted",10000,78,2641521,828000,true,true
"heap","Sorted",10000,79,2409600,754600,true,true
"heap","Sorted",10000,80,1952032,611400,true,true
"heap","Sorted",10000,81,1905760,596900,true,true
"heap","Sorted",10000,82,1838432,575800,true,true
"heap","Sorted",10000,83,1881856,589400,true,true
"heap","Sorted",10000,84,1878016,588300,true,true
"heap","Sorted",10000,85,1832992,574100,true,true
"heap","Sorted",10000,86,1887168,591100,true,true
"heap","Sorted",10000,87,1844320,577600,true,true
"heap","Sorted",10000,88,1884032,590100,true,true
"heap","Sorted",10000,89,1877024,587800,true,true
"heap","Sorted",10000,90,1850112,579400,true,true
"heap","Sorted",10000,91,1891136,592500,true,true
"heap","Sorted",10000,92,1835584,574900,true,true
"heap","Sorted",10000,93,1895296,593600,true,true
"heap","Sorted",10000,94,1903328,596100,true,true
"heap","Sorted",10000,95,1827296,572300,true,true
"heap","Sorted",10000,96,1883616,589900,true,true
"heap","Sorted",10000,97,1852640,580200,true,true
"heap","Sorted",10000,98,1886368,590800,true,true
"heap","Sorted",10000,99,1876224,587700,true,true
"std-sort","Sorted",10000,0,255616,80100,true,true
"std-sort","Sorted",10000,1,302336,95000,true,true
"std-sort","Sorted",10000,2,252928,79300,true,true
"std-sort","Sorted",10000,3,252928,79300,true,true
"std-sort","Sorted",10000,4,256128,80400,true,true
"std-sort","Sorted",10000,5,255968,80200,true,true
"std-sort","Sorted",10000,6,255776,80200,true,true
"std-sort","Sorted",10000,7,270848,84900,true,true
"std-sort","Sorted",10000,8,252768,79300,true,true
"std-sort","Sorted",10000,9,453184,142400,true,true
"std-sort","Sorted",10000,10,507824,159400,true,true
"std-sort","Sorted",10000,11,448592,141000,true,true
"std-sort","Sorted",10000,12,417408,130900,true,true
"std-sort","Sorted",10000,13,561088,176300,true,true
"std-sort","Sorted",10000,14,471696,148300,true,true
"std-sort","Sorted",10000,15,254144,79800,true,true
"std-sort","Sorted",10000,16,322368,101000,true,true
"std-sort","Sorted",10000,17,254432,80000,true,true
"std-sort","Sorted",10000,18,254112,79900,true,true
"std-sort","Sorted",10000,19,348192,109100,true,true
"std-sort","Sorted",10000,20,253760,79600,true,true
"std-sort","Sorted",10000,21,252288,79100,true,true
"std-sort","Sorted",10000,22,255680,80200,true,true
"std-sort","Sorted",10000,23,454592,142600,true,true
"std-sort","Sorted",10000,24,384480,120600,true,true
"std-sort","Sorted",10000,25,364768,114400,true,true
"std-sort","Sorted",10000,26,256288,80400,true,true
"std-sort","Sorted",10000,27,253536,79500,true,true
"std-sort","Sorted",10000,28,326208,102300,true,true
"std-sort","Sorted",10000,29,256896,80600,true,true
"std-sort","Sorted",10000,30,255296,80000,true,true
"std-sort","Sorted",10000,31,256000,80300,true,true
"std-sort","Sorted",10000,32,256000,80400,true,true
"std-sort","Sorted",10000,33,254496,79900,true,true
"std-sort","Sorted",10000,34,254112,79700,true,true
"std-sort","Sorted",10000,35,254688,79800,true,true
"std-sort","Sorted",10000,36,254592,79900,true,true
"std-sort","Sorted",10000,37,256288,80400,true,true
"std-sort","Sorted",10000,38,256096,80300,true,true
"std-sort","Sorted",10000,39,311072,97500,true,true
"std-sort","Sorted",10000,40,254240,79700,true,true
"std-sort","Sorted",10000,41,253344,79500,true,true
"std-sort","Sorted",10000,42,253344,79500,true,true
"std-sort","Sorted",10000,43,274048,86000,true,true
"std-sort","Sorted",10000,44,253184,79600,true,true
"std-sort","Sorted",10000,45,256096,80300,true,true
"std-sort","Sorted",10000,46,255936,80300,true,true
"std-sort","Sorted",10000,47,384448,120500,true,true
"std-sort","Sorted",10000,48,314432,98600,true,true
"std-sort","Sorted",10000,49,321760,101000,true,true
"std-sort","Sorted",10000,50,255808,80200,true,true
"std-sort","Sorted",10000,51,254976,80000,true,true
"std-sort","Sorted",10000,52,254464,79800,true,true
"std-sort","Sorted",10000,53,254944,79900,true,true
"std-sort","Sorted",10000,54,254880,79900,true,true
"std-sort","Sorted",10000,55,254784,79900,true,true
"std-sort","Sorted",10000,56,254784,80000,true,true
"std-sort","Sorted",10000,57,255136,80100,true,true
"std-sort","Sorted",10000,58,254720,79900,true,true
"std-sort","Sorted",10000,59,430240,135100,true,true
"std-sort","Sorted",10000,60,470624,147600,true,true
"std-sort","Sorted",10000,61,290240,91000,true,true
"std-sort","Sorted",10000,62,252864,79300,true,true
"std-sort","Sorted",10000,63,284128,89100,true,true
"std-sort","Sorted",10000,64,256384,80500,true,true
"std-sort","Sorted",10000,65,252480,79200,true,true
"std-sort","Sorted",10000,66,252544,79200,true,true
"std-sort","Sorted",10000,67,252768,79200,true,true
"std-sort","Sorted",10000,68,252416,79200,true,true
"std-sort","Sorted",10000,69,252576,79200,true,true
"std-sort","Sorted",10000,70,307744,96500,true,true
"std-sort","Sorted",10000,71,253632,79600,true,true
"std-sort","Sorted",10000,72,252832,79300,true,true
"std-sort","Sorted",10000,73,252896,79300,true,true
"std-sort","Sorted",10000,74,252704,79200,true,true
"std-sort","Sorted",10000,75,253024,79400,true,true
"std-sort","Sorted",10000,76,253088,79400,true,true
"std-sort","Sorted",10000,77,252832,79300,true,true
"std-sort","Sorted",10000,78,252768,79200,true,true
"std-sort","Sorted",10000,79,252640,79300,true,true
"std-sort","Sorted",10000,80,252416,79200,true,true
"std-sort","Sorted",10000,81,304736,95600,true,true
"std-sort","Sorted",10000,82,273120,85700,true,true
"std-sort","Sorted",10000,83,253568,79600,true,true
"std-sort","Sorted",10000,84,514288,161500,true,true
"std-sort","Sorted",10000,85,383456,120300,true,true
"std-sort","Sorted",10000,86,383328,120300,true,true
"std-sort","Sorted",10000,87,388384,121800,true,true
"std-sort","Sorted",10000,88,413472,129600,true,true
"std-sort","Sorted",10000,89,515936,161800,true,true
"std-sort","Sorted",10000,90,413472,129600,true,true
"std-sort","Sorted",10000,91,394304,123600,true,true
"std-sort","Sorted",10000,92,402368,126100,true,true
"std-sort","Sorted",10000,93,402208,126100,true,true
"std-sort","Sorted",10000,94,401024,125700,true,true
"std-sort","Sorted",10000,95,379104,118800,true,true
"std-sort","Sorted",10000,96,394592,123700,true,true
"std-sort","Sorted",10000,97,375328,117800,true,true
"std-sort","Sorted",10000,98,384416,120500,true,true
"std-sort","Sorted",10000,99,380224,119200,true,true
"std-stable-sort","Sorted",10000,0,400320,125500,true,true
"std-stable-sort","Sorted",10000,1,411008,128900,true,true
"std-stable-sort","Sorted",10000,2,416800,130600,true,true
"std-stable-sort","Sorted",10000,3,386496,121100,true,true
"std-stable-sort","Sorted",10000,4,384544,120500,true,true
"std-stable-sort","Sorted",10000,5,392064,122900,true,true
"std-stable-sort","Sorted",10000,6,506336,158700,true,true
"std-stable-sort","Sorted",10000,7,399360,125300,true,true
"std-stable-sort","Sorted",10000,8,304832,95500,true,true
"std-stable-sort","Sorted",10000,9,287840,90300,true,true
"std-stable-sort","Sorted",10000,10,284736,89300,true,true
"std-stable-sort","Sorted",10000,11,340384,106700,true,true
"std-stable-sort","Sorted",10000,12,326304,102300,true,true
"std-stable-sort","Sorted",10000,13,213280,66900,true,true
"std-stable-sort","Sorted",10000,14,213088,66800,true,true
"std-stable-sort","Sorted",10000,15,284448,89200,true,true
"std-stable-sort","Sorted",10000,16,212896,66700,true,true
"std-stable-sort","Sorted",10000,17,212960,66800,true,true
"std-stable-sort","Sorted",10000,18,212704,66700,true,true
"std-stable-sort","Sorted",10000,19,212672,66700,true,true
"std-stable-sort","Sorted",10000,20,212928,66800,true,true
"std-stable-sort","Sorted",10000,21,212480,66600,true,true
"std-stable-sort","Sorted",10000,22,212768,66700,true,true
"std-stable-sort","Sorted",10000,23,212768,66700,true,true
"std-stable-sort","Sorted",10000,24,212608,66700,true,true
"std-stable-sort","Sorted",10000,25,212608,66700,true,true
"std-stable-sort","Sorted",10000,26,212832,66800,true,true
"std-stable-sort","Sorted",10000,27,212672,66700,true,true
"std-stable-sort","Sorted",10000,28,282048,88500,true,true
"std-stable-sort","Sorted",10000,29,212704,66800,true,true
"std-stable-sort","Sorted",10000,30,212864,66700,true,true
"std-stable-sort","Sorted",10000,31,212512,66700,true,true
"std-stable-sort","Sorted",10000,32,212576,66600,true,true
"std-stable-sort","Sorted",10000,33,212928,66800,true,true
"std-stable-sort","Sorted",10000,34,212672,66700,true,true
"std-stable-sort","Sorted",10000,35,580256,182300,true,true
"std-stable-sort","Sorted",10000,36,298080,93500,true,true
"std-stable-sort","Sorted",10000,37,312704,98000,true,true
"std-stable-sort","Sorted",10000,38,471296,147700,true,true
"std-stable-sort","Sorted",10000,39,205920,64600,true,true
"std-stable-sort","Sorted",10000,40,212416,66600,true,true
"std-stable-sort","Sorted",10000,41,212416,66700,true,true
"std-stable-sort","Sorted",10000,42,212352,66600,true,true
"std-stable-sort","Sorted",10000,43,211904,66500,true,true
"std-stable-sort","Sorted",10000,44,212416,66700,true,true
"std-stable-sort","Sorted",10000,45,211968,66400,true,true
"std-stable-sort","Sorted",10000,46,212128,66600,true,true
"std-stable-sort","Sorted",10000,47,212160,66500,true,true
"std-stable-sort","Sorted",10000,48,212096,66600,true,true
"std-stable-sort","Sorted",10000,49,212064,66500,true,true
"std-stable-sort","Sorted",10000,50,212192,66500,true,true
"std-stable-sort","Sorted",10000,51,227808,71500,true,true
"std-stable-sort","Sorted",10000,52,204992,64300,true,true
"std-stable-sort","Sorted",10000,53,205568,64500,true,true
"std-stable-sort","Sorted",10000,54,212160,66500,true,true
"std-stable-sort","Sorted",10000,55,212096,66600,true,true
"std-stable-sort","Sorted",10000,56,213344,66900,true,true
"std-stable-sort","Sorted",10000,57,212032,66500,true,true
"std-stable-sort","Sorted",10000,58,213248,66900,true,true
"std-stable-sort","Sorted",10000,59,212256,66600,true,true
"std-stable-sort","Sorted",10000,60,295520,92700,true,true
"std-stable-sort","Sorted",10000,61,290592,91100,true,true
"std-stable-sort","Sorted",10000,62,212576,66700,true,true
"std-stable-sort","Sorted",10000,63,298688,93700,true,true
"std-stable-sort","Sorted",10000,64,212256,66600,true,true
"std-stable-sort","Sorted",10000,65,212736,66800,true,true
"std-stable-sort","Sorted",10000,66,205120,64400,true,true
"std-stable-sort","Sorted",10000,67,204832,64200,true,true
"std-stable-sort","Sorted",10000,68,211936,66500,true,true
"std-stable-sort","Sorted",10000,69,212320,66600,true,true
"std-stable-sort","Sorted",10000,70,212064,66500,true,true
"std-stable-sort","Sorted",10000,71,204704,64200,true,true
"std-stable-sort","Sorted",10000,72,211840,66400,true,true
"std-stable-sort","Sorted",10000,73,212288,66600,true,true
"std-stable-sort","Sorted",10000,74,212032,66500,true,true
"std-stable-sort","Sorted",10000,75,211968,66400,true,true
"std-stable-sort","Sorted",10000,76,227264,71300,true,true
"std-stable-sort","Sorted",10000,77,204544,64200,true,true
"std-stable-sort","Sorted",10000,78,204672,64200,true,true
"std-stable-sort","Sorted",10000,79,212224,66600,true,true
"std-stable-sort","Sorted",10000,80,212160,66500,true,true
"std-stable-sort","Sorted",10000,81,212096,66500,true,true
"std-stable-sort","Sorted",10000,82,212224,66600,true,true
"std-stable-sort","Sorted",10000,83,212096,66500,true,true
"std-stable-sort","Sorted",10000,84,212128,66500,true,true
"std-stable-sort","Sorted",10000,85,212320,66600,true,true
"std-stable-sort","Sorted",10000,86,212096,66500,true,true
"std-stable-sort","Sorted",10000,87,212160,66600,true,true
"std-stable-sort","Sorted",10000,88,212256,66600,true,true
"std-stable-sort","Sorted",10000,89,213152,66900,true,true
"std-stable-sort","Sorted",10000,90,212032,66500,true,true
"std-stable-sort","Sorted",10000,91,212192,66600,true,true
"std-stable-sort","Sorted",10000,92,211904,66500,true,true
"std-stable-sort","Sorted",10000,93,212288,66600,true,true
"std-stable-sort","Sorted",10000,94,212064,66500,true,true
"std-stable-sort","Sorted",10000,95,212192,66600,true,true
"std-stable-sort","Sorted",10000,96,211840,66400,true,true
"std-stable-sort","Sorted",10000,97,212224,66600,true,true
"std-stable-sort","Sorted",10000,98,212256,66600,true,true
"std-stable-sort","Sorted",10000,99,212064,66500,true,true
"bubble","Reverse",100,0,16832,5400,true,true
"bubble","Reverse",100,1,16512,5300,true,true
"bubble","Reverse",100,2,70368,22200,true,true
"bubble","Reverse",100,3,16544,5300,true,true
"bubble","Reverse",100,4,16736,5400,true,true
"bubble","Reverse",100,5,16512,5300,true,true
"bubble","Reverse",100,6,16672,5400,true,true
"bubble","Reverse",100,7,16832,5300,true,true
"bubble","Reverse",100,8,16768,5400,true,true
"bubble","Reverse",100,9,16640,5300,true,true
"bubble","Reverse",100,10,16640,5400,true,true
"bubble","Reverse",100,11,16672,5300,true,true
"bubble","Reverse",100,12,16736,5400,true,true
"bubble","Reverse",100,13,16736,5300,true,true
"bubble","Reverse",100,14,16896,5400,true,true
"bubble","Reverse",100,15,16832,5400,true,true
"bubble","Reverse",100,16,16960,5500,true,true
"bubble","Reverse",100,17,16704,5300,true,true
"bubble","Reverse",100,18,16576,5300,true,true
"bubble","Reverse",100,19,16800,5400,true,true
"bubble","Reverse",100,20,16832,5300,true,true
"bubble","Reverse",100,21,16672,5400,true,true
"bubble","Reverse",100,22,16768,5400,true,true
"bubble","Reverse",100,23,16672,5300,true,true
"bubble","Reverse",100,24,16704,5300,true,true
"bubble","Reverse",100,25,16640,5300,true,true
"bubble","Reverse",100,26,16768,5400,true,true
"bubble","Reverse",100,27,16640,5300,true,true
"bubble","Reverse",100,28,16704,5300,true,true
"bubble","Reverse",100,29,16736,5300,true,true
"bubble","Reverse",100,30,16800,5400,true,true
"bubble","Reverse",100,31,16544,5300,true,true
"bubble","Reverse",100,32,16864,5400,true,true
"bubble","Reverse",100,33,16672,5300,true,true
"bubble","Reverse",100,34,16704,5500,true,true
"bubble","Reverse",100,35,16704,5300,true,true
"bubble","Reverse",100,36,16832,5400,true,true
"bubble","Reverse",100,37,16768,5400,true,true
"bubble","Reverse",100,38,16736,5300,true,true
"bubble","Reverse",100,39,16672,5400,true,true
"bubble","Reverse",100,40,16640,5300,true,true
"bubble","Reverse",100,41,16672,5300,true,true
"bubble","Reverse",100,42,16672,5300,true,true
"bubble","Reverse",100,43,16672,5300,true,true
"bubble","Reverse",100,44,16736,5300,true,true
"bubble","Reverse",100,45,16576,5300,true,true
"bubble","Reverse",100,46,16672,5400,true,true
"bubble","Reverse",100,47,16640,5300,true,true
"bubble","Reverse",100,48,16768,5300,true,true
"bubble","Reverse",100,49,16736,5300,true,true
"bubble","Reverse",100,50,16864,5400,true,true
"bubble","Reverse",100,51,16640,5300,true,true
"bubble","Reverse",100,52,16736,5400,true,true
"bubble","Reverse",100,53,16544,5300,true,true
"bubble","Reverse",100,54,16768,5400,true,true
"bubble","Reverse",100,55,16640,5400,true,true
"bubble","Reverse",100,56,16640,5400,true,true
"bubble","Reverse",100,57,16736,5300,true,true
"bubble","Reverse",100,58,16832,5400,true,true
"bubble","Reverse",100,59,16544,5300,true,true
"bubble","Reverse",100,60,16768,5400,true,true
"bubble","Reverse",100,61,16768,5300,true,true
"bubble","Reverse",100,62,16640,5400,true,true
"bubble","Reverse",100,63,16736,5300,true,true
"bubble","Reverse",100,64,16704,5300,true,true
"bubble","Reverse",100,65,16736,5700,true,true
"bubble","Reverse",100,66,16640,5300,true,true
"bubble","Reverse",100,67,16672,5300,true,true
"bubble","Reverse",100,68,16608,5300,true,true
"bubble","Reverse",100,69,16672,5300,true,true
"bubble","Reverse",100,70,16640,5700,true,true
"bubble","Reverse",100,71,16704,5300,true,true
"bubble","Reverse",100,72,16640,5300,true,true
"bubble","Reverse",100,73,16672,5300,true,true
"bubble","Reverse",100,74,16672,5300,true,true
"bubble","Reverse",100,75,16704,5400,true,true
"bubble","Reverse",100,76,16640,5300,true,true
"bubble","Reverse",100,77,16736,5300,true,true
"bubble","Reverse",100,78,16704,5300,true,true
"bubble","Reverse",100,79,16736,5300,true,true
"bubble","Reverse",100,80,16608,5300,true,true
"bubble","Reverse",100,81,16672,5300,true,true
"bubble","Reverse",100,82,16864,5400,true,true
"bubble","Reverse",100,83,16864,5400,true,true
"bubble","Reverse",100,84,16864,5400,true,true
"bubble","Reverse",100,85,16832,5400,true,true
"bubble","Reverse",100,86,16864,5400,true,true
"bubble","Reverse",100,87,16800,5400,true,true
"bubble","Reverse",100,88,16864,5400,true,true
"bubble","Reverse",100,89,16864,5400,true,true
"bubble","Reverse",100,90,16864,5400,true,true
"bubble","Reverse",100,91,16832,5400,true,true
"bubble","Reverse",100,92,16832,5400,true,true
"bubble","Reverse",100,93,16864,5300,true,true
"bubble","Reverse",100,94,16864,5400,true,true
"bubble","Reverse",100,95,16832,5300,true,true
"bubble","Reverse",100,96,16736,5300,true,true
"bubble","Reverse",100,97,16672,5400,true,true
"bubble","Reverse",100,98,16480,5300,true,true
"bubble","Reverse",100,99,16768,5400,true,true
"insertion","Reverse",100,0,9024,2900,true,true
"insertion","Reverse",100,1,9056,3100,true,true
"insertion","Reverse",100,2,9056,2900,true,true
"insertion","Reverse",100,3,9024,3000,true,true
"insertion","Reverse",100,4,9056,3000,true,true
"insertion","Reverse",100,5,8960,3000,true,true
"insertion","Reverse",100,6,8960,3100,true,true
"insertion","Reverse",100,7,8960,3000,true,true
"insertion","Reverse",100,8,8992,3000,true,true
"insertion","Reverse",100,9,9056,3000,true,true
"insertion","Reverse",100,10,8992,3000,true,true
"insertion","Reverse",100,11,9024,2900,true,true
"insertion","Reverse",100,12,8992,2900,true,true
"insertion","Reverse",100,13,8992,2900,true,true
"insertion","Reverse",100,14,8992,3000,true,true
"insertion","Reverse",100,15,8992,2900,true,true
"insertion","Reverse",100,16,8960,2900,true,true
"insertion","Reverse",100,17,9024,2900,true,true
"insertion","Reverse",100,18,9088,3000,true,true
"insertion","Reverse",100,19,9088,3000,true,true
"insertion","Reverse",100,20,8992,3000,true,true
"insertion","Reverse",100,21,8992,3100,true,true
"insertion","Reverse",100,22,8992,2900,true,true
"insertion","Reverse",100,23,8992,3000,true,true
"insertion","Reverse",100,24,8960,3100,true,true
"insertion","Reverse",100,25,8960,3100,true,true
"insertion","Reverse",100,26,8992,3100,true,true
"insertion","Reverse",100,27,8992,3100,true,true
"insertion","Reverse",100,28,8992,2900,true,true
"insertion","Reverse",100,29,8992,2900,true,true
"insertion","Reverse",100,30,8992,2900,true,true
"insertion","Reverse",100,31,8992,3000,true,true
"insertion","Reverse",100,32,8992,3000,true,true
"insertion","Reverse",100,33,9024,2900,true,true
"insertion","Reverse",100,34,8960,2900,true,true
"insertion","Reverse",100,35,8992,3000,true,true
"insertion","Reverse",100,36,8992,2900,true,true
"insertion","Reverse",100,37,8992,2900,true,true
"insertion","Reverse",100,38,8992,2900,true,true
"insertion","Reverse",100,39,8992,3000,true,true
"insertion","Reverse",100,40,9024,2900,true,true
"insertion","Reverse",100,41,8992,3100,true,true
"insertion","Reverse",100,42,8992,3000,true,true
"insertion","Reverse",100,43,9024,3000,true,true
"insertion","Reverse",100,44,8960,3100,true,true
"insertion","Reverse",100,45,8992,2900,true,true
"insertion","Reverse",100,46,8992,2900,true,true
"insertion","Reverse",100,47,8992,3000,true,true
"insertion","Reverse",100,48,8992,3000,true,true
"insertion","Reverse",100,49,8992,3000,true,true
"insertion","Reverse",100,50,8992,3100,true,true
"insertion","Reverse",100,51,9024,3100,true,true
"insertion","Reverse",100,52,8992,3100,true,true
"insertion","Reverse",100,53,8992,3100,true,true
"insertion","Reverse",100,54,8960,3100,true,true
"insertion","Reverse",100,55,8992,3000,true,true
"insertion","Reverse",100,56,8992,3000,true,true
"insertion","Reverse",100,57,8992,3000,true,true
"insertion","Reverse",100,58,8992,3000,true,true
"insertion","Reverse",100,59,8992,3000,true,true
"insertion","Reverse",100,60,8992,2900,true,true
"insertion","Reverse",100,61,8992,2900,true,true
"insertion","Reverse",100,62,8992,3000,true,true
"insertion","Reverse",100,63,8992,2900,true,true
"insertion","Reverse",100,64,8960,2900,true,true
"insertion","Reverse",100,65,9024,2900,true,true
"insertion","Reverse",100,66,8992,2900,true,true
"insertion","Reverse",100,67,8992,3000,true,true
"insertion","Reverse",100,68,8992,2900,true,true
"insertion","Reverse",100,69,8992,2900,true,true
"insertion","Reverse",100,70,9024,2900,true,true
"insertion","Reverse",100,71,8992,3000,true,true
"insertion","Reverse",100,72,8992,3000,true,true
"insertion","Reverse",100,73,8960,2900,true,true
"insertion","Reverse",100,74,8992,2900,true,true
"insertion","Reverse",100,75,8992,3000,true,true
"insertion","Reverse",100,76,9024,2900,true,true
"insertion","Reverse",100,77,8992,2900,true,true
"insertion","Reverse",100,78,8992,3000,true,true
"insertion","Reverse",100,79,8992,3000,true,true
"insertion","Reverse",100,80,8992,2900,true,true
"insertion","Reverse",100,81,9024,2900,true,true
"insertion","Reverse",100,82,8992,3000,true,true
"insertion","Reverse",100,83,8992,2900,true,true
"insertion","Reverse",100,84,8992,2900,true,true
"insertion","Reverse",100,85,8992,3000,true,true
"insertion","Reverse",100,86,8992,2900,true,true
"insertion","Reverse",100,87,8992,2900,true,true
"insertion","Reverse",100,88,8992,2900,true,true
"insertion","Reverse",100,89,9024,3000,true,true
"insertion","Reverse",100,90,8992,2900,true,true
"insertion","Reverse",100,91,8992,2900,true,true
"insertion","Reverse",100,92,8992,2900,true,true
"insertion","Reverse",100,93,9280,3100,true,true
"insertion","Reverse",100,94,9024,2900,true,true
"insertion","Reverse",100,95,9024,3000,true,true
"insertion","Reverse",100,96,9024,2900,true,true
"insertion","Reverse",100,97,8992,2900,true,true
"insertion","Reverse",100,98,8992,2900,true,true
"insertion","Reverse",100,99,9024,3000,true,true
"selection","Reverse",100,0,11456,3700,true,true
"selection","Reverse",100,1,11424,3700,true,true
"selection","Reverse",100,2,11552,3700,true,true
"selection","Reverse",100,3,11456,3700,true,true
"selection","Reverse",100,4,11424,3900,true,true
"selection","Reverse",100,5,11424,3700,true,true
"selection","Reverse",100,6,11456,3700,true,true
"selection","Reverse",100,7,11424,3800,true,true
"selection","Reverse",100,8,11392,3800,true,true
"selection","Reverse",100,9,11424,3800,true,true
"selection","Reverse",100,10,11456,3900,true,true
"selection","Reverse",100,11,11488,3900,true,true
"selection","Reverse",100,12,11520,3800,true,true
"selection","Reverse",100,13,11456,3900,true,true
"selection","Reverse",100,14,11456,3900,true,true
"selection","Reverse",100,15,11456,3700,true,true
"selection","Reverse",100,16,11424,4000,true,true
"selection","Reverse",100,17,11456,3800,true,true
"selection","Reverse",100,18,11424,3700,true,true
"selection","Reverse",100,19,11456,3700,true,true
"selection","Reverse",100,20,11488,3700,true,true
"selection","Reverse",100,21,11456,3800,true,true
"selection","Reverse",100,22,12032,4000,true,true
"selection","Reverse",100,23,11712,3900,true,true
"selection","Reverse",100,24,11456,3800,true,true
"selection","Reverse",100,25,11456,3600,true,true
"selection","Reverse",100,26,11456,3700,true,true
"selection","Reverse",100,27,11456,3800,true,true
"selection","Reverse",100,28,11424,3700,true,true
"selection","Reverse",100,29,11456,3700,true,true
"selection","Reverse",100,30,11424,3700,true,true
"selection","Reverse",100,31,11424,3700,true,true
"selection","Reverse",100,32,11424,3700,true,true
"selection","Reverse",100,33,11680,3700,true,true
"selection","Reverse",100,34,11648,3700,true,true
"selection","Reverse",100,35,11680,3700,true,true
"selection","Reverse",100,36,11648,3800,true,true
"selection","Reverse",100,37,11680,3800,true,true
"selection","Reverse",100,38,11680,3800,true,true
"selection","Reverse",100,39,11648,3800,true,true
"selection","Reverse",100,40,11648,3800,true,true
"selection","Reverse",100,41,11680,3800,true,true
"selection","Reverse",100,42,11648,3800,true,true
"selection","Reverse",100,43,11840,3900,true,true
"selection","Reverse",100,44,11712,4100,true,true
"selection","Reverse",100,45,12224,4000,true,true
"selection","Reverse",100,46,11744,4100,true,true
"selection","Reverse",100,47,11424,4000,true,true
"selection","Reverse",100,48,11456,4000,true,true
"selection","Reverse",100,49,11424,4000,true,true
"selection","Reverse",100,50,11456,3900,true,true
"selection","Reverse",100,51,11456,4000,true,true
"selection","Reverse",100,52,11456,4000,true,true
"selection","Reverse",100,53,11424,4000,true,true
"selection","Reverse",100,54,11456,3800,true,true
"selection","Reverse",100,55,11456,3900,true,true
"selection","Reverse",100,56,11424,3900,true,true
"selection","Reverse",100,57,11424,3900,true,true
"selection","Reverse",100,58,11456,4000,true,true
"selection","Reverse",100,59,11456,4000,true,true
"selection","Reverse",100,60,11456,4000,true,true
"selection","Reverse",100,61,11456,3900,true,true
"selection","Reverse",100,62,11424,4000,true,true
"selection","Reverse",100,63,11456,4000,true,true
"selection","Reverse",100,64,11456,3700,true,true
"selection","Reverse",100,65,11872,3900,true,true
"selection","Reverse",100,66,11584,3700,true,true
"selection","Reverse",100,67,11488,3700,true,true
"selection","Reverse",100,68,11456,3700,true,true
"selection","Reverse",100,69,11456,3700,true,true
"selection","Reverse",100,70,11456,3700,true,true
"selection","Reverse",100,71,11456,3700,true,true
"selection","Reverse",100,72,11424,3700,true,true
"selection","Reverse",100,73,11456,3700,true,true
"selection","Reverse",100,74,11456,3700,true,true
"selection","Reverse",100,75,11456,3800,true,true
"selection","Reverse",100,76,11456,3700,true,true
"selection","Reverse",100,77,11456,3700,true,true
"selection","Reverse",100,78,11424,3700,true,true
"selection","Reverse",100,79,11456,3700,true,true
"selection","Reverse",100,80,11456,3700,true,true
"selection","Reverse",100,81,11456,3700,true,true
"selection","Reverse",100,82,11488,3700,true,true
"selection","Reverse",100,83,11488,3700,true,true
"selection","Reverse",100,84,11488,3700,true,true
"selection","Reverse",100,85,11456,3700,true,true
"selection","Reverse",100,86,11456,3700,true,true
"selection","Reverse",100,87,11424,3700,true,true
"selection","Reverse",100,88,11456,3700,true,true
"selection","Reverse",100,89,11456,3700,true,true
"selection","Reverse",100,90,11424,3700,true,true
"selection","Reverse",100,91,11456,3800,true,true
"selection","Reverse",100,92,11456,3700,true,true
"selection","Reverse",100,93,11456,3700,true,true
"selection","Reverse",100,94,11456,3700,true,true
"selection","Reverse",100,95,11424,3800,true,true
"selection","Reverse",100,96,11424,3900,true,true
"selection","Reverse",100,97,11456,3900,true,true
"selection","Reverse",100,98,11424,3800,true,true
"selection","Reverse",100,99,11456,3800,true,true
"merge","Reverse",100,0,4640,1500,true,true
"merge","Reverse",100,1,22976,7300,true,true
"merge","Reverse",100,2,4640,1600,true,true
"merge","Reverse",100,3,4544,1500,true,true
"merge","Reverse",100,4,4512,1500,true,true
"merge","Reverse",100,5,4608,1600,true,true
"merge","Reverse",100,6,4544,1500,true,true
"merge","Reverse",100,7,4672,1500,true,true
"merge","Reverse",100,8,4864,1600,true,true
"merge","Reverse",100,9,4576,1600,true,true
"merge","Reverse",100,10,4608,1600,true,true
"merge","Reverse",100,11,4544,1600,true,true
"merge","Reverse",100,12,4544,1600,true,true
"merge","Reverse",100,13,4576,1700,true,true
"merge","Reverse",100,14,4576,1600,true,true
"merge","Reverse",100,15,4608,1700,true,true
"merge","Reverse",100,16,4576,1600,true,true
"merge","Reverse",100,17,4736,1900,true,true
"merge","Reverse",100,18,4736,1700,true,true
"merge","Reverse",100,19,4544,1600,true,true
"merge","Reverse",100,20,4608,1700,true,true
"merge","Reverse",100,21,4736,1700,true,true
"merge","Reverse",100,22,4608,1700,true,true
"merge","Reverse",100,23,4640,1700,true,true
"merge","Reverse",100,24,4544,1600,true,true
"merge","Reverse",100,25,4544,1500,true,true
"merge","Reverse",100,26,4736,1600,true,true
"merge","Reverse",100,27,4480,1500,true,true
"merge","Reverse",100,28,4512,1500,true,true
"merge","Reverse",100,29,4608,1600,true,true
"merge","Reverse",100,30,4544,1500,true,true
"merge","Reverse",100,31,4576,1500,true,true
"merge","Reverse",100,32,4672,1500,true,true
"merge","Reverse",100,33,4576,1500,true,true
"merge","Reverse",100,34,4608,1600,true,true
"merge","Reverse",100,35,4576,1500,true,true
"merge","Reverse",100,36,4576,1500,true,true
"merge","Reverse",100,37,4576,1500,true,true
"merge","Reverse",100,38,4640,1500,true,true
"merge","Reverse",100,39,4704,1600,true,true
"merge","Reverse",100,40,4672,1600,true,true
"merge","Reverse",100,41,4480,1500,true,true
"merge","Reverse",100,42,4672,1600,true,true
"merge","Reverse",100,43,4512,1600,true,true
"merge","Reverse",100,44,4608,1600,true,true
"merge","Reverse",100,45,4576,1600,true,true
"merge","Reverse",100,46,4640,1600,true,true
"merge","Reverse",100,47,4512,1800,true,true
"merge","Reverse",100,48,4608,1800,true,true
"merge","Reverse",100,49,4576,1900,true,true
"merge","Reverse",100,50,4768,1900,true,true
"merge","Reverse",100,51,4608,1900,true,true
"merge","Reverse",100,52,4512,1800,true,true
"merge","Reverse",100,53,4512,1600,true,true
"merge","Reverse",100,54,4544,1600,true,true
"merge","Reverse",100,55,4640,1800,true,true
"merge","Reverse",100,56,4672,1600,true,true
"merge","Reverse",100,57,4640,1800,true,true
"merge","Reverse",100,58,4608,1800,true,true
"merge","Reverse",100,59,4544,1800,true,true
"merge","Reverse",100,60,4576,1600,true,true
"merge","Reverse",100,61,4704,1900,true,true
"merge","Reverse",100,62,4672,1600,true,true
"merge","Reverse",100,63,4512,1800,true,true
"merge","Reverse",100,64,4640,1700,true,true
"merge","Reverse",100,65,4736,1600,true,true
"merge","Reverse",100,66,4672,1600,true,true
"merge","Reverse",100,67,4704,1600,true,true
"merge","Reverse",100,68,4512,1500,true,true
"merge","Reverse",100,69,4768,1900,true,true
"merge","Reverse",100,70,4704,1800,true,true
"merge","Reverse",100,71,4672,1600,true,true
"merge","Reverse",100,72,4640,1500,true,true
"merge","Reverse",100,73,4512,1500,true,true
"merge","Reverse",100,74,4608,1500,true,true
"merge","Reverse",100,75,4576,1600,true,true
"merge","Reverse",100,76,4640,1600,true,true
"merge","Reverse",100,77,4512,1500,true,true
"merge","Reverse",100,78,4544,1600,true,true
"merge","Reverse",100,79,4576,1600,true,true
"merge","Reverse",100,80,4544,1500,true,true
"merge","Reverse",100,81,4512,1500,true,true
"merge","Reverse",100,82,4736,1600,true,true
"merge","Reverse",100,83,4512,1500,true,true
"merge","Reverse",100,84,4512,1500,true,true
"merge","Reverse",100,85,4608,1500,true,true
"merge","Reverse",100,86,4576,1500,true,true
"merge","Reverse",100,87,4576,1500,true,true
"merge","Reverse",100,88,4608,1500,true,true
"merge","Reverse",100,89,4512,1500,true,true
"merge","Reverse",100,90,4544,1500,true,true
"merge","Reverse",100,91,4608,1600,true,true
"merge","Reverse",100,92,4576,1600,true,true
"merge","Reverse",100,93,4576,1600,true,true
"merge","Reverse",100,94,4608,1600,true,true
"merge","Reverse",100,95,4608,1600,true,true
"merge","Reverse",100,96,4544,1600,true,true
"merge","Reverse",100,97,4640,1600,true,true
"merge","Reverse",100,98,4576,1800,true,true
"merge","Reverse",100,99,4576,1800,true,true
"quicksort","Reverse",100,0,1760,700,true,true
"quicksort","Reverse",100,1,1824,700,true,true
"quicksort","Reverse",100,2,1824,700,true,true
"quicksort","Reverse",100,3,1856,700,true,true
"quicksort","Reverse",100,4,1760,700,true,true
"quicksort","Reverse",100,5,1856,700,true,true
"quicksort","Reverse",100,6,1760,600,true,true
"quicksort","Reverse",100,7,1792,900,true,true
"quicksort","Reverse",100,8,1792,1000,true,true
"quicksort","Reverse",100,9,1824,900,true,true
"quicksort","Reverse",100,10,1792,900,true,true
"quicksort","Reverse",100,11,1792,1000,true,true
"quicksort","Reverse",100,12,1792,900,true,true
"quicksort","Reverse",100,13,1792,1000,true,true
"quicksort","Reverse",100,14,1760,1000,true,true
"quicksort","Reverse",100,15,1792,700,true,true
"quicksort","Reverse",100,16,1792,900,true,true
"quicksort","Reverse",100,17,1952,1000,true,true
"quicksort","Reverse",100,18,1792,800,true,true
"quicksort","Reverse",100,19,1792,1000,true,true
"quicksort","Reverse",100,20,1792,1100,true,true
"quicksort","Reverse",100,21,1792,1000,true,true
"quicksort","Reverse",100,22,1792,700,true,true
"quicksort","Reverse",100,23,1760,600,true,true
"quicksort","Reverse",100,24,1792,600,true,true
"quicksort","Reverse",100,25,1792,600,true,true
"quicksort","Reverse",100,26,1792,700,true,true
"quicksort","Reverse",100,27,1792,700,true,true
"quicksort","Reverse",100,28,1792,700,true,true
"quicksort","Reverse",100,29,1792,700,true,true
"quicksort","Reverse",100,30,1760,700,true,true
"quicksort","Reverse",100,31,1792,700,true,true
"quicksort","Reverse",100,32,1792,600,true,true
"quicksort","Reverse",100,33,1920,800,true,true
"quicksort","Reverse",100,34,1792,700,true,true
"quicksort","Reverse",100,35,1792,700,true,true
"quicksort","Reverse",100,36,1792,700,true,true
"quicksort","Reverse",100,37,1792,700,true,true
"quicksort","Reverse",100,38,1792,600,true,true
"quicksort","Reverse",100,39,1792,600,true,true
"quicksort","Reverse",100,40,1792,600,true,true
"quicksort","Reverse",100,41,1760,700,true,true
"quicksort","Reverse",100,42,1760,700,true,true
"quicksort","Reverse",100,43,1792,700,true,true
"quicksort","Reverse",100,44,1792,700,true,true
"quicksort","Reverse",100,45,1792,700,true,true
"quicksort","Reverse",100,46,1792,700,true,true
"quicksort","Reverse",100,47,1792,700,true,true
"quicksort","Reverse",100,48,2208,800,true,true
"quicksort","Reverse",100,49,1920,800,true,true
"quicksort","Reverse",100,50,1824,800,true,true
"quicksort","Reverse",100,51,1856,800,true,true
"quicksort","Reverse",100,52,1824,800,true,true
"quicksort","Reverse",100,53,1824,900,true,true
"quicksort","Reverse",100,54,1856,900,true,true
"quicksort","Reverse",100,55,1824,700,true,true
"quicksort","Reverse",100,56,1824,700,true,true
"quicksort","Reverse",100,57,1824,900,true,true
"quicksort","Reverse",100,58,1856,700,true,true
"quicksort","Reverse",100,59,1824,700,true,true
"quicksort","Reverse",100,60,1856,700,true,true
"quicksort","Reverse",100,61,1824,800,true,true
"quicksort","Reverse",100,62,1824,700,true,true
"quicksort","Reverse",100,63,1824,700,true,true
"quicksort","Reverse",100,64,1824,800,true,true
"quicksort","Reverse",100,65,2080,800,true,true
"quicksort","Reverse",100,66,1856,700,true,true
"quicksort","Reverse",100,67,1856,700,true,true
"quicksort","Reverse",100,68,1824,1300,true,true
"quicksort","Reverse",100,69,1856,1000,true,true
"quicksort","Reverse",100,70,1856,900,true,true
"quicksort","Reverse",100,71,1824,1200,true,true
"quicksort","Reverse",100,72,1856,900,true,true
"quicksort","Reverse",100,73,1856,900,true,true
"quicksort","Reverse",100,74,1824,700,true,true
"quicksort","Reverse",100,75,1824,600,true,true
"quicksort","Reverse",100,76,1856,700,true,true
"quicksort","Reverse",100,77,1856,700,true,true
"quicksort","Reverse",100,78,1824,600,true,true
"quicksort","Reverse",100,79,1824,700,true,true
"quicksort","Reverse",100,80,1856,700,true,true
"quicksort","Reverse",100,81,1856,600,true,true
"quicksort","Reverse",100,82,1824,700,true,true
"quicksort","Reverse",100,83,1824,700,true,true
"quicksort","Reverse",100,84,1824,700,true,true
"quicksort","Reverse",100,85,1856,700,true,true
"quicksort","Reverse",100,86,1856,700,true,true
"quicksort","Reverse",100,87,1920,700,true,true
"quicksort","Reverse",100,88,1856,700,true,true
"quicksort","Reverse",100,89,1824,700,true,true
"quicksort","Reverse",100,90,1856,700,true,true
"quicksort","Reverse",100,91,1856,700,true,true
"quicksort","Reverse",100,92,1824,700,true,true
"quicksort","Reverse",100,93,1856,700,true,true
"quicksort","Reverse",100,94,1856,700,true,true
"quicksort","Reverse",100,95,1824,700,true,true
"quicksort","Reverse",100,96,1856,700,true,true
"quicksort","Reverse",100,97,1824,700,true,true
"quicksort","Reverse",100,98,1824,700,true,true
"quicksort","Reverse",100,99,2080,700,true,true
"heap","Reverse",100,0,4128,1400,true,true
"heap","Reverse",100,1,4160,1500,true,true
"heap","Reverse",100,2,4160,1500,true,true
"heap","Reverse",100,3,4288,1400,true,true
"heap","Reverse",100,4,4192,1600,true,true
"heap","Reverse",100,5,4064,1500,true,true
"heap","Reverse",100,6,4096,1600,true,true
"heap","Reverse",100,7,4096,1500,true,true
"heap","Reverse",100,8,4096,1500,true,true
"heap","Reverse",100,9,4160,1500,true,true
"heap","Reverse",100,10,4160,1500,true,true
"heap","Reverse",100,11,4128,1500,true,true
"heap","Reverse",100,12,4000,1600,true,true
"heap","Reverse",100,13,4096,1600,true,true
"heap","Reverse",100,14,4160,1600,true,true
"heap","Reverse",100,15,4096,1600,true,true
"heap","Reverse",100,16,3872,1400,true,true
"heap","Reverse",100,17,4160,1400,true,true
"heap","Reverse",100,18,4064,1400,true,true
"heap","Reverse",100,19,4032,1400,true,true
"heap","Reverse",100,20,4064,1400,true,true
"heap","Reverse",100,21,4192,1400,true,true
"heap","Reverse",100,22,4096,1400,true,true
"heap","Reverse",100,23,4160,1600,true,true
"heap","Reverse",100,24,4160,1400,true,true
"heap","Reverse",100,25,4160,1500,true,true
"heap","Reverse",100,26,4064,1400,true,true
"heap","Reverse",100,27,4032,1400,true,true
"heap","Reverse",100,28,4064,1400,true,true
"heap","Reverse",100,29,4064,1400,true,true
"heap","Reverse",100,30,4064,1400,true,true
"heap","Reverse",100,31,4000,1400,true,true
"heap","Reverse",100,32,4096,1400,true,true
"heap","Reverse",100,33,4128,1400,true,true
"heap","Reverse",100,34,4064,1400,true,true
"heap","Reverse",100,35,4064,1400,true,true
"heap","Reverse",100,36,4096,1400,true,true
"heap","Reverse",100,37,4192,1400,true,true
"heap","Reverse",100,38,4096,1400,true,true
"heap","Reverse",100,39,4192,1400,true,true
"heap","Reverse",100,40,4000,1300,true,true
"heap","Reverse",100,41,4128,1400,true,true
"heap","Reverse",100,42,4160,1400,true,true
"heap","Reverse",100,43,4064,1400,true,true
"heap","Reverse",100,44,4032,1400,true,true
"heap","Reverse",100,45,3968,1400,true,true
"heap","Reverse",100,46,4160,1400,true,true
"heap","Reverse",100,47,4128,1400,true,true
"heap","Reverse",100,48,4064,1400,true,true
"heap","Reverse",100,49,4032,1300,true,true
"heap","Reverse",100,50,4096,1400,true,true
"heap","Reverse",100,51,4096,1500,true,true
"heap","Reverse",100,52,4064,1500,true,true
"heap","Reverse",100,53,4192,1400,true,true
"heap","Reverse",100,54,4096,1500,true,true
"heap","Reverse",100,55,4096,1600,true,true
"heap","Reverse",100,56,4096,1600,true,true
"heap","Reverse",100,57,4096,1400,true,true
"heap","Reverse",100,58,4096,1500,true,true
"heap","Reverse",100,59,3968,1500,true,true
"heap","Reverse",100,60,4192,1600,true,true
"heap","Reverse",100,61,4064,1400,true,true
"heap","Reverse",100,62,4096,1600,true,true
"heap","Reverse",100,63,4128,1700,true,true
"heap","Reverse",100,64,4064,1500,true,true
"heap","Reverse",100,65,4256,1400,true,true
"heap","Reverse",100,66,4352,1400,true,true
"heap","Reverse",100,67,4160,1400,true,true
"heap","Reverse",100,68,4192,1400,true,true
"heap","Reverse",100,69,4224,1500,true,true
"heap","Reverse",100,70,4192,1400,true,true
"heap","Reverse",100,71,4064,1400,true,true
"heap","Reverse",100,72,4096,1400,true,true
"heap","Reverse",100,73,4256,1400,true,true
"heap","Reverse",100,74,4000,1300,true,true
"heap","Reverse",100,75,4064,1300,true,true
"heap","Reverse",100,76,4128,1400,true,true
"heap","Reverse",100,77,4192,1500,true,true
"heap","Reverse",100,78,4096,1400,true,true
"heap","Reverse",100,79,4128,1500,true,true
"heap","Reverse",100,80,4192,1400,true,true
"heap","Reverse",100,81,4096,1400,true,true
"heap","Reverse",100,82,4128,1400,true,true
"heap","Reverse",100,83,4096,1400,true,true
"heap","Reverse",100,84,4128,1400,true,true
"heap","Reverse",100,85,4160,1400,true,true
"heap","Reverse",100,86,4128,1400,true,true
"heap","Reverse",100,87,4000,1300,true,true
"heap","Reverse",100,88,4128,1400,true,true
"heap","Reverse",100,89,4160,1400,true,true
"heap","Reverse",100,90,4096,1400,true,true
"heap","Reverse",100,91,4096,1400,true,true
"heap","Reverse",100,92,4096,1400,true,true
"heap","Reverse",100,93,4128,1400,true,true
"heap","Reverse",100,94,4064,1400,true,true
"heap","Reverse",100,95,4064,1400,true,true
"heap","Reverse",100,96,4032,1400,true,true
"heap","Reverse",100,97,4032,1400,true,true
"heap","Reverse",100,98,4032,1400,true,true
"heap","Reverse",100,99,4064,1400,true,true
"std-sort","Reverse",100,0,928,400,true,true
"std-sort","Reverse",100,1,1088,400,true,true
"std-sort","Reverse",100,2,992,500,true,true
"std-sort","Reverse",100,3,928,500,true,true
"std-sort","Reverse",100,4,928,500,true,true
"std-sort","Reverse",100,5,896,300,true,true
"std-sort","Reverse",100,6,896,500,true,true
"std-sort","Reverse",100,7,896,400,true,true
"std-sort","Reverse",100,8,960,400,true,true
"std-sort","Reverse",100,9,1152,500,true,true
"std-sort","Reverse",100,10,864,400,true,true
"std-sort","Reverse",100,11,896,500,true,true
"std-sort","Reverse",100,12,896,500,true,true
"std-sort","Reverse",100,13,928,500,true,true
"std-sort","Reverse",100,14,928,400,true,true
"std-sort","Reverse",100,15,928,500,true,true
"std-sort","Reverse",100,16,992,500,true,true
"std-sort","Reverse",100,17,1120,600,true,true
"std-sort","Reverse",100,18,1024,600,true,true
"std-sort","Reverse",100,19,1024,500,true,true
"std-sort","Reverse",100,20,1024,600,true,true
"std-sort","Reverse",100,21,1024,500,true,true
"std-sort","Reverse",100,22,992,500,true,true
"std-sort","Reverse",100,23,960,500,true,true
"std-sort","Reverse",100,24,992,500,true,true
"std-sort","Reverse",100,25,960,400,true,true
"std-sort","Reverse",100,26,960,400,true,true
"std-sort","Reverse",100,27,992,400,true,true
"std-sort","Reverse",100,28,960,400,true,true
"std-sort","Reverse",100,29,992,500,true,true
"std-sort","Reverse",100,30,960,400,true,true
"std-sort","Reverse",100,31,960,400,true,true
"std-sort","Reverse",100,32,992,400,true,true
"std-sort","Reverse",100,33,1088,500,true,true
"std-sort","Reverse",100,34,928,400,true,true
"std-sort","Reverse",100,35,896,400,true,true
"std-sort","Reverse",100,36,1024,400,true,true
"std-sort","Reverse",100,37,1088,500,true,true
"std-sort","Reverse",100,38,1024,500,true,true
"std-sort","Reverse",100,39,1056,500,true,true
"std-sort","Reverse",100,40,928,400,true,true
"std-sort","Reverse",100,41,1024,500,true,true
"std-sort","Reverse",100,42,960,400,true,true
"std-sort","Reverse",100,43,1024,500,true,true
"std-sort","Reverse",100,44,928,400,true,true
"std-sort","Reverse",100,45,1024,400,true,true
"std-sort","Reverse",100,46,1120,500,true,true
"std-sort","Reverse",100,47,1024,500,true,true
"std-sort","Reverse",100,48,1056,400,true,true
"std-sort","Reverse",100,49,960,400,true,true
"std-sort","Reverse",100,50,992,500,true,true
"std-sort","Reverse",100,51,928,400,true,true
"std-sort","Reverse",100,52,1056,500,true,true
"std-sort","Reverse",100,53,1056,400,true,true
"std-sort","Reverse",100,54,928,500,true,true
"std-sort","Reverse",100,55,960,600,true,true
"std-sort","Reverse",100,56,864,500,true,true
"std-sort","Reverse",100,57,1088,500,true,true
"std-sort","Reverse",100,58,896,400,true,true
"std-sort","Reverse",100,59,928,400,true,true
"std-sort","Reverse",100,60,928,400,true,true
"std-sort","Reverse",100,61,928,600,true,true
"std-sort","Reverse",100,62,1024,500,true,true
"std-sort","Reverse",100,63,1024,600,true,true
"std-sort","Reverse",100,64,1056,400,true,true
"std-sort","Reverse",100,65,1056,400,true,true
"std-sort","Reverse",100,66,960,400,true,true
"std-sort","Reverse",100,67,960,400,true,true
"std-sort","Reverse",100,68,960,400,true,true
"std-sort","Reverse",100,69,960,400,true,true
"std-sort","Reverse",100,70,960,500,true,true
"std-sort","Reverse",100,71,960,600,true,true
"std-sort","Reverse",100,72,960,400,true,true
"std-sort","Reverse",100,73,960,500,true,true
"std-sort","Reverse",100,74,960,500,true,true
"std-sort","Reverse",100,75,960,400,true,true
"std-sort","Reverse",100,76,960,400,true,true
"std-sort","Reverse",100,77,960,400,true,true
"std-sort","Reverse",100,78,960,400,true,true
"std-sort","Reverse",100,79,960,400,true,true
"std-sort","Reverse",100,80,928,400,true,true
"std-sort","Reverse",100,81,960,400,true,true
"std-sort","Reverse",100,82,960,400,true,true
"std-sort","Reverse",100,83,960,400,true,true
"std-sort","Reverse",100,84,960,400,true,true
"std-sort","Reverse",100,85,960,500,true,true
"std-sort","Reverse",100,86,992,400,true,true
"std-sort","Reverse",100,87,960,500,true,true
"std-sort","Reverse",100,88,960,400,true,true
"std-sort","Reverse",100,89,960,400,true,true
"std-sort","Reverse",100,90,960,400,true,true
"std-sort","Reverse",100,91,960,400,true,true
"std-sort","Reverse",100,92,960,400,true,true
"std-sort","Reverse",100,93,960,400,true,true
"std-sort","Reverse",100,94,928,400,true,true
"std-sort","Reverse",100,95,960,400,true,true
"std-sort","Reverse",100,96,960,400,true,true
"std-sort","Reverse",100,97,960,400,true,true
"std-sort","Reverse",100,98,960,400,true,true
"std-sort","Reverse",100,99,960,400,true,true
"std-stable-sort","Reverse",100,0,3488,1300,true,true
"std-stable-sort","Reverse",100,1,3584,1200,true,true
"std-stable-sort","Reverse",100,2,3520,1200,true,true
"std-stable-sort","Reverse",100,3,3552,1200,true,true
"std-stable-sort","Reverse",100,4,3584,1200,true,true
"std-stable-sort","Reverse",100,5,3552,1300,true,true
"std-stable-sort","Reverse",100,6,3520,1400,true,true
"std-stable-sort","Reverse",100,7,3488,1500,true,true
"std-stable-sort","Reverse",100,8,3552,1500,true,true
"std-stable-sort","Reverse",100,9,4736,1800,true,true
"std-stable-sort","Reverse",100,10,3520,1300,true,true
"std-stable-sort","Reverse",100,11,3520,1200,true,true
"std-stable-sort","Reverse",100,12,3424,1400,true,true
"std-stable-sort","Reverse",100,13,3520,1500,true,true
"std-stable-sort","Reverse",100,14,3520,1300,true,true
"std-stable-sort","Reverse",100,15,3520,1500,true,true
"std-stable-sort","Reverse",100,16,3552,1300,true,true
"std-stable-sort","Reverse",100,17,3456,1400,true,true
"std-stable-sort","Reverse",100,18,3520,1200,true,true
"std-stable-sort","Reverse",100,19,3488,1500,true,true
"std-stable-sort","Reverse",100,20,3456,1300,true,true
"std-stable-sort","Reverse",100,21,3520,1400,true,true
"std-stable-sort","Reverse",100,22,3456,1400,true,true
"std-stable-sort","Reverse",100,23,3488,1500,true,true
"std-stable-sort","Reverse",100,24,3520,1500,true,true
"std-stable-sort","Reverse",100,25,3456,1300,true,true
"std-stable-sort","Reverse",100,26,3488,1200,true,true
"std-stable-sort","Reverse",100,27,3520,1200,true,true
"std-stable-sort","Reverse",100,28,3456,1200,true,true
"std-stable-sort","Reverse",100,29,3456,1200,true,true
"std-stable-sort","Reverse",100,30,3488,1300,true,true
"std-stable-sort","Reverse",100,31,3456,1200,true,true
"std-stable-sort","Reverse",100,32,3488,1200,true,true
"std-stable-sort","Reverse",100,33,3552,1300,true,true
"std-stable-sort","Reverse",100,34,3552,1300,true,true
"std-stable-sort","Reverse",100,35,3520,1300,true,true
"std-stable-sort","Reverse",100,36,3520,1200,true,true
"std-stable-sort","Reverse",100,37,3488,1200,true,true
"std-stable-sort","Reverse",100,38,3520,1200,true,true
"std-stable-sort","Reverse",100,39,3520,1200,true,true
"std-stable-sort","Reverse",100,40,3488,1200,true,true
"std-stable-sort","Reverse",100,41,3520,1200,true,true
"std-stable-sort","Reverse",100,42,3520,1200,true,true
"std-stable-sort","Reverse",100,43,3520,1200,true,true
"std-stable-sort","Reverse",100,44,3552,1200,true,true
"std-stable-sort","Reverse",100,45,3488,1200,true,true
"std-stable-sort","Reverse",100,46,3488,1200,true,true
"std-stable-sort","Reverse",100,47,3520,1300,true,true
"std-stable-sort","Reverse",100,48,3520,1200,true,true
"std-stable-sort","Reverse",100,49,3488,1200,true,true
"std-stable-sort","Reverse",100,50,3520,1200,true,true
"std-stable-sort","Reverse",100,51,3488,1200,true,true
"std-stable-sort","Reverse",100,52,3488,1200,true,true
"std-stable-sort","Reverse",100,53,3552,1200,true,true
"std-stable-sort","Reverse",100,54,3520,1200,true,true
"std-stable-sort","Reverse",100,55,3680,1300,true,true
"std-stable-sort","Reverse",100,56,3488,1300,true,true
"std-stable-sort","Reverse",100,57,3520,1300,true,true
"std-stable-sort","Reverse",100,58,3456,1300,true,true
"std-stable-sort","Reverse",100,59,3520,1300,true,true
"std-stable-sort","Reverse",100,60,3488,1300,true,true
"std-stable-sort","Reverse",100,61,3520,1300,true,true
"std-stable-sort","Reverse",100,62,3520,1300,true,true
"std-stable-sort","Reverse",100,63,3520,1400,true,true
"std-stable-sort","Reverse",100,64,3520,1300,true,true
"std-stable-sort","Reverse",100,65,3584,1200,true,true
"std-stable-sort","Reverse",100,66,3552,1200,true,true
"std-stable-sort","Reverse",100,67,3488,1300,true,true
"std-stable-sort","Reverse",100,68,3488,1400,true,true
"std-stable-sort","Reverse",100,69,3488,1200,true,true
"std-stable-sort","Reverse",100,70,3520,1200,true,true
"std-stable-sort","Reverse",100,71,3488,1300,true,true
"std-stable-sort","Reverse",100,72,3488,1200,true,true
"std-stable-sort","Reverse",100,73,3488,1300,true,true
"std-stable-sort","Reverse",100,74,3488,1300,true,true
"std-stable-sort","Reverse",100,75,3520,1300,true,true
"std-stable-sort","Reverse",100,76,3488,1400,true,true
"std-stable-sort","Reverse",100,77,3488,1300,true,true
"std-stable-sort","Reverse",100,78,3456,1300,true,true
"std-stable-sort","Reverse",100,79,3488,1300,true,true
"std-stable-sort","Reverse",100,80,3488,1200,true,true
"std-stable-sort","Reverse",100,81,3456,1200,true,true
"std-stable-sort","Reverse",100,82,3488,1200,true,true
"std-stable-sort","Reverse",100,83,3488,1200,true,true
"std-stable-sort","Reverse",100,84,3456,1200,true,true
"std-stable-sort","Reverse",100,85,3488,1200,true,true
"std-stable-sort","Reverse",100,86,3488,1200,true,true
"std-stable-sort","Reverse",100,87,3456,1200,true,true
"std-stable-sort","Reverse",100,88,3488,1200,true,true
"std-stable-sort","Reverse",100,89,3488,1200,true,true
"std-stable-sort","Reverse",100,90,3456,1200,true,true
"std-stable-sort","Reverse",100,91,3488,1200,true,true
"std-stable-sort","Reverse",100,92,3456,1200,true,true
"std-stable-sort","Reverse",100,93,3456,1200,true,true
"std-stable-sort","Reverse",100,94,3488,1200,true,true
"std-stable-sort","Reverse",100,95,3520,1200,true,true
"std-stable-sort","Reverse",100,96,3488,1200,true,true
"std-stable-sort","Reverse",100,97,3456,1200,true,true
"std-stable-sort","Reverse",100,98,3520,1200,true,true
"std-stable-sort","Reverse",100,99,3520,1200,true,true
"bubble","Reverse",500,0,329280,103200,true,true
"bubble","Reverse",500,1,329312,103300,true,true
"bubble","Reverse",500,2,329312,103200,true,true
"bubble","Reverse",500,3,329376,103300,true,true
"bubble","Reverse",500,4,329376,103200,true,true
"bubble","Reverse",500,5,329344,103300,true,true
"bubble","Reverse",500,6,329536,103300,true,true
"bubble","Reverse",500,7,329440,103400,true,true
"bubble","Reverse",500,8,390176,122500,true,true
"bubble","Reverse",500,9,329312,103200,true,true
"bubble","Reverse",500,10,329408,103300,true,true
"bubble","Reverse",500,11,329280,103300,true,true
"bubble","Reverse",500,12,329632,103500,true,true
"bubble","Reverse",500,13,329472,103400,true,true
"bubble","Reverse",500,14,329408,103400,true,true
"bubble","Reverse",500,15,329312,103400,true,true
"bubble","Reverse",500,16,330144,103500,true,true
"bubble","Reverse",500,17,377184,118200,true,true
"bubble","Reverse",500,18,329504,103300,true,true
"bubble","Reverse",500,19,329376,103400,true,true
"bubble","Reverse",500,20,329408,103200,true,true
"bubble","Reverse",500,21,329280,103300,true,true
"bubble","Reverse",500,22,329280,103400,true,true
"bubble","Reverse",500,23,329344,103400,true,true
"bubble","Reverse",500,24,329376,103400,true,true
"bubble","Reverse",500,25,329632,103600,true,true
"bubble","Reverse",500,26,329312,103400,true,true
"bubble","Reverse",500,27,388864,122100,true,true
"bubble","Reverse",500,28,329472,103300,true,true
"bubble","Reverse",500,29,329280,103200,true,true
"bubble","Reverse",500,30,329440,103300,true,true
"bubble","Reverse",500,31,329344,103500,true,true
"bubble","Reverse",500,32,329408,103400,true,true
"bubble","Reverse",500,33,329312,103200,true,true
"bubble","Reverse",500,34,329216,103200,true,true
"bubble","Reverse",500,35,329440,103300,true,true
"bubble","Reverse",500,36,376896,118200,true,true
"bubble","Reverse",500,37,329312,103200,true,true
"bubble","Reverse",500,38,329376,103300,true,true
"bubble","Reverse",500,39,329440,103200,true,true
"bubble","Reverse",500,40,329504,103300,true,true
"bubble","Reverse",500,41,329568,103300,true,true
"bubble","Reverse",500,42,329280,103200,true,true
"bubble","Reverse",500,43,329632,103400,true,true
"bubble","Reverse",500,44,329312,103300,true,true
"bubble","Reverse",500,45,329344,103300,true,true
"bubble","Reverse",500,46,391552,122700,true,true
"bubble","Reverse",500,47,329472,103300,true,true
"bubble","Reverse",500,48,329248,103200,true,true
"bubble","Reverse",500,49,329504,103300,true,true
"bubble","Reverse",500,50,352288,110400,true,true
"bubble","Reverse",500,51,404192,126700,true,true
"bubble","Reverse",500,52,357696,112300,true,true
"bubble","Reverse",500,53,374752,117800,true,true
"bubble","Reverse",500,54,339904,106600,true,true
"bubble","Reverse",500,55,407136,127600,true,true
"bubble","Reverse",500,56,329152,103200,true,true
"bubble","Reverse",500,57,329280,103200,true,true
"bubble","Reverse",500,58,329312,103400,true,true
"bubble","Reverse",500,59,329408,103400,true,true
"bubble","Reverse",500,60,329248,103400,true,true
"bubble","Reverse",500,61,329920,103600,true,true
"bubble","Reverse",500,62,354080,111100,true,true
"bubble","Reverse",500,63,329312,103300,true,true
"bubble","Reverse",500,64,382080,119700,true,true
"bubble","Reverse",500,65,329152,103200,true,true
"bubble","Reverse",500,66,329280,103200,true,true
"bubble","Reverse",500,67,329312,103300,true,true
"bubble","Reverse",500,68,329376,103300,true,true
"bubble","Reverse",500,69,329280,103200,true,true
"bubble","Reverse",500,70,329504,103300,true,true
"bubble","Reverse",500,71,419872,131700,true,true
"bubble","Reverse",500,72,329184,103300,true,true
"bubble","Reverse",500,73,402400,126200,true,true
"bubble","Reverse",500,74,329248,103200,true,true
"bubble","Reverse",500,75,329248,103200,true,true
"bubble","Reverse",500,76,329344,103300,true,true
"bubble","Reverse",500,77,329536,103500,true,true
"bubble","Reverse",500,78,329408,103500,true,true
"bubble","Reverse",500,79,329344,103400,true,true
"bubble","Reverse",500,80,329440,103400,true,true
"bubble","Reverse",500,81,349216,109600,true,true
"bubble","Reverse",500,82,382144,119800,true,true
"bubble","Reverse",500,83,326432,102300,true,true
"bubble","Reverse",500,84,327840,102800,true,true
"bubble","Reverse",500,85,328928,103100,true,true
"bubble","Reverse",500,86,329536,103300,true,true
"bubble","Reverse",500,87,329568,103300,true,true
"bubble","Reverse",500,88,329280,103200,true,true
"bubble","Reverse",500,89,329472,103300,true,true
"bubble","Reverse",500,90,329504,103300,true,true
"bubble","Reverse",500,91,329376,103300,true,true
"bubble","Reverse",500,92,378656,118700,true,true
"bubble","Reverse",500,93,329344,103300,true,true
"bubble","Reverse",500,94,329408,103200,true,true
"bubble","Reverse",500,95,329600,103300,true,true
"bubble","Reverse",500,96,329600,103300,true,true
"bubble","Reverse",500,97,329440,103400,true,true
"bubble","Reverse",500,98,329408,103500,true,true
"bubble","Reverse",500,99,329472,103500,true,true
"insertion","Reverse",500,0,229568,72000,true,true
"insertion","Reverse",500,1,229408,71900,true,true
"insertion","Reverse",500,2,229568,72000,true,true
"insertion","Reverse",500,3,229600,72000,true,true
"insertion","Reverse",500,4,229600,72000,true,true
"insertion","Reverse",500,5,229568,71900,true,true
"insertion","Reverse",500,6,253408,79500,true,true
"insertion","Reverse",500,7,229472,72000,true,true
"insertion","Reverse",500,8,229504,72000,true,true
"insertion","Reverse",500,9,275392,86400,true,true
"insertion","Reverse",500,10,229408,71900,true,true
"insertion","Reverse",500,11,229568,72000,true,true
"insertion","Reverse",500,12,229440,71900,true,true
"insertion","Reverse",500,13,229536,72600,true,true
"insertion","Reverse",500,14,229568,72200,true,true
"insertion","Reverse",500,15,229568,72200,true,true
"insertion","Reverse",500,16,229504,72100,true,true
"insertion","Reverse",500,17,229536,72100,true,true
"insertion","Reverse",500,18,229568,72100,true,true
"insertion","Reverse",500,19,229568,72100,true,true
"insertion","Reverse",500,20,229536,72200,true,true
"insertion","Reverse",500,21,229504,72100,true,true
"insertion","Reverse",500,22,276800,87100,true,true
"insertion","Reverse",500,23,229536,72000,true,true
"insertion","Reverse",500,24,229408,71900,true,true
"insertion","Reverse",500,25,229568,72000,true,true
"insertion","Reverse",500,26,229568,72000,true,true
"insertion","Reverse",500,27,229536,72000,true,true
"insertion","Reverse",500,28,229568,72000,true,true
"insertion","Reverse",500,29,229568,72000,true,true
"insertion","Reverse",500,30,229568,72000,true,true
"insertion","Reverse",500,31,229600,72000,true,true
"insertion","Reverse",500,32,229568,72000,true,true
"insertion","Reverse",500,33,244416,76700,true,true
"insertion","Reverse",500,34,229472,72000,true,true
"insertion","Reverse",500,35,229568,72000,true,true
"insertion","Reverse",500,36,277664,87000,true,true
"insertion","Reverse",500,37,229408,71900,true,true
"insertion","Reverse",500,38,229472,72100,true,true
"insertion","Reverse",500,39,229568,72000,true,true
"insertion","Reverse",500,40,229472,71900,true,true
"insertion","Reverse",500,41,229376,72000,true,true
"insertion","Reverse",500,42,229568,72200,true,true
"insertion","Reverse",500,43,229600,72100,true,true
"insertion","Reverse",500,44,229600,72300,true,true
"insertion","Reverse",500,45,229536,72200,true,true
"insertion","Reverse",500,46,229568,72100,true,true
"insertion","Reverse",500,47,229568,72100,true,true
"insertion","Reverse",500,48,229600,72000,true,true
"insertion","Reverse",500,49,274528,86100,true,true
"insertion","Reverse",500,50,229568,72000,true,true
"insertion","Reverse",500,51,229504,72000,true,true
"insertion","Reverse",500,52,229568,71900,true,true
"insertion","Reverse",500,53,229600,72000,true,true
"insertion","Reverse",500,54,229600,72000,true,true
"insertion","Reverse",500,55,229568,72000,true,true
"insertion","Reverse",500,56,229600,72000,true,true
"insertion","Reverse",500,57,229600,72000,true,true
"insertion","Reverse",500,58,229600,72000,true,true
"insertion","Reverse",500,59,229536,72000,true,true
"insertion","Reverse",500,60,244800,76700,true,true
"insertion","Reverse",500,61,229600,72000,true,true
"insertion","Reverse",500,62,229568,72200,true,true
"insertion","Reverse",500,63,278304,87400,true,true
"insertion","Reverse",500,64,229472,71900,true,true
"insertion","Reverse",500,65,229568,72000,true,true
"insertion","Reverse",500,66,229536,72000,true,true
"insertion","Reverse",500,67,229536,72000,true,true
"insertion","Reverse",500,68,229568,72200,true,true
"insertion","Reverse",500,69,229536,72300,true,true
"insertion","Reverse",500,70,229568,72200,true,true
"insertion","Reverse",500,71,229536,72100,true,true
"insertion","Reverse",500,72,229600,72300,true,true
"insertion","Reverse",500,73,229568,72300,true,true
"insertion","Reverse",500,74,229568,72100,true,true
"insertion","Reverse",500,75,229568,72300,true,true
"insertion","Reverse",500,76,274528,86200,true,true
"insertion","Reverse",500,77,229504,72800,true,true
"insertion","Reverse",500,78,229536,72100,true,true
"insertion","Reverse",500,79,229600,72100,true,true
"insertion","Reverse",500,80,229504,72300,true,true
"insertion","Reverse",500,81,229632,72100,true,true
"insertion","Reverse",500,82,229600,72300,true,true
"insertion","Reverse",500,83,229600,72000,true,true
"insertion","Reverse",500,84,229600,72000,true,true
"insertion","Reverse",500,85,229568,72000,true,true
"insertion","Reverse",500,86,230368,72400,true,true
"insertion","Reverse",500,87,229568,72100,true,true
"insertion","Reverse",500,88,229632,72000,true,true
"insertion","Reverse",500,89,229568,72100,true,true
"insertion","Reverse",500,90,279168,87700,true,true
"insertion","Reverse",500,91,229632,72000,true,true
"insertion","Reverse",500,92,229408,72000,true,true
"insertion","Reverse",500,93,229568,72000,true,true
"insertion","Reverse",500,94,229632,72000,true,true
"insertion","Reverse",500,95,229600,72000,true,true
"insertion","Reverse",500,96,229568,72000,true,true
"insertion","Reverse",500,97,229600,72000,true,true
"insertion","Reverse",500,98,229568,72000,true,true
"insertion","Reverse",500,99,229568,71900,true,true
"selection","Reverse",500,0,247744,77700,true,true
"selection","Reverse",500,1,354336,111200,true,true
"selection","Reverse",500,2,343008,107700,true,true
"selection","Reverse",500,3,633955,199800,true,true
"selection","Reverse",500,4,545088,171000,true,true
"selection","Reverse",500,5,452960,142000,true,true
"selection","Reverse",500,6,452448,141800,true,true
"selection","Reverse",500,7,255776,80200,true,true
"selection","Reverse",500,8,249664,78300,true,true
"selection","Reverse",500,9,249312,78100,true,true
"selection","Reverse",500,10,339936,106600,true,true
"selection","Reverse",500,11,248960,78100,true,true
"selection","Reverse",500,12,249024,78000,true,true
"selection","Reverse",500,13,248640,78000,true,true
"selection","Reverse",500,14,249024,78100,true,true
"selection","Reverse",500,15,248000,77800,true,true
"selection","Reverse",500,16,248928,78000,true,true
"selection","Reverse",500,17,248768,78000,true,true
"selection","Reverse",500,18,247680,77800,true,true
"selection","Reverse",500,19,248640,78100,true,true
"selection","Reverse",500,20,274304,86100,true,true
"selection","Reverse",500,21,247808,77700,true,true
"selection","Reverse",500,22,307104,96300,true,true
"selection","Reverse",500,23,248736,78000,true,true
"selection","Reverse",500,24,425056,133200,true,true
"selection","Reverse",500,25,387488,121500,true,true
"selection","Reverse",500,26,393440,123400,true,true
"selection","Reverse",500,27,368416,115500,true,true
"selection","Reverse",500,28,381184,119500,true,true
"selection","Reverse",500,29,248128,77800,true,true
"selection","Reverse",500,30,247552,77700,true,true
"selection","Reverse",500,31,333248,104500,true,true
"selection","Reverse",500,32,345760,108500,true,true
"selection","Reverse",500,33,308704,96800,true,true
"selection","Reverse",500,34,249888,78400,true,true
"selection","Reverse",500,35,249152,78100,true,true
"selection","Reverse",500,36,249408,78200,true,true
"selection","Reverse",500,37,248896,78300,true,true
"selection","Reverse",500,38,247808,77900,true,true
"selection","Reverse",500,39,248416,78100,true,true
"selection","Reverse",500,40,247552,77800,true,true
"selection","Reverse",500,41,277056,87100,true,true
"selection","Reverse",500,42,248448,77900,true,true
"selection","Reverse",500,43,312864,98100,true,true
"selection","Reverse",500,44,249088,78100,true,true
"selection","Reverse",500,45,248896,78000,true,true
"selection","Reverse",500,46,248672,78000,true,true
"selection","Reverse",500,47,249344,78200,true,true
"selection","Reverse",500,48,247712,77700,true,true
"selection","Reverse",500,49,248608,77900,true,true
"selection","Reverse",500,50,248512,77900,true,true
"selection","Reverse",500,51,248672,78000,true,true
"selection","Reverse",500,52,248608,78200,true,true
"selection","Reverse",500,53,248640,78100,true,true
"selection","Reverse",500,54,247648,77700,true,true
"selection","Reverse",500,55,298976,93700,true,true
"selection","Reverse",500,56,247360,77600,true,true
"selection","Reverse",500,57,247360,77600,true,true
"selection","Reverse",500,58,247360,77600,true,true
"selection","Reverse",500,59,247264,77500,true,true
"selection","Reverse",500,60,247232,77500,true,true
"selection","Reverse",500,61,247296,77500,true,true
"selection","Reverse",500,62,247200,77500,true,true
"selection","Reverse",500,63,247168,77800,true,true
"selection","Reverse",500,64,247392,77500,true,true
"selection","Reverse",500,65,247520,77700,true,true
"selection","Reverse",500,66,263936,83000,true,true
"selection","Reverse",500,67,247520,77700,true,true
"selection","Reverse",500,68,293056,91900,true,true
"selection","Reverse",500,69,248352,77900,true,true
"selection","Reverse",500,70,248416,77900,true,true
"selection","Reverse",500,71,248256,77800,true,true
"selection","Reverse",500,72,248288,77800,true,true
"selection","Reverse",500,73,247296,77600,true,true
"selection","Reverse",500,74,248192,77800,true,true
"selection","Reverse",500,75,248256,77900,true,true
"selection","Reverse",500,76,247264,77500,true,true
"selection","Reverse",500,77,248224,77800,true,true
"selection","Reverse",500,78,248160,77800,true,true
"selection","Reverse",500,79,248224,77800,true,true
"selection","Reverse",500,80,293664,92100,true,true
"selection","Reverse",500,81,248640,77900,true,true
"selection","Reverse",500,82,248320,78200,true,true
"selection","Reverse",500,83,248256,77900,true,true
"selection","Reverse",500,84,248224,78400,true,true
"selection","Reverse",500,85,248192,78100,true,true
"selection","Reverse",500,86,248160,78100,true,true
"selection","Reverse",500,87,248224,78200,true,true
"selection","Reverse",500,88,248128,77800,true,true
"selection","Reverse",500,89,248224,77800,true,true
"selection","Reverse",500,90,247232,77800,true,true
"selection","Reverse",500,91,265888,83700,true,true
"selection","Reverse",500,92,247136,77800,true,true
"selection","Reverse",500,93,294400,92300,true,true
"selection","Reverse",500,94,248480,77900,true,true
"selection","Reverse",500,95,248608,77900,true,true
"selection","Reverse",500,96,248608,78000,true,true
"selection","Reverse",500,97,248480,78000,true,true
"selection","Reverse",500,98,247680,77700,true,true
"selection","Reverse",500,99,248576,77900,true,true
"merge","Reverse",500,0,23360,7400,true,true
"merge","Reverse",500,1,23488,7400,true,true
"merge","Reverse",500,2,23456,7400,true,true
"merge","Reverse",500,3,23360,7400,true,true
"merge","Reverse",500,4,23776,7600,true,true
"merge","Reverse",500,5,23840,7600,true,true
"merge","Reverse",500,6,23456,7500,true,true
"merge","Reverse",500,7,23744,7600,true,true
"merge","Reverse",500,8,23776,7500,true,true
"merge","Reverse",500,9,23488,7400,true,true
"merge","Reverse",500,10,23808,7700,true,true
"merge","Reverse",500,11,23552,7500,true,true
"merge","Reverse",500,12,23872,7600,true,true
"merge","Reverse",500,13,23424,7400,true,true
"merge","Reverse",500,14,23456,7500,true,true
"merge","Reverse",500,15,23904,7600,true,true
"merge","Reverse",500,16,23520,7400,true,true
"merge","Reverse",500,17,23936,7600,true,true
"merge","Reverse",500,18,23584,7500,true,true
"merge","Reverse",500,19,23808,7600,true,true
"merge","Reverse",500,20,23872,7500,true,true
"merge","Reverse",500,21,23520,7500,true,true
"merge","Reverse",500,22,23776,7600,true,true
"merge","Reverse",500,23,23808,7600,true,true
"merge","Reverse",500,24,23488,7500,true,true
"merge","Reverse",500,25,23424,7400,true,true
"merge","Reverse",500,26,23328,7400,true,true
"merge","Reverse",500,27,23424,7400,true,true
"merge","Reverse",500,28,23776,7600,true,true
"merge","Reverse",500,29,23552,7500,true,true
"merge","Reverse",500,30,23808,7600,true,true
"merge","Reverse",500,31,23456,7500,true,true
"merge","Reverse",500,32,23840,7600,true,true
"merge","Reverse",500,33,23456,7500,true,true
"merge","Reverse",500,34,23584,7600,true,true
"merge","Reverse",500,35,23776,7600,true,true
"merge","Reverse",500,36,23456,7500,true,true
"merge","Reverse",500,37,23744,7600,true,true
"merge","Reverse",500,38,23360,7400,true,true
"merge","Reverse",500,39,23744,7500,true,true
"merge","Reverse",500,40,23520,7500,true,true
"merge","Reverse",500,41,23744,7500,true,true
"merge","Reverse",500,42,23776,7600,true,true
"merge","Reverse",500,43,23456,7400,true,true
"merge","Reverse",500,44,23840,7600,true,true
"merge","Reverse",500,45,23424,7400,true,true
"merge","Reverse",500,46,23776,7500,true,true
"merge","Reverse",500,47,23296,7400,true,true
"merge","Reverse",500,48,23840,7600,true,true
"merge","Reverse",500,49,23616,7500,true,true
"merge","Reverse",500,50,23808,7500,true,true
"merge","Reverse",500,51,23648,7500,true,true
"merge","Reverse",500,52,23392,7500,true,true
"merge","Reverse",500,53,23872,7800,true,true
"merge","Reverse",500,54,23488,7500,true,true
"merge","Reverse",500,55,23840,7600,true,true
"merge","Reverse",500,56,23392,7400,true,true
"merge","Reverse",500,57,23744,7500,true,true
"merge","Reverse",500,58,24032,7600,true,true
"merge","Reverse",500,59,23648,7500,true,true
"merge","Reverse",500,60,23872,7600,true,true
"merge","Reverse",500,61,23488,7500,true,true
"merge","Reverse",500,62,23776,7600,true,true
"merge","Reverse",500,63,23872,7600,true,true
"merge","Reverse",500,64,23552,7500,true,true
"merge","Reverse",500,65,23584,7500,true,true
"merge","Reverse",500,66,23488,7500,true,true
"merge","Reverse",500,67,24032,7600,true,true
"merge","Reverse",500,68,23488,7500,true,true
"merge","Reverse",500,69,23968,7600,true,true
"merge","Reverse",500,70,23456,7400,true,true
"merge","Reverse",500,71,23840,7600,true,true
"merge","Reverse",500,72,23648,7500,true,true
"merge","Reverse",500,73,24064,7600,true,true
"merge","Reverse",500,74,24384,7800,true,true
"merge","Reverse",500,75,24320,7700,true,true
"merge","Reverse",500,76,24320,7700,true,true
"merge","Reverse",500,77,23712,7500,true,true
"merge","Reverse",500,78,23456,7500,true,true
"merge","Reverse",500,79,23392,7400,true,true
"merge","Reverse",500,80,23808,7600,true,true
"merge","Reverse",500,81,23744,7600,true,true
"merge","Reverse",500,82,23392,7500,true,true
"merge","Reverse",500,83,23424,7500,true,true
"merge","Reverse",500,84,23392,7400,true,true
"merge","Reverse",500,85,23392,7400,true,true
"merge","Reverse",500,86,23392,7500,true,true
"merge","Reverse",500,87,23904,7600,true,true
"merge","Reverse",500,88,23520,7500,true,true
"merge","Reverse",500,89,23840,7600,true,true
"merge","Reverse",500,90,23424,7400,true,true
"merge","Reverse",500,91,23744,7600,true,true
"merge","Reverse",500,92,23680,7600,true,true
"merge","Reverse",500,93,23328,7400,true,true
"merge","Reverse",500,94,23744,7600,true,true
"merge","Reverse",500,95,23360,7400,true,true
"merge","Reverse",500,96,23360,7400,true,true
"merge","Reverse",500,97,23840,7600,true,true
"merge","Reverse",500,98,23520,7400,true,true
"merge","Reverse",500,99,23488,7500,true,true
"quicksort","Reverse",500,0,10624,3500,true,true
"quicksort","Reverse",500,1,10688,3400,true,true
"quicksort","Reverse",500,2,10720,3500,true,true
"quicksort","Reverse",500,3,10720,3500,true,true
"quicksort","Reverse",500,4,10624,3400,true,true
"quicksort","Reverse",500,5,10656,3500,true,true
"quicksort","Reverse",500,6,10592,3400,true,true
"quicksort","Reverse",500,7,10592,3400,true,true
"quicksort","Reverse",500,8,10592,3400,true,true
"quicksort","Reverse",500,9,10784,3500,true,true
"quicksort","Reverse",500,10,10656,3400,true,true
"quicksort","Reverse",500,11,10624,3400,true,true
"quicksort","Reverse",500,12,10624,3400,true,true
"quicksort","Reverse",500,13,10624,3500,true,true
"quicksort","Reverse",500,14,10656,3500,true,true
"quicksort","Reverse",500,15,10656,3500,true,true
"quicksort","Reverse",500,16,10624,3400,true,true
"quicksort","Reverse",500,17,10752,3500,true,true
"quicksort","Reverse",500,18,10624,3500,true,true
"quicksort","Reverse",500,19,10624,3500,true,true
"quicksort","Reverse",500,20,10624,3400,true,true
"quicksort","Reverse",500,21,10624,3400,true,true
"quicksort","Reverse",500,22,10656,3400,true,true
"quicksort","Reverse",500,23,10624,3400,true,true
"quicksort","Reverse",500,24,10624,3400,true,true
"quicksort","Reverse",500,25,10624,3500,true,true
"quicksort","Reverse",500,26,10624,3500,true,true
"quicksort","Reverse",500,27,10656,3500,true,true
"quicksort","Reverse",500,28,10656,3500,true,true
"quicksort","Reverse",500,29,10624,3400,true,true
"quicksort","Reverse",500,30,10624,3400,true,true
"quicksort","Reverse",500,31,10624,3400,true,true
"quicksort","Reverse",500,32,10624,3400,true,true
"quicksort","Reverse",500,33,10784,3500,true,true
"quicksort","Reverse",500,34,10688,3400,true,true
"quicksort","Reverse",500,35,10656,3500,true,true
"quicksort","Reverse",500,36,10656,3500,true,true
"quicksort","Reverse",500,37,10656,3400,true,true
"quicksort","Reverse",500,38,10656,3400,true,true
"quicksort","Reverse",500,39,10656,3500,true,true
"quicksort","Reverse",500,40,10656,3600,true,true
"quicksort","Reverse",500,41,10656,3500,true,true
"quicksort","Reverse",500,42,10656,3500,true,true
"quicksort","Reverse",500,43,10656,3400,true,true
"quicksort","Reverse",500,44,10656,3400,true,true
"quicksort","Reverse",500,45,10656,3500,true,true
"quicksort","Reverse",500,46,10624,3500,true,true
"quicksort","Reverse",500,47,10624,3500,true,true
"quicksort","Reverse",500,48,10624,3400,true,true
"quicksort","Reverse",500,49,10656,3400,true,true
"quicksort","Reverse",500,50,10656,3400,true,true
"quicksort","Reverse",500,51,10656,3500,true,true
"quicksort","Reverse",500,52,10656,3500,true,true
"quicksort","Reverse",500,53,10656,3400,true,true
"quicksort","Reverse",500,54,10656,3400,true,true
"quicksort","Reverse",500,55,10656,3500,true,true
"quicksort","Reverse",500,56,11456,3700,true,true
"quicksort","Reverse",500,57,11008,3600,true,true
"quicksort","Reverse",500,58,10976,3500,true,true
"quicksort","Reverse",500,59,10976,3600,true,true
"quicksort","Reverse",500,60,10976,3600,true,true
"quicksort","Reverse",500,61,10976,3500,true,true
"quicksort","Reverse",500,62,10944,3500,true,true
"quicksort","Reverse",500,63,10944,3600,true,true
"quicksort","Reverse",500,64,10976,3600,true,true
"quicksort","Reverse",500,65,11264,3700,true,true
"quicksort","Reverse",500,66,11040,3500,true,true
"quicksort","Reverse",500,67,11040,3600,true,true
"quicksort","Reverse",500,68,11008,3500,true,true
"quicksort","Reverse",500,69,10976,3500,true,true
"quicksort","Reverse",500,70,11008,3600,true,true
"quicksort","Reverse",500,71,11008,3500,true,true
"quicksort","Reverse",500,72,11040,3600,true,true
"quicksort","Reverse",500,73,11040,3600,true,true
"quicksort","Reverse",500,74,11040,3500,true,true
"quicksort","Reverse",500,75,11008,3600,true,true
"quicksort","Reverse",500,76,11008,3500,true,true
"quicksort","Reverse",500,77,11008,3600,true,true
"quicksort","Reverse",500,78,11008,3600,true,true
"quicksort","Reverse",500,79,11008,3500,true,true
"quicksort","Reverse",500,80,11008,3600,true,true
"quicksort","Reverse",500,81,11008,3500,true,true
"quicksort","Reverse",500,82,11008,3600,true,true
"quicksort","Reverse",500,83,12000,21600,true,true
"quicksort","Reverse",500,84,11168,3600,true,true
"quicksort","Reverse",500,85,11136,3600,true,true
"quicksort","Reverse",500,86,11104,3600,true,true
"quicksort","Reverse",500,87,11104,3500,true,true
"quicksort","Reverse",500,88,11072,3600,true,true
"quicksort","Reverse",500,89,11040,3600,true,true
"quicksort","Reverse",500,90,11040,3600,true,true
"quicksort","Reverse",500,91,11072,3600,true,true
"quicksort","Reverse",500,92,11040,3600,true,true
"quicksort","Reverse",500,93,11072,3600,true,true
"quicksort","Reverse",500,94,11072,3600,true,true
"quicksort","Reverse",500,95,11072,3600,true,true
"quicksort","Reverse",500,96,11072,3500,true,true
"quicksort","Reverse",500,97,11072,3600,true,true
"quicksort","Reverse",500,98,11040,3500,true,true
"quicksort","Reverse",500,99,11072,3600,true,true
"heap","Reverse",500,0,27584,8800,true,true
"heap","Reverse",500,1,27584,8800,true,true
"heap","Reverse",500,2,27456,8700,true,true
"heap","Reverse",500,3,27584,8800,true,true
"heap","Reverse",500,4,27456,8700,true,true
"heap","Reverse",500,5,27392,8700,true,true
"heap","Reverse",500,6,27328,8600,true,true
"heap","Reverse",500,7,27552,8900,true,true
"heap","Reverse",500,8,27424,8700,true,true
"heap","Reverse",500,9,27424,8700,true,true
"heap","Reverse",500,10,27456,8700,true,true
"heap","Reverse",500,11,27360,8700,true,true
"heap","Reverse",500,12,27392,8600,true,true
"heap","Reverse",500,13,27392,8700,true,true
"heap","Reverse",500,14,27424,8700,true,true
"heap","Reverse",500,15,27552,8700,true,true
"heap","Reverse",500,16,27328,8700,true,true
"heap","Reverse",500,17,27456,8700,true,true
"heap","Reverse",500,18,27520,8800,true,true
"heap","Reverse",500,19,27360,8700,true,true
"heap","Reverse",500,20,27200,8600,true,true
"heap","Reverse",500,21,27264,8600,true,true
"heap","Reverse",500,22,27360,8700,true,true
"heap","Reverse",500,23,27520,8700,true,true
"heap","Reverse",500,24,27360,8600,true,true
"heap","Reverse",500,25,27328,8700,true,true
"heap","Reverse",500,26,27360,8700,true,true
"heap","Reverse",500,27,27232,8700,true,true
"heap","Reverse",500,28,27456,8700,true,true
"heap","Reverse",500,29,27552,8800,true,true
"heap","Reverse",500,30,27296,8700,true,true
"heap","Reverse",500,31,27328,8600,true,true
"heap","Reverse",500,32,27360,8700,true,true
"heap","Reverse",500,33,27424,8700,true,true
"heap","Reverse",500,34,27424,8800,true,true
"heap","Reverse",500,35,27424,8700,true,true
"heap","Reverse",500,36,27520,8700,true,true
"heap","Reverse",500,37,27424,8700,true,true
"heap","Reverse",500,38,27232,8800,true,true
"heap","Reverse",500,39,27552,8700,true,true
"heap","Reverse",500,40,27232,8600,true,true
"heap","Reverse",500,41,27360,8700,true,true
"heap","Reverse",500,42,27456,8700,true,true
"heap","Reverse",500,43,27456,8800,true,true
"heap","Reverse",500,44,27296,8700,true,true
"heap","Reverse",500,45,27712,8700,true,true
"heap","Reverse",500,46,27584,8800,true,true
"heap","Reverse",500,47,27296,8700,true,true
"heap","Reverse",500,48,27456,8700,true,true
"heap","Reverse",500,49,27552,8700,true,true
"heap","Reverse",500,50,27712,8800,true,true
"heap","Reverse",500,51,27424,8700,true,true
"heap","Reverse",500,52,27392,8700,true,true
"heap","Reverse",500,53,27424,8700,true,true
"heap","Reverse",500,54,27552,8800,true,true
"heap","Reverse",500,55,27424,8700,true,true
"heap","Reverse",500,56,27520,8700,true,true
"heap","Reverse",500,57,27456,8700,true,true
"heap","Reverse",500,58,27360,8700,true,true
"heap","Reverse",500,59,27552,8800,true,true
"heap","Reverse",500,60,27424,8700,true,true
"heap","Reverse",500,61,27392,8700,true,true
"heap","Reverse",500,62,27456,8700,true,true
"heap","Reverse",500,63,27712,8800,true,true
"heap","Reverse",500,64,27584,8800,true,true
"heap","Reverse",500,65,27488,8700,true,true
"heap","Reverse",500,66,27424,8700,true,true
"heap","Reverse",500,67,27424,8700,true,true
"heap","Reverse",500,68,27328,8700,true,true
"heap","Reverse",500,69,27456,8800,true,true
"heap","Reverse",500,70,83008,26200,true,true
"heap","Reverse",500,71,27520,8700,true,true
"heap","Reverse",500,72,27392,8700,true,true
"heap","Reverse",500,73,27456,8700,true,true
"heap","Reverse",500,74,27392,8700,true,true
"heap","Reverse",500,75,27456,8800,true,true
"heap","Reverse",500,76,27424,8700,true,true
"heap","Reverse",500,77,27104,8600,true,true
"heap","Reverse",500,78,27232,8600,true,true
"heap","Reverse",500,79,27296,8700,true,true
"heap","Reverse",500,80,27200,8700,true,true
"heap","Reverse",500,81,27328,8600,true,true
"heap","Reverse",500,82,27296,8700,true,true
"heap","Reverse",500,83,27328,8700,true,true
"heap","Reverse",500,84,27040,8600,true,true
"heap","Reverse",500,85,27392,8700,true,true
"heap","Reverse",500,86,27328,8700,true,true
"heap","Reverse",500,87,27328,8800,true,true
"heap","Reverse",500,88,27232,8600,true,true
"heap","Reverse",500,89,27360,8700,true,true
"heap","Reverse",500,90,27392,8700,true,true
"heap","Reverse",500,91,27168,8600,true,true
"heap","Reverse",500,92,27392,8700,true,true
"heap","Reverse",500,93,27264,8600,true,true
"heap","Reverse",500,94,27168,8600,true,true
"heap","Reverse",500,95,27232,8600,true,true
"heap","Reverse",500,96,27200,8600,true,true
"heap","Reverse",500,97,27168,8600,true,true
"heap","Reverse",500,98,27392,8700,true,true
"heap","Reverse",500,99,27232,8700,true,true
"std-sort","Reverse",500,0,5536,1900,true,true
"std-sort","Reverse",500,1,5536,1900,true,true
"std-sort","Reverse",500,2,5568,1900,true,true
"std-sort","Reverse",500,3,5536,1800,true,true
"std-sort","Reverse",500,4,5568,1900,true,true
"std-sort","Reverse",500,5,5536,1900,true,true
"std-sort","Reverse",500,6,5568,1800,true,true
"std-sort","Reverse",500,7,5632,1900,true,true
"std-sort","Reverse",500,8,5568,1800,true,true
"std-sort","Reverse",500,9,5632,1900,true,true
"std-sort","Reverse",500,10,5536,1900,true,true
"std-sort","Reverse",500,11,5568,1900,true,true
"std-sort","Reverse",500,12,5568,1800,true,true
"std-sort","Reverse",500,13,5536,1900,true,true
"std-sort","Reverse",500,14,5504,1900,true,true
"std-sort","Reverse",500,15,5536,1800,true,true
"std-sort","Reverse",500,16,5536,1900,true,true
"std-sort","Reverse",500,17,5632,1900,true,true
"std-sort","Reverse",500,18,5568,1800,true,true
"std-sort","Reverse",500,19,5568,1800,true,true
"std-sort","Reverse",500,20,5568,1900,true,true
"std-sort","Reverse",500,21,5568,1800,true,true
"std-sort","Reverse",500,22,5536,1800,true,true
"std-sort","Reverse",500,23,5536,1800,true,true
"std-sort","Reverse",500,24,5632,1900,true,true
"std-sort","Reverse",500,25,5536,1800,true,true
"std-sort","Reverse",500,26,5536,1900,true,true
"std-sort","Reverse",500,27,5568,1900,true,true
"std-sort","Reverse",500,28,5504,1900,true,true
"std-sort","Reverse",500,29,5568,1800,true,true
"std-sort","Reverse",500,30,5536,1800,true,true
"std-sort","Reverse",500,31,5568,1900,true,true
"std-sort","Reverse",500,32,5536,1900,true,true
"std-sort","Reverse",500,33,5632,1900,true,true
"std-sort","Reverse",500,34,5600,1900,true,true
"std-sort","Reverse",500,35,5600,1900,true,true
"std-sort","Reverse",500,36,5600,1800,true,true
"std-sort","Reverse",500,37,5568,1900,true,true
"std-sort","Reverse",500,38,5632,1900,true,true
"std-sort","Reverse",500,39,5568,1800,true,true
"std-sort","Reverse",500,40,5568,1900,true,true
"std-sort","Reverse",500,41,5568,1800,true,true
"std-sort","Reverse",500,42,5536,1800,true,true
"std-sort","Reverse",500,43,5568,1900,true,true
"std-sort","Reverse",500,44,5536,1900,true,true
"std-sort","Reverse",500,45,5504,1900,true,true
"std-sort","Reverse",500,46,5536,1800,true,true
"std-sort","Reverse",500,47,5536,1800,true,true
"std-sort","Reverse",500,48,5568,1900,true,true
"std-sort","Reverse",500,49,5568,1900,true,true
"std-sort","Reverse",500,50,5568,1800,true,true
"std-sort","Reverse",500,51,5568,1900,true,true
"std-sort","Reverse",500,52,5600,1900,true,true
"std-sort","Reverse",500,53,6016,2000,true,true
"std-sort","Reverse",500,54,5600,1900,true,true
"std-sort","Reverse",500,55,5760,1900,true,true
"std-sort","Reverse",500,56,5536,1800,true,true
"std-sort","Reverse",500,57,5568,1800,true,true
"std-sort","Reverse",500,58,5568,1900,true,true
"std-sort","Reverse",500,59,5536,1900,true,true
"std-sort","Reverse",500,60,5536,1800,true,true
"std-sort","Reverse",500,61,5568,1800,true,true
"std-sort","Reverse",500,62,5568,1900,true,true
"std-sort","Reverse",500,63,5568,1800,true,true
"std-sort","Reverse",500,64,5568,1900,true,true
"std-sort","Reverse",500,65,5664,1900,true,true
"std-sort","Reverse",500,66,5632,1900,true,true
"std-sort","Reverse",500,67,5632,1900,true,true
"std-sort","Reverse",500,68,5600,1900,true,true
"std-sort","Reverse",500,69,5568,1900,true,true
"std-sort","Reverse",500,70,5600,1800,true,true
"std-sort","Reverse",500,71,5632,1900,true,true
"std-sort","Reverse",500,72,5632,1900,true,true
"std-sort","Reverse",500,73,5600,1800,true,true
"std-sort","Reverse",500,74,5600,1900,true,true
"std-sort","Reverse",500,75,5664,1800,true,true
"std-sort","Reverse",500,76,5600,1900,true,true
"std-sort","Reverse",500,77,5568,1800,true,true
"std-sort","Reverse",500,78,5600,1900,true,true
"std-sort","Reverse",500,79,5568,1800,true,true
"std-sort","Reverse",500,80,5632,1900,true,true
"std-sort","Reverse",500,81,5568,1900,true,true
"std-sort","Reverse",500,82,5568,1800,true,true
"std-sort","Reverse",500,83,6048,2000,true,true
"std-sort","Reverse",500,84,5920,2000,true,true
"std-sort","Reverse",500,85,5984,2000,true,true
"std-sort","Reverse",500,86,5888,1900,true,true
"std-sort","Reverse",500,87,5920,2000,true,true
"std-sort","Reverse",500,88,6016,2000,true,true
"std-sort","Reverse",500,89,5952,2000,true,true
"std-sort","Reverse",500,90,5984,2000,true,true
"std-sort","Reverse",500,91,5600,1800,true,true
"std-sort","Reverse",500,92,5600,1900,true,true
"std-sort","Reverse",500,93,5600,1900,true,true
"std-sort","Reverse",500,94,5600,1800,true,true
"std-sort","Reverse",500,95,5600,1900,true,true
"std-sort","Reverse",500,96,5568,1800,true,true
"std-sort","Reverse",500,97,5600,1900,true,true
"std-sort","Reverse",500,98,5664,1800,true,true
"std-sort","Reverse",500,99,5600,1900,true,true
"std-stable-sort","Reverse",500,0,15936,5100,true,true
"std-stable-sort","Reverse",500,1,16032,5100,true,true
"std-stable-sort","Reverse",500,2,15776,5000,true,true
"std-stable-sort","Reverse",500,3,15936,5100,true,true
"std-stable-sort","Reverse",500,4,15808,5000,true,true
"std-stable-sort","Reverse",500,5,15936,5200,true,true
"std-stable-sort","Reverse",500,6,15840,5100,true,true
"std-stable-sort","Reverse",500,7,15936,5200,true,true
"std-stable-sort","Reverse",500,8,16000,5100,true,true
"std-stable-sort","Reverse",500,9,16224,5200,true,true
"std-stable-sort","Reverse",500,10,16352,5300,true,true
"std-stable-sort","Reverse",500,11,16160,5100,true,true
"std-stable-sort","Reverse",500,12,16448,5300,true,true
"std-stable-sort","Reverse",500,13,16160,5200,true,true
"std-stable-sort","Reverse",500,14,16288,5200,true,true
"std-stable-sort","Reverse",500,15,16192,5200,true,true
"std-stable-sort","Reverse",500,16,16352,5200,true,true
"std-stable-sort","Reverse",500,17,16160,5200,true,true
"std-stable-sort","Reverse",500,18,16384,5200,true,true
"std-stable-sort","Reverse",500,19,16096,5200,true,true
"std-stable-sort","Reverse",500,20,16480,5200,true,true
"std-stable-sort","Reverse",500,21,16064,5200,true,true
"std-stable-sort","Reverse",500,22,16320,5200,true,true
"std-stable-sort","Reverse",500,23,16192,5200,true,true
"std-stable-sort","Reverse",500,24,16384,5300,true,true
"std-stable-sort","Reverse",500,25,16416,5300,true,true
"std-stable-sort","Reverse",500,26,16160,5100,true,true
"std-stable-sort","Reverse",500,27,36032,11400,true,true
"std-stable-sort","Reverse",500,28,16096,5100,true,true
"std-stable-sort","Reverse",500,29,16384,5200,true,true
"std-stable-sort","Reverse",500,30,16128,5200,true,true
"std-stable-sort","Reverse",500,31,16064,5200,true,true
"std-stable-sort","Reverse",500,32,16320,5200,true,true
"std-stable-sort","Reverse",500,33,16448,5200,true,true
"std-stable-sort","Reverse",500,34,16480,5300,true,true
"std-stable-sort","Reverse",500,35,16064,5100,true,true
"std-stable-sort","Reverse",500,36,16352,5300,true,true
"std-stable-sort","Reverse",500,37,16128,5200,true,true
"std-stable-sort","Reverse",500,38,16352,5300,true,true
"std-stable-sort","Reverse",500,39,16096,5100,true,true
"std-stable-sort","Reverse",500,40,16384,5300,true,true
"std-stable-sort","Reverse",500,41,16352,5200,true,true
"std-stable-sort","Reverse",500,42,16352,5200,true,true
"std-stable-sort","Reverse",500,43,16128,5200,true,true
"std-stable-sort","Reverse",500,44,16352,5200,true,true
"std-stable-sort","Reverse",500,45,16128,5200,true,true
"std-stable-sort","Reverse",500,46,73216,23000,true,true
"std-stable-sort","Reverse",500,47,16160,5100,true,true
"std-stable-sort","Reverse",500,48,16352,5300,true,true
"std-stable-sort","Reverse",500,49,16064,5100,true,true
"std-stable-sort","Reverse",500,50,16384,5300,true,true
"std-stable-sort","Reverse",500,51,16224,5200,true,true
"std-stable-sort","Reverse",500,52,16352,5200,true,true
"std-stable-sort","Reverse",500,53,16032,5100,true,true
"std-stable-sort","Reverse",500,54,16320,5300,true,true
"std-stable-sort","Reverse",500,55,16192,5200,true,true
"std-stable-sort","Reverse",500,56,16352,5300,true,true
"std-stable-sort","Reverse",500,57,16096,5100,true,true
"std-stable-sort","Reverse",500,58,16256,5200,true,true
"std-stable-sort","Reverse",500,59,16064,5100,true,true
"std-stable-sort","Reverse",500,60,16320,5300,true,true
"std-stable-sort","Reverse",500,61,16096,5100,true,true
"std-stable-sort","Reverse",500,62,16352,5200,true,true
"std-stable-sort","Reverse",500,63,16320,5300,true,true
"std-stable-sort","Reverse",500,64,16096,5100,true,true
"std-stable-sort","Reverse",500,65,16512,5300,true,true
"std-stable-sort","Reverse",500,66,16096,5100,true,true
"std-stable-sort","Reverse",500,67,16416,5300,true,true
"std-stable-sort","Reverse",500,68,16096,5100,true,true
"std-stable-sort","Reverse",500,69,16320,5300,true,true
"std-stable-sort","Reverse",500,70,16096,5100,true,true
"std-stable-sort","Reverse",500,71,16224,5200,true,true
"std-stable-sort","Reverse",500,72,16000,5100,true,true
"std-stable-sort","Reverse",500,73,16224,5200,true,true
"std-stable-sort","Reverse",500,74,16000,5100,true,true
"std-stable-sort","Reverse",500,75,16288,5200,true,true
"std-stable-sort","Reverse",500,76,15936,5100,true,true
"std-stable-sort","Reverse",500,77,16256,5200,true,true
"std-stable-sort","Reverse",500,78,16192,5200,true,true
"std-stable-sort","Reverse",500,79,16288,5200,true,true
"std-stable-sort","Reverse",500,80,16064,5100,true,true
"std-stable-sort","Reverse",500,81,16192,5200,true,true
"std-stable-sort","Reverse",500,82,16096,5100,true,true
"std-stable-sort","Reverse",500,83,16256,5200,true,true
"std-stable-sort","Reverse",500,84,16064,5200,true,true
"std-stable-sort","Reverse",500,85,16032,5100,true,true
"std-stable-sort","Reverse",500,86,16384,5300,true,true
"std-stable-sort","Reverse",500,87,16384,5200,true,true
"std-stable-sort","Reverse",500,88,16224,5200,true,true
"std-stable-sort","Reverse",500,89,16032,5100,true,true
"std-stable-sort","Reverse",500,90,16288,5300,true,true
"std-stable-sort","Reverse",500,91,16032,5200,true,true
"std-stable-sort","Reverse",500,92,16192,5200,true,true
"std-stable-sort","Reverse",500,93,16000,5100,true,true
"std-stable-sort","Reverse",500,94,16416,5200,true,true
"std-stable-sort","Reverse",500,95,16064,5200,true,true
"std-stable-sort","Reverse",500,96,16256,5200,true,true
"std-stable-sort","Reverse",500,97,16032,5100,true,true
"std-stable-sort","Reverse",500,98,16064,5100,true,true
"std-stable-sort","Reverse",500,99,16288,5200,true,true
"bubble","Reverse",1000,0,1305664,408900,true,true
"bubble","Reverse",1000,1,1319936,413400,true,true
"bubble","Reverse",1000,2,1350240,422900,true,true
"bubble","Reverse",1000,3,1305536,408900,true,true
"bubble","Reverse",1000,4,1350016,422900,true,true
"bubble","Reverse",1000,5,1305536,408800,true,true
"bubble","Reverse",1000,6,1327360,415700,true,true
"bubble","Reverse",1000,7,1350464,422900,true,true
"bubble","Reverse",1000,8,1305696,408900,true,true
"bubble","Reverse",1000,9,1350528,423000,true,true
"bubble","Reverse",1000,10,1320832,413600,true,true
"bubble","Reverse",1000,11,1350080,422800,true,true
"bubble","Reverse",1000,12,1305792,409000,true,true
"bubble","Reverse",1000,13,1305760,409000,true,true
"bubble","Reverse",1000,14,1350144,422900,true,true
"bubble","Reverse",1000,15,1319520,413300,true,true
"bubble","Reverse",1000,16,1349440,422600,true,true
"bubble","Reverse",1000,17,1305568,408900,true,true
"bubble","Reverse",1000,18,1305504,408800,true,true
"bubble","Reverse",1000,19,1354208,424100,true,true
"bubble","Reverse",1000,20,1319936,413400,true,true
"bubble","Reverse",1000,21,1351200,423200,true,true
"bubble","Reverse",1000,22,1305696,409000,true,true
"bubble","Reverse",1000,23,1350880,423100,true,true
"bubble","Reverse",1000,24,1305632,408900,true,true
"bubble","Reverse",1000,25,1541792,482900,true,true
"bubble","Reverse",1000,26,1379968,432200,true,true
"bubble","Reverse",1000,27,1304800,408600,true,true
"bubble","Reverse",1000,28,1355808,424700,true,true
"bubble","Reverse",1000,29,1323360,414500,true,true
"bubble","Reverse",1000,30,1354176,424100,true,true
"bubble","Reverse",1000,31,1305312,408800,true,true
"bubble","Reverse",1000,32,1305568,408800,true,true
"bubble","Reverse",1000,33,1348928,422500,true,true
"bubble","Reverse",1000,34,1354272,424200,true,true
"bubble","Reverse",1000,35,1390496,435500,true,true
"bubble","Reverse",1000,36,1305696,409000,true,true
"bubble","Reverse",1000,37,1348128,422300,true,true
"bubble","Reverse",1000,38,1304960,408800,true,true
"bubble","Reverse",1000,39,1321632,413900,true,true
"bubble","Reverse",1000,40,1349792,422800,true,true
"bubble","Reverse",1000,41,1305440,408800,true,true
"bubble","Reverse",1000,42,1350048,422800,true,true
"bubble","Reverse",1000,43,1305632,409000,true,true
"bubble","Reverse",1000,44,1321312,413900,true,true
"bubble","Reverse",1000,45,1349824,422800,true,true
"bubble","Reverse",1000,46,1305600,408900,true,true
"bubble","Reverse",1000,47,1423744,445900,true,true
"bubble","Reverse",1000,48,1518976,475700,true,true
"bubble","Reverse",1000,49,1365824,427800,true,true
"bubble","Reverse",1000,50,1305600,408900,true,true
"bubble","Reverse",1000,51,1305792,408900,true,true
"bubble","Reverse",1000,52,1350176,423000,true,true
"bubble","Reverse",1000,53,1320352,413600,true,true
"bubble","Reverse",1000,54,1350656,423000,true,true
"bubble","Reverse",1000,55,1305568,408900,true,true
"bubble","Reverse",1000,56,1357984,425300,true,true
"bubble","Reverse",1000,57,1305536,408900,true,true
"bubble","Reverse",1000,58,1320320,413500,true,true
"bubble","Reverse",1000,59,1351168,423100,true,true
"bubble","Reverse",1000,60,1305792,409000,true,true
"bubble","Reverse",1000,61,1349344,422600,true,true
"bubble","Reverse",1000,62,1599680,501000,true,true
"bubble","Reverse",1000,63,1354528,424400,true,true
"bubble","Reverse",1000,64,1305440,408900,true,true
"bubble","Reverse",1000,65,1305568,409000,true,true
"bubble","Reverse",1000,66,1352192,423600,true,true
"bubble","Reverse",1000,67,1320672,413600,true,true
"bubble","Reverse",1000,68,1349696,422700,true,true
"bubble","Reverse",1000,69,1305376,408800,true,true
"bubble","Reverse",1000,70,1305472,408900,true,true
"bubble","Reverse",1000,71,1352288,423500,true,true
"bubble","Reverse",1000,72,1320416,413600,true,true
"bubble","Reverse",1000,73,1349600,422700,true,true
"bubble","Reverse",1000,74,1369152,428800,true,true
"bubble","Reverse",1000,75,1352192,423500,true,true
"bubble","Reverse",1000,76,1305536,408900,true,true
"bubble","Reverse",1000,77,1322336,414100,true,true
"bubble","Reverse",1000,78,1350592,423000,true,true
"bubble","Reverse",1000,79,1305632,409100,true,true
"bubble","Reverse",1000,80,1351072,423100,true,true
"bubble","Reverse",1000,81,1305792,408900,true,true
"bubble","Reverse",1000,82,1327104,415700,true,true
"bubble","Reverse",1000,83,1353376,423800,true,true
"bubble","Reverse",1000,84,1305792,409000,true,true
"bubble","Reverse",1000,85,1352736,423600,true,true
"bubble","Reverse",1000,86,1324128,414700,true,true
"bubble","Reverse",1000,87,1350752,423000,true,true
"bubble","Reverse",1000,88,1305952,409100,true,true
"bubble","Reverse",1000,89,1305696,408900,true,true
"bubble","Reverse",1000,90,1350816,423100,true,true
"bubble","Reverse",1000,91,1324160,414700,true,true
"bubble","Reverse",1000,92,1350048,422900,true,true
"bubble","Reverse",1000,93,1305888,409000,true,true
"bubble","Reverse",1000,94,1305536,408900,true,true
"bubble","Reverse",1000,95,1363456,427000,true,true
"bubble","Reverse",1000,96,1305632,408900,true,true
"bubble","Reverse",1000,97,1349888,422800,true,true
"bubble","Reverse",1000,98,1305760,408900,true,true
"bubble","Reverse",1000,99,1349408,422700,true,true
"insertion","Reverse",1000,0,1081056,338600,true,true
"insertion","Reverse",1000,1,921696,288700,true,true
"insertion","Reverse",1000,2,905280,283600,true,true
"insertion","Reverse",1000,3,958336,300200,true,true
"insertion","Reverse",1000,4,904800,283400,true,true
"insertion","Reverse",1000,5,906304,283900,true,true
"insertion","Reverse",1000,6,953952,298900,true,true
"insertion","Reverse",1000,7,905440,283600,true,true
"insertion","Reverse",1000,8,920448,288300,true,true
"insertion","Reverse",1000,9,904736,283400,true,true
"insertion","Reverse",1000,10,954048,298800,true,true
"insertion","Reverse",1000,11,904896,283400,true,true
"insertion","Reverse",1000,12,905312,283500,true,true
"insertion","Reverse",1000,13,950592,297700,true,true
"insertion","Reverse",1000,14,905312,283600,true,true
"insertion","Reverse",1000,15,920160,288200,true,true
"insertion","Reverse",1000,16,905312,283600,true,true
"insertion","Reverse",1000,17,950208,297600,true,true
"insertion","Reverse",1000,18,905280,283600,true,true
"insertion","Reverse",1000,19,905312,283600,true,true
"insertion","Reverse",1000,20,949600,297500,true,true
"insertion","Reverse",1000,21,905280,283500,true,true
"insertion","Reverse",1000,22,920000,288200,true,true
"insertion","Reverse",1000,23,905376,283800,true,true
"insertion","Reverse",1000,24,951584,298100,true,true
"insertion","Reverse",1000,25,904736,283400,true,true
"insertion","Reverse",1000,26,904928,283500,true,true
"insertion","Reverse",1000,27,950144,297600,true,true
"insertion","Reverse",1000,28,920512,288300,true,true
"insertion","Reverse",1000,29,904672,283400,true,true
"insertion","Reverse",1000,30,904832,283400,true,true
"insertion","Reverse",1000,31,951424,298100,true,true
"insertion","Reverse",1000,32,904928,283500,true,true
"insertion","Reverse",1000,33,905280,283500,true,true
"insertion","Reverse",1000,34,1234112,386600,true,true
"insertion","Reverse",1000,35,930944,291600,true,true
"insertion","Reverse",1000,36,905440,283600,true,true
"insertion","Reverse",1000,37,978272,306500,true,true
"insertion","Reverse",1000,38,905408,283600,true,true
"insertion","Reverse",1000,39,905280,283600,true,true
"insertion","Reverse",1000,40,905344,283600,true,true
"insertion","Reverse",1000,41,955360,299300,true,true
"insertion","Reverse",1000,42,921088,288600,true,true
"insertion","Reverse",1000,43,904736,283400,true,true
"insertion","Reverse",1000,44,953888,298800,true,true
"insertion","Reverse",1000,45,904768,283400,true,true
"insertion","Reverse",1000,46,905312,283600,true,true
"insertion","Reverse",1000,47,949088,297200,true,true
"insertion","Reverse",1000,48,905376,283600,true,true
"insertion","Reverse",1000,49,920512,288400,true,true
"insertion","Reverse",1000,50,905280,283500,true,true
"insertion","Reverse",1000,51,950848,297800,true,true
"insertion","Reverse",1000,52,905312,283600,true,true
"insertion","Reverse",1000,53,905312,283600,true,true
"insertion","Reverse",1000,54,949728,297500,true,true
"insertion","Reverse",1000,55,905312,283600,true,true
"insertion","Reverse",1000,56,920096,288300,true,true
"insertion","Reverse",1000,57,1019488,319400,true,true
"insertion","Reverse",1000,58,951136,298000,true,true
"insertion","Reverse",1000,59,905344,283700,true,true
"insertion","Reverse",1000,60,905344,283600,true,true
"insertion","Reverse",1000,61,950880,297800,true,true
"insertion","Reverse",1000,62,905344,283600,true,true
"insertion","Reverse",1000,63,927008,290400,true,true
"insertion","Reverse",1000,64,904832,283400,true,true
"insertion","Reverse",1000,65,949728,297500,true,true
"insertion","Reverse",1000,66,905376,283600,true,true
"insertion","Reverse",1000,67,905312,283600,true,true
"insertion","Reverse",1000,68,950720,297800,true,true
"insertion","Reverse",1000,69,919680,288100,true,true
"insertion","Reverse",1000,70,905312,283600,true,true
"insertion","Reverse",1000,71,950528,297700,true,true
"insertion","Reverse",1000,72,905344,283600,true,true
"insertion","Reverse",1000,73,904832,283400,true,true
"insertion","Reverse",1000,74,905312,283500,true,true
"insertion","Reverse",1000,75,952768,298400,true,true
"insertion","Reverse",1000,76,919392,288000,true,true
"insertion","Reverse",1000,77,905408,283600,true,true
"insertion","Reverse",1000,78,950048,297600,true,true
"insertion","Reverse",1000,79,905312,283600,true,true
"insertion","Reverse",1000,80,905248,283600,true,true
"insertion","Reverse",1000,81,905312,283500,true,true
"insertion","Reverse",1000,82,949344,297400,true,true
"insertion","Reverse",1000,83,919616,288100,true,true
"insertion","Reverse",1000,84,904672,283400,true,true
"insertion","Reverse",1000,85,949376,297400,true,true
"insertion","Reverse",1000,86,904864,283400,true,true
"insertion","Reverse",1000,87,905248,283600,true,true
"insertion","Reverse",1000,88,1097952,343900,true,true
"insertion","Reverse",1000,89,908032,284500,true,true
"insertion","Reverse",1000,90,925600,290200,true,true
"insertion","Reverse",1000,91,904736,283400,true,true
"insertion","Reverse",1000,92,955936,299400,true,true
"insertion","Reverse",1000,93,905280,283600,true,true
"insertion","Reverse",1000,94,905216,283500,true,true
"insertion","Reverse",1000,95,952992,298600,true,true
"insertion","Reverse",1000,96,904864,283500,true,true
"insertion","Reverse",1000,97,921984,288800,true,true
"insertion","Reverse",1000,98,905248,283500,true,true
"insertion","Reverse",1000,99,951520,298100,true,true
"selection","Reverse",1000,0,925184,289800,true,true
"selection","Reverse",1000,1,925152,289800,true,true
"selection","Reverse",1000,2,971360,304300,true,true
"selection","Reverse",1000,3,919776,288100,true,true
"selection","Reverse",1000,4,939456,294600,true,true
"selection","Reverse",1000,5,970368,304000,true,true
"selection","Reverse",1000,6,919808,288100,true,true
"selection","Reverse",1000,7,920704,288400,true,true
"selection","Reverse",1000,8,919712,288100,true,true
"selection","Reverse",1000,9,966048,302600,true,true
"selection","Reverse",1000,10,939840,294400,true,true
"selection","Reverse",1000,11,920032,288300,true,true
"selection","Reverse",1000,12,965024,302300,true,true
"selection","Reverse",1000,13,925408,289900,true,true
"selection","Reverse",1000,14,925312,289900,true,true
"selection","Reverse",1000,15,926400,290200,true,true
"selection","Reverse",1000,16,973824,305100,true,true
"selection","Reverse",1000,17,939552,294300,true,true
"selection","Reverse",1000,18,919776,288100,true,true
"selection","Reverse",1000,19,967328,303000,true,true
"selection","Reverse",1000,20,980736,307300,true,true
"selection","Reverse",1000,21,1907648,597900,true,true
"selection","Reverse",1000,22,989056,310100,true,true
"selection","Reverse",1000,23,963360,301700,true,true
"selection","Reverse",1000,24,941120,294800,true,true
"selection","Reverse",1000,25,989440,309900,true,true
"selection","Reverse",1000,26,937472,293600,true,true
"selection","Reverse",1000,27,937568,293700,true,true
"selection","Reverse",1000,28,983936,308200,true,true
"selection","Reverse",1000,29,951104,297900,true,true
"selection","Reverse",1000,30,937216,293600,true,true
"selection","Reverse",1000,31,983360,308200,true,true
"selection","Reverse",1000,32,937504,293700,true,true
"selection","Reverse",1000,33,937280,293600,true,true
"selection","Reverse",1000,34,937280,293600,true,true
"selection","Reverse",1000,35,981728,307500,true,true
"selection","Reverse",1000,36,951776,298100,true,true
"selection","Reverse",1000,37,940608,294600,true,true
"selection","Reverse",1000,38,984192,308300,true,true
"selection","Reverse",1000,39,940736,294600,true,true
"selection","Reverse",1000,40,940736,294600,true,true
"selection","Reverse",1000,41,984800,308500,true,true
"selection","Reverse",1000,42,940832,294700,true,true
"selection","Reverse",1000,43,954496,299100,true,true
"selection","Reverse",1000,44,940736,294700,true,true
"selection","Reverse",1000,45,982656,307900,true,true
"selection","Reverse",1000,46,940864,294800,true,true
"selection","Reverse",1000,47,940832,294700,true,true
"selection","Reverse",1000,48,1140224,357300,true,true
"selection","Reverse",1000,49,963520,301800,true,true
"selection","Reverse",1000,50,937536,293700,true,true
"selection","Reverse",1000,51,984640,308500,true,true
"selection","Reverse",1000,52,940992,294800,true,true
"selection","Reverse",1000,53,940928,294800,true,true
"selection","Reverse",1000,54,986176,308900,true,true
"selection","Reverse",1000,55,936448,293300,true,true
"selection","Reverse",1000,56,949920,297500,true,true
"selection","Reverse",1000,57,937504,293600,true,true
"selection","Reverse",1000,58,982592,307800,true,true
"selection","Reverse",1000,59,937440,293600,true,true
"selection","Reverse",1000,60,937344,293600,true,true
"selection","Reverse",1000,61,984224,308300,true,true
"selection","Reverse",1000,62,936320,293300,true,true
"selection","Reverse",1000,63,951904,298200,true,true
"selection","Reverse",1000,64,980640,307100,true,true
"selection","Reverse",1000,65,933696,292400,true,true
"selection","Reverse",1000,66,936256,293200,true,true
"selection","Reverse",1000,67,936352,293300,true,true
"selection","Reverse",1000,68,980480,307100,true,true
"selection","Reverse",1000,69,955904,299500,true,true
"selection","Reverse",1000,70,936320,293300,true,true
"selection","Reverse",1000,71,984992,308500,true,true
"selection","Reverse",1000,72,1197504,375300,true,true
"selection","Reverse",1000,73,939328,294200,true,true
"selection","Reverse",1000,74,1005344,314900,true,true
"selection","Reverse",1000,75,937696,293800,true,true
"selection","Reverse",1000,76,957440,299900,true,true
"selection","Reverse",1000,77,988672,309700,true,true
"selection","Reverse",1000,78,933600,292400,true,true
"selection","Reverse",1000,79,936352,293300,true,true
"selection","Reverse",1000,80,933792,292500,true,true
"selection","Reverse",1000,81,973888,305100,true,true
"selection","Reverse",1000,82,940512,294600,true,true
"selection","Reverse",1000,83,925440,289900,true,true
"selection","Reverse",1000,84,970176,303900,true,true
"selection","Reverse",1000,85,925472,289900,true,true
"selection","Reverse",1000,86,925216,289800,true,true
"selection","Reverse",1000,87,969344,303700,true,true
"selection","Reverse",1000,88,925280,289800,true,true
"selection","Reverse",1000,89,943104,295400,true,true
"selection","Reverse",1000,90,920160,288200,true,true
"selection","Reverse",1000,91,963584,301900,true,true
"selection","Reverse",1000,92,919968,288200,true,true
"selection","Reverse",1000,93,920000,288200,true,true
"selection","Reverse",1000,94,963328,301700,true,true
"selection","Reverse",1000,95,929952,291300,true,true
"selection","Reverse",1000,96,920096,288200,true,true
"selection","Reverse",1000,97,920000,288200,true,true
"selection","Reverse",1000,98,967168,303100,true,true
"selection","Reverse",1000,99,925312,289900,true,true
"merge","Reverse",1000,0,49536,15600,true,true
"merge","Reverse",1000,1,49312,15500,true,true
"merge","Reverse",1000,2,49376,15500,true,true
"merge","Reverse",1000,3,68960,21800,true,true
"merge","Reverse",1000,4,50176,15800,true,true
"merge","Reverse",1000,5,100320,31500,true,true
"merge","Reverse",1000,6,49312,15600,true,true
"merge","Reverse",1000,7,49760,15700,true,true
"merge","Reverse",1000,8,49344,15600,true,true
"merge","Reverse",1000,9,49184,15500,true,true
"merge","Reverse",1000,10,49792,15600,true,true
"merge","Reverse",1000,11,49312,15500,true,true
"merge","Reverse",1000,12,49344,15600,true,true
"merge","Reverse",1000,13,49600,15700,true,true
"merge","Reverse",1000,14,49184,15500,true,true
"merge","Reverse",1000,15,49152,15500,true,true
"merge","Reverse",1000,16,49664,15600,true,true
"merge","Reverse",1000,17,49280,15600,true,true
"merge","Reverse",1000,18,49344,15500,true,true
"merge","Reverse",1000,19,49536,15600,true,true
"merge","Reverse",1000,20,49408,15600,true,true
"merge","Reverse",1000,21,49472,15600,true,true
"merge","Reverse",1000,22,49152,15500,true,true
"merge","Reverse",1000,23,48992,15400,true,true
"merge","Reverse",1000,24,49216,15600,true,true
"merge","Reverse",1000,25,49600,15600,true,true
"merge","Reverse",1000,26,49248,15600,true,true
"merge","Reverse",1000,27,49344,15600,true,true
"merge","Reverse",1000,28,49472,15600,true,true
"merge","Reverse",1000,29,49184,15500,true,true
"merge","Reverse",1000,30,49504,15600,true,true
"merge","Reverse",1000,31,49184,15500,true,true
"merge","Reverse",1000,32,49664,15700,true,true
"merge","Reverse",1000,33,49152,15500,true,true
"merge","Reverse",1000,34,49632,15700,true,true
"merge","Reverse",1000,35,48992,15500,true,true
"merge","Reverse",1000,36,49664,15700,true,true
"merge","Reverse",1000,37,49120,15500,true,true
"merge","Reverse",1000,38,48928,15500,true,true
"merge","Reverse",1000,39,49664,15600,true,true
"merge","Reverse",1000,40,49120,15500,true,true
"merge","Reverse",1000,41,49568,15600,true,true
"merge","Reverse",1000,42,49408,15600,true,true
"merge","Reverse",1000,43,49632,15700,true,true
"merge","Reverse",1000,44,62368,19700,true,true
"merge","Reverse",1000,45,65568,20600,true,true
"merge","Reverse",1000,46,60704,19100,true,true
"merge","Reverse",1000,47,82528,25900,true,true
"merge","Reverse",1000,48,65856,20800,true,true
"merge","Reverse",1000,49,68448,21600,true,true
"merge","Reverse",1000,50,81248,25600,true,true
"merge","Reverse",1000,51,60224,19000,true,true
"merge","Reverse",1000,52,49760,15700,true,true
"merge","Reverse",1000,53,49440,15600,true,true
"merge","Reverse",1000,54,49856,15700,true,true
"merge","Reverse",1000,55,49408,15500,true,true
"merge","Reverse",1000,56,49696,15600,true,true
"merge","Reverse",1000,57,49408,15600,true,true
"merge","Reverse",1000,58,49152,15500,true,true
"merge","Reverse",1000,59,49792,15700,true,true
"merge","Reverse",1000,60,107904,33900,true,true
"merge","Reverse",1000,61,49120,15500,true,true
"merge","Reverse",1000,62,49280,15600,true,true
"merge","Reverse",1000,63,49504,15600,true,true
"merge","Reverse",1000,64,49792,15800,true,true
"merge","Reverse",1000,65,49376,15600,true,true
"merge","Reverse",1000,66,49664,15700,true,true
"merge","Reverse",1000,67,49664,15600,true,true
"merge","Reverse",1000,68,49728,15600,true,true
"merge","Reverse",1000,69,49376,15600,true,true
"merge","Reverse",1000,70,49184,15500,true,true
"merge","Reverse",1000,71,49408,15600,true,true
"merge","Reverse",1000,72,49280,15500,true,true
"merge","Reverse",1000,73,49696,15600,true,true
"merge","Reverse",1000,74,49440,15600,true,true
"merge","Reverse",1000,75,49152,15500,true,true
"merge","Reverse",1000,76,49760,15700,true,true
"merge","Reverse",1000,77,49376,15600,true,true
"merge","Reverse",1000,78,49824,15700,true,true
"merge","Reverse",1000,79,49376,15500,true,true
"merge","Reverse",1000,80,48864,15400,true,true
"merge","Reverse",1000,81,49280,15500,true,true
"merge","Reverse",1000,82,49792,15800,true,true
"merge","Reverse",1000,83,49504,15600,true,true
"merge","Reverse",1000,84,49568,15700,true,true
"merge","Reverse",1000,85,49568,15600,true,true
"merge","Reverse",1000,86,49344,15500,true,true
"merge","Reverse",1000,87,49920,15800,true,true
"merge","Reverse",1000,88,49312,15500,true,true
"merge","Reverse",1000,89,49600,15600,true,true
"merge","Reverse",1000,90,49472,15600,true,true
"merge","Reverse",1000,91,48864,15600,true,true
"merge","Reverse",1000,92,49312,15500,true,true
"merge","Reverse",1000,93,49664,15700,true,true
"merge","Reverse",1000,94,49440,15600,true,true
"merge","Reverse",1000,95,49696,15700,true,true
"merge","Reverse",1000,96,49312,15600,true,true
"merge","Reverse",1000,97,49696,15700,true,true
"merge","Reverse",1000,98,49344,16200,true,true
"merge","Reverse",1000,99,48992,15400,true,true
"quicksort","Reverse",1000,0,23360,7500,true,true
"quicksort","Reverse",1000,1,23456,7500,true,true
"quicksort","Reverse",1000,2,23392,7400,true,true
"quicksort","Reverse",1000,3,23392,7400,true,true
"quicksort","Reverse",1000,4,23328,7400,true,true
"quicksort","Reverse",1000,5,23360,7400,true,true
"quicksort","Reverse",1000,6,23328,7500,true,true
"quicksort","Reverse",1000,7,23328,7400,true,true
"quicksort","Reverse",1000,8,23360,7500,true,true
"quicksort","Reverse",1000,9,23488,7500,true,true
"quicksort","Reverse",1000,10,23392,7400,true,true
"quicksort","Reverse",1000,11,23360,7400,true,true
"quicksort","Reverse",1000,12,23360,7400,true,true
"quicksort","Reverse",1000,13,41376,13100,true,true
"quicksort","Reverse",1000,14,23744,7600,true,true
"quicksort","Reverse",1000,15,23648,7500,true,true
"quicksort","Reverse",1000,16,80416,25300,true,true
"quicksort","Reverse",1000,17,24320,7800,true,true
"quicksort","Reverse",1000,18,23968,7600,true,true
"quicksort","Reverse",1000,19,23840,7600,true,true
"quicksort","Reverse",1000,20,23840,7600,true,true
"quicksort","Reverse",1000,21,23808,7600,true,true
"quicksort","Reverse",1000,22,23808,7600,true,true
"quicksort","Reverse",1000,23,23840,7600,true,true
"quicksort","Reverse",1000,24,23840,7600,true,true
"quicksort","Reverse",1000,25,23808,7600,true,true
"quicksort","Reverse",1000,26,23808,7600,true,true
"quicksort","Reverse",1000,27,23808,7500,true,true
"quicksort","Reverse",1000,28,23840,7500,true,true
"quicksort","Reverse",1000,29,23840,7500,true,true
"quicksort","Reverse",1000,30,23840,7600,true,true
"quicksort","Reverse",1000,31,23840,7600,true,true
"quicksort","Reverse",1000,32,23840,7600,true,true
"quicksort","Reverse",1000,33,24128,7700,true,true
"quicksort","Reverse",1000,34,23936,7600,true,true
"quicksort","Reverse",1000,35,23936,7600,true,true
"quicksort","Reverse",1000,36,23872,7600,true,true
"quicksort","Reverse",1000,37,23872,7600,true,true
"quicksort","Reverse",1000,38,23904,7600,true,true
"quicksort","Reverse",1000,39,23904,7600,true,true
"quicksort","Reverse",1000,40,23872,7600,true,true
"quicksort","Reverse",1000,41,23872,7600,true,true
"quicksort","Reverse",1000,42,23904,7600,true,true
"quicksort","Reverse",1000,43,23872,7600,true,true
"quicksort","Reverse",1000,44,23872,7600,true,true
"quicksort","Reverse",1000,45,23872,7600,true,true
"quicksort","Reverse",1000,46,23872,7600,true,true
"quicksort","Reverse",1000,47,23872,7600,true,true
"quicksort","Reverse",1000,48,23872,7600,true,true
"quicksort","Reverse",1000,49,23904,7500,true,true
"quicksort","Reverse",1000,50,23904,7600,true,true
"quicksort","Reverse",1000,51,23904,7600,true,true
"quicksort","Reverse",1000,52,23872,7600,true,true
"quicksort","Reverse",1000,53,23904,7600,true,true
"quicksort","Reverse",1000,54,23904,7600,true,true
"quicksort","Reverse",1000,55,23872,7600,true,true
"quicksort","Reverse",1000,56,23904,7600,true,true
"quicksort","Reverse",1000,57,23904,7600,true,true
"quicksort","Reverse",1000,58,23872,7600,true,true
"quicksort","Reverse",1000,59,23872,7600,true,true
"quicksort","Reverse",1000,60,23904,7600,true,true
"quicksort","Reverse",1000,61,23936,7600,true,true
"quicksort","Reverse",1000,62,23872,7500,true,true
"quicksort","Reverse",1000,63,23872,7500,true,true
"quicksort","Reverse",1000,64,23904,7600,true,true
"quicksort","Reverse",1000,65,24416,7800,true,true
"quicksort","Reverse",1000,66,24000,7600,true,true
"quicksort","Reverse",1000,67,24032,7600,true,true
"quicksort","Reverse",1000,68,24000,7600,true,true
"quicksort","Reverse",1000,69,24000,7600,true,true
"quicksort","Reverse",1000,70,24000,7600,true,true
"quicksort","Reverse",1000,71,24000,7700,true,true
"quicksort","Reverse",1000,72,24000,7600,true,true
"quicksort","Reverse",1000,73,24032,7700,true,true
"quicksort","Reverse",1000,74,24000,7600,true,true
"quicksort","Reverse",1000,75,24032,7700,true,true
"quicksort","Reverse",1000,76,24032,7600,true,true
"quicksort","Reverse",1000,77,24000,7600,true,true
"quicksort","Reverse",1000,78,24000,7600,true,true
"quicksort","Reverse",1000,79,24032,7600,true,true
"quicksort","Reverse",1000,80,24032,7600,true,true
"quicksort","Reverse",1000,81,24000,7600,true,true
"quicksort","Reverse",1000,82,24000,7600,true,true
"quicksort","Reverse",1000,83,24032,7600,true,true
"quicksort","Reverse",1000,84,24000,7600,true,true
"quicksort","Reverse",1000,85,24000,7600,true,true
"quicksort","Reverse",1000,86,24000,7600,true,true
"quicksort","Reverse",1000,87,24032,7600,true,true
"quicksort","Reverse",1000,88,24000,7600,true,true
"quicksort","Reverse",1000,89,24000,7600,true,true
"quicksort","Reverse",1000,90,24032,7700,true,true
"quicksort","Reverse",1000,91,24000,7600,true,true
"quicksort","Reverse",1000,92,24032,7700,true,true
"quicksort","Reverse",1000,93,24000,7600,true,true
"quicksort","Reverse",1000,94,24704,7900,true,true
"quicksort","Reverse",1000,95,24256,7700,true,true
"quicksort","Reverse",1000,96,24000,7600,true,true
"quicksort","Reverse",1000,97,24000,7600,true,true
"quicksort","Reverse",1000,98,24032,7600,true,true
"quicksort","Reverse",1000,99,24000,7600,true,true
"heap","Reverse",1000,0,56736,17900,true,true
"heap","Reverse",1000,1,56992,18000,true,true
"heap","Reverse",1000,2,57056,18000,true,true
"heap","Reverse",1000,3,57184,18000,true,true
"heap","Reverse",1000,4,56960,17900,true,true
"heap","Reverse",1000,5,57024,18000,true,true
"heap","Reverse",1000,6,57088,18000,true,true
"heap","Reverse",1000,7,57184,18000,true,true
"heap","Reverse",1000,8,57120,17900,true,true
"heap","Reverse",1000,9,56960,18000,true,true
"heap","Reverse",1000,10,56864,17900,true,true
"heap","Reverse",1000,11,56960,18000,true,true
"heap","Reverse",1000,12,57248,18100,true,true
"heap","Reverse",1000,13,57056,18000,true,true
"heap","Reverse",1000,14,57056,17900,true,true
"heap","Reverse",1000,15,56960,17900,true,true
"heap","Reverse",1000,16,56896,17900,true,true
"heap","Reverse",1000,17,56992,17900,true,true
"heap","Reverse",1000,18,57152,18100,true,true
"heap","Reverse",1000,19,57216,18000,true,true
"heap","Reverse",1000,20,57216,18000,true,true
"heap","Reverse",1000,21,56864,18000,true,true
"heap","Reverse",1000,22,57248,18000,true,true
"heap","Reverse",1000,23,56992,18000,true,true
"heap","Reverse",1000,24,56928,17900,true,true
"heap","Reverse",1000,25,56928,18000,true,true
"heap","Reverse",1000,26,57024,18000,true,true
"heap","Reverse",1000,27,57504,18100,true,true
"heap","Reverse",1000,28,57024,18000,true,true
"heap","Reverse",1000,29,56864,17900,true,true
"heap","Reverse",1000,30,57408,18100,true,true
"heap","Reverse",1000,31,56960,18000,true,true
"heap","Reverse",1000,32,57056,18000,true,true
"heap","Reverse",1000,33,57216,18100,true,true
"heap","Reverse",1000,34,57056,18000,true,true
"heap","Reverse",1000,35,57184,18000,true,true
"heap","Reverse",1000,36,57024,18000,true,true
"heap","Reverse",1000,37,73216,23000,true,true
"heap","Reverse",1000,38,104800,32900,true,true
"heap","Reverse",1000,39,57024,18000,true,true
"heap","Reverse",1000,40,57344,18100,true,true
"heap","Reverse",1000,41,57184,18000,true,true
"heap","Reverse",1000,42,57216,18100,true,true
"heap","Reverse",1000,43,56992,17900,true,true
"heap","Reverse",1000,44,56672,17800,true,true
"heap","Reverse",1000,45,56832,18000,true,true
"heap","Reverse",1000,46,56960,17900,true,true
"heap","Reverse",1000,47,57152,18000,true,true
"heap","Reverse",1000,48,57216,18000,true,true
"heap","Reverse",1000,49,57248,18000,true,true
"heap","Reverse",1000,50,56960,18000,true,true
"heap","Reverse",1000,51,57120,18000,true,true
"heap","Reverse",1000,52,57216,18000,true,true
"heap","Reverse",1000,53,57056,17900,true,true
"heap","Reverse",1000,54,56672,17900,true,true
"heap","Reverse",1000,55,56992,18000,true,true
"heap","Reverse",1000,56,56864,17900,true,true
"heap","Reverse",1000,57,56928,17900,true,true
"heap","Reverse",1000,58,56800,17900,true,true
"heap","Reverse",1000,59,57024,17900,true,true
"heap","Reverse",1000,60,56832,17900,true,true
"heap","Reverse",1000,61,57152,18000,true,true
"heap","Reverse",1000,62,57056,18000,true,true
"heap","Reverse",1000,63,56768,17900,true,true
"heap","Reverse",1000,64,57152,18000,true,true
"heap","Reverse",1000,65,57056,17900,true,true
"heap","Reverse",1000,66,56896,18000,true,true
"heap","Reverse",1000,67,57088,18000,true,true
"heap","Reverse",1000,68,56992,17900,true,true
"heap","Reverse",1000,69,56928,18000,true,true
"heap","Reverse",1000,70,57056,18000,true,true
"heap","Reverse",1000,71,56832,17900,true,true
"heap","Reverse",1000,72,56864,17900,true,true
"heap","Reverse",1000,73,57152,18000,true,true
"heap","Reverse",1000,74,56800,17900,true,true
"heap","Reverse",1000,75,56832,18000,true,true
"heap","Reverse",1000,76,57376,18000,true,true
"heap","Reverse",1000,77,57152,18000,true,true
"heap","Reverse",1000,78,57024,18000,true,true
"heap","Reverse",1000,79,56992,17900,true,true
"heap","Reverse",1000,80,57088,18000,true,true
"heap","Reverse",1000,81,57216,18100,true,true
"heap","Reverse",1000,82,57056,17900,true,true
"heap","Reverse",1000,83,56992,17900,true,true
"heap","Reverse",1000,84,57248,18000,true,true
"heap","Reverse",1000,85,57152,18000,true,true
"heap","Reverse",1000,86,57088,18000,true,true
"heap","Reverse",1000,87,57056,18000,true,true
"heap","Reverse",1000,88,57312,18100,true,true
"heap","Reverse",1000,89,106112,33300,true,true
"heap","Reverse",1000,90,57344,18100,true,true
"heap","Reverse",1000,91,57248,18100,true,true
"heap","Reverse",1000,92,57344,18100,true,true
"heap","Reverse",1000,93,57152,18000,true,true
"heap","Reverse",1000,94,56992,18000,true,true
"heap","Reverse",1000,95,57120,17900,true,true
"heap","Reverse",1000,96,57312,18000,true,true
"heap","Reverse",1000,97,57056,18000,true,true
"heap","Reverse",1000,98,57152,18100,true,true
"heap","Reverse",1000,99,57184,18000,true,true
"std-sort","Reverse",1000,0,12384,4000,true,true
"std-sort","Reverse",1000,1,12448,4000,true,true
"std-sort","Reverse",1000,2,12352,5100,true,true
"std-sort","Reverse",1000,3,12448,4000,true,true
"std-sort","Reverse",1000,4,12384,4000,true,true
"std-sort","Reverse",1000,5,12416,4000,true,true
"std-sort","Reverse",1000,6,12384,4000,true,true
"std-sort","Reverse",1000,7,12416,4000,true,true
"std-sort","Reverse",1000,8,12416,4000,true,true
"std-sort","Reverse",1000,9,12608,4100,true,true
"std-sort","Reverse",1000,10,12512,4100,true,true
"std-sort","Reverse",1000,11,12576,4100,true,true
"std-sort","Reverse",1000,12,12512,4000,true,true
"std-sort","Reverse",1000,13,12480,4100,true,true
"std-sort","Reverse",1000,14,12352,4000,true,true
"std-sort","Reverse",1000,15,12512,4000,true,true
"std-sort","Reverse",1000,16,12608,4100,true,true
"std-sort","Reverse",1000,17,12544,4000,true,true
"std-sort","Reverse",1000,18,12448,4000,true,true
"std-sort","Reverse",1000,19,12480,4000,true,true
"std-sort","Reverse",1000,20,12384,4000,true,true
"std-sort","Reverse",1000,21,12448,4000,true,true
"std-sort","Reverse",1000,22,12416,4000,true,true
"std-sort","Reverse",1000,23,12480,4000,true,true
"std-sort","Reverse",1000,24,12608,4000,true,true
"std-sort","Reverse",1000,25,12544,4000,true,true
"std-sort","Reverse",1000,26,12416,4000,true,true
"std-sort","Reverse",1000,27,12416,4000,true,true
"std-sort","Reverse",1000,28,12480,4100,true,true
"std-sort","Reverse",1000,29,12448,4000,true,true
"std-sort","Reverse",1000,30,12416,4000,true,true
"std-sort","Reverse",1000,31,12448,4000,true,true
"std-sort","Reverse",1000,32,12416,4000,true,true
"std-sort","Reverse",1000,33,12544,4100,true,true
"std-sort","Reverse",1000,34,12608,4100,true,true
"std-sort","Reverse",1000,35,12576,4000,true,true
"std-sort","Reverse",1000,36,12576,4100,true,true
"std-sort","Reverse",1000,37,12576,4000,true,true
"std-sort","Reverse",1000,38,12544,4000,true,true
"std-sort","Reverse",1000,39,12576,4100,true,true
"std-sort","Reverse",1000,40,12480,4100,true,true
"std-sort","Reverse",1000,41,12448,4000,true,true
"std-sort","Reverse",1000,42,12416,4000,true,true
"std-sort","Reverse",1000,43,12448,4000,true,true
"std-sort","Reverse",1000,44,12416,4000,true,true
"std-sort","Reverse",1000,45,12384,4000,true,true
"std-sort","Reverse",1000,46,12416,4000,true,true
"std-sort","Reverse",1000,47,12480,4100,true,true
"std-sort","Reverse",1000,48,12448,4000,true,true
"std-sort","Reverse",1000,49,12416,4000,true,true
"std-sort","Reverse",1000,50,12448,4000,true,true
"std-sort","Reverse",1000,51,12480,4100,true,true
"std-sort","Reverse",1000,52,12416,4000,true,true
"std-sort","Reverse",1000,53,12672,4100,true,true
"std-sort","Reverse",1000,54,12480,4000,true,true
"std-sort","Reverse",1000,55,12384,4000,true,true
"std-sort","Reverse",1000,56,12448,4100,true,true
"std-sort","Reverse",1000,57,12416,4000,true,true
"std-sort","Reverse",1000,58,12448,4000,true,true
"std-sort","Reverse",1000,59,12384,4000,true,true
"std-sort","Reverse",1000,60,12416,4000,true,true
"std-sort","Reverse",1000,61,12416,4000,true,true
"std-sort","Reverse",1000,62,12480,4100,true,true
"std-sort","Reverse",1000,63,12416,4000,true,true
"std-sort","Reverse",1000,64,12448,4000,true,true
"std-sort","Reverse",1000,65,12608,4100,true,true
"std-sort","Reverse",1000,66,12480,4000,true,true
"std-sort","Reverse",1000,67,12416,4000,true,true
"std-sort","Reverse",1000,68,12448,4100,true,true
"std-sort","Reverse",1000,69,12384,4000,true,true
"std-sort","Reverse",1000,70,12544,4000,true,true
"std-sort","Reverse",1000,71,12416,4000,true,true
"std-sort","Reverse",1000,72,12448,4000,true,true
"std-sort","Reverse",1000,73,12416,4000,true,true
"std-sort","Reverse",1000,74,12416,4000,true,true
"std-sort","Reverse",1000,75,12448,4000,true,true
"std-sort","Reverse",1000,76,12416,4000,true,true
"std-sort","Reverse",1000,77,12384,4000,true,true
"std-sort","Reverse",1000,78,12416,4000,true,true
"std-sort","Reverse",1000,79,12416,4000,true,true
"std-sort","Reverse",1000,80,12960,4100,true,true
"std-sort","Reverse",1000,81,12416,4000,true,true
"std-sort","Reverse",1000,82,12480,4000,true,true
"std-sort","Reverse",1000,83,12384,4000,true,true
"std-sort","Reverse",1000,84,12416,4000,true,true
"std-sort","Reverse",1000,85,12480,4000,true,true
"std-sort","Reverse",1000,86,12544,4100,true,true
"std-sort","Reverse",1000,87,12416,4000,true,true
"std-sort","Reverse",1000,88,12928,4200,true,true
"std-sort","Reverse",1000,89,12480,4000,true,true
"std-sort","Reverse",1000,90,12384,4000,true,true
"std-sort","Reverse",1000,91,12480,4000,true,true
"std-sort","Reverse",1000,92,12416,4000,true,true
"std-sort","Reverse",1000,93,12416,4000,true,true
"std-sort","Reverse",1000,94,12416,4000,true,true
"std-sort","Reverse",1000,95,12416,4000,true,true
"std-sort","Reverse",1000,96,12416,4000,true,true
"std-sort","Reverse",1000,97,12416,4000,true,true
"std-sort","Reverse",1000,98,12416,4000,true,true
"std-sort","Reverse",1000,99,12448,4000,true,true
"std-stable-sort","Reverse",1000,0,33472,10600,true,true
"std-stable-sort","Reverse",1000,1,33600,10700,true,true
"std-stable-sort","Reverse",1000,2,33568,10600,true,true
"std-stable-sort","Reverse",1000,3,33728,10700,true,true
"std-stable-sort","Reverse",1000,4,33536,10600,true,true
"std-stable-sort","Reverse",1000,5,33504,10600,true,true
"std-stable-sort","Reverse",1000,6,33600,10600,true,true
"std-stable-sort","Reverse",1000,7,33696,10700,true,true
"std-stable-sort","Reverse",1000,8,33504,10700,true,true
"std-stable-sort","Reverse",1000,9,33536,10700,true,true
"std-stable-sort","Reverse",1000,10,33760,10700,true,true
"std-stable-sort","Reverse",1000,11,33536,10600,true,true
"std-stable-sort","Reverse",1000,12,33792,10700,true,true
"std-stable-sort","Reverse",1000,13,42368,13400,true,true
"std-stable-sort","Reverse",1000,14,45984,14500,true,true
"std-stable-sort","Reverse",1000,15,40320,12700,true,true
"std-stable-sort","Reverse",1000,16,39936,12700,true,true
"std-stable-sort","Reverse",1000,17,40032,12600,true,true
"std-stable-sort","Reverse",1000,18,41600,13100,true,true
"std-stable-sort","Reverse",1000,19,40064,12700,true,true
"std-stable-sort","Reverse",1000,20,40000,12600,true,true
"std-stable-sort","Reverse",1000,21,40256,12800,true,true
"std-stable-sort","Reverse",1000,22,41440,13100,true,true
"std-stable-sort","Reverse",1000,23,39840,12600,true,true
"std-stable-sort","Reverse",1000,24,39840,12600,true,true
"std-stable-sort","Reverse",1000,25,42112,13300,true,true
"std-stable-sort","Reverse",1000,26,49536,15600,true,true
"std-stable-sort","Reverse",1000,27,39456,12500,true,true
"std-stable-sort","Reverse",1000,28,31968,10200,true,true
"std-stable-sort","Reverse",1000,29,31936,10100,true,true
"std-stable-sort","Reverse",1000,30,31872,10100,true,true
"std-stable-sort","Reverse",1000,31,31872,10100,true,true
"std-stable-sort","Reverse",1000,32,32128,10100,true,true
"std-stable-sort","Reverse",1000,33,32160,10200,true,true
"std-stable-sort","Reverse",1000,34,32160,10200,true,true
"std-stable-sort","Reverse",1000,35,32000,10100,true,true
"std-stable-sort","Reverse",1000,36,31936,10100,true,true
"std-stable-sort","Reverse",1000,37,32096,10200,true,true
"std-stable-sort","Reverse",1000,38,31872,10100,true,true
"std-stable-sort","Reverse",1000,39,32064,10200,true,true
"std-stable-sort","Reverse",1000,40,32192,10200,true,true
"std-stable-sort","Reverse",1000,41,32064,10200,true,true
"std-stable-sort","Reverse",1000,42,32032,10100,true,true
"std-stable-sort","Reverse",1000,43,32064,10100,true,true
"std-stable-sort","Reverse",1000,44,32064,10200,true,true
"std-stable-sort","Reverse",1000,45,32160,10200,true,true
"std-stable-sort","Reverse",1000,46,31872,10100,true,true
"std-stable-sort","Reverse",1000,47,32128,10200,true,true
"std-stable-sort","Reverse",1000,48,31968,10100,true,true
"std-stable-sort","Reverse",1000,49,31936,10100,true,true
"std-stable-sort","Reverse",1000,50,32160,10200,true,true
"std-stable-sort","Reverse",1000,51,32256,10200,true,true
"std-stable-sort","Reverse",1000,52,32128,10200,true,true
"std-stable-sort","Reverse",1000,53,32160,10200,true,true
"std-stable-sort","Reverse",1000,54,31936,10100,true,true
"std-stable-sort","Reverse",1000,55,31904,10100,true,true
"std-stable-sort","Reverse",1000,56,32128,10200,true,true
"std-stable-sort","Reverse",1000,57,32384,10300,true,true
"std-stable-sort","Reverse",1000,58,32000,10100,true,true
"std-stable-sort","Reverse",1000,59,40064,12600,true,true
"std-stable-sort","Reverse",1000,60,46528,14700,true,true
"std-stable-sort","Reverse",1000,61,45760,14400,true,true
"std-stable-sort","Reverse",1000,62,222976,70000,true,true
"std-stable-sort","Reverse",1000,63,52896,16700,true,true
"std-stable-sort","Reverse",1000,64,41280,13000,true,true
"std-stable-sort","Reverse",1000,65,38656,12200,true,true
"std-stable-sort","Reverse",1000,66,32832,10400,true,true
"std-stable-sort","Reverse",1000,67,117408,36900,true,true
"std-stable-sort","Reverse",1000,68,33568,10600,true,true
"std-stable-sort","Reverse",1000,69,33728,10600,true,true
"std-stable-sort","Reverse",1000,70,33600,10600,true,true
"std-stable-sort","Reverse",1000,71,33568,10700,true,true
"std-stable-sort","Reverse",1000,72,33344,10500,true,true
"std-stable-sort","Reverse",1000,73,33216,10500,true,true
"std-stable-sort","Reverse",1000,74,33312,10500,true,true
"std-stable-sort","Reverse",1000,75,33600,10600,true,true
"std-stable-sort","Reverse",1000,76,33376,10600,true,true
"std-stable-sort","Reverse",1000,77,33600,10600,true,true
"std-stable-sort","Reverse",1000,78,33536,10700,true,true
"std-stable-sort","Reverse",1000,79,33696,10600,true,true
"std-stable-sort","Reverse",1000,80,33440,10600,true,true
"std-stable-sort","Reverse",1000,81,33632,10700,true,true
"std-stable-sort","Reverse",1000,82,33504,10600,true,true
"std-stable-sort","Reverse",1000,83,33632,10700,true,true
"std-stable-sort","Reverse",1000,84,33440,10600,true,true
"std-stable-sort","Reverse",1000,85,33536,10600,true,true
"std-stable-sort","Reverse",1000,86,33536,10600,true,true
"std-stable-sort","Reverse",1000,87,33600,10600,true,true
"std-stable-sort","Reverse",1000,88,33632,10600,true,true
"std-stable-sort","Reverse",1000,89,33568,10600,true,true
"std-stable-sort","Reverse",1000,90,33376,10600,true,true
"std-stable-sort","Reverse",1000,91,33376,10600,true,true
"std-stable-sort","Reverse",1000,92,33504,10600,true,true
"std-stable-sort","Reverse",1000,93,33440,10500,true,true
"std-stable-sort","Reverse",1000,94,33312,10600,true,true
"std-stable-sort","Reverse",1000,95,33408,10600,true,true
"std-stable-sort","Reverse",1000,96,33504,11100,true,true
"std-stable-sort","Reverse",1000,97,33312,10600,true,true
"std-stable-sort","Reverse",1000,98,33536,10700,true,true
"std-stable-sort","Reverse",1000,99,33568,10600,true,true
"bubble","Reverse",5000,0,33450176,10474000,true,true
"bubble","Reverse",5000,1,34005696,10648500,true,true
"bubble","Reverse",5000,2,37331372,11691400,true,true
"bubble","Reverse",5000,3,33468384,10479400,true,true
"bubble","Reverse",5000,4,33146176,10378700,true,true
"bubble","Reverse",5000,5,33496212,10489000,true,true
"bubble","Reverse",5000,6,33696000,10551100,true,true
"bubble","Reverse",5000,7,35509728,11118600,true,true
"bubble","Reverse",5000,8,35835725,11221500,true,true
"bubble","Reverse",5000,9,33419584,10464300,true,true
"bubble","Reverse",5000,10,34128127,10686300,true,true
"bubble","Reverse",5000,11,33501248,10489800,true,true
"bubble","Reverse",5000,12,33995936,10644800,true,true
"bubble","Reverse",5000,13,35880160,11235400,true,true
"bubble","Reverse",5000,14,36939296,11567400,true,true
"bubble","Reverse",5000,15,33104928,10365600,true,true
"bubble","Reverse",5000,16,33289760,10423600,true,true
"bubble","Reverse",5000,17,33331136,10436800,true,true
"bubble","Reverse",5000,18,33191808,10392900,true,true
"bubble","Reverse",5000,19,33576992,10513600,true,true
"bubble","Reverse",5000,20,33225280,10403300,true,true
"bubble","Reverse",5000,21,33156256,10381800,true,true
"bubble","Reverse",5000,22,33329280,10435800,true,true
"bubble","Reverse",5000,23,33245472,10409700,true,true
"bubble","Reverse",5000,24,33098560,10363600,true,true
"bubble","Reverse",5000,25,33381440,10452200,true,true
"bubble","Reverse",5000,26,33318368,10432500,true,true
"bubble","Reverse",5000,27,33147392,10378900,true,true
"bubble","Reverse",5000,28,33142048,10377500,true,true
"bubble","Reverse",5000,29,33339936,10439300,true,true
"bubble","Reverse",5000,30,33182048,10389800,true,true
"bubble","Reverse",5000,31,33295232,10425200,true,true
"bubble","Reverse",5000,32,33155616,10381500,true,true
"bubble","Reverse",5000,33,33256128,10413100,true,true
"bubble","Reverse",5000,34,33371104,10449200,true,true
"bubble","Reverse",5000,35,33128704,10373100,true,true
"bubble","Reverse",5000,36,33218400,10401100,true,true
"bubble","Reverse",5000,37,33180032,10389100,true,true
"bubble","Reverse",5000,38,33078880,10357400,true,true
"bubble","Reverse",5000,39,33270048,10417300,true,true
"bubble","Reverse",5000,40,34074292,10669600,true,true
"bubble","Reverse",5000,41,33185184,10391000,true,true
"bubble","Reverse",5000,42,33454944,10475300,true,true
"bubble","Reverse",5000,43,33830284,10593800,true,true
"bubble","Reverse",5000,44,33023264,10340000,true,true
"bubble","Reverse",5000,45,33503424,10490600,true,true
"bubble","Reverse",5000,46,33199456,10395200,true,true
"bubble","Reverse",5000,47,33066592,10353500,true,true
"bubble","Reverse",5000,48,33773376,10575300,true,true
"bubble","Reverse",5000,49,33472480,10481200,true,true
"bubble","Reverse",5000,50,33321504,10433600,true,true
"bubble","Reverse",5000,51,33595520,10519500,true,true
"bubble","Reverse",5000,52,33244544,10409400,true,true
"bubble","Reverse",5000,53,33094208,10362300,true,true
"bubble","Reverse",5000,54,33498144,10489300,true,true
"bubble","Reverse",5000,55,33369248,10448500,true,true
"bubble","Reverse",5000,56,33161184,10383200,true,true
"bubble","Reverse",5000,57,33325920,10434800,true,true
"bubble","Reverse",5000,58,37473057,11734100,true,true
"bubble","Reverse",5000,59,34125823,10685700,true,true
"bubble","Reverse",5000,60,33183104,10390100,true,true
"bubble","Reverse",5000,61,34017969,10651900,true,true
"bubble","Reverse",5000,62,33465600,10479000,true,true
"bubble","Reverse",5000,63,33075840,10356500,true,true
"bubble","Reverse",5000,64,33399312,10458200,true,true
"bubble","Reverse",5000,65,33612448,10524800,true,true
"bubble","Reverse",5000,66,33050560,10348700,true,true
"bubble","Reverse",5000,67,33448160,10473300,true,true
"bubble","Reverse",5000,68,33228000,10404200,true,true
"bubble","Reverse",5000,69,33167488,10385200,true,true
"bubble","Reverse",5000,70,35345856,11067800,true,true
"bubble","Reverse",5000,71,33934592,10625800,true,true
"bubble","Reverse",5000,72,33336096,10438000,true,true
"bubble","Reverse",5000,73,33439504,10470800,true,true
"bubble","Reverse",5000,74,33141984,10377200,true,true
"bubble","Reverse",5000,75,33168608,10385800,true,true
"bubble","Reverse",5000,76,33319712,10433000,true,true
"bubble","Reverse",5000,77,33238096,10407800,true,true
"bubble","Reverse",5000,78,33203040,10396500,true,true
"bubble","Reverse",5000,79,33426400,10466300,true,true
"bubble","Reverse",5000,80,33183488,10390400,true,true
"bubble","Reverse",5000,81,33210816,10398900,true,true
"bubble","Reverse",5000,82,33346608,10441600,true,true
"bubble","Reverse",5000,83,33153984,10381100,true,true
"bubble","Reverse",5000,84,33187232,10391400,true,true
"bubble","Reverse",5000,85,33444800,10472200,true,true
"bubble","Reverse",5000,86,33192448,10393100,true,true
"bubble","Reverse",5000,87,33203680,10396800,true,true
"bubble","Reverse",5000,88,33539024,10502000,true,true
"bubble","Reverse",5000,89,33162816,10383800,true,true
"bubble","Reverse",5000,90,33074144,10355900,true,true
"bubble","Reverse",5000,91,33307136,10429200,true,true
"bubble","Reverse",5000,92,33081120,10358200,true,true
"bubble","Reverse",5000,93,42182144,13208300,true,true
"bubble","Reverse",5000,94,33724096,10559600,true,true
"bubble","Reverse",5000,95,33248928,10410800,true,true
"bubble","Reverse",5000,96,36582336,11455300,true,true
"bubble","Reverse",5000,97,33474048,10481400,true,true
"bubble","Reverse",5000,98,33043232,10346300,true,true
"bubble","Reverse",5000,99,35089648,10989000,true,true
"insertion","Reverse",5000,0,23064512,7221900,true,true
"insertion","Reverse",5000,1,22765792,7128900,true,true
"insertion","Reverse",5000,2,22788064,7135300,true,true
"insertion","Reverse",5000,3,22769856,7129600,true,true
"insertion","Reverse",5000,4,22642144,7089500,true,true
"insertion","Reverse",5000,5,22902528,7171200,true,true
"insertion","Reverse",5000,6,22725088,7115600,true,true
"insertion","Reverse",5000,7,22734848,7118700,true,true
"insertion","Reverse",5000,8,22749760,7123300,true,true
"insertion","Reverse",5000,9,22832352,7149200,true,true
"insertion","Reverse",5000,10,22864000,7159100,true,true
"insertion","Reverse",5000,11,22887904,7166700,true,true
"insertion","Reverse",5000,12,22608352,7079000,true,true
"insertion","Reverse",5000,13,22718144,7113400,true,true
"insertion","Reverse",5000,14,22812544,7143000,true,true
"insertion","Reverse",5000,15,22728352,7116600,true,true
"insertion","Reverse",5000,16,22850112,7154700,true,true
"insertion","Reverse",5000,17,22754112,7124700,true,true
"insertion","Reverse",5000,18,23657248,7407500,true,true
"insertion","Reverse",5000,19,22968320,7192500,true,true
"insertion","Reverse",5000,20,22836928,7150800,true,true
"insertion","Reverse",5000,21,22585504,7071800,true,true
"insertion","Reverse",5000,22,22698048,7107400,true,true
"insertion","Reverse",5000,23,22860096,7158200,true,true
"insertion","Reverse",5000,24,22799904,7139000,true,true
"insertion","Reverse",5000,25,22720192,7114000,true,true
"insertion","Reverse",5000,26,22589472,7073200,true,true
"insertion","Reverse",5000,27,22810304,7142500,true,true
"insertion","Reverse",5000,28,22573408,7068100,true,true
"insertion","Reverse",5000,29,23168144,7255500,true,true
"insertion","Reverse",5000,30,22613248,7080500,true,true
"insertion","Reverse",5000,31,22759392,7126300,true,true
"insertion","Reverse",5000,32,23305007,7297600,true,true
"insertion","Reverse",5000,33,22599712,7076500,true,true
"insertion","Reverse",5000,34,23107968,7235500,true,true
"insertion","Reverse",5000,35,22580256,7070200,true,true
"insertion","Reverse",5000,36,23126484,7241600,true,true
"insertion","Reverse",5000,37,22732992,7118000,true,true
"insertion","Reverse",5000,38,22945664,7184600,true,true
"insertion","Reverse",5000,39,22587072,7072400,true,true
"insertion","Reverse",5000,40,22615808,7081300,true,true
"insertion","Reverse",5000,41,22877152,7163200,true,true
"insertion","Reverse",5000,42,22734592,7118500,true,true
"insertion","Reverse",5000,43,26616256,8334600,true,true
"insertion","Reverse",5000,44,22607264,7078700,true,true
"insertion","Reverse",5000,45,23312960,7299900,true,true
"insertion","Reverse",5000,46,23194848,7262700,true,true
"insertion","Reverse",5000,47,23305772,7297900,true,true
"insertion","Reverse",5000,48,22603904,7077600,true,true
"insertion","Reverse",5000,49,22905536,7172100,true,true
"insertion","Reverse",5000,50,22681536,7102100,true,true
"insertion","Reverse",5000,51,22952032,7186700,true,true
"insertion","Reverse",5000,52,22690368,7104700,true,true
"insertion","Reverse",5000,53,22902688,7171600,true,true
"insertion","Reverse",5000,54,23211584,7268000,true,true
"insertion","Reverse",5000,55,22588640,7072900,true,true
"insertion","Reverse",5000,56,22790912,7136100,true,true
"insertion","Reverse",5000,57,22811360,7142500,true,true
"insertion","Reverse",5000,58,22761408,7127000,true,true
"insertion","Reverse",5000,59,23258336,7282600,true,true
"insertion","Reverse",5000,60,23145728,7247700,true,true
"insertion","Reverse",5000,61,23419328,7333000,true,true
"insertion","Reverse",5000,62,22835360,7150200,true,true
"insertion","Reverse",5000,63,23572832,7381000,true,true
"insertion","Reverse",5000,64,23656064,7407800,true,true
"insertion","Reverse",5000,65,22957908,7189000,true,true
"insertion","Reverse",5000,66,24670637,7725100,true,true
"insertion","Reverse",5000,67,23206048,7266600,true,true
"insertion","Reverse",5000,68,23702048,7422000,true,true
"insertion","Reverse",5000,69,22572928,7067900,true,true
"insertion","Reverse",5000,70,23073952,7225000,true,true
"insertion","Reverse",5000,71,22590368,7073400,true,true
"insertion","Reverse",5000,72,22601504,7077000,true,true
"insertion","Reverse",5000,73,22879936,7164100,true,true
"insertion","Reverse",5000,74,22596128,7075100,true,true
"insertion","Reverse",5000,75,23386816,7322900,true,true
"insertion","Reverse",5000,76,22585568,7071900,true,true
"insertion","Reverse",5000,77,23824592,7460300,true,true
"insertion","Reverse",5000,78,22613280,7080600,true,true
"insertion","Reverse",5000,79,22815456,7144200,true,true
"insertion","Reverse",5000,80,22776704,7131800,true,true
"insertion","Reverse",5000,81,22877056,7163200,true,true
"insertion","Reverse",5000,82,22765760,7128400,true,true
"insertion","Reverse",5000,83,22584448,7071500,true,true
"insertion","Reverse",5000,84,22913216,7174600,true,true
"insertion","Reverse",5000,85,22575104,7068600,true,true
"insertion","Reverse",5000,86,22766496,7128600,true,true
"insertion","Reverse",5000,87,22700288,7107900,true,true
"insertion","Reverse",5000,88,22712624,7112000,true,true
"insertion","Reverse",5000,89,22798528,7138600,true,true
"insertion","Reverse",5000,90,22761184,7126900,true,true
"insertion","Reverse",5000,91,22871360,7161500,true,true
"insertion","Reverse",5000,92,22639936,7088900,true,true
"insertion","Reverse",5000,93,23701759,7421800,true,true
"insertion","Reverse",5000,94,22715680,7112700,true,true
"insertion","Reverse",5000,95,22961856,7189700,true,true
"insertion","Reverse",5000,96,22746048,7122200,true,true
"insertion","Reverse",5000,97,22847808,7154000,true,true
"insertion","Reverse",5000,98,22719968,7113900,true,true
"insertion","Reverse",5000,99,22967328,7191500,true,true
"selection","Reverse",5000,0,30100720,9426700,true,true
"selection","Reverse",5000,1,22415104,7018800,true,true
"selection","Reverse",5000,2,21949504,6872900,true,true
"selection","Reverse",5000,3,22322144,6989600,true,true
"selection","Reverse",5000,4,22187008,6947200,true,true
"selection","Reverse",5000,5,23925459,7493200,true,true
"selection","Reverse",5000,6,22330560,6992600,true,true
"selection","Reverse",5000,7,22116480,6925100,true,true
"selection","Reverse",5000,8,22466816,7034900,true,true
"selection","Reverse",5000,9,22007200,6890800,true,true
"selection","Reverse",5000,10,22854188,7156400,true,true
"selection","Reverse",5000,11,22292000,6979900,true,true
"selection","Reverse",5000,12,22313216,6986700,true,true
"selection","Reverse",5000,13,22025856,6896700,true,true
"selection","Reverse",5000,14,22635776,7088100,true,true
"selection","Reverse",5000,15,24359136,7627800,true,true
"selection","Reverse",5000,16,21901184,6857800,true,true
"selection","Reverse",5000,17,25402228,7954600,true,true
"selection","Reverse",5000,18,23331840,7306100,true,true
"selection","Reverse",5000,19,24567277,7692900,true,true
"selection","Reverse",5000,20,22750976,7124200,true,true
"selection","Reverse",5000,21,22144896,6934100,true,true
"selection","Reverse",5000,22,22474464,7037500,true,true
"selection","Reverse",5000,23,22200800,6951400,true,true
"selection","Reverse",5000,24,22067744,6909800,true,true
"selection","Reverse",5000,25,22130720,6929700,true,true
"selection","Reverse",5000,26,22176480,6943900,true,true
"selection","Reverse",5000,27,22087424,6915900,true,true
"selection","Reverse",5000,28,22165344,6940300,true,true
"selection","Reverse",5000,29,22014784,6893300,true,true
"selection","Reverse",5000,30,22272864,6974000,true,true
"selection","Reverse",5000,31,21939456,6869600,true,true
"selection","Reverse",5000,32,22112832,6924100,true,true
"selection","Reverse",5000,33,22323776,6990000,true,true
"selection","Reverse",5000,34,22016832,6893800,true,true
"selection","Reverse",5000,35,22233824,6961700,true,true
"selection","Reverse",5000,36,21857536,6843900,true,true
"selection","Reverse",5000,37,22855808,7156700,true,true
"selection","Reverse",5000,38,22073440,6911600,true,true
"selection","Reverse",5000,39,22165632,6940600,true,true
"selection","Reverse",5000,40,21870464,6847900,true,true
"selection","Reverse",5000,41,21955648,6874800,true,true
"selection","Reverse",5000,42,23566960,7379700,true,true
"selection","Reverse",5000,43,21941728,6870300,true,true
"selection","Reverse",5000,44,22268512,6973100,true,true
"selection","Reverse",5000,45,21787392,6822100,true,true
"selection","Reverse",5000,46,22364544,7002800,true,true
"selection","Reverse",5000,47,21910176,6860500,true,true
"selection","Reverse",5000,48,21860416,6845300,true,true
"selection","Reverse",5000,49,22241056,6964300,true,true
"selection","Reverse",5000,50,21831136,6835700,true,true
"selection","Reverse",5000,51,22282144,6977000,true,true
"selection","Reverse",5000,52,21854560,6843000,true,true
"selection","Reverse",5000,53,24226563,7586200,true,true
"selection","Reverse",5000,54,22041728,6901600,true,true
"selection","Reverse",5000,55,22174240,6943200,true,true
"selection","Reverse",5000,56,22311360,6986200,true,true
"selection","Reverse",5000,57,21780672,6819800,true,true
"selection","Reverse",5000,58,23179680,7258400,true,true
"selection","Reverse",5000,59,21926560,6865500,true,true
"selection","Reverse",5000,60,23348128,7310700,true,true
"selection","Reverse",5000,61,21922976,6864600,true,true
"selection","Reverse",5000,62,22114080,6924200,true,true
"selection","Reverse",5000,63,21922496,6864300,true,true
"selection","Reverse",5000,64,22019232,6894800,true,true
"selection","Reverse",5000,65,22089952,6917000,true,true
"selection","Reverse",5000,66,21896704,6856200,true,true
"selection","Reverse",5000,67,22889484,7167700,true,true
"selection","Reverse",5000,68,21926528,6865600,true,true
"selection","Reverse",5000,69,23067968,7223000,true,true
"selection","Reverse",5000,70,23055232,7219000,true,true
"selection","Reverse",5000,71,22298304,6982000,true,true
"selection","Reverse",5000,72,22062464,6908200,true,true
"selection","Reverse",5000,73,21809312,6828800,true,true
"selection","Reverse",5000,74,22505152,7046800,true,true
"selection","Reverse",5000,75,22044672,6902500,true,true
"selection","Reverse",5000,76,22012384,6892500,true,true
"selection","Reverse",5000,77,22013632,6892900,true,true
"selection","Reverse",5000,78,24142801,7560400,true,true
"selection","Reverse",5000,79,21955264,6874600,true,true
"selection","Reverse",5000,80,22408576,7016500,true,true
"selection","Reverse",5000,81,21906880,6859400,true,true
"selection","Reverse",5000,82,22014528,6893200,true,true
"selection","Reverse",5000,83,22544400,7059400,true,true
"selection","Reverse",5000,84,22049280,6904100,true,true
"selection","Reverse",5000,85,22653168,7093400,true,true
"selection","Reverse",5000,86,22101504,6920300,true,true
"selection","Reverse",5000,87,22284992,6977900,true,true
"selection","Reverse",5000,88,21931616,6867100,true,true
"selection","Reverse",5000,89,22143552,6933600,true,true
"selection","Reverse",5000,90,22248992,6966700,true,true
"selection","Reverse",5000,91,21794080,6824100,true,true
"selection","Reverse",5000,92,22266688,6972200,true,true
"selection","Reverse",5000,93,21836224,6837300,true,true
"selection","Reverse",5000,94,24023247,7522600,true,true
"selection","Reverse",5000,95,21946048,6871600,true,true
"selection","Reverse",5000,96,24719649,7740500,true,true
"selection","Reverse",5000,97,22353056,6999200,true,true
"selection","Reverse",5000,98,22232320,6961900,true,true
"selection","Reverse",5000,99,23881888,7478300,true,true
"merge","Reverse",5000,0,264704,83000,true,true
"merge","Reverse",5000,1,265440,83200,true,true
"merge","Reverse",5000,2,264832,83000,true,true
"merge","Reverse",5000,3,265984,83400,true,true
"merge","Reverse",5000,4,264800,83100,true,true
"merge","Reverse",5000,5,319264,100100,true,true
"merge","Reverse",5000,6,266720,83900,true,true
"merge","Reverse",5000,7,266528,83600,true,true
"merge","Reverse",5000,8,266176,83500,true,true
"merge","Reverse",5000,9,266752,83700,true,true
"merge","Reverse",5000,10,266048,83400,true,true
"merge","Reverse",5000,11,266880,83600,true,true
"merge","Reverse",5000,12,265824,83300,true,true
"merge","Reverse",5000,13,266752,83600,true,true
"merge","Reverse",5000,14,266176,83500,true,true
"merge","Reverse",5000,15,265952,83400,true,true
"merge","Reverse",5000,16,317568,99600,true,true
"merge","Reverse",5000,17,282688,88700,true,true
"merge","Reverse",5000,18,264960,83100,true,true
"merge","Reverse",5000,19,265120,83100,true,true
"merge","Reverse",5000,20,265184,83100,true,true
"merge","Reverse",5000,21,265568,83200,true,true
"merge","Reverse",5000,22,264224,82900,true,true
"merge","Reverse",5000,23,265024,83100,true,true
"merge","Reverse",5000,24,264416,82900,true,true
"merge","Reverse",5000,25,265888,83400,true,true
"merge","Reverse",5000,26,264256,82800,true,true
"merge","Reverse",5000,27,315296,98900,true,true
"merge","Reverse",5000,28,264352,82900,true,true
"merge","Reverse",5000,29,265472,83300,true,true
"merge","Reverse",5000,30,264512,82900,true,true
"merge","Reverse",5000,31,266240,83400,true,true
"merge","Reverse",5000,32,264576,83000,true,true
"merge","Reverse",5000,33,266304,83500,true,true
"merge","Reverse",5000,34,266528,83600,true,true
"merge","Reverse",5000,35,266688,83600,true,true
"merge","Reverse",5000,36,265376,83200,true,true
"merge","Reverse",5000,37,266752,83700,true,true
"merge","Reverse",5000,38,316640,99200,true,true
"merge","Reverse",5000,39,266880,83700,true,true
"merge","Reverse",5000,40,282176,88500,true,true
"merge","Reverse",5000,41,266848,83700,true,true
"merge","Reverse",5000,42,265568,83300,true,true
"merge","Reverse",5000,43,266816,83600,true,true
"merge","Reverse",5000,44,265888,83400,true,true
"merge","Reverse",5000,45,266368,83500,true,true
"merge","Reverse",5000,46,266112,83500,true,true
"merge","Reverse",5000,47,266432,83600,true,true
"merge","Reverse",5000,48,266240,83500,true,true
"merge","Reverse",5000,49,317984,99700,true,true
"merge","Reverse",5000,50,264512,83000,true,true
"merge","Reverse",5000,51,265888,83400,true,true
"merge","Reverse",5000,52,265056,83100,true,true
"merge","Reverse",5000,53,265632,83200,true,true
"merge","Reverse",5000,54,264448,83000,true,true
"merge","Reverse",5000,55,265376,83200,true,true
"merge","Reverse",5000,56,264480,82900,true,true
"merge","Reverse",5000,57,265312,83200,true,true
"merge","Reverse",5000,58,264672,83000,true,true
"merge","Reverse",5000,59,266080,83400,true,true
"merge","Reverse",5000,60,312480,98000,true,true
"merge","Reverse",5000,61,265536,83300,true,true
"merge","Reverse",5000,62,281280,88200,true,true
"merge","Reverse",5000,63,266432,83500,true,true
"merge","Reverse",5000,64,266208,83500,true,true
"merge","Reverse",5000,65,266432,83700,true,true
"merge","Reverse",5000,66,265728,83300,true,true
"merge","Reverse",5000,67,266656,83600,true,true
"merge","Reverse",5000,68,266144,83500,true,true
"merge","Reverse",5000,69,266784,83700,true,true
"merge","Reverse",5000,70,265632,83200,true,true
"merge","Reverse",5000,71,346144,108500,true,true
"merge","Reverse",5000,72,335200,105200,true,true
"merge","Reverse",5000,73,266528,83500,true,true
"merge","Reverse",5000,74,266176,83400,true,true
"merge","Reverse",5000,75,267648,83900,true,true
"merge","Reverse",5000,76,358592,112500,true,true
"merge","Reverse",5000,77,362944,113800,true,true
"merge","Reverse",5000,78,352128,110400,true,true
"merge","Reverse",5000,79,369728,115900,true,true
"merge","Reverse",5000,80,396288,124300,true,true
"merge","Reverse",5000,81,265504,83300,true,true
"merge","Reverse",5000,82,265984,83400,true,true
"merge","Reverse",5000,83,265696,83300,true,true
"merge","Reverse",5000,84,266656,83600,true,true
"merge","Reverse",5000,85,266464,83500,true,true
"merge","Reverse",5000,86,265536,83300,true,true
"merge","Reverse",5000,87,265696,83300,true,true
"merge","Reverse",5000,88,292128,91600,true,true
"merge","Reverse",5000,89,265248,83200,true,true
"merge","Reverse",5000,90,264640,83000,true,true
"merge","Reverse",5000,91,331936,104100,true,true
"merge","Reverse",5000,92,265056,83100,true,true
"merge","Reverse",5000,93,265504,83200,true,true
"merge","Reverse",5000,94,264256,82800,true,true
"merge","Reverse",5000,95,266112,83400,true,true
"merge","Reverse",5000,96,265056,83100,true,true
"merge","Reverse",5000,97,265408,83200,true,true
"merge","Reverse",5000,98,264096,82900,true,true
"merge","Reverse",5000,99,265408,83200,true,true
"quicksort","Reverse",5000,0,146688,46000,true,true
"quicksort","Reverse",5000,1,147744,46400,true,true
"quicksort","Reverse",5000,2,148032,46500,true,true
"quicksort","Reverse",5000,3,152544,47900,true,true
"quicksort","Reverse",5000,4,150752,47400,true,true
"quicksort","Reverse",5000,5,151008,47300,true,true
"quicksort","Reverse",5000,6,150720,47300,true,true
"quicksort","Reverse",5000,7,150976,47400,true,true
"quicksort","Reverse",5000,8,150688,47300,true,true
"quicksort","Reverse",5000,9,150912,47400,true,true
"quicksort","Reverse",5000,10,150880,47300,true,true
"quicksort","Reverse",5000,11,151072,47500,true,true
"quicksort","Reverse",5000,12,150784,47400,true,true
"quicksort","Reverse",5000,13,150720,47300,true,true
"quicksort","Reverse",5000,14,150560,47200,true,true
"quicksort","Reverse",5000,15,150592,47300,true,true
"quicksort","Reverse",5000,16,150432,47200,true,true
"quicksort","Reverse",5000,17,150880,47400,true,true
"quicksort","Reverse",5000,18,150432,47300,true,true
"quicksort","Reverse",5000,19,150784,47300,true,true
"quicksort","Reverse",5000,20,150560,47200,true,true
"quicksort","Reverse",5000,21,201856,63400,true,true
"quicksort","Reverse",5000,22,148544,46600,true,true
"quicksort","Reverse",5000,23,149056,46800,true,true
"quicksort","Reverse",5000,24,148672,46700,true,true
"quicksort","Reverse",5000,25,148640,46600,true,true
"quicksort","Reverse",5000,26,147808,46400,true,true
"quicksort","Reverse",5000,27,148640,46700,true,true
"quicksort","Reverse",5000,28,148672,46600,true,true
"quicksort","Reverse",5000,29,148800,46700,true,true
"quicksort","Reverse",5000,30,148544,46700,true,true
"quicksort","Reverse",5000,31,148704,46700,true,true
"quicksort","Reverse",5000,32,148544,46600,true,true
"quicksort","Reverse",5000,33,150144,47100,true,true
"quicksort","Reverse",5000,34,149664,47000,true,true
"quicksort","Reverse",5000,35,149824,47000,true,true
"quicksort","Reverse",5000,36,165408,51900,true,true
"quicksort","Reverse",5000,37,145696,45800,true,true
"quicksort","Reverse",5000,38,146720,46000,true,true
"quicksort","Reverse",5000,39,147616,46300,true,true
"quicksort","Reverse",5000,40,198912,62400,true,true
"quicksort","Reverse",5000,41,149568,46900,true,true
"quicksort","Reverse",5000,42,149216,46900,true,true
"quicksort","Reverse",5000,43,150144,47200,true,true
"quicksort","Reverse",5000,44,150368,47200,true,true
"quicksort","Reverse",5000,45,150464,47200,true,true
"quicksort","Reverse",5000,46,150048,47100,true,true
"quicksort","Reverse",5000,47,150304,47200,true,true
"quicksort","Reverse",5000,48,150176,47200,true,true
"quicksort","Reverse",5000,49,149728,47000,true,true
"quicksort","Reverse",5000,50,149408,46900,true,true
"quicksort","Reverse",5000,51,149632,47000,true,true
"quicksort","Reverse",5000,52,149440,46900,true,true
"quicksort","Reverse",5000,53,149632,46900,true,true
"quicksort","Reverse",5000,54,149440,46900,true,true
"quicksort","Reverse",5000,55,149792,47000,true,true
"quicksort","Reverse",5000,56,149472,47000,true,true
"quicksort","Reverse",5000,57,149696,46900,true,true
"quicksort","Reverse",5000,58,149440,46900,true,true
"quicksort","Reverse",5000,59,200256,62800,true,true
"quicksort","Reverse",5000,60,147968,46400,true,true
"quicksort","Reverse",5000,61,149344,46900,true,true
"quicksort","Reverse",5000,62,148960,46700,true,true
"quicksort","Reverse",5000,63,149088,46800,true,true
"quicksort","Reverse",5000,64,148832,46700,true,true
"quicksort","Reverse",5000,65,149536,46900,true,true
"quicksort","Reverse",5000,66,148928,46800,true,true
"quicksort","Reverse",5000,67,149120,46800,true,true
"quicksort","Reverse",5000,68,148672,46600,true,true
"quicksort","Reverse",5000,69,148576,47200,true,true
"quicksort","Reverse",5000,70,148288,46600,true,true
"quicksort","Reverse",5000,71,148672,46700,true,true
"quicksort","Reverse",5000,72,148576,46700,true,true
"quicksort","Reverse",5000,73,148576,46600,true,true
"quicksort","Reverse",5000,74,165216,51900,true,true
"quicksort","Reverse",5000,75,147360,46200,true,true
"quicksort","Reverse",5000,76,147808,46400,true,true
"quicksort","Reverse",5000,77,148736,46700,true,true
"quicksort","Reverse",5000,78,199136,62500,true,true
"quicksort","Reverse",5000,79,147296,46200,true,true
"quicksort","Reverse",5000,80,148000,46400,true,true
"quicksort","Reverse",5000,81,149280,46900,true,true
"quicksort","Reverse",5000,82,148928,46800,true,true
"quicksort","Reverse",5000,83,149664,47000,true,true
"quicksort","Reverse",5000,84,149408,46900,true,true
"quicksort","Reverse",5000,85,149536,46900,true,true
"quicksort","Reverse",5000,86,149408,46900,true,true
"quicksort","Reverse",5000,87,149504,46900,true,true
"quicksort","Reverse",5000,88,149344,46900,true,true
"quicksort","Reverse",5000,89,149472,46900,true,true
"quicksort","Reverse",5000,90,149408,46900,true,true
"quicksort","Reverse",5000,91,149504,46900,true,true
"quicksort","Reverse",5000,92,149344,46800,true,true
"quicksort","Reverse",5000,93,237024,74400,true,true
"quicksort","Reverse",5000,94,149824,47100,true,true
"quicksort","Reverse",5000,95,149504,46900,true,true
"quicksort","Reverse",5000,96,149408,46900,true,true
"quicksort","Reverse",5000,97,203776,64000,true,true
"quicksort","Reverse",5000,98,148640,46600,true,true
"quicksort","Reverse",5000,99,149312,46900,true,true
"heap","Reverse",5000,0,762720,238900,true,true
"heap","Reverse",5000,1,812256,254500,true,true
"heap","Reverse",5000,2,754560,236400,true,true
"heap","Reverse",5000,3,750560,235100,true,true
"heap","Reverse",5000,4,765152,239700,true,true
"heap","Reverse",5000,5,1056128,330900,true,true
"heap","Reverse",5000,6,757184,237200,true,true
"heap","Reverse",5000,7,753664,236100,true,true
"heap","Reverse",5000,8,825568,258600,true,true
"heap","Reverse",5000,9,737184,230900,true,true
"heap","Reverse",5000,10,728800,228300,true,true
"heap","Reverse",5000,11,865184,271200,true,true
"heap","Reverse",5000,12,841248,263600,true,true
"heap","Reverse",5000,13,717408,224700,true,true
"heap","Reverse",5000,14,712192,223200,true,true
"heap","Reverse",5000,15,703424,220400,true,true
"heap","Reverse",5000,16,701792,219800,true,true
"heap","Reverse",5000,17,752928,235900,true,true
"heap","Reverse",5000,18,692160,216900,true,true
"heap","Reverse",5000,19,688256,215600,true,true
"heap","Reverse",5000,20,703456,220400,true,true
"heap","Reverse",5000,21,737024,230900,true,true
"heap","Reverse",5000,22,682368,213700,true,true
"heap","Reverse",5000,23,678144,212400,true,true
"heap","Reverse",5000,24,678592,212600,true,true
"heap","Reverse",5000,25,674528,211300,true,true
"heap","Reverse",5000,26,670752,210100,true,true
"heap","Reverse",5000,27,666496,208800,true,true
"heap","Reverse",5000,28,665888,208600,true,true
"heap","Reverse",5000,29,680096,213000,true,true
"heap","Reverse",5000,30,708928,222100,true,true
"heap","Reverse",5000,31,652736,204500,true,true
"heap","Reverse",5000,32,650304,203700,true,true
"heap","Reverse",5000,33,648896,203300,true,true
"heap","Reverse",5000,34,645376,202200,true,true
"heap","Reverse",5000,35,697248,218500,true,true
"heap","Reverse",5000,36,644512,202000,true,true
"heap","Reverse",5000,37,643360,201500,true,true
"heap","Reverse",5000,38,640160,200600,true,true
"heap","Reverse",5000,39,654976,205300,true,true
"heap","Reverse",5000,40,692448,217000,true,true
"heap","Reverse",5000,41,637664,199800,true,true
"heap","Reverse",5000,42,634720,198900,true,true
"heap","Reverse",5000,43,633184,198400,true,true
"heap","Reverse",5000,44,678976,212700,true,true
"heap","Reverse",5000,45,629440,197200,true,true
"heap","Reverse",5000,46,628832,197000,true,true
"heap","Reverse",5000,47,624096,195500,true,true
"heap","Reverse",5000,48,643424,201600,true,true
"heap","Reverse",5000,49,680000,213000,true,true
"heap","Reverse",5000,50,621824,194800,true,true
"heap","Reverse",5000,51,623648,195400,true,true
"heap","Reverse",5000,52,621376,194600,true,true
"heap","Reverse",5000,53,616480,193100,true,true
"heap","Reverse",5000,54,662688,207600,true,true
"heap","Reverse",5000,55,615776,193000,true,true
"heap","Reverse",5000,56,609440,191000,true,true
"heap","Reverse",5000,57,609056,190800,true,true
"heap","Reverse",5000,58,625952,196100,true,true
"heap","Reverse",5000,59,657376,206000,true,true
"heap","Reverse",5000,60,602016,188700,true,true
"heap","Reverse",5000,61,603904,189200,true,true
"heap","Reverse",5000,62,597728,187300,true,true
"heap","Reverse",5000,63,597056,187100,true,true
"heap","Reverse",5000,64,647904,203000,true,true
"heap","Reverse",5000,65,594592,186600,true,true
"heap","Reverse",5000,66,592000,185500,true,true
"heap","Reverse",5000,67,591808,185400,true,true
"heap","Reverse",5000,68,589152,184600,true,true
"heap","Reverse",5000,69,658816,206400,true,true
"heap","Reverse",5000,70,589344,184600,true,true
"heap","Reverse",5000,71,588224,184300,true,true
"heap","Reverse",5000,72,587040,183900,true,true
"heap","Reverse",5000,73,584128,183000,true,true
"heap","Reverse",5000,74,586592,183800,true,true
"heap","Reverse",5000,75,635744,199200,true,true
"heap","Reverse",5000,76,577952,181100,true,true
"heap","Reverse",5000,77,574240,180000,true,true
"heap","Reverse",5000,78,574272,180000,true,true
"heap","Reverse",5000,79,589376,184600,true,true
"heap","Reverse",5000,80,1570051,492500,true,true
"heap","Reverse",5000,81,1330784,417000,true,true
"heap","Reverse",5000,82,1072672,336000,true,true
"heap","Reverse",5000,83,949408,297400,true,true
"heap","Reverse",5000,84,1073024,336100,true,true
"heap","Reverse",5000,85,922784,289100,true,true
"heap","Reverse",5000,86,933792,292500,true,true
"heap","Reverse",5000,87,858304,269200,true,true
"heap","Reverse",5000,88,839648,263000,true,true
"heap","Reverse",5000,89,886016,277600,true,true
"heap","Reverse",5000,90,819936,256900,true,true
"heap","Reverse",5000,91,809184,253500,true,true
"heap","Reverse",5000,92,821120,257200,true,true
"heap","Reverse",5000,93,846592,265200,true,true
"heap","Reverse",5000,94,781216,244700,true,true
"heap","Reverse",5000,95,774912,242700,true,true
"heap","Reverse",5000,96,772288,241900,true,true
"heap","Reverse",5000,97,815328,255500,true,true
"heap","Reverse",5000,98,761024,238400,true,true
"heap","Reverse",5000,99,758912,237800,true,true
"std-sort","Reverse",5000,0,87584,27500,true,true
"std-sort","Reverse",5000,1,87808,27600,true,true
"std-sort","Reverse",5000,2,87456,27500,true,true
"std-sort","Reverse",5000,3,87616,27500,true,true
"std-sort","Reverse",5000,4,87648,27600,true,true
"std-sort","Reverse",5000,5,87712,27600,true,true
"std-sort","Reverse",5000,6,87680,27500,true,true
"std-sort","Reverse",5000,7,87552,27600,true,true
"std-sort","Reverse",5000,8,87680,27500,true,true
"std-sort","Reverse",5000,9,87680,27600,true,true
"std-sort","Reverse",5000,10,87584,27500,true,true
"std-sort","Reverse",5000,11,87616,27500,true,true
"std-sort","Reverse",5000,12,87648,27600,true,true
"std-sort","Reverse",5000,13,87584,27500,true,true
"std-sort","Reverse",5000,14,87648,27500,true,true
"std-sort","Reverse",5000,15,87648,27500,true,true
"std-sort","Reverse",5000,16,87520,27500,true,true
"std-sort","Reverse",5000,17,87744,27600,true,true
"std-sort","Reverse",5000,18,87552,27500,true,true
"std-sort","Reverse",5000,19,87744,27600,true,true
"std-sort","Reverse",5000,20,138784,43600,true,true
"std-sort","Reverse",5000,21,87456,27500,true,true
"std-sort","Reverse",5000,22,87296,27500,true,true
"std-sort","Reverse",5000,23,87616,27600,true,true
"std-sort","Reverse",5000,24,87296,27500,true,true
"std-sort","Reverse",5000,25,87360,27500,true,true
"std-sort","Reverse",5000,26,87296,27500,true,true
"std-sort","Reverse",5000,27,87392,27400,true,true
"std-sort","Reverse",5000,28,87552,27600,true,true
"std-sort","Reverse",5000,29,87264,27400,true,true
"std-sort","Reverse",5000,30,87360,27500,true,true
"std-sort","Reverse",5000,31,87296,27500,true,true
"std-sort","Reverse",5000,32,87488,27500,true,true
"std-sort","Reverse",5000,33,87616,27500,true,true
"std-sort","Reverse",5000,34,87392,27500,true,true
"std-sort","Reverse",5000,35,87520,27500,true,true
"std-sort","Reverse",5000,36,87264,27500,true,true
"std-sort","Reverse",5000,37,87424,27500,true,true
"std-sort","Reverse",5000,38,87392,27500,true,true
"std-sort","Reverse",5000,39,87488,27500,true,true
"std-sort","Reverse",5000,40,87456,27500,true,true
"std-sort","Reverse",5000,41,87424,27400,true,true
"std-sort","Reverse",5000,42,87392,27500,true,true
"std-sort","Reverse",5000,43,87392,27500,true,true
"std-sort","Reverse",5000,44,87328,27500,true,true
"std-sort","Reverse",5000,45,87520,27600,true,true
"std-sort","Reverse",5000,46,104896,33000,true,true
"std-sort","Reverse",5000,47,87264,27400,true,true
"std-sort","Reverse",5000,48,87424,27500,true,true
"std-sort","Reverse",5000,49,87392,27500,true,true
"std-sort","Reverse",5000,50,138304,43400,true,true
"std-sort","Reverse",5000,51,88000,27700,true,true
"std-sort","Reverse",5000,52,87808,27600,true,true
"std-sort","Reverse",5000,53,87840,27700,true,true
"std-sort","Reverse",5000,54,87840,27600,true,true
"std-sort","Reverse",5000,55,87712,27600,true,true
"std-sort","Reverse",5000,56,87712,27600,true,true
"std-sort","Reverse",5000,57,87648,27500,true,true
"std-sort","Reverse",5000,58,87808,27600,true,true
"std-sort","Reverse",5000,59,87648,27600,true,true
"std-sort","Reverse",5000,60,87744,27600,true,true
"std-sort","Reverse",5000,61,87648,27600,true,true
"std-sort","Reverse",5000,62,87808,27600,true,true
"std-sort","Reverse",5000,63,87776,27600,true,true
"std-sort","Reverse",5000,64,87744,27600,true,true
"std-sort","Reverse",5000,65,87808,27600,true,true
"std-sort","Reverse",5000,66,87776,27600,true,true
"std-sort","Reverse",5000,67,87776,27600,true,true
"std-sort","Reverse",5000,68,87776,27600,true,true
"std-sort","Reverse",5000,69,87776,27600,true,true
"std-sort","Reverse",5000,70,87872,27600,true,true
"std-sort","Reverse",5000,71,87808,27600,true,true
"std-sort","Reverse",5000,72,87648,27600,true,true
"std-sort","Reverse",5000,73,87808,27600,true,true
"std-sort","Reverse",5000,74,87680,27600,true,true
"std-sort","Reverse",5000,75,87776,27600,true,true
"std-sort","Reverse",5000,76,87712,27500,true,true
"std-sort","Reverse",5000,77,87808,27700,true,true
"std-sort","Reverse",5000,78,87808,27600,true,true
"std-sort","Reverse",5000,79,87840,27600,true,true
"std-sort","Reverse",5000,80,87712,27600,true,true
"std-sort","Reverse",5000,81,140832,44200,true,true
"std-sort","Reverse",5000,82,87520,27500,true,true
"std-sort","Reverse",5000,83,87616,27600,true,true
"std-sort","Reverse",5000,84,87360,27400,true,true
"std-sort","Reverse",5000,85,87424,27500,true,true
"std-sort","Reverse",5000,86,87552,27500,true,true
"std-sort","Reverse",5000,87,87552,27500,true,true
"std-sort","Reverse",5000,88,87616,27600,true,true
"std-sort","Reverse",5000,89,87552,27500,true,true
"std-sort","Reverse",5000,90,87424,27500,true,true
"std-sort","Reverse",5000,91,87328,27500,true,true
"std-sort","Reverse",5000,92,87424,27500,true,true
"std-sort","Reverse",5000,93,87232,27400,true,true
"std-sort","Reverse",5000,94,87392,27500,true,true
"std-sort","Reverse",5000,95,87488,27500,true,true
"std-sort","Reverse",5000,96,87488,27500,true,true
"std-sort","Reverse",5000,97,87232,27400,true,true
"std-sort","Reverse",5000,98,87424,27500,true,true
"std-sort","Reverse",5000,99,87488,27500,true,true
"std-stable-sort","Reverse",5000,0,174944,54900,true,true
"std-stable-sort","Reverse",5000,1,174784,54800,true,true
"std-stable-sort","Reverse",5000,2,174976,54900,true,true
"std-stable-sort","Reverse",5000,3,174816,54900,true,true
"std-stable-sort","Reverse",5000,4,174688,54800,true,true
"std-stable-sort","Reverse",5000,5,175168,55000,true,true
"std-stable-sort","Reverse",5000,6,174656,54800,true,true
"std-stable-sort","Reverse",5000,7,175040,54900,true,true
"std-stable-sort","Reverse",5000,8,175040,54900,true,true
"std-stable-sort","Reverse",5000,9,174720,54800,true,true
"std-stable-sort","Reverse",5000,10,174912,55000,true,true
"std-stable-sort","Reverse",5000,11,175040,54900,true,true
"std-stable-sort","Reverse",5000,12,174848,54800,true,true
"std-stable-sort","Reverse",5000,13,174560,54800,true,true
"std-stable-sort","Reverse",5000,14,175104,55000,true,true
"std-stable-sort","Reverse",5000,15,175072,54900,true,true
"std-stable-sort","Reverse",5000,16,174752,54800,true,true
"std-stable-sort","Reverse",5000,17,174912,54900,true,true
"std-stable-sort","Reverse",5000,18,174848,54800,true,true
"std-stable-sort","Reverse",5000,19,222752,69900,true,true
"std-stable-sort","Reverse",5000,20,171424,53800,true,true
"std-stable-sort","Reverse",5000,21,175008,54900,true,true
"std-stable-sort","Reverse",5000,22,175072,54900,true,true
"std-stable-sort","Reverse",5000,23,174720,54800,true,true
"std-stable-sort","Reverse",5000,24,174816,54900,true,true
"std-stable-sort","Reverse",5000,25,174752,54800,true,true
"std-stable-sort","Reverse",5000,26,174752,54800,true,true
"std-stable-sort","Reverse",5000,27,174944,54800,true,true
"std-stable-sort","Reverse",5000,28,175168,55000,true,true
"std-stable-sort","Reverse",5000,29,174912,54900,true,true
"std-stable-sort","Reverse",5000,30,175168,54900,true,true
"std-stable-sort","Reverse",5000,31,174592,54800,true,true
"std-stable-sort","Reverse",5000,32,174944,54900,true,true
"std-stable-sort","Reverse",5000,33,174592,54800,true,true
"std-stable-sort","Reverse",5000,34,175008,54900,true,true
"std-stable-sort","Reverse",5000,35,225504,70800,true,true
"std-stable-sort","Reverse",5000,36,171456,53800,true,true
"std-stable-sort","Reverse",5000,37,174816,54900,true,true
"std-stable-sort","Reverse",5000,38,174688,54800,true,true
"std-stable-sort","Reverse",5000,39,174688,54800,true,true
"std-stable-sort","Reverse",5000,40,175072,55000,true,true
"std-stable-sort","Reverse",5000,41,175040,54900,true,true
"std-stable-sort","Reverse",5000,42,174752,54800,true,true
"std-stable-sort","Reverse",5000,43,175040,54900,true,true
"std-stable-sort","Reverse",5000,44,174720,54800,true,true
"std-stable-sort","Reverse",5000,45,175200,54900,true,true
"std-stable-sort","Reverse",5000,46,175232,55000,true,true
"std-stable-sort","Reverse",5000,47,175264,55000,true,true
"std-stable-sort","Reverse",5000,48,174752,54900,true,true
"std-stable-sort","Reverse",5000,49,174688,55000,true,true
"std-stable-sort","Reverse",5000,50,200512,62900,true,true
"std-stable-sort","Reverse",5000,51,174560,54800,true,true
"std-stable-sort","Reverse",5000,52,223840,70200,true,true
"std-stable-sort","Reverse",5000,53,175136,55000,true,true
"std-stable-sort","Reverse",5000,54,174848,54900,true,true
"std-stable-sort","Reverse",5000,55,174976,54900,true,true
"std-stable-sort","Reverse",5000,56,174720,54800,true,true
"std-stable-sort","Reverse",5000,57,174656,54800,true,true
"std-stable-sort","Reverse",5000,58,174464,54700,true,true
"std-stable-sort","Reverse",5000,59,174560,54800,true,true
"std-stable-sort","Reverse",5000,60,174656,54800,true,true
"std-stable-sort","Reverse",5000,61,174880,54800,true,true
"std-stable-sort","Reverse",5000,62,174528,54800,true,true
"std-stable-sort","Reverse",5000,63,174720,54800,true,true
"std-stable-sort","Reverse",5000,64,174400,54700,true,true
"std-stable-sort","Reverse",5000,65,174944,54900,true,true
"std-stable-sort","Reverse",5000,66,174688,54800,true,true
"std-stable-sort","Reverse",5000,67,174624,54800,true,true
"std-stable-sort","Reverse",5000,68,223648,70100,true,true
"std-stable-sort","Reverse",5000,69,174816,54900,true,true
"std-stable-sort","Reverse",5000,70,174464,54700,true,true
"std-stable-sort","Reverse",5000,71,175104,54900,true,true
"std-stable-sort","Reverse",5000,72,174624,54800,true,true
"std-stable-sort","Reverse",5000,73,174624,54800,true,true
"std-stable-sort","Reverse",5000,74,174432,54700,true,true
"std-stable-sort","Reverse",5000,75,174720,54800,true,true
"std-stable-sort","Reverse",5000,76,174880,54900,true,true
"std-stable-sort","Reverse",5000,77,174624,54800,true,true
"std-stable-sort","Reverse",5000,78,337952,105900,true,true
"std-stable-sort","Reverse",5000,79,224960,70600,true,true
"std-stable-sort","Reverse",5000,80,175840,55200,true,true
"std-stable-sort","Reverse",5000,81,175136,55000,true,true
"std-stable-sort","Reverse",5000,82,174944,54900,true,true
"std-stable-sort","Reverse",5000,83,174880,54900,true,true
"std-stable-sort","Reverse",5000,84,237984,74700,true,true
"std-stable-sort","Reverse",5000,85,174816,54900,true,true
"std-stable-sort","Reverse",5000,86,175040,54900,true,true
"std-stable-sort","Reverse",5000,87,175072,55000,true,true
"std-stable-sort","Reverse",5000,88,174560,54800,true,true
"std-stable-sort","Reverse",5000,89,175104,54900,true,true
"std-stable-sort","Reverse",5000,90,174688,54800,true,true
"std-stable-sort","Reverse",5000,91,175104,54900,true,true
"std-stable-sort","Reverse",5000,92,174688,54800,true,true
"std-stable-sort","Reverse",5000,93,175040,54900,true,true
"std-stable-sort","Reverse",5000,94,175232,55000,true,true
"std-stable-sort","Reverse",5000,95,174688,54800,true,true
"std-stable-sort","Reverse",5000,96,175200,55000,true,true
"std-stable-sort","Reverse",5000,97,174816,54900,true,true
"std-stable-sort","Reverse",5000,98,174656,54800,true,true
"std-stable-sort","Reverse",5000,99,174816,54900,true,true
"bubble","Reverse",10000,0,139698912,43741400,true,true
"bubble","Reverse",10000,1,143145216,44822100,true,true
"bubble","Reverse",10000,2,135325437,42373200,true,true
"bubble","Reverse",10000,3,135027439,42279100,true,true
"bubble","Reverse",10000,4,139930176,43815900,true,true
"bubble","Reverse",10000,5,134894048,42237400,true,true
"bubble","Reverse",10000,6,133333876,41748600,true,true
"bubble","Reverse",10000,7,135705132,42492300,true,true
"bubble","Reverse",10000,8,134652096,42161300,true,true
"bubble","Reverse",10000,9,136123617,42622400,true,true
"bubble","Reverse",10000,10,135137215,42313500,true,true
"bubble","Reverse",10000,11,134223473,42027100,true,true
"bubble","Reverse",10000,12,132868768,41602700,true,true
"bubble","Reverse",10000,13,133858848,41912800,true,true
"bubble","Reverse",10000,14,142352176,44572600,true,true
"bubble","Reverse",10000,15,137847392,43161800,true,true
"bubble","Reverse",10000,16,133278592,41731200,true,true
"bubble","Reverse",10000,17,132983776,41638600,true,true
"bubble","Reverse",10000,18,136670687,42793500,true,true
"bubble","Reverse",10000,19,133006516,41646100,true,true
"bubble","Reverse",10000,20,133699820,41863200,true,true
"bubble","Reverse",10000,21,135730593,42499300,true,true
"bubble","Reverse",10000,22,133218384,41712500,true,true
"bubble","Reverse",10000,23,133445952,41783800,true,true
"bubble","Reverse",10000,24,133187792,41702800,true,true
"bubble","Reverse",10000,25,134384531,42077600,true,true
"bubble","Reverse",10000,26,133860160,41913300,true,true
"bubble","Reverse",10000,27,135901709,42553200,true,true
"bubble","Reverse",10000,28,134448592,42097700,true,true
"bubble","Reverse",10000,29,134008880,41960400,true,true
"bubble","Reverse",10000,30,132885056,41607900,true,true
"bubble","Reverse",10000,31,133420416,41775500,true,true
"bubble","Reverse",10000,32,134408896,42085400,true,true
"bubble","Reverse",10000,33,134889120,42236100,true,true
"bubble","Reverse",10000,34,133742560,41876500,true,true
"bubble","Reverse",10000,35,134882847,42233900,true,true
"bubble","Reverse",10000,36,132820672,41587600,true,true
"bubble","Reverse",10000,37,132789536,41577800,true,true
"bubble","Reverse",10000,38,133139456,41687600,true,true
"bubble","Reverse",10000,39,132787008,41577000,true,true
"bubble","Reverse",10000,40,142985665,44770700,true,true
"bubble","Reverse",10000,41,133518224,41806300,true,true
"bubble","Reverse",10000,42,135699279,42489200,true,true
"bubble","Reverse",10000,43,134871217,42230000,true,true
"bubble","Reverse",10000,44,139607536,43714200,true,true
"bubble","Reverse",10000,45,144110495,45123900,true,true
"bubble","Reverse",10000,46,179445505,56188700,true,true
"bubble","Reverse",10000,47,138443568,43350200,true,true
"bubble","Reverse",10000,48,138377872,43329900,true,true
"bubble","Reverse",10000,49,140339775,43944000,true,true
"bubble","Reverse",10000,50,138550625,43383700,true,true
"bubble","Reverse",10000,51,138894416,43491900,true,true
"bubble","Reverse",10000,52,134337347,42064300,true,true
"bubble","Reverse",10000,53,138252861,43290500,true,true
"bubble","Reverse",10000,54,135778992,42516300,true,true
"bubble","Reverse",10000,55,143925855,45066900,true,true
"bubble","Reverse",10000,56,145069649,45426200,true,true
"bubble","Reverse",10000,57,134070752,41980900,true,true
"bubble","Reverse",10000,58,135627648,42468600,true,true
"bubble","Reverse",10000,59,136106352,42619000,true,true
"bubble","Reverse",10000,60,136683359,42798600,true,true
"bubble","Reverse",10000,61,136984064,42892300,true,true
"bubble","Reverse",10000,62,135196225,42332700,true,true
"bubble","Reverse",10000,63,172324576,53959500,true,true
"bubble","Reverse",10000,64,135222912,42342600,true,true
"bubble","Reverse",10000,65,136457279,42727900,true,true
"bubble","Reverse",10000,66,133834016,41905000,true,true
"bubble","Reverse",10000,67,140011729,43841500,true,true
"bubble","Reverse",10000,68,174765488,54723500,true,true
"bubble","Reverse",10000,69,140663999,44045500,true,true
"bubble","Reverse",10000,70,135422027,42406400,true,true
"bubble","Reverse",10000,71,135137984,42315200,true,true
"bubble","Reverse",10000,72,135259349,42352900,true,true
"bubble","Reverse",10000,73,134366368,42073000,true,true
"bubble","Reverse",10000,74,133797632,41894400,true,true
"bubble","Reverse",10000,75,135434860,42407300,true,true
"bubble","Reverse",10000,76,140050789,43852400,true,true
"bubble","Reverse",10000,77,136965872,42886900,true,true
"bubble","Reverse",10000,78,144715264,45314300,true,true
"bubble","Reverse",10000,79,147722192,46255500,true,true
"bubble","Reverse",10000,80,140340304,43944100,true,true
"bubble","Reverse",10000,81,156352275,48957900,true,true
"bubble","Reverse",10000,82,142645112,44666100,true,true
"bubble","Reverse",10000,83,138846533,43477200,true,true
"bubble","Reverse",10000,84,136316432,42684400,true,true
"bubble","Reverse",10000,85,140286399,43927600,true,true
"bubble","Reverse",10000,86,147564491,46206300,true,true
"bubble","Reverse",10000,87,143093024,44805900,true,true
"bubble","Reverse",10000,88,141580128,44332300,true,true
"bubble","Reverse",10000,89,139847552,43789700,true,true
"bubble","Reverse",10000,90,135870752,42544000,true,true
"bubble","Reverse",10000,91,141552672,44323700,true,true
"bubble","Reverse",10000,92,135660448,42477300,true,true
"bubble","Reverse",10000,93,134537504,42126100,true,true
"bubble","Reverse",10000,94,134168160,42010400,true,true
"bubble","Reverse",10000,95,144302486,45184500,true,true
"bubble","Reverse",10000,96,151423392,47414600,true,true
"bubble","Reverse",10000,97,143171391,44830400,true,true
"bubble","Reverse",10000,98,155873888,48808100,true,true
"bubble","Reverse",10000,99,139487072,43676700,true,true
"insertion","Reverse",10000,0,97547393,30543900,true,true
"insertion","Reverse",10000,1,95445587,29886400,true,true
"insertion","Reverse",10000,2,94138060,29476400,true,true
"insertion","Reverse",10000,3,95834208,30007400,true,true
"insertion","Reverse",10000,4,99221568,31067700,true,true
"insertion","Reverse",10000,5,116727264,36550900,true,true
"insertion","Reverse",10000,6,94466048,29579600,true,true
"insertion","Reverse",10000,7,95077600,29770400,true,true
"insertion","Reverse",10000,8,97352788,30482800,true,true
"insertion","Reverse",10000,9,94221548,29502300,true,true
"insertion","Reverse",10000,10,94453760,29575300,true,true
"insertion","Reverse",10000,11,94932640,29725300,true,true
"insertion","Reverse",10000,12,128109536,40115000,true,true
"insertion","Reverse",10000,13,96082176,30087100,true,true
"insertion","Reverse",10000,14,97185216,30431600,true,true
"insertion","Reverse",10000,15,94408209,29561700,true,true
"insertion","Reverse",10000,16,103312911,32350500,true,true
"insertion","Reverse",10000,17,91752480,28729500,true,true
"insertion","Reverse",10000,18,93645920,29322600,true,true
"insertion","Reverse",10000,19,100335412,31417800,true,true
"insertion","Reverse",10000,20,106182231,33249400,true,true
"insertion","Reverse",10000,21,92926966,29097500,true,true
"insertion","Reverse",10000,22,91013712,28498500,true,true
"insertion","Reverse",10000,23,92130512,28847900,true,true
"insertion","Reverse",10000,24,93297728,29213600,true,true
"insertion","Reverse",10000,25,478202506,149732100,true,true
"insertion","Reverse",10000,26,116814145,36579000,true,true
"insertion","Reverse",10000,27,109236000,34205500,true,true
"insertion","Reverse",10000,28,99784159,31247100,true,true
"insertion","Reverse",10000,29,92376128,28926300,true,true
"insertion","Reverse",10000,30,95685760,29963100,true,true
"insertion","Reverse",10000,31,93071808,29144600,true,true
"insertion","Reverse",10000,32,91614208,28687000,true,true
"insertion","Reverse",10000,33,91378006,28613100,true,true
"insertion","Reverse",10000,34,90827232,28439400,true,true
"insertion","Reverse",10000,35,90964554,28482500,true,true
"insertion","Reverse",10000,36,94125174,29472600,true,true
"insertion","Reverse",10000,37,93406048,29247600,true,true
"insertion","Reverse",10000,38,90803520,28432100,true,true
"insertion","Reverse",10000,39,92134816,28849000,true,true
"insertion","Reverse",10000,40,101042576,31640100,true,true
"insertion","Reverse",10000,41,112052399,35087400,true,true
"insertion","Reverse",10000,42,113430016,35518900,true,true
"insertion","Reverse",10000,43,102698284,32157900,true,true
"insertion","Reverse",10000,44,99853493,31267400,true,true
"insertion","Reverse",10000,45,95731232,29976500,true,true
"insertion","Reverse",10000,46,90941792,28476400,true,true
"insertion","Reverse",10000,47,92086528,28834500,true,true
"insertion","Reverse",10000,48,92897424,29088000,true,true
"insertion","Reverse",10000,49,95970800,30051000,true,true
"insertion","Reverse",10000,50,111160307,34807500,true,true
"insertion","Reverse",10000,51,108166988,33871100,true,true
"insertion","Reverse",10000,52,93260372,29202200,true,true
"insertion","Reverse",10000,53,99137725,31041900,true,true
"insertion","Reverse",10000,54,90831184,28440600,true,true
"insertion","Reverse",10000,55,92004064,28808300,true,true
"insertion","Reverse",10000,56,91770368,28734800,true,true
"insertion","Reverse",10000,57,95344320,29853800,true,true
"insertion","Reverse",10000,58,91130064,28534500,true,true
"insertion","Reverse",10000,59,92316015,28906000,true,true
"insertion","Reverse",10000,60,106628689,33389100,true,true
"insertion","Reverse",10000,61,91894272,28774900,true,true
"insertion","Reverse",10000,62,94268219,29517600,true,true
"insertion","Reverse",10000,63,91389024,28615500,true,true
"insertion","Reverse",10000,64,97653919,30578200,true,true
"insertion","Reverse",10000,65,91493920,28648400,true,true
"insertion","Reverse",10000,66,92969568,29110400,true,true
"insertion","Reverse",10000,67,94597568,29620300,true,true
"insertion","Reverse",10000,68,91686560,28708900,true,true
"insertion","Reverse",10000,69,91840480,28756600,true,true
"insertion","Reverse",10000,70,92213013,28873700,true,true
"insertion","Reverse",10000,71,91755252,28729900,true,true
"insertion","Reverse",10000,72,96900749,30341200,true,true
"insertion","Reverse",10000,73,92067103,28827600,true,true
"insertion","Reverse",10000,74,95678848,29959400,true,true
"insertion","Reverse",10000,75,94054049,29450400,true,true
"insertion","Reverse",10000,76,91565888,28670700,true,true
"insertion","Reverse",10000,77,98040256,30698500,true,true
"insertion","Reverse",10000,78,98331808,30790000,true,true
"insertion","Reverse",10000,79,101007839,31628600,true,true
"insertion","Reverse",10000,80,92810400,29061400,true,true
"insertion","Reverse",10000,81,94315457,29532400,true,true
"insertion","Reverse",10000,82,93715776,29344300,true,true
"insertion","Reverse",10000,83,92156768,28856000,true,true
"insertion","Reverse",10000,84,93338431,29225900,true,true
"insertion","Reverse",10000,85,93770801,29361200,true,true
"insertion","Reverse",10000,86,112455728,35212900,true,true
"insertion","Reverse",10000,87,114215551,35764500,true,true
"insertion","Reverse",10000,88,92088896,28834500,true,true
"insertion","Reverse",10000,89,94315201,29531800,true,true
"insertion","Reverse",10000,90,98204671,30749700,true,true
"insertion","Reverse",10000,91,93522496,29283400,true,true
"insertion","Reverse",10000,92,93263761,29202600,true,true
"insertion","Reverse",10000,93,91555984,28667800,true,true
"insertion","Reverse",10000,94,91901712,28777800,true,true
"insertion","Reverse",10000,95,121224304,37959000,true,true
"insertion","Reverse",10000,96,96806848,30314000,true,true
"insertion","Reverse",10000,97,91162144,28545800,true,true
"insertion","Reverse",10000,98,91182048,28550600,true,true
"insertion","Reverse",10000,99,100918451,31601000,true,true
"selection","Reverse",10000,0,93111968,29154800,true,true
"selection","Reverse",10000,1,88645280,27756300,true,true
"selection","Reverse",10000,2,88384288,27674900,true,true
"selection","Reverse",10000,3,90493184,28334900,true,true
"selection","Reverse",10000,4,90582195,28362700,true,true
"selection","Reverse",10000,5,90738924,28412000,true,true
"selection","Reverse",10000,6,102911968,32225600,true,true
"selection","Reverse",10000,7,108260812,33900300,true,true
"selection","Reverse",10000,8,92256372,28888900,true,true
"selection","Reverse",10000,9,88985312,27864500,true,true
"selection","Reverse",10000,10,93360160,29232600,true,true
"selection","Reverse",10000,11,102049771,31955600,true,true
"selection","Reverse",10000,12,94849696,29700600,true,true
"selection","Reverse",10000,13,91325897,28597000,true,true
"selection","Reverse",10000,14,89203264,27931000,true,true
"selection","Reverse",10000,15,88975564,27859700,true,true
"selection","Reverse",10000,16,89854528,28135000,true,true
"selection","Reverse",10000,17,110214721,34512700,true,true
"selection","Reverse",10000,18,91043699,28509200,true,true
"selection","Reverse",10000,19,92892864,29087400,true,true
"selection","Reverse",10000,20,91530720,28659700,true,true
"selection","Reverse",10000,21,93520672,29282900,true,true
"selection","Reverse",10000,22,97665868,30582000,true,true
"selection","Reverse",10000,23,91867136,28766200,true,true
"selection","Reverse",10000,24,95846676,30012600,true,true
"selection","Reverse",10000,25,94029952,29443600,true,true
"selection","Reverse",10000,26,95499040,29903600,true,true
"selection","Reverse",10000,27,93685248,29335000,true,true
"selection","Reverse",10000,28,95863565,30016900,true,true
"selection","Reverse",10000,29,89518899,28030100,true,true
"selection","Reverse",10000,30,93945760,29417200,true,true
"selection","Reverse",10000,31,91670464,28704600,true,true
"selection","Reverse",10000,32,90571232,28359300,true,true
"selection","Reverse",10000,33,92666912,29015300,true,true
"selection","Reverse",10000,34,95020108,29752600,true,true
"selection","Reverse",10000,35,95521524,29909200,true,true
"selection","Reverse",10000,36,95220077,29814900,true,true
"selection","Reverse",10000,37,90689248,28396400,true,true
"selection","Reverse",10000,38,97825805,30631100,true,true
"selection","Reverse",10000,39,103349715,32360600,true,true
"selection","Reverse",10000,40,94062816,29453500,true,true
"selection","Reverse",10000,41,93567424,29297400,true,true
"selection","Reverse",10000,42,95628992,29944300,true,true
"selection","Reverse",10000,43,95020492,29753300,true,true
"selection","Reverse",10000,44,90493684,28335600,true,true
"selection","Reverse",10000,45,133488896,41799000,true,true
"selection","Reverse",10000,46,92010359,28811800,true,true
"selection","Reverse",10000,47,91466185,28640700,true,true
"selection","Reverse",10000,48,106133399,33233500,true,true
"selection","Reverse",10000,49,99610454,31191100,true,true
"selection","Reverse",10000,50,98962495,30988500,true,true
"selection","Reverse",10000,51,89972000,28172200,true,true
"selection","Reverse",10000,52,89829472,28127400,true,true
"selection","Reverse",10000,53,88448064,27694300,true,true
"selection","Reverse",10000,54,106877056,33466300,true,true
"selection","Reverse",10000,55,93681504,29334800,true,true
"selection","Reverse",10000,56,100022324,31323500,true,true
"selection","Reverse",10000,57,94374496,29551100,true,true
"selection","Reverse",10000,58,91700573,28713100,true,true
"selection","Reverse",10000,59,102092864,31968000,true,true
"selection","Reverse",10000,60,92482031,28957800,true,true
"selection","Reverse",10000,61,98150573,30734500,true,true
"selection","Reverse",10000,62,90559936,28356900,true,true
"selection","Reverse",10000,63,89769536,28108900,true,true
"selection","Reverse",10000,64,89268400,27951500,true,true
"selection","Reverse",10000,65,127734715,39997300,true,true
"selection","Reverse",10000,66,90874144,28454500,true,true
"selection","Reverse",10000,67,90660757,28387400,true,true
"selection","Reverse",10000,68,89522059,28030800,true,true
"selection","Reverse",10000,69,92250848,28885900,true,true
"selection","Reverse",10000,70,106350112,33301500,true,true
"selection","Reverse",10000,71,87819552,27497300,true,true
"selection","Reverse",10000,72,91011717,28497800,true,true
"selection","Reverse",10000,73,89198202,27929200,true,true
"selection","Reverse",10000,74,105725078,33106500,true,true
"selection","Reverse",10000,75,89210506,27933400,true,true
"selection","Reverse",10000,76,89350080,27977200,true,true
"selection","Reverse",10000,77,91001440,28494100,true,true
"selection","Reverse",10000,78,91965952,28796800,true,true
"selection","Reverse",10000,79,87967104,27544000,true,true
"selection","Reverse",10000,80,92348832,28916900,true,true
"selection","Reverse",10000,81,102985696,32248600,true,true
"selection","Reverse",10000,82,92010966,28811500,true,true
"selection","Reverse",10000,83,87699904,27460000,true,true
"selection","Reverse",10000,84,91207649,28558700,true,true
"selection","Reverse",10000,85,90688544,28396300,true,true
"selection","Reverse",10000,86,92170565,28860200,true,true
"selection","Reverse",10000,87,89152016,27915300,true,true
"selection","Reverse",10000,88,94927423,29723600,true,true
"selection","Reverse",10000,89,95851329,30013200,true,true
"selection","Reverse",10000,90,127420467,39899100,true,true
"selection","Reverse",10000,91,96024503,30068100,true,true
"selection","Reverse",10000,92,93841729,29384600,true,true
"selection","Reverse",10000,93,89693637,28085400,true,true
"selection","Reverse",10000,94,92411619,28936000,true,true
"selection","Reverse",10000,95,123607096,38704800,true,true
"selection","Reverse",10000,96,89176608,27924400,true,true
"selection","Reverse",10000,97,89254400,27947100,true,true
"selection","Reverse",10000,98,88911872,27840000,true,true
"selection","Reverse",10000,99,93112500,29156900,true,true
"merge","Reverse",10000,0,549888,172300,true,true
"merge","Reverse",10000,1,614528,192600,true,true
"merge","Reverse",10000,2,550240,172400,true,true
"merge","Reverse",10000,3,549824,172300,true,true
"merge","Reverse",10000,4,599680,188100,true,true
"merge","Reverse",10000,5,610336,191200,true,true
"merge","Reverse",10000,6,549568,172200,true,true
"merge","Reverse",10000,7,549632,172200,true,true
"merge","Reverse",10000,8,549728,172300,true,true
"merge","Reverse",10000,9,549152,172100,true,true
"merge","Reverse",10000,10,608736,190800,true,true
"merge","Reverse",10000,11,548864,172000,true,true
"merge","Reverse",10000,12,550688,172600,true,true
"merge","Reverse",10000,13,594304,186500,true,true
"merge","Reverse",10000,14,549344,172200,true,true
"merge","Reverse",10000,15,608128,190500,true,true
"merge","Reverse",10000,16,550752,173000,true,true
"merge","Reverse",10000,17,550624,172600,true,true
"merge","Reverse",10000,18,549344,172100,true,true
"merge","Reverse",10000,19,548480,171900,true,true
"merge","Reverse",10000,20,550656,172600,true,true
"merge","Reverse",10000,21,548608,171900,true,true
"merge","Reverse",10000,22,549280,172100,true,true
"merge","Reverse",10000,23,587744,184300,true,true
"merge","Reverse",10000,24,610720,191400,true,true
"merge","Reverse",10000,25,549216,172000,true,true
"merge","Reverse",10000,26,549216,172100,true,true
"merge","Reverse",10000,27,548544,171900,true,true
"merge","Reverse",10000,28,549472,172300,true,true
"merge","Reverse",10000,29,604512,189400,true,true
"merge","Reverse",10000,30,550816,172600,true,true
"merge","Reverse",10000,31,548320,171800,true,true
"merge","Reverse",10000,32,592768,186000,true,true
"merge","Reverse",10000,33,549472,172200,true,true
"merge","Reverse",10000,34,607648,190400,true,true
"merge","Reverse",10000,35,549344,172100,true,true
"merge","Reverse",10000,36,550240,172400,true,true
"merge","Reverse",10000,37,549120,172100,true,true
"merge","Reverse",10000,38,550464,172500,true,true
"merge","Reverse",10000,39,548896,172000,true,true
"merge","Reverse",10000,40,549248,172100,true,true
"merge","Reverse",10000,41,548640,171900,true,true
"merge","Reverse",10000,42,590368,185200,true,true
"merge","Reverse",10000,43,605664,189800,true,true
"merge","Reverse",10000,44,549024,172100,true,true
"merge","Reverse",10000,45,549440,172100,true,true
"merge","Reverse",10000,46,550368,172400,true,true
"merge","Reverse",10000,47,549216,172100,true,true
"merge","Reverse",10000,48,603936,189200,true,true
"merge","Reverse",10000,49,551520,172900,true,true
"merge","Reverse",10000,50,551392,172800,true,true
"merge","Reverse",10000,51,588288,184600,true,true
"merge","Reverse",10000,52,549600,172300,true,true
"merge","Reverse",10000,53,600000,188000,true,true
"merge","Reverse",10000,54,550368,172500,true,true
"merge","Reverse",10000,55,548352,171800,true,true
"merge","Reverse",10000,56,652224,204300,true,true
"merge","Reverse",10000,57,842112,263800,true,true
"merge","Reverse",10000,58,619264,194100,true,true
"merge","Reverse",10000,59,549600,172200,true,true
"merge","Reverse",10000,60,608800,191400,true,true
"merge","Reverse",10000,61,759008,237800,true,true
"merge","Reverse",10000,62,551840,173000,true,true
"merge","Reverse",10000,63,549824,172300,true,true
"merge","Reverse",10000,64,549952,172400,true,true
"merge","Reverse",10000,65,549184,172100,true,true
"merge","Reverse",10000,66,612672,192000,true,true
"merge","Reverse",10000,67,549504,172200,true,true
"merge","Reverse",10000,68,549600,172200,true,true
"merge","Reverse",10000,69,595296,186800,true,true
"merge","Reverse",10000,70,551392,172800,true,true
"merge","Reverse",10000,71,549280,172100,true,true
"merge","Reverse",10000,72,549440,172200,true,true
"merge","Reverse",10000,73,548992,172000,true,true
"merge","Reverse",10000,74,663904,208000,true,true
"merge","Reverse",10000,75,644896,202100,true,true
"merge","Reverse",10000,76,587616,184300,true,true
"merge","Reverse",10000,77,548032,171700,true,true
"merge","Reverse",10000,78,577664,181000,true,true
"merge","Reverse",10000,79,549824,172300,true,true
"merge","Reverse",10000,80,607232,190300,true,true
"merge","Reverse",10000,81,550464,172700,true,true
"merge","Reverse",10000,82,549984,172400,true,true
"merge","Reverse",10000,83,548256,171800,true,true
"merge","Reverse",10000,84,602432,188700,true,true
"merge","Reverse",10000,85,548576,171900,true,true
"merge","Reverse",10000,86,550144,172400,true,true
"merge","Reverse",10000,87,550464,172500,true,true
"merge","Reverse",10000,88,593568,186200,true,true
"merge","Reverse",10000,89,605376,189700,true,true
"merge","Reverse",10000,90,549408,172100,true,true
"merge","Reverse",10000,91,548096,171800,true,true
"merge","Reverse",10000,92,549312,172100,true,true
"merge","Reverse",10000,93,549248,172200,true,true
"merge","Reverse",10000,94,603776,189200,true,true
"merge","Reverse",10000,95,549856,172300,true,true
"merge","Reverse",10000,96,549440,172200,true,true
"merge","Reverse",10000,97,591168,185500,true,true
"merge","Reverse",10000,98,549696,172300,true,true
"merge","Reverse",10000,99,605184,189700,true,true
"quicksort","Reverse",10000,0,322624,101200,true,true
"quicksort","Reverse",10000,1,322784,101200,true,true
"quicksort","Reverse",10000,2,322656,101100,true,true
"quicksort","Reverse",10000,3,323648,101400,true,true
"quicksort","Reverse",10000,4,324064,101600,true,true
"quicksort","Reverse",10000,5,324896,101800,true,true
"quicksort","Reverse",10000,6,323712,101500,true,true
"quicksort","Reverse",10000,7,324768,101800,true,true
"quicksort","Reverse",10000,8,324288,101700,true,true
"quicksort","Reverse",10000,9,325120,101900,true,true
"quicksort","Reverse",10000,10,324576,101800,true,true
"quicksort","Reverse",10000,11,357568,112200,true,true
"quicksort","Reverse",10000,12,321664,100800,true,true
"quicksort","Reverse",10000,13,373472,117100,true,true
"quicksort","Reverse",10000,14,323264,101300,true,true
"quicksort","Reverse",10000,15,323072,101300,true,true
"quicksort","Reverse",10000,16,323200,101300,true,true
"quicksort","Reverse",10000,17,324896,101800,true,true
"quicksort","Reverse",10000,18,324352,101700,true,true
"quicksort","Reverse",10000,19,323488,101400,true,true
"quicksort","Reverse",10000,20,323744,101500,true,true
"quicksort","Reverse",10000,21,323456,101400,true,true
"quicksort","Reverse",10000,22,377504,118400,true,true
"quicksort","Reverse",10000,23,323552,101500,true,true
"quicksort","Reverse",10000,24,323360,101400,true,true
"quicksort","Reverse",10000,25,323328,101400,true,true
"quicksort","Reverse",10000,26,324160,101700,true,true
"quicksort","Reverse",10000,27,323680,101500,true,true
"quicksort","Reverse",10000,28,357600,112300,true,true
"quicksort","Reverse",10000,29,320864,100600,true,true
"quicksort","Reverse",10000,30,322016,101000,true,true
"quicksort","Reverse",10000,31,374720,117500,true,true
"quicksort","Reverse",10000,32,322816,101200,true,true
"quicksort","Reverse",10000,33,322464,101100,true,true
"quicksort","Reverse",10000,34,323680,101500,true,true
"quicksort","Reverse",10000,35,323520,101400,true,true
"quicksort","Reverse",10000,36,365856,114700,true,true
"quicksort","Reverse",10000,37,777376,243600,true,true
"quicksort","Reverse",10000,38,505472,158400,true,true
"quicksort","Reverse",10000,39,323200,101700,true,true
"quicksort","Reverse",10000,40,323264,101400,true,true
"quicksort","Reverse",10000,41,323072,101300,true,true
"quicksort","Reverse",10000,42,322976,101200,true,true
"quicksort","Reverse",10000,43,322752,101200,true,true
"quicksort","Reverse",10000,44,352352,110500,true,true
"quicksort","Reverse",10000,45,325152,101900,true,true
"quicksort","Reverse",10000,46,325024,101800,true,true
"quicksort","Reverse",10000,47,327904,102800,true,true
"quicksort","Reverse",10000,48,326528,102400,true,true
"quicksort","Reverse",10000,49,326720,102400,true,true
"quicksort","Reverse",10000,50,326240,102300,true,true
"quicksort","Reverse",10000,51,326208,102300,true,true
"quicksort","Reverse",10000,52,326304,102300,true,true
"quicksort","Reverse",10000,53,325664,102100,true,true
"quicksort","Reverse",10000,54,326112,102200,true,true
"quicksort","Reverse",10000,55,381632,119600,true,true
"quicksort","Reverse",10000,56,321600,100800,true,true
"quicksort","Reverse",10000,57,324352,101700,true,true
"quicksort","Reverse",10000,58,324736,101800,true,true
"quicksort","Reverse",10000,59,324320,101700,true,true
"quicksort","Reverse",10000,60,324288,101700,true,true
"quicksort","Reverse",10000,61,324672,101800,true,true
"quicksort","Reverse",10000,62,344704,108100,true,true
"quicksort","Reverse",10000,63,325792,102100,true,true
"quicksort","Reverse",10000,64,372512,116800,true,true
"quicksort","Reverse",10000,65,325120,101900,true,true
"quicksort","Reverse",10000,66,324384,101700,true,true
"quicksort","Reverse",10000,67,324224,101700,true,true
"quicksort","Reverse",10000,68,323712,101500,true,true
"quicksort","Reverse",10000,69,324160,101600,true,true
"quicksort","Reverse",10000,70,324192,101600,true,true
"quicksort","Reverse",10000,71,323680,101400,true,true
"quicksort","Reverse",10000,72,323520,101400,true,true
"quicksort","Reverse",10000,73,372064,116700,true,true
"quicksort","Reverse",10000,74,322048,101000,true,true
"quicksort","Reverse",10000,75,322560,101100,true,true
"quicksort","Reverse",10000,76,450048,141100,true,true
"quicksort","Reverse",10000,77,531104,166500,true,true
"quicksort","Reverse",10000,78,566304,177600,true,true
"quicksort","Reverse",10000,79,695360,217900,true,true
"quicksort","Reverse",10000,80,321248,100700,true,true
"quicksort","Reverse",10000,81,321440,100700,true,true
"quicksort","Reverse",10000,82,322784,101200,true,true
"quicksort","Reverse",10000,83,465920,146100,true,true
"quicksort","Reverse",10000,84,353888,110900,true,true
"quicksort","Reverse",10000,85,324352,101700,true,true
"quicksort","Reverse",10000,86,323360,101300,true,true
"quicksort","Reverse",10000,87,405920,127200,true,true
"quicksort","Reverse",10000,88,319840,100300,true,true
"quicksort","Reverse",10000,89,322048,101100,true,true
"quicksort","Reverse",10000,90,323520,101400,true,true
"quicksort","Reverse",10000,91,323360,101400,true,true
"quicksort","Reverse",10000,92,323584,101500,true,true
"quicksort","Reverse",10000,93,323648,101400,true,true
"quicksort","Reverse",10000,94,348704,109300,true,true
"quicksort","Reverse",10000,95,321696,100900,true,true
"quicksort","Reverse",10000,96,377888,118800,true,true
"quicksort","Reverse",10000,97,318688,99900,true,true
"quicksort","Reverse",10000,98,320384,100400,true,true
"quicksort","Reverse",10000,99,321568,100800,true,true
"heap","Reverse",10000,0,2506112,785300,true,true
"heap","Reverse",10000,1,2241472,702100,true,true
"heap","Reverse",10000,2,2269824,710900,true,true
"heap","Reverse",10000,3,2126656,666000,true,true
"heap","Reverse",10000,4,2077696,651000,true,true
"heap","Reverse",10000,5,2115392,662500,true,true
"heap","Reverse",10000,6,2114112,662100,true,true
"heap","Reverse",10000,7,2076224,650200,true,true
"heap","Reverse",10000,8,2111776,661300,true,true
"heap","Reverse",10000,9,2105696,659400,true,true
"heap","Reverse",10000,10,2070080,648300,true,true
"heap","Reverse",10000,11,2099776,657600,true,true
"heap","Reverse",10000,12,2101984,658300,true,true
"heap","Reverse",10000,13,2060064,645200,true,true
"heap","Reverse",10000,14,2092896,655500,true,true
"heap","Reverse",10000,15,2309696,723400,true,true
"heap","Reverse",10000,16,2092256,655300,true,true
"heap","Reverse",10000,17,2134816,668700,true,true
"heap","Reverse",10000,18,2120384,664000,true,true
"heap","Reverse",10000,19,2081664,651900,true,true
"heap","Reverse",10000,20,2108544,660300,true,true
"heap","Reverse",10000,21,2108192,660200,true,true
"heap","Reverse",10000,22,2058880,645000,true,true
"heap","Reverse",10000,23,2110144,660900,true,true
"heap","Reverse",10000,24,3281665,1028600,true,true
"heap","Reverse",10000,25,2874080,900400,true,true
"heap","Reverse",10000,26,2084416,652800,true,true
"heap","Reverse",10000,27,2166944,678700,true,true
"heap","Reverse",10000,28,2162944,677600,true,true
"heap","Reverse",10000,29,2065856,647000,true,true
"heap","Reverse",10000,30,2117664,663200,true,true
"heap","Reverse",10000,31,2142176,671100,true,true
"heap","Reverse",10000,32,2058400,644600,true,true
"heap","Reverse",10000,33,2104480,659200,true,true
"heap","Reverse",10000,34,2141728,670900,true,true
"heap","Reverse",10000,35,2041472,639300,true,true
"heap","Reverse",10000,36,2098656,657300,true,true
"heap","Reverse",10000,37,2121184,664500,true,true
"heap","Reverse",10000,38,2157696,675800,true,true
"heap","Reverse",10000,39,2097056,656900,true,true
"heap","Reverse",10000,40,2129760,667200,true,true
"heap","Reverse",10000,41,2041024,639200,true,true
"heap","Reverse",10000,42,2092992,655500,true,true
"heap","Reverse",10000,43,2130016,667200,true,true
"heap","Reverse",10000,44,2035744,637500,true,true
"heap","Reverse",10000,45,2082528,652200,true,true
"heap","Reverse",10000,46,2126432,666300,true,true
"heap","Reverse",10000,47,2029248,635500,true,true
"heap","Reverse",10000,48,2135200,668800,true,true
"heap","Reverse",10000,49,2298208,720200,true,true
"heap","Reverse",10000,50,2057952,644500,true,true
"heap","Reverse",10000,51,2143008,671200,true,true
"heap","Reverse",10000,52,2150784,673800,true,true
"heap","Reverse",10000,53,2054080,643300,true,true
"heap","Reverse",10000,54,2114272,662200,true,true
"heap","Reverse",10000,55,2146944,672600,true,true
"heap","Reverse",10000,56,2048896,641600,true,true
"heap","Reverse",10000,57,2044768,640400,true,true
"heap","Reverse",10000,58,2123936,665300,true,true
"heap","Reverse",10000,59,2044544,640900,true,true
"heap","Reverse",10000,60,2091712,655000,true,true
"heap","Reverse",10000,61,2148672,673000,true,true
"heap","Reverse",10000,62,2232000,699100,true,true
"heap","Reverse",10000,63,2068736,647900,true,true
"heap","Reverse",10000,64,2218240,695400,true,true
"heap","Reverse",10000,65,2127840,666400,true,true
"heap","Reverse",10000,66,2075840,650100,true,true
"heap","Reverse",10000,67,2151008,673900,true,true
"heap","Reverse",10000,68,2106848,659900,true,true
"heap","Reverse",10000,69,2045440,640500,true,true
"heap","Reverse",10000,70,2132320,668000,true,true
"heap","Reverse",10000,71,2092608,655400,true,true
"heap","Reverse",10000,72,2038816,638500,true,true
"heap","Reverse",10000,73,2336688,732500,true,true
"heap","Reverse",10000,74,2081856,652100,true,true
"heap","Reverse",10000,75,2196512,688100,true,true
"heap","Reverse",10000,76,2134272,668400,true,true
"heap","Reverse",10000,77,2118720,663500,true,true
"heap","Reverse",10000,78,2094592,656100,true,true
"heap","Reverse",10000,79,2115488,662600,true,true
"heap","Reverse",10000,80,2107872,660100,true,true
"heap","Reverse",10000,81,2085696,653300,true,true
"heap","Reverse",10000,82,2101888,658300,true,true
"heap","Reverse",10000,83,2097632,656900,true,true
"heap","Reverse",10000,84,2093056,655700,true,true
"heap","Reverse",10000,85,2115504,662900,true,true
"heap","Reverse",10000,86,2144192,671500,true,true
"heap","Reverse",10000,87,2131680,667800,true,true
"heap","Reverse",10000,88,2110592,661000,true,true
"heap","Reverse",10000,89,2102016,658400,true,true
"heap","Reverse",10000,90,2084416,653000,true,true
"heap","Reverse",10000,91,2091104,654900,true,true
"heap","Reverse",10000,92,2104288,659000,true,true
"heap","Reverse",10000,93,2082368,652300,true,true
"heap","Reverse",10000,94,2090240,654600,true,true
"heap","Reverse",10000,95,2096928,656700,true,true
"heap","Reverse",10000,96,2077600,650900,true,true
"heap","Reverse",10000,97,2300496,720900,true,true
"heap","Reverse",10000,98,2131488,667600,true,true
"heap","Reverse",10000,99,2131136,667400,true,true
"std-sort","Reverse",10000,0,188544,59200,true,true
"std-sort","Reverse",10000,1,188480,59100,true,true
"std-sort","Reverse",10000,2,240128,75400,true,true
"std-sort","Reverse",10000,3,188352,59100,true,true
"std-sort","Reverse",10000,4,188512,59200,true,true
"std-sort","Reverse",10000,5,188288,59100,true,true
"std-sort","Reverse",10000,6,188320,59100,true,true
"std-sort","Reverse",10000,7,188352,59100,true,true
"std-sort","Reverse",10000,8,188416,59100,true,true
"std-sort","Reverse",10000,9,188416,59100,true,true
"std-sort","Reverse",10000,10,188128,59100,true,true
"std-sort","Reverse",10000,11,225088,70700,true,true
"std-sort","Reverse",10000,12,189600,59500,true,true
"std-sort","Reverse",10000,13,188896,59300,true,true
"std-sort","Reverse",10000,14,188928,59300,true,true
"std-sort","Reverse",10000,15,189216,59400,true,true
"std-sort","Reverse",10000,16,240768,75500,true,true
"std-sort","Reverse",10000,17,188288,59100,true,true
"std-sort","Reverse",10000,18,188256,59100,true,true
"std-sort","Reverse",10000,19,188128,59000,true,true
"std-sort","Reverse",10000,20,188224,59100,true,true
"std-sort","Reverse",10000,21,188192,59000,true,true
"std-sort","Reverse",10000,22,187936,59000,true,true
"std-sort","Reverse",10000,23,188416,59300,true,true
"std-sort","Reverse",10000,24,188096,59100,true,true
"std-sort","Reverse",10000,25,188384,59100,true,true
"std-sort","Reverse",10000,26,188160,59000,true,true
"std-sort","Reverse",10000,27,188224,59000,true,true
"std-sort","Reverse",10000,28,188096,59000,true,true
"std-sort","Reverse",10000,29,188064,59000,true,true
"std-sort","Reverse",10000,30,237120,74400,true,true
"std-sort","Reverse",10000,31,188288,59000,true,true
"std-sort","Reverse",10000,32,188320,59100,true,true
"std-sort","Reverse",10000,33,188736,59200,true,true
"std-sort","Reverse",10000,34,188192,59100,true,true
"std-sort","Reverse",10000,35,187808,58900,true,true
"std-sort","Reverse",10000,36,188416,59100,true,true
"std-sort","Reverse",10000,37,187872,58900,true,true
"std-sort","Reverse",10000,38,188320,59000,true,true
"std-sort","Reverse",10000,39,188416,59100,true,true
"std-sort","Reverse",10000,40,220320,69200,true,true
"std-sort","Reverse",10000,41,189376,59400,true,true
"std-sort","Reverse",10000,42,189664,59500,true,true
"std-sort","Reverse",10000,43,189440,59400,true,true
"std-sort","Reverse",10000,44,189472,59400,true,true
"std-sort","Reverse",10000,45,188192,59100,true,true
"std-sort","Reverse",10000,46,188320,59100,true,true
"std-sort","Reverse",10000,47,188320,59100,true,true
"std-sort","Reverse",10000,48,188384,59100,true,true
"std-sort","Reverse",10000,49,188064,59000,true,true
"std-sort","Reverse",10000,50,188224,59000,true,true
"std-sort","Reverse",10000,51,188288,59100,true,true
"std-sort","Reverse",10000,52,188480,59100,true,true
"std-sort","Reverse",10000,53,188096,59000,true,true
"std-sort","Reverse",10000,54,188544,59200,true,true
"std-sort","Reverse",10000,55,188160,59000,true,true
"std-sort","Reverse",10000,56,188448,59100,true,true
"std-sort","Reverse",10000,57,187808,58900,true,true
"std-sort","Reverse",10000,58,188544,59100,true,true
"std-sort","Reverse",10000,59,235520,73900,true,true
"std-sort","Reverse",10000,60,188320,59100,true,true
"std-sort","Reverse",10000,61,188256,59100,true,true
"std-sort","Reverse",10000,62,188064,59100,true,true
"std-sort","Reverse",10000,63,188320,59100,true,true
"std-sort","Reverse",10000,64,492384,154300,true,true
"std-sort","Reverse",10000,65,184448,57900,true,true
"std-sort","Reverse",10000,66,183968,57800,true,true
"std-sort","Reverse",10000,67,244896,76900,true,true
"std-sort","Reverse",10000,68,189216,59400,true,true
"std-sort","Reverse",10000,69,188896,59300,true,true
"std-sort","Reverse",10000,70,188832,59200,true,true
"std-sort","Reverse",10000,71,188832,59300,true,true
"std-sort","Reverse",10000,72,266816,83700,true,true
"std-sort","Reverse",10000,73,187904,59000,true,true
"std-sort","Reverse",10000,74,188128,59000,true,true
"std-sort","Reverse",10000,75,188000,59000,true,true
"std-sort","Reverse",10000,76,187744,58900,true,true
"std-sort","Reverse",10000,77,187776,58900,true,true
"std-sort","Reverse",10000,78,188256,59100,true,true
"std-sort","Reverse",10000,79,187744,58900,true,true
"std-sort","Reverse",10000,80,187936,58900,true,true
"std-sort","Reverse",10000,81,187936,59000,true,true
"std-sort","Reverse",10000,82,188032,59100,true,true
"std-sort","Reverse",10000,83,188832,59300,true,true
"std-sort","Reverse",10000,84,188064,59000,true,true
"std-sort","Reverse",10000,85,187936,59000,true,true
"std-sort","Reverse",10000,86,243648,76500,true,true
"std-sort","Reverse",10000,87,187808,59000,true,true
"std-sort","Reverse",10000,88,187680,58900,true,true
"std-sort","Reverse",10000,89,187744,58900,true,true
"std-sort","Reverse",10000,90,187744,58900,true,true
"std-sort","Reverse",10000,91,187584,58900,true,true
"std-sort","Reverse",10000,92,187456,58800,true,true
"std-sort","Reverse",10000,93,187712,58900,true,true
"std-sort","Reverse",10000,94,187872,58900,true,true
"std-sort","Reverse",10000,95,187264,58800,true,true
"std-sort","Reverse",10000,96,224800,70600,true,true
"std-sort","Reverse",10000,97,188192,59100,true,true
"std-sort","Reverse",10000,98,188096,59000,true,true
"std-sort","Reverse",10000,99,188064,59000,true,true
"std-stable-sort","Reverse",10000,0,362016,113500,true,true
"std-stable-sort","Reverse",10000,1,362144,113500,true,true
"std-stable-sort","Reverse",10000,2,362144,113500,true,true
"std-stable-sort","Reverse",10000,3,362304,113500,true,true
"std-stable-sort","Reverse",10000,4,415328,130200,true,true
"std-stable-sort","Reverse",10000,5,362016,113500,true,true
"std-stable-sort","Reverse",10000,6,362208,113600,true,true
"std-stable-sort","Reverse",10000,7,362080,113500,true,true
"std-stable-sort","Reverse",10000,8,361824,113400,true,true
"std-stable-sort","Reverse",10000,9,362976,113800,true,true
"std-stable-sort","Reverse",10000,10,398496,125000,true,true
"std-stable-sort","Reverse",10000,11,362912,113700,true,true
"std-stable-sort","Reverse",10000,12,411840,129100,true,true
"std-stable-sort","Reverse",10000,13,362432,113600,true,true
"std-stable-sort","Reverse",10000,14,362080,113500,true,true
"std-stable-sort","Reverse",10000,15,362400,113600,true,true
"std-stable-sort","Reverse",10000,16,361952,113400,true,true
"std-stable-sort","Reverse",10000,17,363072,113800,true,true
"std-stable-sort","Reverse",10000,18,361824,113500,true,true
"std-stable-sort","Reverse",10000,19,361888,113400,true,true
"std-stable-sort","Reverse",10000,20,416160,130400,true,true
"std-stable-sort","Reverse",10000,21,362272,113500,true,true
"std-stable-sort","Reverse",10000,22,362720,113700,true,true
"std-stable-sort","Reverse",10000,23,363008,113800,true,true
"std-stable-sort","Reverse",10000,24,362112,113500,true,true
"std-stable-sort","Reverse",10000,25,363136,113800,true,true
"std-stable-sort","Reverse",10000,26,399584,125300,true,true
"std-stable-sort","Reverse",10000,27,366080,114700,true,true
"std-stable-sort","Reverse",10000,28,411008,128800,true,true
"std-stable-sort","Reverse",10000,29,363584,113900,true,true
"std-stable-sort","Reverse",10000,30,362784,113800,true,true
"std-stable-sort","Reverse",10000,31,363328,113800,true,true
"std-stable-sort","Reverse",10000,32,363264,113900,true,true
"std-stable-sort","Reverse",10000,33,426592,133800,true,true
"std-stable-sort","Reverse",10000,34,395520,124000,true,true
"std-stable-sort","Reverse",10000,35,361760,113400,true,true
"std-stable-sort","Reverse",10000,36,446240,140100,true,true
"std-stable-sort","Reverse",10000,37,462880,145100,true,true
"std-stable-sort","Reverse",10000,38,454496,142700,true,true
"std-stable-sort","Reverse",10000,39,356672,111800,true,true
"std-stable-sort","Reverse",10000,40,361280,113300,true,true
"std-stable-sort","Reverse",10000,41,422560,132500,true,true
"std-stable-sort","Reverse",10000,42,362048,113500,true,true
"std-stable-sort","Reverse",10000,43,441344,138400,true,true
"std-stable-sort","Reverse",10000,44,361408,113300,true,true
"std-stable-sort","Reverse",10000,45,362144,113500,true,true
"std-stable-sort","Reverse",10000,46,361120,113100,true,true
"std-stable-sort","Reverse",10000,47,361408,113200,true,true
"std-stable-sort","Reverse",10000,48,361376,113300,true,true
"std-stable-sort","Reverse",10000,49,361280,113200,true,true
"std-stable-sort","Reverse",10000,50,360928,113100,true,true
"std-stable-sort","Reverse",10000,51,420512,131800,true,true
"std-stable-sort","Reverse",10000,52,361568,113400,true,true
"std-stable-sort","Reverse",10000,53,361440,113300,true,true
"std-stable-sort","Reverse",10000,54,360544,113000,true,true
"std-stable-sort","Reverse",10000,55,361792,113400,true,true
"std-stable-sort","Reverse",10000,56,399232,125200,true,true
"std-stable-sort","Reverse",10000,57,353792,110900,true,true
"std-stable-sort","Reverse",10000,58,361056,113200,true,true
"std-stable-sort","Reverse",10000,59,417280,130800,true,true
"std-stable-sort","Reverse",10000,60,361280,113200,true,true
"std-stable-sort","Reverse",10000,61,361600,113400,true,true
"std-stable-sort","Reverse",10000,62,360768,113000,true,true
"std-stable-sort","Reverse",10000,63,361248,113200,true,true
"std-stable-sort","Reverse",10000,64,360800,113100,true,true
"std-stable-sort","Reverse",10000,65,361056,113200,true,true
"std-stable-sort","Reverse",10000,66,361600,113400,true,true
"std-stable-sort","Reverse",10000,67,410400,128600,true,true
"std-stable-sort","Reverse",10000,68,361024,113700,true,true
"std-stable-sort","Reverse",10000,69,361312,113200,true,true
"std-stable-sort","Reverse",10000,70,361088,113200,true,true
"std-stable-sort","Reverse",10000,71,360992,113200,true,true
"std-stable-sort","Reverse",10000,72,398880,125100,true,true
"std-stable-sort","Reverse",10000,73,362464,113600,true,true
"std-stable-sort","Reverse",10000,74,361376,113600,true,true
"std-stable-sort","Reverse",10000,75,410880,128800,true,true
"std-stable-sort","Reverse",10000,76,361152,113200,true,true
"std-stable-sort","Reverse",10000,77,361120,113200,true,true
"std-stable-sort","Reverse",10000,78,360736,113000,true,true
"std-stable-sort","Reverse",10000,79,360960,113100,true,true
"std-stable-sort","Reverse",10000,80,361824,113400,true,true
"std-stable-sort","Reverse",10000,81,362016,113500,true,true
"std-stable-sort","Reverse",10000,82,361088,113200,true,true
"std-stable-sort","Reverse",10000,83,418240,131000,true,true
"std-stable-sort","Reverse",10000,84,361312,113200,true,true
"std-stable-sort","Reverse",10000,85,362048,113500,true,true
"std-stable-sort","Reverse",10000,86,360800,113100,true,true
"std-stable-sort","Reverse",10000,87,432512,135600,true,true
"std-stable-sort","Reverse",10000,88,435712,136600,true,true
"std-stable-sort","Reverse",10000,89,374144,117300,true,true
"std-stable-sort","Reverse",10000,90,437952,137200,true,true
"std-stable-sort","Reverse",10000,91,362208,113500,true,true
"std-stable-sort","Reverse",10000,92,361088,113200,true,true
"std-stable-sort","Reverse",10000,93,361792,113500,true,true
"std-stable-sort","Reverse",10000,94,360992,113200,true,true
"std-stable-sort","Reverse",10000,95,361376,113300,true,true
"std-stable-sort","Reverse",10000,96,360704,113100,true,true
"std-stable-sort","Reverse",10000,97,361920,113500,true,true
"std-stable-sort","Reverse",10000,98,416576,130600,true,true
"std-stable-sort","Reverse",10000,99,361376,113300,true,true
"bubble","Nearly Sorted",100,0,704,400,true,true
"bubble","Nearly Sorted",100,1,800,400,true,true
"bubble","Nearly Sorted",100,2,672,300,true,true
"bubble","Nearly Sorted",100,3,768,400,true,true
"bubble","Nearly Sorted",100,4,736,400,true,true
"bubble","Nearly Sorted",100,5,704,300,true,true
"bubble","Nearly Sorted",100,6,736,300,true,true
"bubble","Nearly Sorted",100,7,1056,500,true,true
"bubble","Nearly Sorted",100,8,768,400,true,true
"bubble","Nearly Sorted",100,9,672,300,true,true
"bubble","Nearly Sorted",100,10,736,300,true,true
"bubble","Nearly Sorted",100,11,768,400,true,true
"bubble","Nearly Sorted",100,12,736,300,true,true
"bubble","Nearly Sorted",100,13,864,300,true,true
"bubble","Nearly Sorted",100,14,864,300,true,true
"bubble","Nearly Sorted",100,15,800,300,true,true
"bubble","Nearly Sorted",100,16,768,300,true,true
"bubble","Nearly Sorted",100,17,768,300,true,true
"bubble","Nearly Sorted",100,18,800,300,true,true
"bubble","Nearly Sorted",100,19,704,300,true,true
"bubble","Nearly Sorted",100,20,736,600,true,true
"bubble","Nearly Sorted",100,21,768,300,true,true
"bubble","Nearly Sorted",100,22,800,400,true,true
"bubble","Nearly Sorted",100,23,704,400,true,true
"bubble","Nearly Sorted",100,24,704,300,true,true
"bubble","Nearly Sorted",100,25,736,300,true,true
"bubble","Nearly Sorted",100,26,736,400,true,true
"bubble","Nearly Sorted",100,27,736,400,true,true
"bubble","Nearly Sorted",100,28,736,300,true,true
"bubble","Nearly Sorted",100,29,736,300,true,true
"bubble","Nearly Sorted",100,30,704,400,true,true
"bubble","Nearly Sorted",100,31,768,400,true,true
"bubble","Nearly Sorted",100,32,736,300,true,true
"bubble","Nearly Sorted",100,33,768,400,true,true
"bubble","Nearly Sorted",100,34,736,400,true,true
"bubble","Nearly Sorted",100,35,800,300,true,true
"bubble","Nearly Sorted",100,36,768,300,true,true
"bubble","Nearly Sorted",100,37,704,300,true,true
"bubble","Nearly Sorted",100,38,800,400,true,true
"bubble","Nearly Sorted",100,39,864,400,true,true
"bubble","Nearly Sorted",100,40,1024,400,true,true
"bubble","Nearly Sorted",100,41,800,300,true,true
"bubble","Nearly Sorted",100,42,736,300,true,true
"bubble","Nearly Sorted",100,43,768,400,true,true
"bubble","Nearly Sorted",100,44,736,400,true,true
"bubble","Nearly Sorted",100,45,704,300,true,true
"bubble","Nearly Sorted",100,46,704,300,true,true
"bubble","Nearly Sorted",100,47,736,400,true,true
"bubble","Nearly Sorted",100,48,736,300,true,true
"bubble","Nearly Sorted",100,49,704,300,true,true
"bubble","Nearly Sorted",100,50,672,300,true,true
"bubble","Nearly Sorted",100,51,768,300,true,true
"bubble","Nearly Sorted",100,52,1024,400,true,true
"bubble","Nearly Sorted",100,53,704,400,true,true
"bubble","Nearly Sorted",100,54,704,300,true,true
"bubble","Nearly Sorted",100,55,672,300,true,true
"bubble","Nearly Sorted",100,56,672,300,true,true
"bubble","Nearly Sorted",100,57,640,300,true,true
"bubble","Nearly Sorted",100,58,640,300,true,true
"bubble","Nearly Sorted",100,59,704,400,true,true
"bubble","Nearly Sorted",100,60,704,300,true,true
"bubble","Nearly Sorted",100,61,768,300,true,true
"bubble","Nearly Sorted",100,62,768,400,true,true
"bubble","Nearly Sorted",100,63,736,400,true,true
"bubble","Nearly Sorted",100,64,768,300,true,true
"bubble","Nearly Sorted",100,65,736,400,true,true
"bubble","Nearly Sorted",100,66,832,400,true,true
"bubble","Nearly Sorted",100,67,704,400,true,true
"bubble","Nearly Sorted",100,68,704,300,true,true
"bubble","Nearly Sorted",100,69,832,400,true,true
"bubble","Nearly Sorted",100,70,800,300,true,true
"bubble","Nearly Sorted",100,71,768,300,true,true
"bubble","Nearly Sorted",100,72,672,400,true,true
"bubble","Nearly Sorted",100,73,800,400,true,true
"bubble","Nearly Sorted",100,74,768,300,true,true
"bubble","Nearly Sorted",100,75,640,300,true,true
"bubble","Nearly Sorted",100,76,704,300,true,true
"bubble","Nearly Sorted",100,77,736,300,true,true
"bubble","Nearly Sorted",100,78,736,300,true,true
"bubble","Nearly Sorted",100,79,736,400,true,true
"bubble","Nearly Sorted",100,80,704,300,true,true
"bubble","Nearly Sorted",100,81,736,300,true,true
"bubble","Nearly Sorted",100,82,736,400,true,true
"bubble","Nearly Sorted",100,83,800,400,true,true
"bubble","Nearly Sorted",100,84,768,300,true,true
"bubble","Nearly Sorted",100,85,736,300,true,true
"bubble","Nearly Sorted",100,86,704,400,true,true
"bubble","Nearly Sorted",100,87,672,300,true,true
"bubble","Nearly Sorted",100,88,704,300,true,true
"bubble","Nearly Sorted",100,89,704,400,true,true
"bubble","Nearly Sorted",100,90,640,300,true,true
"bubble","Nearly Sorted",100,91,704,400,true,true
"bubble","Nearly Sorted",100,92,768,300,true,true
"bubble","Nearly Sorted",100,93,736,300,true,true
"bubble","Nearly Sorted",100,94,768,400,true,true
"bubble","Nearly Sorted",100,95,1056,500,true,true
"bubble","Nearly Sorted",100,96,672,300,true,true
"bubble","Nearly Sorted",100,97,736,400,true,true
"bubble","Nearly Sorted",100,98,736,300,true,true
"bubble","Nearly Sorted",100,99,736,300,true,true
"insertion","Nearly Sorted",100,0,704,400,true,true
"insertion","Nearly Sorted",100,1,704,400,true,true
"insertion","Nearly Sorted",100,2,704,300,true,true
"insertion","Nearly Sorted",100,3,960,400,true,true
"insertion","Nearly Sorted",100,4,800,400,true,true
"insertion","Nearly Sorted",100,5,864,400,true,true
"insertion","Nearly Sorted",100,6,768,300,true,true
"insertion","Nearly Sorted",100,7,864,300,true,true
"insertion","Nearly Sorted",100,8,640,300,true,true
"insertion","Nearly Sorted",100,9,896,400,true,true
"insertion","Nearly Sorted",100,10,832,400,true,true
"insertion","Nearly Sorted",100,11,736,400,true,true
"insertion","Nearly Sorted",100,12,768,300,true,true
"insertion","Nearly Sorted",100,13,736,300,true,true
"insertion","Nearly Sorted",100,14,896,400,true,true
"insertion","Nearly Sorted",100,15,832,400,true,true
"insertion","Nearly Sorted",100,16,896,400,true,true
"insertion","Nearly Sorted",100,17,640,300,true,true
"insertion","Nearly Sorted",100,18,928,400,true,true
"insertion","Nearly Sorted",100,19,768,300,true,true
"insertion","Nearly Sorted",100,20,736,300,true,true
"insertion","Nearly Sorted",100,21,736,400,true,true
"insertion","Nearly Sorted",100,22,896,400,true,true
"insertion","Nearly Sorted",100,23,800,400,true,true
"insertion","Nearly Sorted",100,24,640,400,true,true
"insertion","Nearly Sorted",100,25,896,400,true,true
"insertion","Nearly Sorted",100,26,832,400,true,true
"insertion","Nearly Sorted",100,27,800,400,true,true
"insertion","Nearly Sorted",100,28,864,400,true,true
"insertion","Nearly Sorted",100,29,832,400,true,true
"insertion","Nearly Sorted",100,30,736,500,true,true
"insertion","Nearly Sorted",100,31,768,300,true,true
"insertion","Nearly Sorted",100,32,736,300,true,true
"insertion","Nearly Sorted",100,33,704,300,true,true
"insertion","Nearly Sorted",100,34,736,400,true,true
"insertion","Nearly Sorted",100,35,672,300,true,true
"insertion","Nearly Sorted",100,36,704,300,true,true
"insertion","Nearly Sorted",100,37,768,400,true,true
"insertion","Nearly Sorted",100,38,576,300,true,true
"insertion","Nearly Sorted",100,39,896,400,true,true
"insertion","Nearly Sorted",100,40,928,400,true,true
"insertion","Nearly Sorted",100,41,864,400,true,true
"insertion","Nearly Sorted",100,42,928,400,true,true
"insertion","Nearly Sorted",100,43,928,400,true,true
"insertion","Nearly Sorted",100,44,736,400,true,true
"insertion","Nearly Sorted",100,45,672,300,true,true
"insertion","Nearly Sorted",100,46,640,400,true,true
"insertion","Nearly Sorted",100,47,960,400,true,true
"insertion","Nearly Sorted",100,48,672,400,true,true
"insertion","Nearly Sorted",100,49,608,300,true,true
"insertion","Nearly Sorted",100,50,704,400,true,true
"insertion","Nearly Sorted",100,51,704,300,true,true
"insertion","Nearly Sorted",100,52,768,300,true,true
"insertion","Nearly Sorted",100,53,736,300,true,true
"insertion","Nearly Sorted",100,54,896,400,true,true
"insertion","Nearly Sorted",100,55,800,300,true,true
"insertion","Nearly Sorted",100,56,864,400,true,true
"insertion","Nearly Sorted",100,57,608,300,true,true
"insertion","Nearly Sorted",100,58,672,300,true,true
"insertion","Nearly Sorted",100,59,832,300,true,true
"insertion","Nearly Sorted",100,60,704,400,true,true
"insertion","Nearly Sorted",100,61,800,400,true,true
"insertion","Nearly Sorted",100,62,800,400,true,true
"insertion","Nearly Sorted",100,63,736,400,true,true
"insertion","Nearly Sorted",100,64,640,300,true,true
"insertion","Nearly Sorted",100,65,704,300,true,true
"insertion","Nearly Sorted",100,66,736,400,true,true
"insertion","Nearly Sorted",100,67,800,400,true,true
"insertion","Nearly Sorted",100,68,768,400,true,true
"insertion","Nearly Sorted",100,69,928,400,true,true
"insertion","Nearly Sorted",100,70,704,300,true,true
"insertion","Nearly Sorted",100,71,672,300,true,true
"insertion","Nearly Sorted",100,72,704,300,true,true
"insertion","Nearly Sorted",100,73,768,400,true,true
"insertion","Nearly Sorted",100,74,736,400,true,true
"insertion","Nearly Sorted",100,75,640,300,true,true
"insertion","Nearly Sorted",100,76,704,400,true,true
"insertion","Nearly Sorted",100,77,832,400,true,true
"insertion","Nearly Sorted",100,78,928,400,true,true
"insertion","Nearly Sorted",100,79,768,400,true,true
"insertion","Nearly Sorted",100,80,704,400,true,true
"insertion","Nearly Sorted",100,81,800,400,true,true
"insertion","Nearly Sorted",100,82,928,400,true,true
"insertion","Nearly Sorted",100,83,800,400,true,true
"insertion","Nearly Sorted",100,84,672,400,true,true
"insertion","Nearly Sorted",100,85,736,400,true,true
"insertion","Nearly Sorted",100,86,768,400,true,true
"insertion","Nearly Sorted",100,87,608,300,true,true
"insertion","Nearly Sorted",100,88,864,400,true,true
"insertion","Nearly Sorted",100,89,704,300,true,true
"insertion","Nearly Sorted",100,90,512,300,true,true
"insertion","Nearly Sorted",100,91,736,400,true,true
"insertion","Nearly Sorted",100,92,672,400,true,true
"insertion","Nearly Sorted",100,93,768,400,true,true
"insertion","Nearly Sorted",100,94,704,300,true,true
"insertion","Nearly Sorted",100,95,704,300,true,true
"insertion","Nearly Sorted",100,96,736,400,true,true
"insertion","Nearly Sorted",100,97,832,400,true,true
"insertion","Nearly Sorted",100,98,672,300,true,true
"insertion","Nearly Sorted",100,99,864,300,true,true
"selection","Nearly Sorted",100,0,10464,3400,true,true
"selection","Nearly Sorted",100,1,10624,3400,true,true
"selection","Nearly Sorted",100,2,10496,3400,true,true
"selection","Nearly Sorted",100,3,10400,3400,true,true
"selection","Nearly Sorted",100,4,10400,3400,true,true
"selection","Nearly Sorted",100,5,10464,3400,true,true
"selection","Nearly Sorted",100,6,10368,3300,true,true
"selection","Nearly Sorted",100,7,10240,3300,true,true
"selection","Nearly Sorted",100,8,10240,3300,true,true
"selection","Nearly Sorted",100,9,10176,3300,true,true
"selection","Nearly Sorted",100,10,10336,3400,true,true
"selection","Nearly Sorted",100,11,10208,3300,true,true
"selection","Nearly Sorted",100,12,10368,3400,true,true
"selection","Nearly Sorted",100,13,10240,3300,true,true
"selection","Nearly Sorted",100,14,10304,3400,true,true
"selection","Nearly Sorted",100,15,10208,3300,true,true
"selection","Nearly Sorted",100,16,10432,3400,true,true
"selection","Nearly Sorted",100,17,10368,3400,true,true
"selection","Nearly Sorted",100,18,10432,3400,true,true
"selection","Nearly Sorted",100,19,10368,3400,true,true
"selection","Nearly Sorted",100,20,10464,3400,true,true
"selection","Nearly Sorted",100,21,10272,3300,true,true
"selection","Nearly Sorted",100,22,10464,3300,true,true
"selection","Nearly Sorted",100,23,10144,3300,true,true
"selection","Nearly Sorted",100,24,10112,3300,true,true
"selection","Nearly Sorted",100,25,10144,3300,true,true
"selection","Nearly Sorted",100,26,10144,3300,true,true
"selection","Nearly Sorted",100,27,10240,3300,true,true
"selection","Nearly Sorted",100,28,10208,3300,true,true
"selection","Nearly Sorted",100,29,10336,3300,true,true
"selection","Nearly Sorted",100,30,10336,3300,true,true
"selection","Nearly Sorted",100,31,10240,3300,true,true
"selection","Nearly Sorted",100,32,10336,3300,true,true
"selection","Nearly Sorted",100,33,10304,3300,true,true
"selection","Nearly Sorted",100,34,10176,3300,true,true
"selection","Nearly Sorted",100,35,10240,3300,true,true
"selection","Nearly Sorted",100,36,10272,3300,true,true
"selection","Nearly Sorted",100,37,10272,3400,true,true
"selection","Nearly Sorted",100,38,10144,3300,true,true
"selection","Nearly Sorted",100,39,10208,3300,true,true
"selection","Nearly Sorted",100,40,10144,3300,true,true
"selection","Nearly Sorted",100,41,10336,3400,true,true
"selection","Nearly Sorted",100,42,10176,3300,true,true
"selection","Nearly Sorted",100,43,10240,3300,true,true
"selection","Nearly Sorted",100,44,10272,3400,true,true
"selection","Nearly Sorted",100,45,10208,3300,true,true
"selection","Nearly Sorted",100,46,10176,3300,true,true
"selection","Nearly Sorted",100,47,10240,3400,true,true
"selection","Nearly Sorted",100,48,10304,3300,true,true
"selection","Nearly Sorted",100,49,10240,3400,true,true
"selection","Nearly Sorted",100,50,10336,3300,true,true
"selection","Nearly Sorted",100,51,10176,3300,true,true
"selection","Nearly Sorted",100,52,10272,3300,true,true
"selection","Nearly Sorted",100,53,10112,3300,true,true
"selection","Nearly Sorted",100,54,10272,3400,true,true
"selection","Nearly Sorted",100,55,10208,3300,true,true
"selection","Nearly Sorted",100,56,10272,3300,true,true
"selection","Nearly Sorted",100,57,10112,3200,true,true
"selection","Nearly Sorted",100,58,10080,3200,true,true
"selection","Nearly Sorted",100,59,10112,3300,true,true
"selection","Nearly Sorted",100,60,10080,3300,true,true
"selection","Nearly Sorted",100,61,10112,3300,true,true
"selection","Nearly Sorted",100,62,10144,3300,true,true
"selection","Nearly Sorted",100,63,10240,3300,true,true
"selection","Nearly Sorted",100,64,10176,3300,true,true
"selection","Nearly Sorted",100,65,10368,3400,true,true
"selection","Nearly Sorted",100,66,10112,3300,true,true
"selection","Nearly Sorted",100,67,10400,3400,true,true
"selection","Nearly Sorted",100,68,10208,3300,true,true
"selection","Nearly Sorted",100,69,10272,3400,true,true
"selection","Nearly Sorted",100,70,10304,3300,true,true
"selection","Nearly Sorted",100,71,10208,3200,true,true
"selection","Nearly Sorted",100,72,10432,3300,true,true
"selection","Nearly Sorted",100,73,10336,3300,true,true
"selection","Nearly Sorted",100,74,10272,3400,true,true
"selection","Nearly Sorted",100,75,10112,3300,true,true
"selection","Nearly Sorted",100,76,10240,3300,true,true
"selection","Nearly Sorted",100,77,10176,3300,true,true
"selection","Nearly Sorted",100,78,10112,3200,true,true
"selection","Nearly Sorted",100,79,10144,3200,true,true
"selection","Nearly Sorted",100,80,10112,3300,true,true
"selection","Nearly Sorted",100,81,10208,3300,true,true
"selection","Nearly Sorted",100,82,10112,3300,true,true
"selection","Nearly Sorted",100,83,10176,3300,true,true
"selection","Nearly Sorted",100,84,10176,3300,true,true
"selection","Nearly Sorted",100,85,10208,3400,true,true
"selection","Nearly Sorted",100,86,10400,3400,true,true
"selection","Nearly Sorted",100,87,10240,3300,true,true
"selection","Nearly Sorted",100,88,10112,3200,true,true
"selection","Nearly Sorted",100,89,10272,3300,true,true
"selection","Nearly Sorted",100,90,10112,3300,true,true
"selection","Nearly Sorted",100,91,10112,3300,true,true
"selection","Nearly Sorted",100,92,10208,3300,true,true
"selection","Nearly Sorted",100,93,10112,3300,true,true
"selection","Nearly Sorted",100,94,10144,3300,true,true
"selection","Nearly Sorted",100,95,10144,3300,true,true
"selection","Nearly Sorted",100,96,10112,3300,true,true
"selection","Nearly Sorted",100,97,10176,3300,true,true
"selection","Nearly Sorted",100,98,10112,3300,true,true
"selection","Nearly Sorted",100,99,10144,3300,true,true
"merge","Nearly Sorted",100,0,5024,1700,true,true
"merge","Nearly Sorted",100,1,4928,1600,true,true
"merge","Nearly Sorted",100,2,4992,1700,true,true
"merge","Nearly Sorted",100,3,5120,1700,true,true
"merge","Nearly Sorted",100,4,5152,1700,true,true
"merge","Nearly Sorted",100,5,5024,1700,true,true
"merge","Nearly Sorted",100,6,4896,1600,true,true
"merge","Nearly Sorted",100,7,5024,1700,true,true
"merge","Nearly Sorted",100,8,5152,1700,true,true
"merge","Nearly Sorted",100,9,5056,1700,true,true
"merge","Nearly Sorted",100,10,5024,1700,true,true
"merge","Nearly Sorted",100,11,4832,1600,true,true
"merge","Nearly Sorted",100,12,4864,1600,true,true
"merge","Nearly Sorted",100,13,4960,1700,true,true
"merge","Nearly Sorted",100,14,5088,1700,true,true
"merge","Nearly Sorted",100,15,5056,1700,true,true
"merge","Nearly Sorted",100,16,5088,1700,true,true
"merge","Nearly Sorted",100,17,4928,1700,true,true
"merge","Nearly Sorted",100,18,4992,1700,true,true
"merge","Nearly Sorted",100,19,4928,1700,true,true
"merge","Nearly Sorted",100,20,4928,1700,true,true
"merge","Nearly Sorted",100,21,4992,1700,true,true
"merge","Nearly Sorted",100,22,5088,1700,true,true
"merge","Nearly Sorted",100,23,5056,1700,true,true
"merge","Nearly Sorted",100,24,4928,1600,true,true
"merge","Nearly Sorted",100,25,5120,1700,true,true
"merge","Nearly Sorted",100,26,5024,1700,true,true
"merge","Nearly Sorted",100,27,4992,1700,true,true
"merge","Nearly Sorted",100,28,4928,1700,true,true
"merge","Nearly Sorted",100,29,4992,1700,true,true
"merge","Nearly Sorted",100,30,5056,1700,true,true
"merge","Nearly Sorted",100,31,4896,1700,true,true
"merge","Nearly Sorted",100,32,4928,1700,true,true
"merge","Nearly Sorted",100,33,5024,1700,true,true
"merge","Nearly Sorted",100,34,4992,1700,true,true
"merge","Nearly Sorted",100,35,5056,1700,true,true
"merge","Nearly Sorted",100,36,5024,1700,true,true
"merge","Nearly Sorted",100,37,4928,1700,true,true
"merge","Nearly Sorted",100,38,4896,1700,true,true
"merge","Nearly Sorted",100,39,5280,1700,true,true
"merge","Nearly Sorted",100,40,5056,1700,true,true
"merge","Nearly Sorted",100,41,4992,1700,true,true
"merge","Nearly Sorted",100,42,4928,1700,true,true
"merge","Nearly Sorted",100,43,4896,1700,true,true
"merge","Nearly Sorted",100,44,4864,1600,true,true
"merge","Nearly Sorted",100,45,4768,1600,true,true
"merge","Nearly Sorted",100,46,5024,1700,true,true
"merge","Nearly Sorted",100,47,5056,1700,true,true
"merge","Nearly Sorted",100,48,5120,1700,true,true
"merge","Nearly Sorted",100,49,4896,1600,true,true
"merge","Nearly Sorted",100,50,5024,1700,true,true
"merge","Nearly Sorted",100,51,4832,1600,true,true
"merge","Nearly Sorted",100,52,4896,1700,true,true
"merge","Nearly Sorted",100,53,5024,1700,true,true
"merge","Nearly Sorted",100,54,4992,1700,true,true
"merge","Nearly Sorted",100,55,4928,1600,true,true
"merge","Nearly Sorted",100,56,4960,1600,true,true
"merge","Nearly Sorted",100,57,5024,1700,true,true
"merge","Nearly Sorted",100,58,4960,1700,true,true
"merge","Nearly Sorted",100,59,4960,1700,true,true
"merge","Nearly Sorted",100,60,4992,1700,true,true
"merge","Nearly Sorted",100,61,4992,1700,true,true
"merge","Nearly Sorted",100,62,5152,1800,true,true
"merge","Nearly Sorted",100,63,4896,1600,true,true
"merge","Nearly Sorted",100,64,5152,1700,true,true
"merge","Nearly Sorted",100,65,4960,1700,true,true
"merge","Nearly Sorted",100,66,4960,1700,true,true
"merge","Nearly Sorted",100,67,5056,1700,true,true
"merge","Nearly Sorted",100,68,4896,1700,true,true
"merge","Nearly Sorted",100,69,5056,1700,true,true
"merge","Nearly Sorted",100,70,5024,1700,true,true
"merge","Nearly Sorted",100,71,4960,1600,true,true
"merge","Nearly Sorted",100,72,4896,1600,true,true
"merge","Nearly Sorted",100,73,5056,1700,true,true
"merge","Nearly Sorted",100,74,5152,1800,true,true
"merge","Nearly Sorted",100,75,4928,1700,true,true
"merge","Nearly Sorted",100,76,5120,1700,true,true
"merge","Nearly Sorted",100,77,4928,1700,true,true
"merge","Nearly Sorted",100,78,4832,1700,true,true
"merge","Nearly Sorted",100,79,4960,1600,true,true
"merge","Nearly Sorted",100,80,4832,1600,true,true
"merge","Nearly Sorted",100,81,4896,1700,true,true
"merge","Nearly Sorted",100,82,4896,1600,true,true
"merge","Nearly Sorted",100,83,4960,1700,true,true
"merge","Nearly Sorted",100,84,5056,1700,true,true
"merge","Nearly Sorted",100,85,5024,1700,true,true
"merge","Nearly Sorted",100,86,4832,1600,true,true
"merge","Nearly Sorted",100,87,4928,1600,true,true
"merge","Nearly Sorted",100,88,4832,1700,true,true
"merge","Nearly Sorted",100,89,4960,1700,true,true
"merge","Nearly Sorted",100,90,4960,1700,true,true
"merge","Nearly Sorted",100,91,4896,1700,true,true
"merge","Nearly Sorted",100,92,4960,1700,true,true
"merge","Nearly Sorted",100,93,4800,1600,true,true
"merge","Nearly Sorted",100,94,5056,1700,true,true
"merge","Nearly Sorted",100,95,5760,1900,true,true
"merge","Nearly Sorted",100,96,5184,1700,true,true
"merge","Nearly Sorted",100,97,5024,1700,true,true
"merge","Nearly Sorted",100,98,4992,1700,true,true
"merge","Nearly Sorted",100,99,4928,1700,true,true
"quicksort","Nearly Sorted",100,0,2880,1000,true,true
"quicksort","Nearly Sorted",100,1,2688,900,true,true
"quicksort","Nearly Sorted",100,2,2944,1000,true,true
"quicksort","Nearly Sorted",100,3,2560,900,true,true
"quicksort","Nearly Sorted",100,4,3008,1000,true,true
"quicksort","Nearly Sorted",100,5,2848,1000,true,true
"quicksort","Nearly Sorted",100,6,2400,900,true,true
"quicksort","Nearly Sorted",100,7,3552,1300,true,true
"quicksort","Nearly Sorted",100,8,2592,900,true,true
"quicksort","Nearly Sorted",100,9,3040,1100,true,true
"quicksort","Nearly Sorted",100,10,2656,1000,true,true
"quicksort","Nearly Sorted",100,11,2496,900,true,true
"quicksort","Nearly Sorted",100,12,2848,1100,true,true
"quicksort","Nearly Sorted",100,13,2464,900,true,true
"quicksort","Nearly Sorted",100,14,2560,900,true,true
"quicksort","Nearly Sorted",100,15,2368,800,true,true
"quicksort","Nearly Sorted",100,16,2528,900,true,true
"quicksort","Nearly Sorted",100,17,2432,900,true,true
"quicksort","Nearly Sorted",100,18,2496,900,true,true
"quicksort","Nearly Sorted",100,19,2432,900,true,true
"quicksort","Nearly Sorted",100,20,2336,900,true,true
"quicksort","Nearly Sorted",100,21,2272,800,true,true
"quicksort","Nearly Sorted",100,22,2272,900,true,true
"quicksort","Nearly Sorted",100,23,2336,900,true,true
"quicksort","Nearly Sorted",100,24,2400,800,true,true
"quicksort","Nearly Sorted",100,25,2272,800,true,true
"quicksort","Nearly Sorted",100,26,2368,900,true,true
"quicksort","Nearly Sorted",100,27,2560,900,true,true
"quicksort","Nearly Sorted",100,28,2336,900,true,true
"quicksort","Nearly Sorted",100,29,2208,800,true,true
"quicksort","Nearly Sorted",100,30,2272,900,true,true
"quicksort","Nearly Sorted",100,31,2400,900,true,true
"quicksort","Nearly Sorted",100,32,2336,800,true,true
"quicksort","Nearly Sorted",100,33,2240,800,true,true
"quicksort","Nearly Sorted",100,34,2176,800,true,true
"quicksort","Nearly Sorted",100,35,2400,900,true,true
"quicksort","Nearly Sorted",100,36,2336,900,true,true
"quicksort","Nearly Sorted",100,37,2336,800,true,true
"quicksort","Nearly Sorted",100,38,2240,800,true,true
"quicksort","Nearly Sorted",100,39,2528,900,true,true
"quicksort","Nearly Sorted",100,40,2272,900,true,true
"quicksort","Nearly Sorted",100,41,2144,800,true,true
"quicksort","Nearly Sorted",100,42,2144,800,true,true
"quicksort","Nearly Sorted",100,43,2208,800,true,true
"quicksort","Nearly Sorted",100,44,2176,800,true,true
"quicksort","Nearly Sorted",100,45,2144,700,true,true
"quicksort","Nearly Sorted",100,46,2624,900,true,true
"quicksort","Nearly Sorted",100,47,2080,800,true,true
"quicksort","Nearly Sorted",100,48,2240,800,true,true
"quicksort","Nearly Sorted",100,49,2144,700,true,true
"quicksort","Nearly Sorted",100,50,2080,700,true,true
"quicksort","Nearly Sorted",100,51,2048,800,true,true
"quicksort","Nearly Sorted",100,52,2176,800,true,true
"quicksort","Nearly Sorted",100,53,2144,700,true,true
"quicksort","Nearly Sorted",100,54,2016,700,true,true
"quicksort","Nearly Sorted",100,55,2560,1000,true,true
"quicksort","Nearly Sorted",100,56,2592,900,true,true
"quicksort","Nearly Sorted",100,57,2080,800,true,true
"quicksort","Nearly Sorted",100,58,2336,900,true,true
"quicksort","Nearly Sorted",100,59,2432,900,true,true
"quicksort","Nearly Sorted",100,60,2304,800,true,true
"quicksort","Nearly Sorted",100,61,2144,800,true,true
"quicksort","Nearly Sorted",100,62,2208,800,true,true
"quicksort","Nearly Sorted",100,63,2656,1000,true,true
"quicksort","Nearly Sorted",100,64,2432,900,true,true
"quicksort","Nearly Sorted",100,65,2368,900,true,true
"quicksort","Nearly Sorted",100,66,2368,800,true,true
"quicksort","Nearly Sorted",100,67,2304,800,true,true
"quicksort","Nearly Sorted",100,68,2176,800,true,true
"quicksort","Nearly Sorted",100,69,2048,800,true,true
"quicksort","Nearly Sorted",100,70,2240,800,true,true
"quicksort","Nearly Sorted",100,71,2272,800,true,true
"quicksort","Nearly Sorted",100,72,2080,800,true,true
"quicksort","Nearly Sorted",100,73,2720,1000,true,true
"quicksort","Nearly Sorted",100,74,2528,900,true,true
"quicksort","Nearly Sorted",100,75,2272,800,true,true
"quicksort","Nearly Sorted",100,76,2304,800,true,true
"quicksort","Nearly Sorted",100,77,2464,900,true,true
"quicksort","Nearly Sorted",100,78,2624,1000,true,true
"quicksort","Nearly Sorted",100,79,2464,900,true,true
"quicksort","Nearly Sorted",100,80,2080,800,true,true
"quicksort","Nearly Sorted",100,81,2176,800,true,true
"quicksort","Nearly Sorted",100,82,2304,800,true,true
"quicksort","Nearly Sorted",100,83,2112,700,true,true
"quicksort","Nearly Sorted",100,84,2080,700,true,true
"quicksort","Nearly Sorted",100,85,2240,900,true,true
"quicksort","Nearly Sorted",100,86,2144,800,true,true
"quicksort","Nearly Sorted",100,87,2464,900,true,true
"quicksort","Nearly Sorted",100,88,2112,800,true,true
"quicksort","Nearly Sorted",100,89,2528,900,true,true
"quicksort","Nearly Sorted",100,90,2432,800,true,true
"quicksort","Nearly Sorted",100,91,2400,800,true,true
"quicksort","Nearly Sorted",100,92,2208,800,true,true
"quicksort","Nearly Sorted",100,93,2400,900,true,true
"quicksort","Nearly Sorted",100,94,2656,900,true,true
"quicksort","Nearly Sorted",100,95,3008,1100,true,true
"quicksort","Nearly Sorted",100,96,2784,1000,true,true
"quicksort","Nearly Sorted",100,97,2624,900,true,true
"quicksort","Nearly Sorted",100,98,2368,900,true,true
"quicksort","Nearly Sorted",100,99,2464,800,true,true
"heap","Nearly Sorted",100,0,6272,2100,true,true
"heap","Nearly Sorted",100,1,7072,2400,true,true
"heap","Nearly Sorted",100,2,6656,2200,true,true
"heap","Nearly Sorted",100,3,7648,2500,true,true
"heap","Nearly Sorted",100,4,7744,2600,true,true
"heap","Nearly Sorted",100,5,6464,2200,true,true
"heap","Nearly Sorted",100,6,5952,2000,true,true
"heap","Nearly Sorted",100,7,6016,2000,true,true
"heap","Nearly Sorted",100,8,5728,1900,true,true
"heap","Nearly Sorted",100,9,6080,2000,true,true
"heap","Nearly Sorted",100,10,5216,1700,true,true
"heap","Nearly Sorted",100,11,6848,2200,true,true
"heap","Nearly Sorted",100,12,6688,2200,true,true
"heap","Nearly Sorted",100,13,5728,1900,true,true
"heap","Nearly Sorted",100,14,5920,2000,true,true
"heap","Nearly Sorted",100,15,6336,2100,true,true
"heap","Nearly Sorted",100,16,6464,2200,true,true
"heap","Nearly Sorted",100,17,5728,1900,true,true
"heap","Nearly Sorted",100,18,6752,2200,true,true
"heap","Nearly Sorted",100,19,6048,2000,true,true
"heap","Nearly Sorted",100,20,5568,1800,true,true
"heap","Nearly Sorted",100,21,6816,2200,true,true
"heap","Nearly Sorted",100,22,6208,2000,true,true
"heap","Nearly Sorted",100,23,6112,2100,true,true
"heap","Nearly Sorted",100,24,6208,2000,true,true
"heap","Nearly Sorted",100,25,6112,2000,true,true
"heap","Nearly Sorted",100,26,5440,1800,true,true
"heap","Nearly Sorted",100,27,5920,1900,true,true
"heap","Nearly Sorted",100,28,5536,1800,true,true
"heap","Nearly Sorted",100,29,6112,2100,true,true
"heap","Nearly Sorted",100,30,6304,2100,true,true
"heap","Nearly Sorted",100,31,5856,2000,true,true
"heap","Nearly Sorted",100,32,5824,1900,true,true
"heap","Nearly Sorted",100,33,5312,1800,true,true
"heap","Nearly Sorted",100,34,6144,2100,true,true
"heap","Nearly Sorted",100,35,5728,1900,true,true
"heap","Nearly Sorted",100,36,5248,1800,true,true
"heap","Nearly Sorted",100,37,5856,1900,true,true
"heap","Nearly Sorted",100,38,4864,1600,true,true
"heap","Nearly Sorted",100,39,5760,1900,true,true
"heap","Nearly Sorted",100,40,5856,1900,true,true
"heap","Nearly Sorted",100,41,5568,1900,true,true
"heap","Nearly Sorted",100,42,6400,2100,true,true
"heap","Nearly Sorted",100,43,5760,1900,true,true
"heap","Nearly Sorted",100,44,5728,1900,true,true
"heap","Nearly Sorted",100,45,5696,1800,true,true
"heap","Nearly Sorted",100,46,5472,1800,true,true
"heap","Nearly Sorted",100,47,5984,2000,true,true
"heap","Nearly Sorted",100,48,6592,2200,true,true
"heap","Nearly Sorted",100,49,5120,1700,true,true
"heap","Nearly Sorted",100,50,5216,1700,true,true
"heap","Nearly Sorted",100,51,5312,1800,true,true
"heap","Nearly Sorted",100,52,5664,1900,true,true
"heap","Nearly Sorted",100,53,5664,1900,true,true
"heap","Nearly Sorted",100,54,5280,1800,true,true
"heap","Nearly Sorted",100,55,6560,2200,true,true
"heap","Nearly Sorted",100,56,6560,2100,true,true
"heap","Nearly Sorted",100,57,5440,1800,true,true
"heap","Nearly Sorted",100,58,5728,2000,true,true
"heap","Nearly Sorted",100,59,6176,2000,true,true
"heap","Nearly Sorted",100,60,5376,1800,true,true
"heap","Nearly Sorted",100,61,6464,2100,true,true
"heap","Nearly Sorted",100,62,4960,1700,true,true
"heap","Nearly Sorted",100,63,5632,1900,true,true
"heap","Nearly Sorted",100,64,5760,2000,true,true
"heap","Nearly Sorted",100,65,5312,1800,true,true
"heap","Nearly Sorted",100,66,5408,1700,true,true
"heap","Nearly Sorted",100,67,7008,2300,true,true
"heap","Nearly Sorted",100,68,6176,2000,true,true
"heap","Nearly Sorted",100,69,5120,1700,true,true
"heap","Nearly Sorted",100,70,5920,2000,true,true
"heap","Nearly Sorted",100,71,5952,2000,true,true
"heap","Nearly Sorted",100,72,5088,1700,true,true
"heap","Nearly Sorted",100,73,5728,2000,true,true
"heap","Nearly Sorted",100,74,5952,2000,true,true
"heap","Nearly Sorted",100,75,5760,1900,true,true
"heap","Nearly Sorted",100,76,5376,1800,true,true
"heap","Nearly Sorted",100,77,5728,1900,true,true
"heap","Nearly Sorted",100,78,7200,2300,true,true
"heap","Nearly Sorted",100,79,5760,1900,true,true
"heap","Nearly Sorted",100,80,4832,1600,true,true
"heap","Nearly Sorted",100,81,6176,2000,true,true
"heap","Nearly Sorted",100,82,5216,1800,true,true
"heap","Nearly Sorted",100,83,5440,1800,true,true
"heap","Nearly Sorted",100,84,5632,1900,true,true
"heap","Nearly Sorted",100,85,5376,1800,true,true
"heap","Nearly Sorted",100,86,5760,1900,true,true
"heap","Nearly Sorted",100,87,5120,1700,true,true
"heap","Nearly Sorted",100,88,5664,1900,true,true
"heap","Nearly Sorted",100,89,5472,1800,true,true
"heap","Nearly Sorted",100,90,5024,1700,true,true
"heap","Nearly Sorted",100,91,5856,2000,true,true
"heap","Nearly Sorted",100,92,5536,1900,true,true
"heap","Nearly Sorted",100,93,4960,1700,true,true
"heap","Nearly Sorted",100,94,6080,2000,true,true
"heap","Nearly Sorted",100,95,4960,1700,true,true
"heap","Nearly Sorted",100,96,5344,1800,true,true
"heap","Nearly Sorted",100,97,5056,1700,true,true
"heap","Nearly Sorted",100,98,4768,1600,true,true
"heap","Nearly Sorted",100,99,7232,2300,true,true
"std-sort","Nearly Sorted",100,0,2016,800,true,true
"std-sort","Nearly Sorted",100,1,1856,700,true,true
"std-sort","Nearly Sorted",100,2,2112,800,true,true
"std-sort","Nearly Sorted",100,3,2080,700,true,true
"std-sort","Nearly Sorted",100,4,1856,700,true,true
"std-sort","Nearly Sorted",100,5,1632,600,true,true
"std-sort","Nearly Sorted",100,6,2144,800,true,true
"std-sort","Nearly Sorted",100,7,1952,800,true,true
"std-sort","Nearly Sorted",100,8,1600,600,true,true
"std-sort","Nearly Sorted",100,9,1696,600,true,true
"std-sort","Nearly Sorted",100,10,1696,600,true,true
"std-sort","Nearly Sorted",100,11,1792,700,true,true
"std-sort","Nearly Sorted",100,12,1600,700,true,true
"std-sort","Nearly Sorted",100,13,1632,600,true,true
"std-sort","Nearly Sorted",100,14,1632,600,true,true
"std-sort","Nearly Sorted",100,15,2272,900,true,true
"std-sort","Nearly Sorted",100,16,1728,600,true,true
"std-sort","Nearly Sorted",100,17,1504,500,true,true
"std-sort","Nearly Sorted",100,18,1856,700,true,true
"std-sort","Nearly Sorted",100,19,1824,700,true,true
"std-sort","Nearly Sorted",100,20,1536,600,true,true
"std-sort","Nearly Sorted",100,21,1440,600,true,true
"std-sort","Nearly Sorted",100,22,1664,700,true,true
"std-sort","Nearly Sorted",100,23,1440,600,true,true
"std-sort","Nearly Sorted",100,24,1888,700,true,true
"std-sort","Nearly Sorted",100,25,1760,700,true,true
"std-sort","Nearly Sorted",100,26,1696,700,true,true
"std-sort","Nearly Sorted",100,27,1536,600,true,true
"std-sort","Nearly Sorted",100,28,1408,600,true,true
"std-sort","Nearly Sorted",100,29,1536,600,true,true
"std-sort","Nearly Sorted",100,30,1856,700,true,true
"std-sort","Nearly Sorted",100,31,1760,700,true,true
"std-sort","Nearly Sorted",100,32,1664,600,true,true
"std-sort","Nearly Sorted",100,33,1504,600,true,true
"std-sort","Nearly Sorted",100,34,1888,800,true,true
"std-sort","Nearly Sorted",100,35,1600,600,true,true
"std-sort","Nearly Sorted",100,36,1600,600,true,true
"std-sort","Nearly Sorted",100,37,1536,600,true,true
"std-sort","Nearly Sorted",100,38,1696,600,true,true
"std-sort","Nearly Sorted",100,39,1600,600,true,true
"std-sort","Nearly Sorted",100,40,1632,600,true,true
"std-sort","Nearly Sorted",100,41,1664,600,true,true
"std-sort","Nearly Sorted",100,42,1664,600,true,true
"std-sort","Nearly Sorted",100,43,1632,600,true,true
"std-sort","Nearly Sorted",100,44,1632,600,true,true
"std-sort","Nearly Sorted",100,45,1568,600,true,true
"std-sort","Nearly Sorted",100,46,1600,600,true,true
"std-sort","Nearly Sorted",100,47,1728,600,true,true
"std-sort","Nearly Sorted",100,48,1760,700,true,true
"std-sort","Nearly Sorted",100,49,1408,600,true,true
"std-sort","Nearly Sorted",100,50,1632,600,true,true
"std-sort","Nearly Sorted",100,51,1824,700,true,true
"std-sort","Nearly Sorted",100,52,1568,500,true,true
"std-sort","Nearly Sorted",100,53,1440,600,true,true
"std-sort","Nearly Sorted",100,54,1696,700,true,true
"std-sort","Nearly Sorted",100,55,1728,700,true,true
"std-sort","Nearly Sorted",100,56,1536,600,true,true
"std-sort","Nearly Sorted",100,57,1504,600,true,true
"std-sort","Nearly Sorted",100,58,1504,600,true,true
"std-sort","Nearly Sorted",100,59,1408,500,true,true
"std-sort","Nearly Sorted",100,60,1696,600,true,true
"std-sort","Nearly Sorted",100,61,1472,600,true,true
"std-sort","Nearly Sorted",100,62,1696,700,true,true
"std-sort","Nearly Sorted",100,63,1664,700,true,true
"std-sort","Nearly Sorted",100,64,1728,600,true,true
"std-sort","Nearly Sorted",100,65,1760,700,true,true
"std-sort","Nearly Sorted",100,66,1376,600,true,true
"std-sort","Nearly Sorted",100,67,2048,800,true,true
"std-sort","Nearly Sorted",100,68,1760,600,true,true
"std-sort","Nearly Sorted",100,69,1632,600,true,true
"std-sort","Nearly Sorted",100,70,1568,600,true,true
"std-sort","Nearly Sorted",100,71,1568,600,true,true
"std-sort","Nearly Sorted",100,72,1472,600,true,true
"std-sort","Nearly Sorted",100,73,1888,700,true,true
"std-sort","Nearly Sorted",100,74,1568,600,true,true
"std-sort","Nearly Sorted",100,75,1472,500,true,true
"std-sort","Nearly Sorted",100,76,1408,500,true,true
"std-sort","Nearly Sorted",100,77,1664,700,true,true
"std-sort","Nearly Sorted",100,78,1728,700,true,true
"std-sort","Nearly Sorted",100,79,1664,600,true,true
"std-sort","Nearly Sorted",100,80,1472,600,true,true
"std-sort","Nearly Sorted",100,81,1664,600,true,true
"std-sort","Nearly Sorted",100,82,1632,600,true,true
"std-sort","Nearly Sorted",100,83,1600,600,true,true
"std-sort","Nearly Sorted",100,84,1728,700,true,true
"std-sort","Nearly Sorted",100,85,1696,600,true,true
"std-sort","Nearly Sorted",100,86,1920,700,true,true
"std-sort","Nearly Sorted",100,87,1600,600,true,true
"std-sort","Nearly Sorted",100,88,1408,600,true,true
"std-sort","Nearly Sorted",100,89,1536,600,true,true
"std-sort","Nearly Sorted",100,90,1408,600,true,true
"std-sort","Nearly Sorted",100,91,1568,600,true,true
"std-sort","Nearly Sorted",100,92,1792,600,true,true
"std-sort","Nearly Sorted",100,93,1536,600,true,true
"std-sort","Nearly Sorted",100,94,1504,600,true,true
"std-sort","Nearly Sorted",100,95,1536,600,true,true
"std-sort","Nearly Sorted",100,96,1536,600,true,true
"std-sort","Nearly Sorted",100,97,1600,600,true,true
"std-sort","Nearly Sorted",100,98,1856,700,true,true
"std-sort","Nearly Sorted",100,99,1472,600,true,true
"std-stable-sort","Nearly Sorted",100,0,2656,1000,true,true
"std-stable-sort","Nearly Sorted",100,1,2464,900,true,true
"std-stable-sort","Nearly Sorted",100,2,2336,800,true,true
"std-stable-sort","Nearly Sorted",100,3,2848,1000,true,true
"std-stable-sort","Nearly Sorted",100,4,2464,900,true,true
"std-stable-sort","Nearly Sorted",100,5,2592,900,true,true
"std-stable-sort","Nearly Sorted",100,6,2368,800,true,true
"std-stable-sort","Nearly Sorted",100,7,2496,900,true,true
"std-stable-sort","Nearly Sorted",100,8,2496,900,true,true
"std-stable-sort","Nearly Sorted",100,9,3584,1200,true,true
"std-stable-sort","Nearly Sorted",100,10,2368,900,true,true
"std-stable-sort","Nearly Sorted",100,11,2336,900,true,true
"std-stable-sort","Nearly Sorted",100,12,2400,900,true,true
"std-stable-sort","Nearly Sorted",100,13,2528,900,true,true
"std-stable-sort","Nearly Sorted",100,14,2400,900,true,true
"std-stable-sort","Nearly Sorted",100,15,2560,900,true,true
"std-stable-sort","Nearly Sorted",100,16,2432,900,true,true
"std-stable-sort","Nearly Sorted",100,17,2528,900,true,true
"std-stable-sort","Nearly Sorted",100,18,2752,1000,true,true
"std-stable-sort","Nearly Sorted",100,19,2624,1000,true,true
"std-stable-sort","Nearly Sorted",100,20,2368,900,true,true
"std-stable-sort","Nearly Sorted",100,21,2464,900,true,true
"std-stable-sort","Nearly Sorted",100,22,2432,900,true,true
"std-stable-sort","Nearly Sorted",100,23,2400,800,true,true
"std-stable-sort","Nearly Sorted",100,24,2336,800,true,true
"std-stable-sort","Nearly Sorted",100,25,2400,800,true,true
"std-stable-sort","Nearly Sorted",100,26,2400,900,true,true
"std-stable-sort","Nearly Sorted",100,27,2304,800,true,true
"std-stable-sort","Nearly Sorted",100,28,2656,900,true,true
"std-stable-sort","Nearly Sorted",100,29,2496,800,true,true
"std-stable-sort","Nearly Sorted",100,30,2272,800,true,true
"std-stable-sort","Nearly Sorted",100,31,2400,800,true,true
"std-stable-sort","Nearly Sorted",100,32,2336,800,true,true
"std-stable-sort","Nearly Sorted",100,33,2368,800,true,true
"std-stable-sort","Nearly Sorted",100,34,2528,900,true,true
"std-stable-sort","Nearly Sorted",100,35,2496,900,true,true
"std-stable-sort","Nearly Sorted",100,36,2400,800,true,true
"std-stable-sort","Nearly Sorted",100,37,2528,900,true,true
"std-stable-sort","Nearly Sorted",100,38,2336,900,true,true
"std-stable-sort","Nearly Sorted",100,39,2464,900,true,true
"std-stable-sort","Nearly Sorted",100,40,2624,1000,true,true
"std-stable-sort","Nearly Sorted",100,41,2336,900,true,true
"std-stable-sort","Nearly Sorted",100,42,2592,900,true,true
"std-stable-sort","Nearly Sorted",100,43,2592,900,true,true
"std-stable-sort","Nearly Sorted",100,44,2304,800,true,true
"std-stable-sort","Nearly Sorted",100,45,2336,900,true,true
"std-stable-sort","Nearly Sorted",100,46,2400,900,true,true
"std-stable-sort","Nearly Sorted",100,47,2400,900,true,true
"std-stable-sort","Nearly Sorted",100,48,2368,900,true,true
"std-stable-sort","Nearly Sorted",100,49,2400,800,true,true
"std-stable-sort","Nearly Sorted",100,50,2464,900,true,true
"std-stable-sort","Nearly Sorted",100,51,2368,800,true,true
"std-stable-sort","Nearly Sorted",100,52,2464,900,true,true
"std-stable-sort","Nearly Sorted",100,53,2336,900,true,true
"std-stable-sort","Nearly Sorted",100,54,2336,900,true,true
"std-stable-sort","Nearly Sorted",100,55,2688,900,true,true
"std-stable-sort","Nearly Sorted",100,56,2304,900,true,true
"std-stable-sort","Nearly Sorted",100,57,2272,900,true,true
"std-stable-sort","Nearly Sorted",100,58,2336,800,true,true
"std-stable-sort","Nearly Sorted",100,59,2336,800,true,true
"std-stable-sort","Nearly Sorted",100,60,2336,800,true,true
"std-stable-sort","Nearly Sorted",100,61,2400,900,true,true
"std-stable-sort","Nearly Sorted",100,62,2336,800,true,true
"std-stable-sort","Nearly Sorted",100,63,2336,800,true,true
"std-stable-sort","Nearly Sorted",100,64,2400,800,true,true
"std-stable-sort","Nearly Sorted",100,65,2592,900,true,true
"std-stable-sort","Nearly Sorted",100,66,2432,800,true,true
"std-stable-sort","Nearly Sorted",100,67,2432,800,true,true
"std-stable-sort","Nearly Sorted",100,68,2432,900,true,true
"std-stable-sort","Nearly Sorted",100,69,2368,900,true,true
"std-stable-sort","Nearly Sorted",100,70,2432,900,true,true
"std-stable-sort","Nearly Sorted",100,71,2432,900,true,true
"std-stable-sort","Nearly Sorted",100,72,2304,900,true,true
"std-stable-sort","Nearly Sorted",100,73,2336,900,true,true
"std-stable-sort","Nearly Sorted",100,74,2464,900,true,true
"std-stable-sort","Nearly Sorted",100,75,2336,900,true,true
"std-stable-sort","Nearly Sorted",100,76,2368,900,true,true
"std-stable-sort","Nearly Sorted",100,77,2432,900,true,true
"std-stable-sort","Nearly Sorted",100,78,2304,900,true,true
"std-stable-sort","Nearly Sorted",100,79,2400,900,true,true
"std-stable-sort","Nearly Sorted",100,80,2400,900,true,true
"std-stable-sort","Nearly Sorted",100,81,2368,900,true,true
"std-stable-sort","Nearly Sorted",100,82,2368,900,true,true
"std-stable-sort","Nearly Sorted",100,83,2432,900,true,true
"std-stable-sort","Nearly Sorted",100,84,2304,800,true,true
"std-stable-sort","Nearly Sorted",100,85,2496,900,true,true
"std-stable-sort","Nearly Sorted",100,86,2400,900,true,true
"std-stable-sort","Nearly Sorted",100,87,2400,900,true,true
"std-stable-sort","Nearly Sorted",100,88,2368,900,true,true
"std-stable-sort","Nearly Sorted",100,89,2432,900,true,true
"std-stable-sort","Nearly Sorted",100,90,2336,900,true,true
"std-stable-sort","Nearly Sorted",100,91,2432,900,true,true
"std-stable-sort","Nearly Sorted",100,92,2368,800,true,true
"std-stable-sort","Nearly Sorted",100,93,2368,900,true,true
"std-stable-sort","Nearly Sorted",100,94,2560,1000,true,true
"std-stable-sort","Nearly Sorted",100,95,2336,900,true,true
"std-stable-sort","Nearly Sorted",100,96,3168,1100,true,true
"std-stable-sort","Nearly Sorted",100,97,2336,800,true,true
"std-stable-sort","Nearly Sorted",100,98,2432,900,true,true
"std-stable-sort","Nearly Sorted",100,99,2336,800,true,true
"bubble","Nearly Sorted",500,0,3648,1200,true,true
"bubble","Nearly Sorted",500,1,3552,1200,true,true
"bubble","Nearly Sorted",500,2,3456,1200,true,true
"bubble","Nearly Sorted",500,3,3392,1100,true,true
"bubble","Nearly Sorted",500,4,3360,1200,true,true
"bubble","Nearly Sorted",500,5,3392,1200,true,true
"bubble","Nearly Sorted",500,6,4864,1600,true,true
"bubble","Nearly Sorted",500,7,3488,1200,true,true
"bubble","Nearly Sorted",500,8,3232,1200,true,true
"bubble","Nearly Sorted",500,9,4864,1600,true,true
"bubble","Nearly Sorted",500,10,4704,1600,true,true
"bubble","Nearly Sorted",500,11,4704,1600,true,true
"bubble","Nearly Sorted",500,12,4832,1600,true,true
"bubble","Nearly Sorted",500,13,3360,1200,true,true
"bubble","Nearly Sorted",500,14,4768,1600,true,true
"bubble","Nearly Sorted",500,15,3520,1200,true,true
"bubble","Nearly Sorted",500,16,4768,1600,true,true
"bubble","Nearly Sorted",500,17,4768,1600,true,true
"bubble","Nearly Sorted",500,18,4800,1600,true,true
"bubble","Nearly Sorted",500,19,3360,1200,true,true
"bubble","Nearly Sorted",500,20,3328,1200,true,true
"bubble","Nearly Sorted",500,21,3424,1200,true,true
"bubble","Nearly Sorted",500,22,4544,1600,true,true
"bubble","Nearly Sorted",500,23,4928,1600,true,true
"bubble","Nearly Sorted",500,24,3232,1100,true,true
"bubble","Nearly Sorted",500,25,3392,1100,true,true
"bubble","Nearly Sorted",500,26,4704,1600,true,true
"bubble","Nearly Sorted",500,27,3296,1100,true,true
"bubble","Nearly Sorted",500,28,3200,1100,true,true
"bubble","Nearly Sorted",500,29,3488,1200,true,true
"bubble","Nearly Sorted",500,30,3328,1100,true,true
"bubble","Nearly Sorted",500,31,3296,1100,true,true
"bubble","Nearly Sorted",500,32,3328,1100,true,true
"bubble","Nearly Sorted",500,33,3296,1200,true,true
"bubble","Nearly Sorted",500,34,3296,1100,true,true
"bubble","Nearly Sorted",500,35,4672,1600,true,true
"bubble","Nearly Sorted",500,36,3328,1200,true,true
"bubble","Nearly Sorted",500,37,4736,1600,true,true
"bubble","Nearly Sorted",500,38,3360,1200,true,true
"bubble","Nearly Sorted",500,39,4640,1500,true,true
"bubble","Nearly Sorted",500,40,4672,1600,true,true
"bubble","Nearly Sorted",500,41,4704,1600,true,true
"bubble","Nearly Sorted",500,42,4736,1600,true,true
"bubble","Nearly Sorted",500,43,3392,1100,true,true
"bubble","Nearly Sorted",500,44,4704,1600,true,true
"bubble","Nearly Sorted",500,45,3456,1200,true,true
"bubble","Nearly Sorted",500,46,4736,1600,true,true
"bubble","Nearly Sorted",500,47,3328,1200,true,true
"bubble","Nearly Sorted",500,48,3360,1200,true,true
"bubble","Nearly Sorted",500,49,3360,1100,true,true
"bubble","Nearly Sorted",500,50,4672,1600,true,true
"bubble","Nearly Sorted",500,51,4704,1600,true,true
"bubble","Nearly Sorted",500,52,3456,1200,true,true
"bubble","Nearly Sorted",500,53,4640,1600,true,true
"bubble","Nearly Sorted",500,54,4704,1500,true,true
"bubble","Nearly Sorted",500,55,4864,1700,true,true
"bubble","Nearly Sorted",500,56,3232,1400,true,true
"bubble","Nearly Sorted",500,57,4640,1600,true,true
"bubble","Nearly Sorted",500,58,4768,1600,true,true
"bubble","Nearly Sorted",500,59,3328,1100,true,true
"bubble","Nearly Sorted",500,60,3328,1100,true,true
"bubble","Nearly Sorted",500,61,3456,1200,true,true
"bubble","Nearly Sorted",500,62,3328,1100,true,true
"bubble","Nearly Sorted",500,63,3328,1200,true,true
"bubble","Nearly Sorted",500,64,4800,1600,true,true
"bubble","Nearly Sorted",500,65,4736,1600,true,true
"bubble","Nearly Sorted",500,66,3328,1100,true,true
"bubble","Nearly Sorted",500,67,3328,1100,true,true
"bubble","Nearly Sorted",500,68,6048,2000,true,true
"bubble","Nearly Sorted",500,69,4768,1600,true,true
"bubble","Nearly Sorted",500,70,4672,1500,true,true
"bubble","Nearly Sorted",500,71,3296,1100,true,true
"bubble","Nearly Sorted",500,72,3360,1200,true,true
"bubble","Nearly Sorted",500,73,3392,1100,true,true
"bubble","Nearly Sorted",500,74,4672,1600,true,true
"bubble","Nearly Sorted",500,75,3392,1100,true,true
"bubble","Nearly Sorted",500,76,3296,1100,true,true
"bubble","Nearly Sorted",500,77,3328,1200,true,true
"bubble","Nearly Sorted",500,78,4640,1600,true,true
"bubble","Nearly Sorted",500,79,3232,1100,true,true
"bubble","Nearly Sorted",500,80,4672,1500,true,true
"bubble","Nearly Sorted",500,81,3296,1200,true,true
"bubble","Nearly Sorted",500,82,4704,1600,true,true
"bubble","Nearly Sorted",500,83,4768,1600,true,true
"bubble","Nearly Sorted",500,84,3456,1200,true,true
"bubble","Nearly Sorted",500,85,4704,1600,true,true
"bubble","Nearly Sorted",500,86,3488,1200,true,true
"bubble","Nearly Sorted",500,87,4704,1500,true,true
"bubble","Nearly Sorted",500,88,4736,1600,true,true
"bubble","Nearly Sorted",500,89,3392,1200,true,true
"bubble","Nearly Sorted",500,90,3392,1200,true,true
"bubble","Nearly Sorted",500,91,3232,1100,true,true
"bubble","Nearly Sorted",500,92,4736,1600,true,true
"bubble","Nearly Sorted",500,93,3328,1200,true,true
"bubble","Nearly Sorted",500,94,3360,1100,true,true
"bubble","Nearly Sorted",500,95,4736,1600,true,true
"bubble","Nearly Sorted",500,96,4704,1500,true,true
"bubble","Nearly Sorted",500,97,3232,1200,true,true
"bubble","Nearly Sorted",500,98,3296,1200,true,true
"bubble","Nearly Sorted",500,99,3424,1200,true,true
"insertion","Nearly Sorted",500,0,3808,1300,true,true
"insertion","Nearly Sorted",500,1,3552,1200,true,true
"insertion","Nearly Sorted",500,2,3520,1200,true,true
"insertion","Nearly Sorted",500,3,3776,1300,true,true
"insertion","Nearly Sorted",500,4,3424,1200,true,true
"insertion","Nearly Sorted",500,5,3552,1200,true,true
"insertion","Nearly Sorted",500,6,3136,1100,true,true
"insertion","Nearly Sorted",500,7,3584,1200,true,true
"insertion","Nearly Sorted",500,8,3264,1200,true,true
"insertion","Nearly Sorted",500,9,3424,1200,true,true
"insertion","Nearly Sorted",500,10,3520,1200,true,true
"insertion","Nearly Sorted",500,11,3424,1200,true,true
"insertion","Nearly Sorted",500,12,3648,1200,true,true
"insertion","Nearly Sorted",500,13,3264,1100,true,true
"insertion","Nearly Sorted",500,14,3712,1300,true,true
"insertion","Nearly Sorted",500,15,3360,1100,true,true
"insertion","Nearly Sorted",500,16,3520,1200,true,true
"insertion","Nearly Sorted",500,17,3360,1100,true,true
"insertion","Nearly Sorted",500,18,3456,1200,true,true
"insertion","Nearly Sorted",500,19,3552,1300,true,true
"insertion","Nearly Sorted",500,20,3392,1200,true,true
"insertion","Nearly Sorted",500,21,3456,1200,true,true
"insertion","Nearly Sorted",500,22,3296,1100,true,true
"insertion","Nearly Sorted",500,23,3488,1200,true,true
"insertion","Nearly Sorted",500,24,3232,1100,true,true
"insertion","Nearly Sorted",500,25,3424,1200,true,true
"insertion","Nearly Sorted",500,26,3456,1200,true,true
"insertion","Nearly Sorted",500,27,3392,1200,true,true
"insertion","Nearly Sorted",500,28,3264,1100,true,true
"insertion","Nearly Sorted",500,29,3552,1200,true,true
"insertion","Nearly Sorted",500,30,3776,1300,true,true
"insertion","Nearly Sorted",500,31,3392,1200,true,true
"insertion","Nearly Sorted",500,32,3232,1100,true,true
"insertion","Nearly Sorted",500,33,3104,1100,true,true
"insertion","Nearly Sorted",500,34,3232,1100,true,true
"insertion","Nearly Sorted",500,35,3424,1200,true,true
"insertion","Nearly Sorted",500,36,3104,1100,true,true
"insertion","Nearly Sorted",500,37,3552,1200,true,true
"insertion","Nearly Sorted",500,38,3392,1200,true,true
"insertion","Nearly Sorted",500,39,3456,1200,true,true
"insertion","Nearly Sorted",500,40,3424,1200,true,true
"insertion","Nearly Sorted",500,41,3456,1200,true,true
"insertion","Nearly Sorted",500,42,3296,1200,true,true
"insertion","Nearly Sorted",500,43,3776,1300,true,true
"insertion","Nearly Sorted",500,44,3584,1200,true,true
"insertion","Nearly Sorted",500,45,3424,1200,true,true
"insertion","Nearly Sorted",500,46,3392,1100,true,true
"insertion","Nearly Sorted",500,47,3424,1200,true,true
"insertion","Nearly Sorted",500,48,3744,1300,true,true
"insertion","Nearly Sorted",500,49,3520,1200,true,true
"insertion","Nearly Sorted",500,50,3392,1200,true,true
"insertion","Nearly Sorted",500,51,3488,1200,true,true
"insertion","Nearly Sorted",500,52,3424,1100,true,true
"insertion","Nearly Sorted",500,53,3712,1300,true,true
"insertion","Nearly Sorted",500,54,3168,1100,true,true
"insertion","Nearly Sorted",500,55,3360,1200,true,true
"insertion","Nearly Sorted",500,56,3200,1100,true,true
"insertion","Nearly Sorted",500,57,3776,1300,true,true
"insertion","Nearly Sorted",500,58,3456,1200,true,true
"insertion","Nearly Sorted",500,59,3456,1200,true,true
"insertion","Nearly Sorted",500,60,3360,1200,true,true
"insertion","Nearly Sorted",500,61,3424,1200,true,true
"insertion","Nearly Sorted",500,62,3296,1200,true,true
"insertion","Nearly Sorted",500,63,3584,1200,true,true
"insertion","Nearly Sorted",500,64,3520,1200,true,true
"insertion","Nearly Sorted",500,65,3616,1200,true,true
"insertion","Nearly Sorted",500,66,3360,1200,true,true
"insertion","Nearly Sorted",500,67,3360,1200,true,true
"insertion","Nearly Sorted",500,68,3424,1200,true,true
"insertion","Nearly Sorted",500,69,3456,1200,true,true
"insertion","Nearly Sorted",500,70,3200,1100,true,true
"insertion","Nearly Sorted",500,71,3840,1300,true,true
"insertion","Nearly Sorted",500,72,3680,1300,true,true
"insertion","Nearly Sorted",500,73,3328,1100,true,true
"insertion","Nearly Sorted",500,74,3200,1100,true,true
"insertion","Nearly Sorted",500,75,3744,1300,true,true
"insertion","Nearly Sorted",500,76,3360,1200,true,true
"insertion","Nearly Sorted",500,77,3328,1100,true,true
"insertion","Nearly Sorted",500,78,3360,1200,true,true
"insertion","Nearly Sorted",500,79,3424,1200,true,true
"insertion","Nearly Sorted",500,80,3712,1300,true,true
"insertion","Nearly Sorted",500,81,3744,1300,true,true
"insertion","Nearly Sorted",500,82,3424,1100,true,true
"insertion","Nearly Sorted",500,83,3552,1200,true,true
"insertion","Nearly Sorted",500,84,3392,1200,true,true
"insertion","Nearly Sorted",500,85,3520,1200,true,true
"insertion","Nearly Sorted",500,86,3584,1200,true,true
"insertion","Nearly Sorted",500,87,3392,1100,true,true
"insertion","Nearly Sorted",500,88,3104,1100,true,true
"insertion","Nearly Sorted",500,89,3456,1200,true,true
"insertion","Nearly Sorted",500,90,3360,1200,true,true
"insertion","Nearly Sorted",500,91,3168,1100,true,true
"insertion","Nearly Sorted",500,92,3456,1200,true,true
"insertion","Nearly Sorted",500,93,3456,1200,true,true
"insertion","Nearly Sorted",500,94,3488,1200,true,true
"insertion","Nearly Sorted",500,95,3424,1200,true,true
"insertion","Nearly Sorted",500,96,3296,1200,true,true
"insertion","Nearly Sorted",500,97,3072,1000,true,true
"insertion","Nearly Sorted",500,98,3616,1300,true,true
"insertion","Nearly Sorted",500,99,3328,1200,true,true
"selection","Nearly Sorted",500,0,222880,69900,true,true
"selection","Nearly Sorted",500,1,222624,69800,true,true
"selection","Nearly Sorted",500,2,255168,80100,true,true
"selection","Nearly Sorted",500,3,222336,69800,true,true
"selection","Nearly Sorted",500,4,222304,69700,true,true
"selection","Nearly Sorted",500,5,269056,84400,true,true
"selection","Nearly Sorted",500,6,222752,69900,true,true
"selection","Nearly Sorted",500,7,222688,69900,true,true
"selection","Nearly Sorted",500,8,222368,69800,true,true
"selection","Nearly Sorted",500,9,222400,69700,true,true
"selection","Nearly Sorted",500,10,222240,69700,true,true
"selection","Nearly Sorted",500,11,222432,69800,true,true
"selection","Nearly Sorted",500,12,222304,69800,true,true
"selection","Nearly Sorted",500,13,222112,69700,true,true
"selection","Nearly Sorted",500,14,222368,69700,true,true
"selection","Nearly Sorted",500,15,222176,69700,true,true
"selection","Nearly Sorted",500,16,222240,69700,true,true
"selection","Nearly Sorted",500,17,222432,69700,true,true
"selection","Nearly Sorted",500,18,222336,69700,true,true
"selection","Nearly Sorted",500,19,266112,83500,true,true
"selection","Nearly Sorted",500,20,222336,69700,true,true
"selection","Nearly Sorted",500,21,222752,69900,true,true
"selection","Nearly Sorted",500,22,222720,69900,true,true
"selection","Nearly Sorted",500,23,230144,72200,true,true
"selection","Nearly Sorted",500,24,383712,120300,true,true
"selection","Nearly Sorted",500,25,223744,70200,true,true
"selection","Nearly Sorted",500,26,222944,69900,true,true
"selection","Nearly Sorted",500,27,222400,69800,true,true
"selection","Nearly Sorted",500,28,252736,79300,true,true
"selection","Nearly Sorted",500,29,291872,91600,true,true
"selection","Nearly Sorted",500,30,459008,143900,true,true
"selection","Nearly Sorted",500,31,234656,73600,true,true
"selection","Nearly Sorted",500,32,357600,112100,true,true
"selection","Nearly Sorted",500,33,246336,77200,true,true
"selection","Nearly Sorted",500,34,245792,77100,true,true
"selection","Nearly Sorted",500,35,245888,77100,true,true
"selection","Nearly Sorted",500,36,245920,77100,true,true
"selection","Nearly Sorted",500,37,245792,77000,true,true
"selection","Nearly Sorted",500,38,245600,77000,true,true
"selection","Nearly Sorted",500,39,245504,77000,true,true
"selection","Nearly Sorted",500,40,245728,77000,true,true
"selection","Nearly Sorted",500,41,245600,77000,true,true
"selection","Nearly Sorted",500,42,301376,94500,true,true
"selection","Nearly Sorted",500,43,222752,69900,true,true
"selection","Nearly Sorted",500,44,222720,69800,true,true
"selection","Nearly Sorted",500,45,222816,69900,true,true
"selection","Nearly Sorted",500,46,222400,69700,true,true
"selection","Nearly Sorted",500,47,222304,69700,true,true
"selection","Nearly Sorted",500,48,222528,69800,true,true
"selection","Nearly Sorted",500,49,222720,69900,true,true
"selection","Nearly Sorted",500,50,222592,69900,true,true
"selection","Nearly Sorted",500,51,222784,69900,true,true
"selection","Nearly Sorted",500,52,276736,86800,true,true
"selection","Nearly Sorted",500,53,222368,69800,true,true
"selection","Nearly Sorted",500,54,222656,69800,true,true
"selection","Nearly Sorted",500,55,273888,85900,true,true
"selection","Nearly Sorted",500,56,222496,69800,true,true
"selection","Nearly Sorted",500,57,222560,69800,true,true
"selection","Nearly Sorted",500,58,222496,69800,true,true
"selection","Nearly Sorted",500,59,222688,69800,true,true
"selection","Nearly Sorted",500,60,222752,69900,true,true
"selection","Nearly Sorted",500,61,222624,69800,true,true
"selection","Nearly Sorted",500,62,222304,69700,true,true
"selection","Nearly Sorted",500,63,222400,69700,true,true
"selection","Nearly Sorted",500,64,222688,69800,true,true
"selection","Nearly Sorted",500,65,222304,69700,true,true
"selection","Nearly Sorted",500,66,222464,69800,true,true
"selection","Nearly Sorted",500,67,222304,69800,true,true
"selection","Nearly Sorted",500,68,272864,85600,true,true
"selection","Nearly Sorted",500,69,222144,69600,true,true
"selection","Nearly Sorted",500,70,222400,69800,true,true
"selection","Nearly Sorted",500,71,222368,69700,true,true
"selection","Nearly Sorted",500,72,222816,69800,true,true
"selection","Nearly Sorted",500,73,222784,69900,true,true
"selection","Nearly Sorted",500,74,222464,69800,true,true
"selection","Nearly Sorted",500,75,222496,69700,true,true
"selection","Nearly Sorted",500,76,222528,69800,true,true
"selection","Nearly Sorted",500,77,222464,69700,true,true
"selection","Nearly Sorted",500,78,222496,69800,true,true
"selection","Nearly Sorted",500,79,258304,81100,true,true
"selection","Nearly Sorted",500,80,222656,69900,true,true
"selection","Nearly Sorted",500,81,222400,69700,true,true
"selection","Nearly Sorted",500,82,271296,85100,true,true
"selection","Nearly Sorted",500,83,222624,69800,true,true
"selection","Nearly Sorted",500,84,222784,69800,true,true
"selection","Nearly Sorted",500,85,222464,69800,true,true
"selection","Nearly Sorted",500,86,222528,70100,true,true
"selection","Nearly Sorted",500,87,222560,69800,true,true
"selection","Nearly Sorted",500,88,222240,69700,true,true
"selection","Nearly Sorted",500,89,222528,69800,true,true
"selection","Nearly Sorted",500,90,222432,69700,true,true
"selection","Nearly Sorted",500,91,222496,69800,true,true
"selection","Nearly Sorted",500,92,222592,69800,true,true
"selection","Nearly Sorted",500,93,222528,69800,true,true
"selection","Nearly Sorted",500,94,222528,69800,true,true
"selection","Nearly Sorted",500,95,267808,84000,true,true
"selection","Nearly Sorted",500,96,222528,69800,true,true
"selection","Nearly Sorted",500,97,222368,69800,true,true
"selection","Nearly Sorted",500,98,222400,69800,true,true
"selection","Nearly Sorted",500,99,222464,69800,true,true
"merge","Nearly Sorted",500,0,24480,7700,true,true
"merge","Nearly Sorted",500,1,24224,7700,true,true
"merge","Nearly Sorted",500,2,24256,7700,true,true
"merge","Nearly Sorted",500,3,60480,19100,true,true
"merge","Nearly Sorted",500,4,24608,7900,true,true
"merge","Nearly Sorted",500,5,24384,7800,true,true
"merge","Nearly Sorted",500,6,24640,7800,true,true
"merge","Nearly Sorted",500,7,24480,7800,true,true
"merge","Nearly Sorted",500,8,24192,7700,true,true
"merge","Nearly Sorted",500,9,24448,7800,true,true
"merge","Nearly Sorted",500,10,24384,7700,true,true
"merge","Nearly Sorted",500,11,24480,7800,true,true
"merge","Nearly Sorted",500,12,24800,7800,true,true
"merge","Nearly Sorted",500,13,24064,7700,true,true
"merge","Nearly Sorted",500,14,24128,7700,true,true
"merge","Nearly Sorted",500,15,24672,7800,true,true
"merge","Nearly Sorted",500,16,24416,7800,true,true
"merge","Nearly Sorted",500,17,24192,7700,true,true
"merge","Nearly Sorted",500,18,79264,25000,true,true
"merge","Nearly Sorted",500,19,24640,7900,true,true
"merge","Nearly Sorted",500,20,24032,7600,true,true
"merge","Nearly Sorted",500,21,24192,7600,true,true
"merge","Nearly Sorted",500,22,24288,7800,true,true
"merge","Nearly Sorted",500,23,24352,7800,true,true
"merge","Nearly Sorted",500,24,24128,7700,true,true
"merge","Nearly Sorted",500,25,23936,7600,true,true
"merge","Nearly Sorted",500,26,24256,7800,true,true
"merge","Nearly Sorted",500,27,23968,7600,true,true
"merge","Nearly Sorted",500,28,24352,7800,true,true
"merge","Nearly Sorted",500,29,23968,7600,true,true
"merge","Nearly Sorted",500,30,24352,7800,true,true
"merge","Nearly Sorted",500,31,23968,7600,true,true
"merge","Nearly Sorted",500,32,23936,7600,true,true
"merge","Nearly Sorted",500,33,24320,7800,true,true
"merge","Nearly Sorted",500,34,24000,7600,true,true
"merge","Nearly Sorted",500,35,23872,7600,true,true
"merge","Nearly Sorted",500,36,24192,7700,true,true
"merge","Nearly Sorted",500,37,24704,7800,true,true
"merge","Nearly Sorted",500,38,23968,7600,true,true
"merge","Nearly Sorted",500,39,24288,7700,true,true
"merge","Nearly Sorted",500,40,78688,24700,true,true
"merge","Nearly Sorted",500,41,23968,7600,true,true
"merge","Nearly Sorted",500,42,24768,7900,true,true
"merge","Nearly Sorted",500,43,24608,7800,true,true
"merge","Nearly Sorted",500,44,24192,7700,true,true
"merge","Nearly Sorted",500,45,24704,7800,true,true
"merge","Nearly Sorted",500,46,24768,7900,true,true
"merge","Nearly Sorted",500,47,23840,7500,true,true
"merge","Nearly Sorted",500,48,24256,7700,true,true
"merge","Nearly Sorted",500,49,23904,7600,true,true
"merge","Nearly Sorted",500,50,24064,7600,true,true
"merge","Nearly Sorted",500,51,23904,7600,true,true
"merge","Nearly Sorted",500,52,23744,7500,true,true
"merge","Nearly Sorted",500,53,24672,7800,true,true
"merge","Nearly Sorted",500,54,24064,7700,true,true
"merge","Nearly Sorted",500,55,23936,7700,true,true
"merge","Nearly Sorted",500,56,24352,7800,true,true
"merge","Nearly Sorted",500,57,23744,7600,true,true
"merge","Nearly Sorted",500,58,24160,7600,true,true
"merge","Nearly Sorted",500,59,24256,7700,true,true
"merge","Nearly Sorted",500,60,24576,7800,true,true
"merge","Nearly Sorted",500,61,24192,7700,true,true
"merge","Nearly Sorted",500,62,24032,7700,true,true
"merge","Nearly Sorted",500,63,24000,7600,true,true
"merge","Nearly Sorted",500,64,24032,7600,true,true
"merge","Nearly Sorted",500,65,24480,7700,true,true
"merge","Nearly Sorted",500,66,24288,7700,true,true
"merge","Nearly Sorted",500,67,23968,7600,true,true
"merge","Nearly Sorted",500,68,24352,7700,true,true
"merge","Nearly Sorted",500,69,23968,7600,true,true
"merge","Nearly Sorted",500,70,23520,7500,true,true
"merge","Nearly Sorted",500,71,24448,7800,true,true
"merge","Nearly Sorted",500,72,23936,7600,true,true
"merge","Nearly Sorted",500,73,24320,7700,true,true
"merge","Nearly Sorted",500,74,24352,7800,true,true
"merge","Nearly Sorted",500,75,24096,7700,true,true
"merge","Nearly Sorted",500,76,24064,7600,true,true
"merge","Nearly Sorted",500,77,23840,7600,true,true
"merge","Nearly Sorted",500,78,24448,7800,true,true
"merge","Nearly Sorted",500,79,23808,7600,true,true
"merge","Nearly Sorted",500,80,24352,7800,true,true
"merge","Nearly Sorted",500,81,23648,7600,true,true
"merge","Nearly Sorted",500,82,23936,7600,true,true
"merge","Nearly Sorted",500,83,24192,7700,true,true
"merge","Nearly Sorted",500,84,24000,7600,true,true
"merge","Nearly Sorted",500,85,24032,7600,true,true
"merge","Nearly Sorted",500,86,24192,7700,true,true
"merge","Nearly Sorted",500,87,24352,7800,true,true
"merge","Nearly Sorted",500,88,24096,7600,true,true
"merge","Nearly Sorted",500,89,23776,7500,true,true
"merge","Nearly Sorted",500,90,24416,7800,true,true
"merge","Nearly Sorted",500,91,24320,7800,true,true
"merge","Nearly Sorted",500,92,23968,7600,true,true
"merge","Nearly Sorted",500,93,23936,7600,true,true
"merge","Nearly Sorted",500,94,23808,7600,true,true
"merge","Nearly Sorted",500,95,24352,7800,true,true
"merge","Nearly Sorted",500,96,23840,7600,true,true
"merge","Nearly Sorted",500,97,23776,7600,true,true
"merge","Nearly Sorted",500,98,24000,7600,true,true
"merge","Nearly Sorted",500,99,24320,7700,true,true
"quicksort","Nearly Sorted",500,0,15744,5100,true,true
"quicksort","Nearly Sorted",500,1,15104,4800,true,true
"quicksort","Nearly Sorted",500,2,15552,5000,true,true
"quicksort","Nearly Sorted",500,3,14784,4700,true,true
"quicksort","Nearly Sorted",500,4,15040,4800,true,true
"quicksort","Nearly Sorted",500,5,14336,4600,true,true
"quicksort","Nearly Sorted",500,6,14656,4700,true,true
"quicksort","Nearly Sorted",500,7,14944,4800,true,true
"quicksort","Nearly Sorted",500,8,14976,4800,true,true
"quicksort","Nearly Sorted",500,9,15104,4800,true,true
"quicksort","Nearly Sorted",500,10,14912,4800,true,true
"quicksort","Nearly Sorted",500,11,15040,4900,true,true
"quicksort","Nearly Sorted",500,12,16928,5400,true,true
"quicksort","Nearly Sorted",500,13,14624,4700,true,true
"quicksort","Nearly Sorted",500,14,15104,4800,true,true
"quicksort","Nearly Sorted",500,15,15392,4900,true,true
"quicksort","Nearly Sorted",500,16,14656,4700,true,true
"quicksort","Nearly Sorted",500,17,14176,4600,true,true
"quicksort","Nearly Sorted",500,18,15392,4900,true,true
"quicksort","Nearly Sorted",500,19,14624,4700,true,true
"quicksort","Nearly Sorted",500,20,15424,5000,true,true
"quicksort","Nearly Sorted",500,21,16064,5100,true,true
"quicksort","Nearly Sorted",500,22,71552,22500,true,true
"quicksort","Nearly Sorted",500,23,15424,5000,true,true
"quicksort","Nearly Sorted",500,24,14592,4600,true,true
"quicksort","Nearly Sorted",500,25,14880,4800,true,true
"quicksort","Nearly Sorted",500,26,15936,5100,true,true
"quicksort","Nearly Sorted",500,27,14976,4800,true,true
"quicksort","Nearly Sorted",500,28,14560,4700,true,true
"quicksort","Nearly Sorted",500,29,14080,4500,true,true
"quicksort","Nearly Sorted",500,30,14848,4700,true,true
"quicksort","Nearly Sorted",500,31,14528,4700,true,true
"quicksort","Nearly Sorted",500,32,14496,4600,true,true
"quicksort","Nearly Sorted",500,33,14528,4700,true,true
"quicksort","Nearly Sorted",500,34,14400,4600,true,true
"quicksort","Nearly Sorted",500,35,14400,4600,true,true
"quicksort","Nearly Sorted",500,36,13824,4400,true,true
"quicksort","Nearly Sorted",500,37,15840,5100,true,true
"quicksort","Nearly Sorted",500,38,14272,4600,true,true
"quicksort","Nearly Sorted",500,39,14784,4800,true,true
"quicksort","Nearly Sorted",500,40,14752,4700,true,true
"quicksort","Nearly Sorted",500,41,13856,4400,true,true
"quicksort","Nearly Sorted",500,42,16768,5400,true,true
"quicksort","Nearly Sorted",500,43,15616,5000,true,true
"quicksort","Nearly Sorted",500,44,14912,4800,true,true
"quicksort","Nearly Sorted",500,45,15968,5100,true,true
"quicksort","Nearly Sorted",500,46,15616,5000,true,true
"quicksort","Nearly Sorted",500,47,15456,4900,true,true
"quicksort","Nearly Sorted",500,48,14656,4700,true,true
"quicksort","Nearly Sorted",500,49,15584,5000,true,true
"quicksort","Nearly Sorted",500,50,14752,4700,true,true
"quicksort","Nearly Sorted",500,51,14656,4700,true,true
"quicksort","Nearly Sorted",500,52,15968,5100,true,true
"quicksort","Nearly Sorted",500,53,16992,5400,true,true
"quicksort","Nearly Sorted",500,54,18560,5900,true,true
"quicksort","Nearly Sorted",500,55,16960,5400,true,true
"quicksort","Nearly Sorted",500,56,15360,4900,true,true
"quicksort","Nearly Sorted",500,57,15328,4900,true,true
"quicksort","Nearly Sorted",500,58,15328,4900,true,true
"quicksort","Nearly Sorted",500,59,15968,5100,true,true
"quicksort","Nearly Sorted",500,60,14944,4800,true,true
"quicksort","Nearly Sorted",500,61,15072,4800,true,true
"quicksort","Nearly Sorted",500,62,14912,4800,true,true
"quicksort","Nearly Sorted",500,63,15136,4900,true,true
"quicksort","Nearly Sorted",500,64,15136,4800,true,true
"quicksort","Nearly Sorted",500,65,14688,4700,true,true
"quicksort","Nearly Sorted",500,66,14176,4600,true,true
"quicksort","Nearly Sorted",500,67,14432,4700,true,true
"quicksort","Nearly Sorted",500,68,14496,4600,true,true
"quicksort","Nearly Sorted",500,69,15456,4900,true,true
"quicksort","Nearly Sorted",500,70,14688,4700,true,true
"quicksort","Nearly Sorted",500,71,14368,4600,true,true
"quicksort","Nearly Sorted",500,72,14592,4700,true,true
"quicksort","Nearly Sorted",500,73,14080,4600,true,true
"quicksort","Nearly Sorted",500,74,14432,4700,true,true
"quicksort","Nearly Sorted",500,75,14144,4600,true,true
"quicksort","Nearly Sorted",500,76,14304,4600,true,true
"quicksort","Nearly Sorted",500,77,13984,4500,true,true
"quicksort","Nearly Sorted",500,78,14720,4700,true,true
"quicksort","Nearly Sorted",500,79,13920,4500,true,true
"quicksort","Nearly Sorted",500,80,14880,4700,true,true
"quicksort","Nearly Sorted",500,81,13728,4400,true,true
"quicksort","Nearly Sorted",500,82,13984,4500,true,true
"quicksort","Nearly Sorted",500,83,14688,4700,true,true
"quicksort","Nearly Sorted",500,84,15168,4800,true,true
"quicksort","Nearly Sorted",500,85,14208,4600,true,true
"quicksort","Nearly Sorted",500,86,14272,4600,true,true
"quicksort","Nearly Sorted",500,87,14528,4700,true,true
"quicksort","Nearly Sorted",500,88,13504,4300,true,true
"quicksort","Nearly Sorted",500,89,13824,4400,true,true
"quicksort","Nearly Sorted",500,90,14528,4600,true,true
"quicksort","Nearly Sorted",500,91,13600,4400,true,true
"quicksort","Nearly Sorted",500,92,14016,4500,true,true
"quicksort","Nearly Sorted",500,93,14400,4700,true,true
"quicksort","Nearly Sorted",500,94,14048,4500,true,true
"quicksort","Nearly Sorted",500,95,14016,4500,true,true
"quicksort","Nearly Sorted",500,96,13696,4400,true,true
"quicksort","Nearly Sorted",500,97,13920,4500,true,true
"quicksort","Nearly Sorted",500,98,14048,4500,true,true
"quicksort","Nearly Sorted",500,99,13888,4500,true,true
"heap","Nearly Sorted",500,0,48448,15300,true,true
"heap","Nearly Sorted",500,1,45888,14500,true,true
"heap","Nearly Sorted",500,2,42976,13600,true,true
"heap","Nearly Sorted",500,3,44352,14000,true,true
"heap","Nearly Sorted",500,4,43488,13700,true,true
"heap","Nearly Sorted",500,5,45120,14200,true,true
"heap","Nearly Sorted",500,6,43072,13600,true,true
"heap","Nearly Sorted",500,7,45664,14400,true,true
"heap","Nearly Sorted",500,8,47520,15000,true,true
"heap","Nearly Sorted",500,9,42880,13600,true,true
"heap","Nearly Sorted",500,10,43264,13600,true,true
"heap","Nearly Sorted",500,11,44672,14100,true,true
"heap","Nearly Sorted",500,12,43104,13600,true,true
"heap","Nearly Sorted",500,13,42240,13300,true,true
"heap","Nearly Sorted",500,14,42816,13500,true,true
"heap","Nearly Sorted",500,15,43680,13800,true,true
"heap","Nearly Sorted",500,16,44224,14000,true,true
"heap","Nearly Sorted",500,17,42848,13500,true,true
"heap","Nearly Sorted",500,18,44288,13900,true,true
"heap","Nearly Sorted",500,19,42464,13400,true,true
"heap","Nearly Sorted",500,20,43136,13600,true,true
"heap","Nearly Sorted",500,21,43616,13700,true,true
"heap","Nearly Sorted",500,22,44448,14000,true,true
"heap","Nearly Sorted",500,23,45952,14500,true,true
"heap","Nearly Sorted",500,24,42528,13400,true,true
"heap","Nearly Sorted",500,25,45120,14200,true,true
"heap","Nearly Sorted",500,26,41856,13200,true,true
"heap","Nearly Sorted",500,27,43200,13700,true,true
"heap","Nearly Sorted",500,28,40864,12900,true,true
"heap","Nearly Sorted",500,29,43136,13600,true,true
"heap","Nearly Sorted",500,30,41920,13200,true,true
"heap","Nearly Sorted",500,31,45376,14300,true,true
"heap","Nearly Sorted",500,32,40736,12900,true,true
"heap","Nearly Sorted",500,33,42976,13600,true,true
"heap","Nearly Sorted",500,34,41792,13200,true,true
"heap","Nearly Sorted",500,35,43680,13800,true,true
"heap","Nearly Sorted",500,36,43072,13600,true,true
"heap","Nearly Sorted",500,37,45056,14200,true,true
"heap","Nearly Sorted",500,38,43104,13600,true,true
"heap","Nearly Sorted",500,39,40416,12700,true,true
"heap","Nearly Sorted",500,40,44896,14100,true,true
"heap","Nearly Sorted",500,41,42656,13500,true,true
"heap","Nearly Sorted",500,42,41536,13200,true,true
"heap","Nearly Sorted",500,43,42784,13500,true,true
"heap","Nearly Sorted",500,44,41536,13100,true,true
"heap","Nearly Sorted",500,45,43904,13800,true,true
"heap","Nearly Sorted",500,46,41472,13100,true,true
"heap","Nearly Sorted",500,47,42592,13400,true,true
"heap","Nearly Sorted",500,48,40480,12800,true,true
"heap","Nearly Sorted",500,49,41408,13100,true,true
"heap","Nearly Sorted",500,50,41856,13200,true,true
"heap","Nearly Sorted",500,51,39936,12600,true,true
"heap","Nearly Sorted",500,52,40672,12900,true,true
"heap","Nearly Sorted",500,53,40896,12900,true,true
"heap","Nearly Sorted",500,54,40800,12900,true,true
"heap","Nearly Sorted",500,55,40320,12700,true,true
"heap","Nearly Sorted",500,56,39744,12500,true,true
"heap","Nearly Sorted",500,57,96864,30500,true,true
"heap","Nearly Sorted",500,58,44032,13900,true,true
"heap","Nearly Sorted",500,59,43680,13800,true,true
"heap","Nearly Sorted",500,60,44896,14100,true,true
"heap","Nearly Sorted",500,61,45216,14300,true,true
"heap","Nearly Sorted",500,62,44576,14100,true,true
"heap","Nearly Sorted",500,63,42016,13300,true,true
"heap","Nearly Sorted",500,64,40576,12900,true,true
"heap","Nearly Sorted",500,65,39648,12500,true,true
"heap","Nearly Sorted",500,66,41632,13100,true,true
"heap","Nearly Sorted",500,67,41216,13000,true,true
"heap","Nearly Sorted",500,68,39200,12300,true,true
"heap","Nearly Sorted",500,69,40480,12800,true,true
"heap","Nearly Sorted",500,70,41440,13100,true,true
"heap","Nearly Sorted",500,71,40320,12700,true,true
"heap","Nearly Sorted",500,72,42272,13300,true,true
"heap","Nearly Sorted",500,73,41472,13100,true,true
"heap","Nearly Sorted",500,74,38752,12200,true,true
"heap","Nearly Sorted",500,75,45568,14400,true,true
"heap","Nearly Sorted",500,76,39712,12600,true,true
"heap","Nearly Sorted",500,77,42048,13300,true,true
"heap","Nearly Sorted",500,78,39936,12600,true,true
"heap","Nearly Sorted",500,79,40288,12700,true,true
"heap","Nearly Sorted",500,80,42464,13400,true,true
"heap","Nearly Sorted",500,81,41984,13300,true,true
"heap","Nearly Sorted",500,82,39104,12300,true,true
"heap","Nearly Sorted",500,83,42624,13500,true,true
"heap","Nearly Sorted",500,84,42944,13600,true,true
"heap","Nearly Sorted",500,85,43200,13600,true,true
"heap","Nearly Sorted",500,86,43008,13600,true,true
"heap","Nearly Sorted",500,87,43744,13800,true,true
"heap","Nearly Sorted",500,88,42368,13400,true,true
"heap","Nearly Sorted",500,89,43456,13800,true,true
"heap","Nearly Sorted",500,90,40128,12700,true,true
"heap","Nearly Sorted",500,91,41440,13000,true,true
"heap","Nearly Sorted",500,92,38656,12200,true,true
"heap","Nearly Sorted",500,93,41088,13000,true,true
"heap","Nearly Sorted",500,94,42816,13600,true,true
"heap","Nearly Sorted",500,95,41984,13300,true,true
"heap","Nearly Sorted",500,96,41792,13200,true,true
"heap","Nearly Sorted",500,97,38208,12100,true,true
"heap","Nearly Sorted",500,98,42624,13400,true,true
"heap","Nearly Sorted",500,99,39200,12400,true,true
"std-sort","Nearly Sorted",500,0,10816,3500,true,true
"std-sort","Nearly Sorted",500,1,10368,3400,true,true
"std-sort","Nearly Sorted",500,2,10336,3400,true,true
"std-sort","Nearly Sorted",500,3,10464,3400,true,true
"std-sort","Nearly Sorted",500,4,10176,3300,true,true
"std-sort","Nearly Sorted",500,5,10560,3400,true,true
"std-sort","Nearly Sorted",500,6,10720,3500,true,true
"std-sort","Nearly Sorted",500,7,10400,3300,true,true
"std-sort","Nearly Sorted",500,8,9952,3300,true,true
"std-sort","Nearly Sorted",500,9,10272,3300,true,true
"std-sort","Nearly Sorted",500,10,10848,3500,true,true
"std-sort","Nearly Sorted",500,11,10432,3300,true,true
"std-sort","Nearly Sorted",500,12,11136,3600,true,true
"std-sort","Nearly Sorted",500,13,10784,3500,true,true
"std-sort","Nearly Sorted",500,14,10688,3500,true,true
"std-sort","Nearly Sorted",500,15,10368,3400,true,true
"std-sort","Nearly Sorted",500,16,11040,3500,true,true
"std-sort","Nearly Sorted",500,17,10752,3500,true,true
"std-sort","Nearly Sorted",500,18,10784,3500,true,true
"std-sort","Nearly Sorted",500,19,10432,3400,true,true
"std-sort","Nearly Sorted",500,20,9632,3200,true,true
"std-sort","Nearly Sorted",500,21,10624,3400,true,true
"std-sort","Nearly Sorted",500,22,10560,3400,true,true
"std-sort","Nearly Sorted",500,23,67104,21100,true,true
"std-sort","Nearly Sorted",500,24,10080,3300,true,true
"std-sort","Nearly Sorted",500,25,9856,3200,true,true
"std-sort","Nearly Sorted",500,26,11296,3600,true,true
"std-sort","Nearly Sorted",500,27,10720,3400,true,true
"std-sort","Nearly Sorted",500,28,9760,3200,true,true
"std-sort","Nearly Sorted",500,29,10368,3400,true,true
"std-sort","Nearly Sorted",500,30,10304,3300,true,true
"std-sort","Nearly Sorted",500,31,10304,3400,true,true
"std-sort","Nearly Sorted",500,32,9952,3300,true,true
"std-sort","Nearly Sorted",500,33,10336,3400,true,true
"std-sort","Nearly Sorted",500,34,9856,3300,true,true
"std-sort","Nearly Sorted",500,35,10528,3400,true,true
"std-sort","Nearly Sorted",500,36,10368,3400,true,true
"std-sort","Nearly Sorted",500,37,9952,3300,true,true
"std-sort","Nearly Sorted",500,38,9984,3300,true,true
"std-sort","Nearly Sorted",500,39,10784,3500,true,true
"std-sort","Nearly Sorted",500,40,10656,3500,true,true
"std-sort","Nearly Sorted",500,41,10080,3300,true,true
"std-sort","Nearly Sorted",500,42,10272,3300,true,true
"std-sort","Nearly Sorted",500,43,10144,3300,true,true
"std-sort","Nearly Sorted",500,44,10336,3400,true,true
"std-sort","Nearly Sorted",500,45,9824,3200,true,true
"std-sort","Nearly Sorted",500,46,10112,3300,true,true
"std-sort","Nearly Sorted",500,47,9664,3100,true,true
"std-sort","Nearly Sorted",500,48,10208,3300,true,true
"std-sort","Nearly Sorted",500,49,10848,3500,true,true
"std-sort","Nearly Sorted",500,50,10400,3300,true,true
"std-sort","Nearly Sorted",500,51,10656,3500,true,true
"std-sort","Nearly Sorted",500,52,10208,3300,true,true
"std-sort","Nearly Sorted",500,53,9824,3200,true,true
"std-sort","Nearly Sorted",500,54,9472,3000,true,true
"std-sort","Nearly Sorted",500,55,10080,3300,true,true
"std-sort","Nearly Sorted",500,56,10144,3300,true,true
"std-sort","Nearly Sorted",500,57,10144,3300,true,true
"std-sort","Nearly Sorted",500,58,11008,3500,true,true
"std-sort","Nearly Sorted",500,59,10432,3400,true,true
"std-sort","Nearly Sorted",500,60,10400,3400,true,true
"std-sort","Nearly Sorted",500,61,10560,3400,true,true
"std-sort","Nearly Sorted",500,62,10304,3300,true,true
"std-sort","Nearly Sorted",500,63,10272,3300,true,true
"std-sort","Nearly Sorted",500,64,10464,3400,true,true
"std-sort","Nearly Sorted",500,65,10208,3300,true,true
"std-sort","Nearly Sorted",500,66,10432,3400,true,true
"std-sort","Nearly Sorted",500,67,10400,3400,true,true
"std-sort","Nearly Sorted",500,68,10368,3300,true,true
"std-sort","Nearly Sorted",500,69,10112,3300,true,true
"std-sort","Nearly Sorted",500,70,10144,3300,true,true
"std-sort","Nearly Sorted",500,71,10144,3300,true,true
"std-sort","Nearly Sorted",500,72,10240,3300,true,true
"std-sort","Nearly Sorted",500,73,10112,3300,true,true
"std-sort","Nearly Sorted",500,74,10144,3300,true,true
"std-sort","Nearly Sorted",500,75,10144,3200,true,true
"std-sort","Nearly Sorted",500,76,9984,3300,true,true
"std-sort","Nearly Sorted",500,77,9856,3200,true,true
"std-sort","Nearly Sorted",500,78,9952,3200,true,true
"std-sort","Nearly Sorted",500,79,9920,3200,true,true
"std-sort","Nearly Sorted",500,80,10016,3200,true,true
"std-sort","Nearly Sorted",500,81,9632,3100,true,true
"std-sort","Nearly Sorted",500,82,10016,3300,true,true
"std-sort","Nearly Sorted",500,83,10112,3300,true,true
"std-sort","Nearly Sorted",500,84,9728,3100,true,true
"std-sort","Nearly Sorted",500,85,10400,3400,true,true
"std-sort","Nearly Sorted",500,86,10368,3300,true,true
"std-sort","Nearly Sorted",500,87,9952,3200,true,true
"std-sort","Nearly Sorted",500,88,10144,3300,true,true
"std-sort","Nearly Sorted",500,89,11008,3600,true,true
"std-sort","Nearly Sorted",500,90,10144,3200,true,true
"std-sort","Nearly Sorted",500,91,9888,3300,true,true
"std-sort","Nearly Sorted",500,92,10144,3300,true,true
"std-sort","Nearly Sorted",500,93,9728,3200,true,true
"std-sort","Nearly Sorted",500,94,10208,3300,true,true
"std-sort","Nearly Sorted",500,95,10080,3300,true,true
"std-sort","Nearly Sorted",500,96,10112,3300,true,true
"std-sort","Nearly Sorted",500,97,9504,3100,true,true
"std-sort","Nearly Sorted",500,98,9856,3200,true,true
"std-sort","Nearly Sorted",500,99,9920,3300,true,true
"std-stable-sort","Nearly Sorted",500,0,11040,3600,true,true
"std-stable-sort","Nearly Sorted",500,1,10688,3400,true,true
"std-stable-sort","Nearly Sorted",500,2,10720,3500,true,true
"std-stable-sort","Nearly Sorted",500,3,10528,3400,true,true
"std-stable-sort","Nearly Sorted",500,4,10496,3400,true,true
"std-stable-sort","Nearly Sorted",500,5,10560,3400,true,true
"std-stable-sort","Nearly Sorted",500,6,10528,3400,true,true
"std-stable-sort","Nearly Sorted",500,7,10592,3500,true,true
"std-stable-sort","Nearly Sorted",500,8,10528,3400,true,true
"std-stable-sort","Nearly Sorted",500,9,10752,3500,true,true
"std-stable-sort","Nearly Sorted",500,10,10592,3400,true,true
"std-stable-sort","Nearly Sorted",500,11,10496,3400,true,true
"std-stable-sort","Nearly Sorted",500,12,10656,3400,true,true
"std-stable-sort","Nearly Sorted",500,13,10784,3400,true,true
"std-stable-sort","Nearly Sorted",500,14,10656,3500,true,true
"std-stable-sort","Nearly Sorted",500,15,10912,3500,true,true
"std-stable-sort","Nearly Sorted",500,16,10880,3500,true,true
"std-stable-sort","Nearly Sorted",500,17,10656,3500,true,true
"std-stable-sort","Nearly Sorted",500,18,10528,3400,true,true
"std-stable-sort","Nearly Sorted",500,19,10816,3500,true,true
"std-stable-sort","Nearly Sorted",500,20,10624,3400,true,true
"std-stable-sort","Nearly Sorted",500,21,10720,3400,true,true
"std-stable-sort","Nearly Sorted",500,22,10368,3400,true,true
"std-stable-sort","Nearly Sorted",500,23,10784,3500,true,true
"std-stable-sort","Nearly Sorted",500,24,10240,3300,true,true
"std-stable-sort","Nearly Sorted",500,25,10592,3400,true,true
"std-stable-sort","Nearly Sorted",500,26,10400,3400,true,true
"std-stable-sort","Nearly Sorted",500,27,10464,3400,true,true
"std-stable-sort","Nearly Sorted",500,28,10400,3300,true,true
"std-stable-sort","Nearly Sorted",500,29,10528,3500,true,true
"std-stable-sort","Nearly Sorted",500,30,10176,3400,true,true
"std-stable-sort","Nearly Sorted",500,31,10336,3300,true,true
"std-stable-sort","Nearly Sorted",500,32,10656,3500,true,true
"std-stable-sort","Nearly Sorted",500,33,10464,3400,true,true
"std-stable-sort","Nearly Sorted",500,34,10528,3400,true,true
"std-stable-sort","Nearly Sorted",500,35,10848,3500,true,true
"std-stable-sort","Nearly Sorted",500,36,11008,3500,true,true
"std-stable-sort","Nearly Sorted",500,37,10720,3500,true,true
"std-stable-sort","Nearly Sorted",500,38,10816,3500,true,true
"std-stable-sort","Nearly Sorted",500,39,10560,3400,true,true
"std-stable-sort","Nearly Sorted",500,40,10720,3500,true,true
"std-stable-sort","Nearly Sorted",500,41,10464,3400,true,true
"std-stable-sort","Nearly Sorted",500,42,10528,3400,true,true
"std-stable-sort","Nearly Sorted",500,43,10720,3500,true,true
"std-stable-sort","Nearly Sorted",500,44,10784,3500,true,true
"std-stable-sort","Nearly Sorted",500,45,10752,3400,true,true
"std-stable-sort","Nearly Sorted",500,46,10752,3500,true,true
"std-stable-sort","Nearly Sorted",500,47,10560,3500,true,true
"std-stable-sort","Nearly Sorted",500,48,10528,3500,true,true
"std-stable-sort","Nearly Sorted",500,49,10464,3400,true,true
"std-stable-sort","Nearly Sorted",500,50,10432,3400,true,true
"std-stable-sort","Nearly Sorted",500,51,10528,3400,true,true
"std-stable-sort","Nearly Sorted",500,52,10496,3400,true,true
"std-stable-sort","Nearly Sorted",500,53,10816,3500,true,true
"std-stable-sort","Nearly Sorted",500,54,10528,3400,true,true
"std-stable-sort","Nearly Sorted",500,55,10816,3500,true,true
"std-stable-sort","Nearly Sorted",500,56,10624,3500,true,true
"std-stable-sort","Nearly Sorted",500,57,10656,3400,true,true
"std-stable-sort","Nearly Sorted",500,58,10688,3500,true,true
"std-stable-sort","Nearly Sorted",500,59,11616,3700,true,true
"std-stable-sort","Nearly Sorted",500,60,11040,3500,true,true
"std-stable-sort","Nearly Sorted",500,61,10784,3500,true,true
"std-stable-sort","Nearly Sorted",500,62,10560,3500,true,true
"std-stable-sort","Nearly Sorted",500,63,10880,3500,true,true
"std-stable-sort","Nearly Sorted",500,64,10976,3500,true,true
"std-stable-sort","Nearly Sorted",500,65,11072,3600,true,true
"std-stable-sort","Nearly Sorted",500,66,10592,3400,true,true
"std-stable-sort","Nearly Sorted",500,67,10912,3500,true,true
"std-stable-sort","Nearly Sorted",500,68,10560,3400,true,true
"std-stable-sort","Nearly Sorted",500,69,10560,3400,true,true
"std-stable-sort","Nearly Sorted",500,70,10560,3400,true,true
"std-stable-sort","Nearly Sorted",500,71,10592,3400,true,true
"std-stable-sort","Nearly Sorted",500,72,10688,3500,true,true
"std-stable-sort","Nearly Sorted",500,73,10816,3500,true,true
"std-stable-sort","Nearly Sorted",500,74,10336,3400,true,true
"std-stable-sort","Nearly Sorted",500,75,10528,3400,true,true
"std-stable-sort","Nearly Sorted",500,76,10496,3400,true,true
"std-stable-sort","Nearly Sorted",500,77,10752,3500,true,true
"std-stable-sort","Nearly Sorted",500,78,10560,3400,true,true
"std-stable-sort","Nearly Sorted",500,79,10432,3400,true,true
"std-stable-sort","Nearly Sorted",500,80,10624,3500,true,true
"std-stable-sort","Nearly Sorted",500,81,10464,3300,true,true
"std-stable-sort","Nearly Sorted",500,82,10656,3500,true,true
"std-stable-sort","Nearly Sorted",500,83,10368,3300,true,true
"std-stable-sort","Nearly Sorted",500,84,10688,3500,true,true
"std-stable-sort","Nearly Sorted",500,85,10496,3400,true,true
"std-stable-sort","Nearly Sorted",500,86,10560,3400,true,true
"std-stable-sort","Nearly Sorted",500,87,10624,3400,true,true
"std-stable-sort","Nearly Sorted",500,88,10592,3500,true,true
"std-stable-sort","Nearly Sorted",500,89,10592,3400,true,true
"std-stable-sort","Nearly Sorted",500,90,10592,3400,true,true
"std-stable-sort","Nearly Sorted",500,91,10432,3400,true,true
"std-stable-sort","Nearly Sorted",500,92,10560,3400,true,true
"std-stable-sort","Nearly Sorted",500,93,10592,3400,true,true
"std-stable-sort","Nearly Sorted",500,94,10560,3400,true,true
"std-stable-sort","Nearly Sorted",500,95,10624,3500,true,true
"std-stable-sort","Nearly Sorted",500,96,10496,3400,true,true
"std-stable-sort","Nearly Sorted",500,97,10208,3300,true,true
"std-stable-sort","Nearly Sorted",500,98,10656,3400,true,true
"std-stable-sort","Nearly Sorted",500,99,10592,3400,true,true
"bubble","Nearly Sorted",1000,0,9184,3000,true,true
"bubble","Nearly Sorted",1000,1,9280,3000,true,true
"bubble","Nearly Sorted",1000,2,9376,3000,true,true
"bubble","Nearly Sorted",1000,3,9408,3100,true,true
"bubble","Nearly Sorted",1000,4,9376,3000,true,true
"bubble","Nearly Sorted",1000,5,9472,3100,true,true
"bubble","Nearly Sorted",1000,6,6656,2200,true,true
"bubble","Nearly Sorted",1000,7,11904,3900,true,true
"bubble","Nearly Sorted",1000,8,9376,3100,true,true
"bubble","Nearly Sorted",1000,9,6880,2200,true,true
"bubble","Nearly Sorted",1000,10,6624,2200,true,true
"bubble","Nearly Sorted",1000,11,9280,3000,true,true
"bubble","Nearly Sorted",1000,12,6816,2200,true,true
"bubble","Nearly Sorted",1000,13,6592,2200,true,true
"bubble","Nearly Sorted",1000,14,6656,2200,true,true
"bubble","Nearly Sorted",1000,15,6656,2200,true,true
"bubble","Nearly Sorted",1000,16,9248,3000,true,true
"bubble","Nearly Sorted",1000,17,9248,3000,true,true
"bubble","Nearly Sorted",1000,18,6624,2200,true,true
"bubble","Nearly Sorted",1000,19,9280,3000,true,true
"bubble","Nearly Sorted",1000,20,9216,3000,true,true
"bubble","Nearly Sorted",1000,21,6432,2200,true,true
"bubble","Nearly Sorted",1000,22,6624,2200,true,true
"bubble","Nearly Sorted",1000,23,9248,3100,true,true
"bubble","Nearly Sorted",1000,24,9280,3000,true,true
"bubble","Nearly Sorted",1000,25,9216,3100,true,true
"bubble","Nearly Sorted",1000,26,9248,3000,true,true
"bubble","Nearly Sorted",1000,27,9248,3100,true,true
"bubble","Nearly Sorted",1000,28,9408,3000,true,true
"bubble","Nearly Sorted",1000,29,9248,3000,true,true
"bubble","Nearly Sorted",1000,30,9312,3100,true,true
"bubble","Nearly Sorted",1000,31,6624,2200,true,true
"bubble","Nearly Sorted",1000,32,9312,3100,true,true
"bubble","Nearly Sorted",1000,33,9248,3000,true,true
"bubble","Nearly Sorted",1000,34,9344,3000,true,true
"bubble","Nearly Sorted",1000,35,9280,3000,true,true
"bubble","Nearly Sorted",1000,36,9216,3000,true,true
"bubble","Nearly Sorted",1000,37,9280,3100,true,true
"bubble","Nearly Sorted",1000,38,9344,3000,true,true
"bubble","Nearly Sorted",1000,39,6560,2200,true,true
"bubble","Nearly Sorted",1000,40,9280,3000,true,true
"bubble","Nearly Sorted",1000,41,9216,3000,true,true
"bubble","Nearly Sorted",1000,42,6656,2200,true,true
"bubble","Nearly Sorted",1000,43,9280,3000,true,true
"bubble","Nearly Sorted",1000,44,6624,2200,true,true
"bubble","Nearly Sorted",1000,45,9248,3100,true,true
"bubble","Nearly Sorted",1000,46,6528,2200,true,true
"bubble","Nearly Sorted",1000,47,6688,2200,true,true
"bubble","Nearly Sorted",1000,48,9344,3100,true,true
"bubble","Nearly Sorted",1000,49,6720,2300,true,true
"bubble","Nearly Sorted",1000,50,6592,2200,true,true
"bubble","Nearly Sorted",1000,51,9312,3000,true,true
"bubble","Nearly Sorted",1000,52,9280,3000,true,true
"bubble","Nearly Sorted",1000,53,9408,3100,true,true
"bubble","Nearly Sorted",1000,54,6688,2200,true,true
"bubble","Nearly Sorted",1000,55,9248,3000,true,true
"bubble","Nearly Sorted",1000,56,6496,2100,true,true
"bubble","Nearly Sorted",1000,57,9280,3100,true,true
"bubble","Nearly Sorted",1000,58,9280,3000,true,true
"bubble","Nearly Sorted",1000,59,6528,2200,true,true
"bubble","Nearly Sorted",1000,60,6656,2200,true,true
"bubble","Nearly Sorted",1000,61,6656,2200,true,true
"bubble","Nearly Sorted",1000,62,9280,3000,true,true
"bubble","Nearly Sorted",1000,63,6592,2200,true,true
"bubble","Nearly Sorted",1000,64,6560,2100,true,true
"bubble","Nearly Sorted",1000,65,9248,3000,true,true
"bubble","Nearly Sorted",1000,66,6688,2200,true,true
"bubble","Nearly Sorted",1000,67,9152,3000,true,true
"bubble","Nearly Sorted",1000,68,9248,3000,true,true
"bubble","Nearly Sorted",1000,69,6560,2100,true,true
"bubble","Nearly Sorted",1000,70,9536,3100,true,true
"bubble","Nearly Sorted",1000,71,9280,3000,true,true
"bubble","Nearly Sorted",1000,72,9216,3000,true,true
"bubble","Nearly Sorted",1000,73,9344,3000,true,true
"bubble","Nearly Sorted",1000,74,9312,3100,true,true
"bubble","Nearly Sorted",1000,75,6816,2300,true,true
"bubble","Nearly Sorted",1000,76,9408,3000,true,true
"bubble","Nearly Sorted",1000,77,9376,3100,true,true
"bubble","Nearly Sorted",1000,78,9216,3000,true,true
"bubble","Nearly Sorted",1000,79,6496,2200,true,true
"bubble","Nearly Sorted",1000,80,9280,3000,true,true
"bubble","Nearly Sorted",1000,81,9280,3000,true,true
"bubble","Nearly Sorted",1000,82,9440,3000,true,true
"bubble","Nearly Sorted",1000,83,9248,3000,true,true
"bubble","Nearly Sorted",1000,84,6528,2200,true,true
"bubble","Nearly Sorted",1000,85,6528,2200,true,true
"bubble","Nearly Sorted",1000,86,9248,3000,true,true
"bubble","Nearly Sorted",1000,87,9248,3000,true,true
"bubble","Nearly Sorted",1000,88,6560,2100,true,true
"bubble","Nearly Sorted",1000,89,9248,3000,true,true
"bubble","Nearly Sorted",1000,90,6528,2200,true,true
"bubble","Nearly Sorted",1000,91,9344,3100,true,true
"bubble","Nearly Sorted",1000,92,9312,3100,true,true
"bubble","Nearly Sorted",1000,93,9312,3000,true,true
"bubble","Nearly Sorted",1000,94,9280,3000,true,true
"bubble","Nearly Sorted",1000,95,6592,2200,true,true
"bubble","Nearly Sorted",1000,96,9408,3100,true,true
"bubble","Nearly Sorted",1000,97,9216,3000,true,true
"bubble","Nearly Sorted",1000,98,6464,2100,true,true
"bubble","Nearly Sorted",1000,99,6592,2100,true,true
"insertion","Nearly Sorted",1000,0,6976,2200,true,true
"insertion","Nearly Sorted",1000,1,6720,2200,true,true
"insertion","Nearly Sorted",1000,2,6752,2300,true,true
"insertion","Nearly Sorted",1000,3,6976,2300,true,true
"insertion","Nearly Sorted",1000,4,6848,2300,true,true
"insertion","Nearly Sorted",1000,5,6944,2300,true,true
"insertion","Nearly Sorted",1000,6,6816,2300,true,true
"insertion","Nearly Sorted",1000,7,7136,2400,true,true
"insertion","Nearly Sorted",1000,8,6656,2200,true,true
"insertion","Nearly Sorted",1000,9,7008,2300,true,true
"insertion","Nearly Sorted",1000,10,7104,2400,true,true
"insertion","Nearly Sorted",1000,11,6944,2300,true,true
"insertion","Nearly Sorted",1000,12,6848,2300,true,true
"insertion","Nearly Sorted",1000,13,6752,2300,true,true
"insertion","Nearly Sorted",1000,14,6592,2200,true,true
"insertion","Nearly Sorted",1000,15,6784,2300,true,true
"insertion","Nearly Sorted",1000,16,6880,2300,true,true
"insertion","Nearly Sorted",1000,17,6784,2300,true,true
"insertion","Nearly Sorted",1000,18,6624,2200,true,true
"insertion","Nearly Sorted",1000,19,7552,2500,true,true
"insertion","Nearly Sorted",1000,20,6752,2200,true,true
"insertion","Nearly Sorted",1000,21,7488,2500,true,true
"insertion","Nearly Sorted",1000,22,7008,2300,true,true
"insertion","Nearly Sorted",1000,23,6784,2200,true,true
"insertion","Nearly Sorted",1000,24,6784,2200,true,true
"insertion","Nearly Sorted",1000,25,6816,2200,true,true
"insertion","Nearly Sorted",1000,26,6688,2200,true,true
"insertion","Nearly Sorted",1000,27,6816,2300,true,true
"insertion","Nearly Sorted",1000,28,7200,2400,true,true
"insertion","Nearly Sorted",1000,29,6848,2300,true,true
"insertion","Nearly Sorted",1000,30,7232,2400,true,true
"insertion","Nearly Sorted",1000,31,6944,2300,true,true
"insertion","Nearly Sorted",1000,32,6848,2200,true,true
"insertion","Nearly Sorted",1000,33,6752,2200,true,true
"insertion","Nearly Sorted",1000,34,6880,2300,true,true
"insertion","Nearly Sorted",1000,35,7040,2400,true,true
"insertion","Nearly Sorted",1000,36,6848,2300,true,true
"insertion","Nearly Sorted",1000,37,6688,2200,true,true
"insertion","Nearly Sorted",1000,38,7168,2300,true,true
"insertion","Nearly Sorted",1000,39,6848,2200,true,true
"insertion","Nearly Sorted",1000,40,7456,2400,true,true
"insertion","Nearly Sorted",1000,41,7136,2300,true,true
"insertion","Nearly Sorted",1000,42,7136,2300,true,true
"insertion","Nearly Sorted",1000,43,6816,2300,true,true
"insertion","Nearly Sorted",1000,44,6816,2300,true,true
"insertion","Nearly Sorted",1000,45,6848,2300,true,true
"insertion","Nearly Sorted",1000,46,6656,2200,true,true
"insertion","Nearly Sorted",1000,47,6496,2100,true,true
"insertion","Nearly Sorted",1000,48,7040,2400,true,true
"insertion","Nearly Sorted",1000,49,6848,2300,true,true
"insertion","Nearly Sorted",1000,50,6432,2100,true,true
"insertion","Nearly Sorted",1000,51,6656,2200,true,true
"insertion","Nearly Sorted",1000,52,6848,2300,true,true
"insertion","Nearly Sorted",1000,53,6752,2200,true,true
"insertion","Nearly Sorted",1000,54,7008,2300,true,true
"insertion","Nearly Sorted",1000,55,6816,2300,true,true
"insertion","Nearly Sorted",1000,56,6784,2300,true,true
"insertion","Nearly Sorted",1000,57,7008,2300,true,true
"insertion","Nearly Sorted",1000,58,6752,2300,true,true
"insertion","Nearly Sorted",1000,59,6688,2200,true,true
"insertion","Nearly Sorted",1000,60,6624,2200,true,true
"insertion","Nearly Sorted",1000,61,7136,2300,true,true
"insertion","Nearly Sorted",1000,62,6848,2200,true,true
"insertion","Nearly Sorted",1000,63,6976,2300,true,true
"insertion","Nearly Sorted",1000,64,6944,2300,true,true
"insertion","Nearly Sorted",1000,65,6976,2300,true,true
"insertion","Nearly Sorted",1000,66,7104,2400,true,true
"insertion","Nearly Sorted",1000,67,6592,2200,true,true
"insertion","Nearly Sorted",1000,68,6624,2200,true,true
"insertion","Nearly Sorted",1000,69,6816,2200,true,true
"insertion","Nearly Sorted",1000,70,6528,2100,true,true
"insertion","Nearly Sorted",1000,71,7008,2300,true,true
"insertion","Nearly Sorted",1000,72,6944,2300,true,true
"insertion","Nearly Sorted",1000,73,7104,2400,true,true
"insertion","Nearly Sorted",1000,74,6432,2100,true,true
"insertion","Nearly Sorted",1000,75,6912,2300,true,true
"insertion","Nearly Sorted",1000,76,7424,2500,true,true
"insertion","Nearly Sorted",1000,77,7008,2300,true,true
"insertion","Nearly Sorted",1000,78,6880,2300,true,true
"insertion","Nearly Sorted",1000,79,7072,2300,true,true
"insertion","Nearly Sorted",1000,80,6944,2300,true,true
"insertion","Nearly Sorted",1000,81,7040,2300,true,true
"insertion","Nearly Sorted",1000,82,7264,2400,true,true
"insertion","Nearly Sorted",1000,83,7392,2500,true,true
"insertion","Nearly Sorted",1000,84,7168,2400,true,true
"insertion","Nearly Sorted",1000,85,6848,2300,true,true
"insertion","Nearly Sorted",1000,86,6976,2300,true,true
"insertion","Nearly Sorted",1000,87,6752,2300,true,true
"insertion","Nearly Sorted",1000,88,6848,2300,true,true
"insertion","Nearly Sorted",1000,89,6816,2300,true,true
"insertion","Nearly Sorted",1000,90,6816,2300,true,true
"insertion","Nearly Sorted",1000,91,6656,2200,true,true
"insertion","Nearly Sorted",1000,92,6976,2300,true,true
"insertion","Nearly Sorted",1000,93,6720,2200,true,true
"insertion","Nearly Sorted",1000,94,7008,2300,true,true
"insertion","Nearly Sorted",1000,95,7040,2300,true,true
"insertion","Nearly Sorted",1000,96,6912,2200,true,true
"insertion","Nearly Sorted",1000,97,6784,2200,true,true
"insertion","Nearly Sorted",1000,98,7040,2400,true,true
"insertion","Nearly Sorted",1000,99,7104,2400,true,true
"selection","Nearly Sorted",1000,0,849824,266200,true,true
"selection","Nearly Sorted",1000,1,850176,266400,true,true
"selection","Nearly Sorted",1000,2,897216,281000,true,true
"selection","Nearly Sorted",1000,3,850560,266400,true,true
"selection","Nearly Sorted",1000,4,887872,278200,true,true
"selection","Nearly Sorted",1000,5,919744,288100,true,true
"selection","Nearly Sorted",1000,6,849920,266200,true,true
"selection","Nearly Sorted",1000,7,849952,266200,true,true
"selection","Nearly Sorted",1000,8,849888,266200,true,true
"selection","Nearly Sorted",1000,9,893760,279900,true,true
"selection","Nearly Sorted",1000,10,849952,266300,true,true
"selection","Nearly Sorted",1000,11,1243360,389700,true,true
"selection","Nearly Sorted",1000,12,924192,289500,true,true
"selection","Nearly Sorted",1000,13,850272,266300,true,true
"selection","Nearly Sorted",1000,14,850240,266300,true,true
"selection","Nearly Sorted",1000,15,850080,266200,true,true
"selection","Nearly Sorted",1000,16,901760,282500,true,true
"selection","Nearly Sorted",1000,17,850048,266200,true,true
"selection","Nearly Sorted",1000,18,849728,266200,true,true
"selection","Nearly Sorted",1000,19,934912,292900,true,true
"selection","Nearly Sorted",1000,20,850112,266300,true,true
"selection","Nearly Sorted",1000,21,850240,266400,true,true
"selection","Nearly Sorted",1000,22,850272,266300,true,true
"selection","Nearly Sorted",1000,23,896224,280800,true,true
"selection","Nearly Sorted",1000,24,849920,266200,true,true
"selection","Nearly Sorted",1000,25,849696,266200,true,true
"selection","Nearly Sorted",1000,26,885440,277500,true,true
"selection","Nearly Sorted",1000,27,893216,279800,true,true
"selection","Nearly Sorted",1000,28,850176,266300,true,true
"selection","Nearly Sorted",1000,29,850144,266300,true,true
"selection","Nearly Sorted",1000,30,1014240,317700,true,true
"selection","Nearly Sorted",1000,31,860448,269600,true,true
"selection","Nearly Sorted",1000,32,850752,266500,true,true
"selection","Nearly Sorted",1000,33,873312,273600,true,true
"selection","Nearly Sorted",1000,34,900192,282000,true,true
"selection","Nearly Sorted",1000,35,849952,266200,true,true
"selection","Nearly Sorted",1000,36,849824,266200,true,true
"selection","Nearly Sorted",1000,37,896800,280900,true,true
"selection","Nearly Sorted",1000,38,933248,292400,true,true
"selection","Nearly Sorted",1000,39,1114175,349500,true,true
"selection","Nearly Sorted",1000,40,1387121,435200,true,true
"selection","Nearly Sorted",1000,41,932192,292000,true,true
"selection","Nearly Sorted",1000,42,850304,266400,true,true
"selection","Nearly Sorted",1000,43,1069152,334900,true,true
"selection","Nearly Sorted",1000,44,908736,284800,true,true
"selection","Nearly Sorted",1000,45,850048,266300,true,true
"selection","Nearly Sorted",1000,46,849760,266200,true,true
"selection","Nearly Sorted",1000,47,912672,285900,true,true
"selection","Nearly Sorted",1000,48,934144,292700,true,true
"selection","Nearly Sorted",1000,49,1390576,436000,true,true
"selection","Nearly Sorted",1000,50,1582240,496000,true,true
"selection","Nearly Sorted",1000,51,1107456,347000,true,true
"selection","Nearly Sorted",1000,52,1234640,387300,true,true
"selection","Nearly Sorted",1000,53,1006592,315300,true,true
"selection","Nearly Sorted",1000,54,1675312,525200,true,true
"selection","Nearly Sorted",1000,55,1090784,341800,true,true
"selection","Nearly Sorted",1000,56,1562544,490200,true,true
"selection","Nearly Sorted",1000,57,2579168,808400,true,true
"selection","Nearly Sorted",1000,58,883104,276700,true,true
"selection","Nearly Sorted",1000,59,850592,266600,true,true
"selection","Nearly Sorted",1000,60,1390672,436400,true,true
"selection","Nearly Sorted",1000,61,1118432,350500,true,true
"selection","Nearly Sorted",1000,62,1484096,465300,true,true
"selection","Nearly Sorted",1000,63,1686240,528900,true,true
"selection","Nearly Sorted",1000,64,1336608,419100,true,true
"selection","Nearly Sorted",1000,65,1133248,355100,true,true
"selection","Nearly Sorted",1000,66,975200,306100,true,true
"selection","Nearly Sorted",1000,67,965248,302500,true,true
"selection","Nearly Sorted",1000,68,930560,291700,true,true
"selection","Nearly Sorted",1000,69,850272,266400,true,true
"selection","Nearly Sorted",1000,70,911424,285800,true,true
"selection","Nearly Sorted",1000,71,907872,284400,true,true
"selection","Nearly Sorted",1000,72,850272,266300,true,true
"selection","Nearly Sorted",1000,73,850112,266300,true,true
"selection","Nearly Sorted",1000,74,850016,266300,true,true
"selection","Nearly Sorted",1000,75,904448,283300,true,true
"selection","Nearly Sorted",1000,76,849984,266300,true,true
"selection","Nearly Sorted",1000,77,896032,280700,true,true
"selection","Nearly Sorted",1000,78,850272,266400,true,true
"selection","Nearly Sorted",1000,79,898432,281500,true,true
"selection","Nearly Sorted",1000,80,850176,266300,true,true
"selection","Nearly Sorted",1000,81,849760,266100,true,true
"selection","Nearly Sorted",1000,82,895584,280500,true,true
"selection","Nearly Sorted",1000,83,850144,266300,true,true
"selection","Nearly Sorted",1000,84,895072,280400,true,true
"selection","Nearly Sorted",1000,85,849856,266200,true,true
"selection","Nearly Sorted",1000,86,899616,281800,true,true
"selection","Nearly Sorted",1000,87,2083328,653200,true,true
"selection","Nearly Sorted",1000,88,1221696,382900,true,true
"selection","Nearly Sorted",1000,89,1277808,400900,true,true
"selection","Nearly Sorted",1000,90,1513359,474600,true,true
"selection","Nearly Sorted",1000,91,1193024,373800,true,true
"selection","Nearly Sorted",1000,92,1203360,377000,true,true
"selection","Nearly Sorted",1000,93,1256128,394000,true,true
"selection","Nearly Sorted",1000,94,1148768,359900,true,true
"selection","Nearly Sorted",1000,95,2235316,700700,true,true
"selection","Nearly Sorted",1000,96,3691053,1158100,true,true
"selection","Nearly Sorted",1000,97,3845696,1204600,true,true
"selection","Nearly Sorted",1000,98,845184,264900,true,true
"selection","Nearly Sorted",1000,99,922848,289100,true,true
"merge","Nearly Sorted",1000,0,51872,16400,true,true
"merge","Nearly Sorted",1000,1,50912,16100,true,true
"merge","Nearly Sorted",1000,2,50976,16000,true,true
"merge","Nearly Sorted",1000,3,51296,16200,true,true
"merge","Nearly Sorted",1000,4,51904,16300,true,true
"merge","Nearly Sorted",1000,5,51072,16100,true,true
"merge","Nearly Sorted",1000,6,51616,16300,true,true
"merge","Nearly Sorted",1000,7,50784,16000,true,true
"merge","Nearly Sorted",1000,8,50976,16000,true,true
"merge","Nearly Sorted",1000,9,51296,16200,true,true
"merge","Nearly Sorted",1000,10,51168,16100,true,true
"merge","Nearly Sorted",1000,11,50656,16000,true,true
"merge","Nearly Sorted",1000,12,51744,16300,true,true
"merge","Nearly Sorted",1000,13,50848,16000,true,true
"merge","Nearly Sorted",1000,14,50592,15900,true,true
"merge","Nearly Sorted",1000,15,51392,16200,true,true
"merge","Nearly Sorted",1000,16,50688,16000,true,true
"merge","Nearly Sorted",1000,17,51072,16100,true,true
"merge","Nearly Sorted",1000,18,52224,16500,true,true
"merge","Nearly Sorted",1000,19,51040,16600,true,true
"merge","Nearly Sorted",1000,20,51104,16100,true,true
"merge","Nearly Sorted",1000,21,50976,16100,true,true
"merge","Nearly Sorted",1000,22,51072,16100,true,true
"merge","Nearly Sorted",1000,23,51360,16200,true,true
"merge","Nearly Sorted",1000,24,51072,16100,true,true
"merge","Nearly Sorted",1000,25,51296,16100,true,true
"merge","Nearly Sorted",1000,26,50816,16000,true,true
"merge","Nearly Sorted",1000,27,50880,16000,true,true
"merge","Nearly Sorted",1000,28,51424,16200,true,true
"merge","Nearly Sorted",1000,29,50816,16100,true,true
"merge","Nearly Sorted",1000,30,50592,16000,true,true
"merge","Nearly Sorted",1000,31,50496,15900,true,true
"merge","Nearly Sorted",1000,32,50720,16000,true,true
"merge","Nearly Sorted",1000,33,51296,16200,true,true
"merge","Nearly Sorted",1000,34,50880,16100,true,true
"merge","Nearly Sorted",1000,35,50976,16100,true,true
"merge","Nearly Sorted",1000,36,51232,16200,true,true
"merge","Nearly Sorted",1000,37,50656,16000,true,true
"merge","Nearly Sorted",1000,38,51040,16100,true,true
"merge","Nearly Sorted",1000,39,50592,16000,true,true
"merge","Nearly Sorted",1000,40,51296,16200,true,true
"merge","Nearly Sorted",1000,41,51296,16200,true,true
"merge","Nearly Sorted",1000,42,50944,16100,true,true
"merge","Nearly Sorted",1000,43,51584,16300,true,true
"merge","Nearly Sorted",1000,44,51712,16300,true,true
"merge","Nearly Sorted",1000,45,51104,16100,true,true
"merge","Nearly Sorted",1000,46,50784,16000,true,true
"merge","Nearly Sorted",1000,47,50464,15900,true,true
"merge","Nearly Sorted",1000,48,51328,16200,true,true
"merge","Nearly Sorted",1000,49,51040,16100,true,true
"merge","Nearly Sorted",1000,50,51840,16400,true,true
"merge","Nearly Sorted",1000,51,50336,15900,true,true
"merge","Nearly Sorted",1000,52,50912,16100,true,true
"merge","Nearly Sorted",1000,53,50720,16000,true,true
"merge","Nearly Sorted",1000,54,50624,16000,true,true
"merge","Nearly Sorted",1000,55,50464,15900,true,true
"merge","Nearly Sorted",1000,56,50560,16000,true,true
"merge","Nearly Sorted",1000,57,50368,15900,true,true
"merge","Nearly Sorted",1000,58,50656,15900,true,true
"merge","Nearly Sorted",1000,59,51136,16100,true,true
"merge","Nearly Sorted",1000,60,50848,16000,true,true
"merge","Nearly Sorted",1000,61,50944,16100,true,true
"merge","Nearly Sorted",1000,62,50944,16000,true,true
"merge","Nearly Sorted",1000,63,50848,16000,true,true
"merge","Nearly Sorted",1000,64,50592,15900,true,true
"merge","Nearly Sorted",1000,65,51360,16200,true,true
"merge","Nearly Sorted",1000,66,50464,16000,true,true
"merge","Nearly Sorted",1000,67,50656,16000,true,true
"merge","Nearly Sorted",1000,68,50848,16100,true,true
"merge","Nearly Sorted",1000,69,50944,16100,true,true
"merge","Nearly Sorted",1000,70,50464,15900,true,true
"merge","Nearly Sorted",1000,71,50848,16000,true,true
"merge","Nearly Sorted",1000,72,50400,15900,true,true
"merge","Nearly Sorted",1000,73,50656,16000,true,true
"merge","Nearly Sorted",1000,74,51360,16300,true,true
"merge","Nearly Sorted",1000,75,50592,15900,true,true
"merge","Nearly Sorted",1000,76,50656,15900,true,true
"merge","Nearly Sorted",1000,77,50720,16000,true,true
"merge","Nearly Sorted",1000,78,51200,16200,true,true
"merge","Nearly Sorted",1000,79,51040,16100,true,true
"merge","Nearly Sorted",1000,80,50624,16000,true,true
"merge","Nearly Sorted",1000,81,50528,16000,true,true
"merge","Nearly Sorted",1000,82,92288,29100,true,true
"merge","Nearly Sorted",1000,83,51040,16100,true,true
"merge","Nearly Sorted",1000,84,51072,16100,true,true
"merge","Nearly Sorted",1000,85,50880,16100,true,true
"merge","Nearly Sorted",1000,86,50944,16100,true,true
"merge","Nearly Sorted",1000,87,50784,16000,true,true
"merge","Nearly Sorted",1000,88,50208,15900,true,true
"merge","Nearly Sorted",1000,89,51232,16200,true,true
"merge","Nearly Sorted",1000,90,50272,15900,true,true
"merge","Nearly Sorted",1000,91,50464,16000,true,true
"merge","Nearly Sorted",1000,92,50944,16100,true,true
"merge","Nearly Sorted",1000,93,51136,16100,true,true
"merge","Nearly Sorted",1000,94,50944,16100,true,true
"merge","Nearly Sorted",1000,95,51232,16200,true,true
"merge","Nearly Sorted",1000,96,50496,16000,true,true
"merge","Nearly Sorted",1000,97,50720,16000,true,true
"merge","Nearly Sorted",1000,98,51136,16100,true,true
"merge","Nearly Sorted",1000,99,51008,16000,true,true
"quicksort","Nearly Sorted",1000,0,31264,9900,true,true
"quicksort","Nearly Sorted",1000,1,32448,10300,true,true
"quicksort","Nearly Sorted",1000,2,34784,11000,true,true
"quicksort","Nearly Sorted",1000,3,32928,10400,true,true
"quicksort","Nearly Sorted",1000,4,34912,11000,true,true
"quicksort","Nearly Sorted",1000,5,34016,10700,true,true
"quicksort","Nearly Sorted",1000,6,33248,10500,true,true
"quicksort","Nearly Sorted",1000,7,32416,10200,true,true
"quicksort","Nearly Sorted",1000,8,34592,11000,true,true
"quicksort","Nearly Sorted",1000,9,31904,10100,true,true
"quicksort","Nearly Sorted",1000,10,31712,10000,true,true
"quicksort","Nearly Sorted",1000,11,33376,10600,true,true
"quicksort","Nearly Sorted",1000,12,33376,10600,true,true
"quicksort","Nearly Sorted",1000,13,31616,10000,true,true
"quicksort","Nearly Sorted",1000,14,31008,9800,true,true
"quicksort","Nearly Sorted",1000,15,31584,10000,true,true
"quicksort","Nearly Sorted",1000,16,31520,10000,true,true
"quicksort","Nearly Sorted",1000,17,30944,9800,true,true
"quicksort","Nearly Sorted",1000,18,31968,10200,true,true
"quicksort","Nearly Sorted",1000,19,30784,9700,true,true
"quicksort","Nearly Sorted",1000,20,30592,9700,true,true
"quicksort","Nearly Sorted",1000,21,30048,9600,true,true
"quicksort","Nearly Sorted",1000,22,31456,10000,true,true
"quicksort","Nearly Sorted",1000,23,30240,9600,true,true
"quicksort","Nearly Sorted",1000,24,31872,10100,true,true
"quicksort","Nearly Sorted",1000,25,31808,10000,true,true
"quicksort","Nearly Sorted",1000,26,31584,10000,true,true
"quicksort","Nearly Sorted",1000,27,30464,9700,true,true
"quicksort","Nearly Sorted",1000,28,30848,9800,true,true
"quicksort","Nearly Sorted",1000,29,29664,9400,true,true
"quicksort","Nearly Sorted",1000,30,30400,9700,true,true
"quicksort","Nearly Sorted",1000,31,30144,9500,true,true
"quicksort","Nearly Sorted",1000,32,30080,9500,true,true
"quicksort","Nearly Sorted",1000,33,30976,9800,true,true
"quicksort","Nearly Sorted",1000,34,30432,9700,true,true
"quicksort","Nearly Sorted",1000,35,32800,10400,true,true
"quicksort","Nearly Sorted",1000,36,31904,10100,true,true
"quicksort","Nearly Sorted",1000,37,31264,9900,true,true
"quicksort","Nearly Sorted",1000,38,32064,10100,true,true
"quicksort","Nearly Sorted",1000,39,91840,28800,true,true
"quicksort","Nearly Sorted",1000,40,30656,9700,true,true
"quicksort","Nearly Sorted",1000,41,30752,9800,true,true
"quicksort","Nearly Sorted",1000,42,29984,9500,true,true
"quicksort","Nearly Sorted",1000,43,30080,9600,true,true
"quicksort","Nearly Sorted",1000,44,30560,9700,true,true
"quicksort","Nearly Sorted",1000,45,30304,9700,true,true
"quicksort","Nearly Sorted",1000,46,30272,9600,true,true
"quicksort","Nearly Sorted",1000,47,30272,9600,true,true
"quicksort","Nearly Sorted",1000,48,31136,9800,true,true
"quicksort","Nearly Sorted",1000,49,30656,9700,true,true
"quicksort","Nearly Sorted",1000,50,29792,9500,true,true
"quicksort","Nearly Sorted",1000,51,30816,9800,true,true
"quicksort","Nearly Sorted",1000,52,30048,9500,true,true
"quicksort","Nearly Sorted",1000,53,30272,9600,true,true
"quicksort","Nearly Sorted",1000,54,29888,9500,true,true
"quicksort","Nearly Sorted",1000,55,31136,9900,true,true
"quicksort","Nearly Sorted",1000,56,29472,9400,true,true
"quicksort","Nearly Sorted",1000,57,30592,9700,true,true
"quicksort","Nearly Sorted",1000,58,30560,9700,true,true
"quicksort","Nearly Sorted",1000,59,30080,9500,true,true
"quicksort","Nearly Sorted",1000,60,29952,9500,true,true
"quicksort","Nearly Sorted",1000,61,29888,9500,true,true
"quicksort","Nearly Sorted",1000,62,29984,9500,true,true
"quicksort","Nearly Sorted",1000,63,29600,9400,true,true
"quicksort","Nearly Sorted",1000,64,29824,9400,true,true
"quicksort","Nearly Sorted",1000,65,31040,9900,true,true
"quicksort","Nearly Sorted",1000,66,29984,9500,true,true
"quicksort","Nearly Sorted",1000,67,29952,9500,true,true
"quicksort","Nearly Sorted",1000,68,31104,9900,true,true
"quicksort","Nearly Sorted",1000,69,30048,9500,true,true
"quicksort","Nearly Sorted",1000,70,29696,9400,true,true
"quicksort","Nearly Sorted",1000,71,30144,9600,true,true
"quicksort","Nearly Sorted",1000,72,30272,9600,true,true
"quicksort","Nearly Sorted",1000,73,29888,9400,true,true
"quicksort","Nearly Sorted",1000,74,30720,9700,true,true
"quicksort","Nearly Sorted",1000,75,30304,9600,true,true
"quicksort","Nearly Sorted",1000,76,31424,10000,true,true
"quicksort","Nearly Sorted",1000,77,30400,9700,true,true
"quicksort","Nearly Sorted",1000,78,31552,10000,true,true
"quicksort","Nearly Sorted",1000,79,30176,9600,true,true
"quicksort","Nearly Sorted",1000,80,30464,9700,true,true
"quicksort","Nearly Sorted",1000,81,29600,9400,true,true
"quicksort","Nearly Sorted",1000,82,30592,9600,true,true
"quicksort","Nearly Sorted",1000,83,29984,9500,true,true
"quicksort","Nearly Sorted",1000,84,29248,9200,true,true
"quicksort","Nearly Sorted",1000,85,29600,9300,true,true
"quicksort","Nearly Sorted",1000,86,30176,9500,true,true
"quicksort","Nearly Sorted",1000,87,29920,9500,true,true
"quicksort","Nearly Sorted",1000,88,29824,9400,true,true
"quicksort","Nearly Sorted",1000,89,30400,9600,true,true
"quicksort","Nearly Sorted",1000,90,30144,9500,true,true
"quicksort","Nearly Sorted",1000,91,29984,9500,true,true
"quicksort","Nearly Sorted",1000,92,29504,9400,true,true
"quicksort","Nearly Sorted",1000,93,30016,9500,true,true
"quicksort","Nearly Sorted",1000,94,30176,9500,true,true
"quicksort","Nearly Sorted",1000,95,30720,9700,true,true
"quicksort","Nearly Sorted",1000,96,30368,9700,true,true
"quicksort","Nearly Sorted",1000,97,30752,9800,true,true
"quicksort","Nearly Sorted",1000,98,30240,9600,true,true
"quicksort","Nearly Sorted",1000,99,31520,9900,true,true
"heap","Nearly Sorted",1000,0,105120,33000,true,true
"heap","Nearly Sorted",1000,1,108192,34000,true,true
"heap","Nearly Sorted",1000,2,102784,32300,true,true
"heap","Nearly Sorted",1000,3,105536,33200,true,true
"heap","Nearly Sorted",1000,4,105504,33100,true,true
"heap","Nearly Sorted",1000,5,104896,32900,true,true
"heap","Nearly Sorted",1000,6,109440,34300,true,true
"heap","Nearly Sorted",1000,7,164224,51600,true,true
"heap","Nearly Sorted",1000,8,107808,33800,true,true
"heap","Nearly Sorted",1000,9,105344,33100,true,true
"heap","Nearly Sorted",1000,10,101952,32000,true,true
"heap","Nearly Sorted",1000,11,113312,35600,true,true
"heap","Nearly Sorted",1000,12,110464,34700,true,true
"heap","Nearly Sorted",1000,13,104128,32700,true,true
"heap","Nearly Sorted",1000,14,102080,32000,true,true
"heap","Nearly Sorted",1000,15,96224,30200,true,true
"heap","Nearly Sorted",1000,16,99712,31300,true,true
"heap","Nearly Sorted",1000,17,103680,32600,true,true
"heap","Nearly Sorted",1000,18,104544,32800,true,true
"heap","Nearly Sorted",1000,19,100672,31600,true,true
"heap","Nearly Sorted",1000,20,103136,32400,true,true
"heap","Nearly Sorted",1000,21,106144,33300,true,true
"heap","Nearly Sorted",1000,22,102624,32200,true,true
"heap","Nearly Sorted",1000,23,99648,31300,true,true
"heap","Nearly Sorted",1000,24,99296,31200,true,true
"heap","Nearly Sorted",1000,25,96992,30400,true,true
"heap","Nearly Sorted",1000,26,96416,30300,true,true
"heap","Nearly Sorted",1000,27,102752,32300,true,true
"heap","Nearly Sorted",1000,28,102560,32200,true,true
"heap","Nearly Sorted",1000,29,99392,31200,true,true
"heap","Nearly Sorted",1000,30,101728,31900,true,true
"heap","Nearly Sorted",1000,31,109216,34300,true,true
"heap","Nearly Sorted",1000,32,104160,32700,true,true
"heap","Nearly Sorted",1000,33,103328,32400,true,true
"heap","Nearly Sorted",1000,34,161504,50700,true,true
"heap","Nearly Sorted",1000,35,101856,32000,true,true
"heap","Nearly Sorted",1000,36,99136,31100,true,true
"heap","Nearly Sorted",1000,37,104544,32800,true,true
"heap","Nearly Sorted",1000,38,101664,31900,true,true
"heap","Nearly Sorted",1000,39,99872,31400,true,true
"heap","Nearly Sorted",1000,40,104704,32900,true,true
"heap","Nearly Sorted",1000,41,100768,31700,true,true
"heap","Nearly Sorted",1000,42,103392,32500,true,true
"heap","Nearly Sorted",1000,43,104128,32700,true,true
"heap","Nearly Sorted",1000,44,106016,33300,true,true
"heap","Nearly Sorted",1000,45,102432,32200,true,true
"heap","Nearly Sorted",1000,46,98880,31000,true,true
"heap","Nearly Sorted",1000,47,105824,33200,true,true
"heap","Nearly Sorted",1000,48,106944,33600,true,true
"heap","Nearly Sorted",1000,49,101344,31900,true,true
"heap","Nearly Sorted",1000,50,106496,33500,true,true
"heap","Nearly Sorted",1000,51,102496,32200,true,true
"heap","Nearly Sorted",1000,52,106752,33600,true,true
"heap","Nearly Sorted",1000,53,106976,33600,true,true
"heap","Nearly Sorted",1000,54,100768,31700,true,true
"heap","Nearly Sorted",1000,55,103872,32600,true,true
"heap","Nearly Sorted",1000,56,97216,30600,true,true
"heap","Nearly Sorted",1000,57,103712,32600,true,true
"heap","Nearly Sorted",1000,58,98080,30800,true,true
"heap","Nearly Sorted",1000,59,100064,31500,true,true
"heap","Nearly Sorted",1000,60,100928,31700,true,true
"heap","Nearly Sorted",1000,61,161472,50700,true,true
"heap","Nearly Sorted",1000,62,95040,29900,true,true
"heap","Nearly Sorted",1000,63,106144,33400,true,true
"heap","Nearly Sorted",1000,64,97696,30700,true,true
"heap","Nearly Sorted",1000,65,99392,31200,true,true
"heap","Nearly Sorted",1000,66,99520,31200,true,true
"heap","Nearly Sorted",1000,67,104352,32800,true,true
"heap","Nearly Sorted",1000,68,104800,32900,true,true
"heap","Nearly Sorted",1000,69,104192,32700,true,true
"heap","Nearly Sorted",1000,70,103584,32600,true,true
"heap","Nearly Sorted",1000,71,98624,31000,true,true
"heap","Nearly Sorted",1000,72,102016,32000,true,true
"heap","Nearly Sorted",1000,73,102624,32200,true,true
"heap","Nearly Sorted",1000,74,101760,32000,true,true
"heap","Nearly Sorted",1000,75,99040,31200,true,true
"heap","Nearly Sorted",1000,76,100000,31400,true,true
"heap","Nearly Sorted",1000,77,95168,29900,true,true
"heap","Nearly Sorted",1000,78,100000,31400,true,true
"heap","Nearly Sorted",1000,79,98848,31000,true,true
"heap","Nearly Sorted",1000,80,98560,30900,true,true
"heap","Nearly Sorted",1000,81,99104,31100,true,true
"heap","Nearly Sorted",1000,82,100896,31700,true,true
"heap","Nearly Sorted",1000,83,98336,30900,true,true
"heap","Nearly Sorted",1000,84,135904,42800,true,true
"heap","Nearly Sorted",1000,85,95648,30100,true,true
"heap","Nearly Sorted",1000,86,98528,31000,true,true
"heap","Nearly Sorted",1000,87,102368,32200,true,true
"heap","Nearly Sorted",1000,88,99360,31200,true,true
"heap","Nearly Sorted",1000,89,156800,49200,true,true
"heap","Nearly Sorted",1000,90,101280,31800,true,true
"heap","Nearly Sorted",1000,91,107584,33800,true,true
"heap","Nearly Sorted",1000,92,102848,32300,true,true
"heap","Nearly Sorted",1000,93,104576,32800,true,true
"heap","Nearly Sorted",1000,94,107104,33600,true,true
"heap","Nearly Sorted",1000,95,101600,31900,true,true
"heap","Nearly Sorted",1000,96,102400,32200,true,true
"heap","Nearly Sorted",1000,97,99744,31400,true,true
"heap","Nearly Sorted",1000,98,106752,33500,true,true
"heap","Nearly Sorted",1000,99,101792,32000,true,true
"std-sort","Nearly Sorted",1000,0,23232,7400,true,true
"std-sort","Nearly Sorted",1000,1,24000,7600,true,true
"std-sort","Nearly Sorted",1000,2,23392,7500,true,true
"std-sort","Nearly Sorted",1000,3,22688,7300,true,true
"std-sort","Nearly Sorted",1000,4,22656,7200,true,true
"std-sort","Nearly Sorted",1000,5,23008,7300,true,true
"std-sort","Nearly Sorted",1000,6,23968,7600,true,true
"std-sort","Nearly Sorted",1000,7,21792,6900,true,true
"std-sort","Nearly Sorted",1000,8,22560,7200,true,true
"std-sort","Nearly Sorted",1000,9,22496,7200,true,true
"std-sort","Nearly Sorted",1000,10,23264,7400,true,true
"std-sort","Nearly Sorted",1000,11,22912,7300,true,true
"std-sort","Nearly Sorted",1000,12,22976,7300,true,true
"std-sort","Nearly Sorted",1000,13,22912,7300,true,true
"std-sort","Nearly Sorted",1000,14,22880,7300,true,true
"std-sort","Nearly Sorted",1000,15,22880,7300,true,true
"std-sort","Nearly Sorted",1000,16,22144,7000,true,true
"std-sort","Nearly Sorted",1000,17,22784,7200,true,true
"std-sort","Nearly Sorted",1000,18,23488,7400,true,true
"std-sort","Nearly Sorted",1000,19,22528,7100,true,true
"std-sort","Nearly Sorted",1000,20,22400,7100,true,true
"std-sort","Nearly Sorted",1000,21,21664,6900,true,true
"std-sort","Nearly Sorted",1000,22,22208,7000,true,true
"std-sort","Nearly Sorted",1000,23,22048,7000,true,true
"std-sort","Nearly Sorted",1000,24,22656,7200,true,true
"std-sort","Nearly Sorted",1000,25,23232,7300,true,true
"std-sort","Nearly Sorted",1000,26,23424,7400,true,true
"std-sort","Nearly Sorted",1000,27,22784,7200,true,true
"std-sort","Nearly Sorted",1000,28,23232,7300,true,true
"std-sort","Nearly Sorted",1000,29,21472,6800,true,true
"std-sort","Nearly Sorted",1000,30,22080,7000,true,true
"std-sort","Nearly Sorted",1000,31,22592,7200,true,true
"std-sort","Nearly Sorted",1000,32,22112,7100,true,true
"std-sort","Nearly Sorted",1000,33,22880,7300,true,true
"std-sort","Nearly Sorted",1000,34,22688,7200,true,true
"std-sort","Nearly Sorted",1000,35,83680,26400,true,true
"std-sort","Nearly Sorted",1000,36,22368,7100,true,true
"std-sort","Nearly Sorted",1000,37,21728,6900,true,true
"std-sort","Nearly Sorted",1000,38,21920,6900,true,true
"std-sort","Nearly Sorted",1000,39,22208,7000,true,true
"std-sort","Nearly Sorted",1000,40,22240,7100,true,true
"std-sort","Nearly Sorted",1000,41,21472,6800,true,true
"std-sort","Nearly Sorted",1000,42,22592,7200,true,true
"std-sort","Nearly Sorted",1000,43,22656,7200,true,true
"std-sort","Nearly Sorted",1000,44,22304,7100,true,true
"std-sort","Nearly Sorted",1000,45,22464,7100,true,true
"std-sort","Nearly Sorted",1000,46,21760,7000,true,true
"std-sort","Nearly Sorted",1000,47,22688,7200,true,true
"std-sort","Nearly Sorted",1000,48,22784,7200,true,true
"std-sort","Nearly Sorted",1000,49,21984,7000,true,true
"std-sort","Nearly Sorted",1000,50,21920,7000,true,true
"std-sort","Nearly Sorted",1000,51,21440,6800,true,true
"std-sort","Nearly Sorted",1000,52,21120,6700,true,true
"std-sort","Nearly Sorted",1000,53,23136,7400,true,true
"std-sort","Nearly Sorted",1000,54,21408,6800,true,true
"std-sort","Nearly Sorted",1000,55,21504,6800,true,true
"std-sort","Nearly Sorted",1000,56,21120,6700,true,true
"std-sort","Nearly Sorted",1000,57,21888,7000,true,true
"std-sort","Nearly Sorted",1000,58,21600,6900,true,true
"std-sort","Nearly Sorted",1000,59,21888,6900,true,true
"std-sort","Nearly Sorted",1000,60,21632,6900,true,true
"std-sort","Nearly Sorted",1000,61,22432,7100,true,true
"std-sort","Nearly Sorted",1000,62,21888,7000,true,true
"std-sort","Nearly Sorted",1000,63,21760,6900,true,true
"std-sort","Nearly Sorted",1000,64,22016,7000,true,true
"std-sort","Nearly Sorted",1000,65,21888,7000,true,true
"std-sort","Nearly Sorted",1000,66,21568,6900,true,true
"std-sort","Nearly Sorted",1000,67,22208,7100,true,true
"std-sort","Nearly Sorted",1000,68,21440,6900,true,true
"std-sort","Nearly Sorted",1000,69,21696,6900,true,true
"std-sort","Nearly Sorted",1000,70,21760,7000,true,true
"std-sort","Nearly Sorted",1000,71,22336,7100,true,true
"std-sort","Nearly Sorted",1000,72,21600,6800,true,true
"std-sort","Nearly Sorted",1000,73,22144,7000,true,true
"std-sort","Nearly Sorted",1000,74,21664,6900,true,true
"std-sort","Nearly Sorted",1000,75,22304,7100,true,true
"std-sort","Nearly Sorted",1000,76,21536,6900,true,true
"std-sort","Nearly Sorted",1000,77,21728,6900,true,true
"std-sort","Nearly Sorted",1000,78,22112,7000,true,true
"std-sort","Nearly Sorted",1000,79,21440,6800,true,true
"std-sort","Nearly Sorted",1000,80,21760,6900,true,true
"std-sort","Nearly Sorted",1000,81,21824,6900,true,true
"std-sort","Nearly Sorted",1000,82,21344,6800,true,true
"std-sort","Nearly Sorted",1000,83,22432,7100,true,true
"std-sort","Nearly Sorted",1000,84,22176,7000,true,true
"std-sort","Nearly Sorted",1000,85,21856,6900,true,true
"std-sort","Nearly Sorted",1000,86,21568,6900,true,true
"std-sort","Nearly Sorted",1000,87,22016,7000,true,true
"std-sort","Nearly Sorted",1000,88,21664,6900,true,true
"std-sort","Nearly Sorted",1000,89,22656,7200,true,true
"std-sort","Nearly Sorted",1000,90,22112,7100,true,true
"std-sort","Nearly Sorted",1000,91,21632,6900,true,true
"std-sort","Nearly Sorted",1000,92,21536,6900,true,true
"std-sort","Nearly Sorted",1000,93,21952,7000,true,true
"std-sort","Nearly Sorted",1000,94,22080,7000,true,true
"std-sort","Nearly Sorted",1000,95,21600,6900,true,true
"std-sort","Nearly Sorted",1000,96,21632,6800,true,true
"std-sort","Nearly Sorted",1000,97,22432,7100,true,true
"std-sort","Nearly Sorted",1000,98,21312,6800,true,true
"std-sort","Nearly Sorted",1000,99,21440,6800,true,true
"std-stable-sort","Nearly Sorted",1000,0,22528,7200,true,true
"std-stable-sort","Nearly Sorted",1000,1,21184,6800,true,true
"std-stable-sort","Nearly Sorted",1000,2,21280,6800,true,true
"std-stable-sort","Nearly Sorted",1000,3,21184,6700,true,true
"std-stable-sort","Nearly Sorted",1000,4,21632,6900,true,true
"std-stable-sort","Nearly Sorted",1000,5,21440,6800,true,true
"std-stable-sort","Nearly Sorted",1000,6,21088,6800,true,true
"std-stable-sort","Nearly Sorted",1000,7,21056,6700,true,true
"std-stable-sort","Nearly Sorted",1000,8,76480,24000,true,true
"std-stable-sort","Nearly Sorted",1000,9,21120,6700,true,true
"std-stable-sort","Nearly Sorted",1000,10,21216,6700,true,true
"std-stable-sort","Nearly Sorted",1000,11,20896,6600,true,true
"std-stable-sort","Nearly Sorted",1000,12,20768,6600,true,true
"std-stable-sort","Nearly Sorted",1000,13,20896,6600,true,true
"std-stable-sort","Nearly Sorted",1000,14,21056,6600,true,true
"std-stable-sort","Nearly Sorted",1000,15,20512,6500,true,true
"std-stable-sort","Nearly Sorted",1000,16,20864,6600,true,true
"std-stable-sort","Nearly Sorted",1000,17,20800,6600,true,true
"std-stable-sort","Nearly Sorted",1000,18,20640,6600,true,true
"std-stable-sort","Nearly Sorted",1000,19,20864,6600,true,true
"std-stable-sort","Nearly Sorted",1000,20,21216,6800,true,true
"std-stable-sort","Nearly Sorted",1000,21,20768,6700,true,true
"std-stable-sort","Nearly Sorted",1000,22,20928,6700,true,true
"std-stable-sort","Nearly Sorted",1000,23,20800,6600,true,true
"std-stable-sort","Nearly Sorted",1000,24,20800,6600,true,true
"std-stable-sort","Nearly Sorted",1000,25,20864,6700,true,true
"std-stable-sort","Nearly Sorted",1000,26,20672,6600,true,true
"std-stable-sort","Nearly Sorted",1000,27,20704,6600,true,true
"std-stable-sort","Nearly Sorted",1000,28,20896,6700,true,true
"std-stable-sort","Nearly Sorted",1000,29,20608,6600,true,true
"std-stable-sort","Nearly Sorted",1000,30,20608,6600,true,true
"std-stable-sort","Nearly Sorted",1000,31,20960,6700,true,true
"std-stable-sort","Nearly Sorted",1000,32,20736,6600,true,true
"std-stable-sort","Nearly Sorted",1000,33,20672,6600,true,true
"std-stable-sort","Nearly Sorted",1000,34,20736,6600,true,true
"std-stable-sort","Nearly Sorted",1000,35,20896,6700,true,true
"std-stable-sort","Nearly Sorted",1000,36,20480,6500,true,true
"std-stable-sort","Nearly Sorted",1000,37,20576,6500,true,true
"std-stable-sort","Nearly Sorted",1000,38,20672,6600,true,true
"std-stable-sort","Nearly Sorted",1000,39,20768,6600,true,true
"std-stable-sort","Nearly Sorted",1000,40,20672,6600,true,true
"std-stable-sort","Nearly Sorted",1000,41,20672,6600,true,true
"std-stable-sort","Nearly Sorted",1000,42,20672,6600,true,true
"std-stable-sort","Nearly Sorted",1000,43,20704,6600,true,true
"std-stable-sort","Nearly Sorted",1000,44,20928,6700,true,true
"std-stable-sort","Nearly Sorted",1000,45,20640,6600,true,true
"std-stable-sort","Nearly Sorted",1000,46,20416,6500,true,true
"std-stable-sort","Nearly Sorted",1000,47,20736,6600,true,true
"std-stable-sort","Nearly Sorted",1000,48,20736,6600,true,true
"std-stable-sort","Nearly Sorted",1000,49,20864,6600,true,true
"std-stable-sort","Nearly Sorted",1000,50,21088,6800,true,true
"std-stable-sort","Nearly Sorted",1000,51,20768,6600,true,true
"std-stable-sort","Nearly Sorted",1000,52,20544,6600,true,true
"std-stable-sort","Nearly Sorted",1000,53,20864,6700,true,true
"std-stable-sort","Nearly Sorted",1000,54,20960,6700,true,true
"std-stable-sort","Nearly Sorted",1000,55,20704,6600,true,true
"std-stable-sort","Nearly Sorted",1000,56,20544,6600,true,true
"std-stable-sort","Nearly Sorted",1000,57,20672,6500,true,true
"std-stable-sort","Nearly Sorted",1000,58,20512,6500,true,true
"std-stable-sort","Nearly Sorted",1000,59,20608,6500,true,true
"std-stable-sort","Nearly Sorted",1000,60,20832,6600,true,true
"std-stable-sort","Nearly Sorted",1000,61,20576,6600,true,true
"std-stable-sort","Nearly Sorted",1000,62,20608,6600,true,true
"std-stable-sort","Nearly Sorted",1000,63,20704,6600,true,true
"std-stable-sort","Nearly Sorted",1000,64,20736,6600,true,true
"std-stable-sort","Nearly Sorted",1000,65,21056,6700,true,true
"std-stable-sort","Nearly Sorted",1000,66,20896,6600,true,true
"std-stable-sort","Nearly Sorted",1000,67,20448,6500,true,true
"std-stable-sort","Nearly Sorted",1000,68,20800,6600,true,true
"std-stable-sort","Nearly Sorted",1000,69,20800,6600,true,true
"std-stable-sort","Nearly Sorted",1000,70,20736,6600,true,true
"std-stable-sort","Nearly Sorted",1000,71,20576,6500,true,true
"std-stable-sort","Nearly Sorted",1000,72,20800,6600,true,true
"std-stable-sort","Nearly Sorted",1000,73,20736,6600,true,true
"std-stable-sort","Nearly Sorted",1000,74,20832,6600,true,true
"std-stable-sort","Nearly Sorted",1000,75,20704,6500,true,true
"std-stable-sort","Nearly Sorted",1000,76,20896,6600,true,true
"std-stable-sort","Nearly Sorted",1000,77,20480,6500,true,true
"std-stable-sort","Nearly Sorted",1000,78,20832,6600,true,true
"std-stable-sort","Nearly Sorted",1000,79,20608,6600,true,true
"std-stable-sort","Nearly Sorted",1000,80,20832,6700,true,true
"std-stable-sort","Nearly Sorted",1000,81,20704,6600,true,true
"std-stable-sort","Nearly Sorted",1000,82,20960,6700,true,true
"std-stable-sort","Nearly Sorted",1000,83,20704,6700,true,true
"std-stable-sort","Nearly Sorted",1000,84,20576,6600,true,true
"std-stable-sort","Nearly Sorted",1000,85,20896,6600,true,true
"std-stable-sort","Nearly Sorted",1000,86,20736,6600,true,true
"std-stable-sort","Nearly Sorted",1000,87,20640,6600,true,true
"std-stable-sort","Nearly Sorted",1000,88,20704,6600,true,true
"std-stable-sort","Nearly Sorted",1000,89,20864,6600,true,true
"std-stable-sort","Nearly Sorted",1000,90,20608,6500,true,true
"std-stable-sort","Nearly Sorted",1000,91,20704,6600,true,true
"std-stable-sort","Nearly Sorted",1000,92,20832,6700,true,true
"std-stable-sort","Nearly Sorted",1000,93,20864,6600,true,true
"std-stable-sort","Nearly Sorted",1000,94,20896,6700,true,true
"std-stable-sort","Nearly Sorted",1000,95,20832,6700,true,true
"std-stable-sort","Nearly Sorted",1000,96,20640,6600,true,true
"std-stable-sort","Nearly Sorted",1000,97,20704,6600,true,true
"std-stable-sort","Nearly Sorted",1000,98,20512,6600,true,true
"std-stable-sort","Nearly Sorted",1000,99,20704,6600,true,true
"bubble","Nearly Sorted",5000,0,45920,14500,true,true
"bubble","Nearly Sorted",5000,1,45728,14400,true,true
"bubble","Nearly Sorted",5000,2,45856,14400,true,true
"bubble","Nearly Sorted",5000,3,45696,14400,true,true
"bubble","Nearly Sorted",5000,4,58720,18500,true,true
"bubble","Nearly Sorted",5000,5,45760,14500,true,true
"bubble","Nearly Sorted",5000,6,46048,14500,true,true
"bubble","Nearly Sorted",5000,7,45792,14500,true,true
"bubble","Nearly Sorted",5000,8,45760,14500,true,true
"bubble","Nearly Sorted",5000,9,45856,14500,true,true
"bubble","Nearly Sorted",5000,10,45760,14400,true,true
"bubble","Nearly Sorted",5000,11,45728,14400,true,true
"bubble","Nearly Sorted",5000,12,45792,14400,true,true
"bubble","Nearly Sorted",5000,13,45792,14400,true,true
"bubble","Nearly Sorted",5000,14,45856,14400,true,true
"bubble","Nearly Sorted",5000,15,85696,27000,true,true
"bubble","Nearly Sorted",5000,16,45792,14500,true,true
"bubble","Nearly Sorted",5000,17,45760,14500,true,true
"bubble","Nearly Sorted",5000,18,45568,14400,true,true
"bubble","Nearly Sorted",5000,19,45728,14400,true,true
"bubble","Nearly Sorted",5000,20,45728,14500,true,true
"bubble","Nearly Sorted",5000,21,45760,14400,true,true
"bubble","Nearly Sorted",5000,22,58784,18500,true,true
"bubble","Nearly Sorted",5000,23,102272,32100,true,true
"bubble","Nearly Sorted",5000,24,46016,14500,true,true
"bubble","Nearly Sorted",5000,25,45920,14500,true,true
"bubble","Nearly Sorted",5000,26,45696,14400,true,true
"bubble","Nearly Sorted",5000,27,59136,18700,true,true
"bubble","Nearly Sorted",5000,28,45664,14400,true,true
"bubble","Nearly Sorted",5000,29,45504,14300,true,true
"bubble","Nearly Sorted",5000,30,45728,14400,true,true
"bubble","Nearly Sorted",5000,31,46016,14600,true,true
"bubble","Nearly Sorted",5000,32,45760,14500,true,true
"bubble","Nearly Sorted",5000,33,45888,14500,true,true
"bubble","Nearly Sorted",5000,34,45600,14400,true,true
"bubble","Nearly Sorted",5000,35,71616,22500,true,true
"bubble","Nearly Sorted",5000,36,45984,14600,true,true
"bubble","Nearly Sorted",5000,37,45408,14300,true,true
"bubble","Nearly Sorted",5000,38,45728,14400,true,true
"bubble","Nearly Sorted",5000,39,45632,14400,true,true
"bubble","Nearly Sorted",5000,40,45760,14400,true,true
"bubble","Nearly Sorted",5000,41,45760,14500,true,true
"bubble","Nearly Sorted",5000,42,45728,14400,true,true
"bubble","Nearly Sorted",5000,43,45632,14400,true,true
"bubble","Nearly Sorted",5000,44,46112,14600,true,true
"bubble","Nearly Sorted",5000,45,45600,14400,true,true
"bubble","Nearly Sorted",5000,46,45568,14400,true,true
"bubble","Nearly Sorted",5000,47,45760,14700,true,true
"bubble","Nearly Sorted",5000,48,45376,14300,true,true
"bubble","Nearly Sorted",5000,49,45728,14400,true,true
"bubble","Nearly Sorted",5000,50,45728,14400,true,true
"bubble","Nearly Sorted",5000,51,46016,14600,true,true
"bubble","Nearly Sorted",5000,52,45728,14400,true,true
"bubble","Nearly Sorted",5000,53,45792,14400,true,true
"bubble","Nearly Sorted",5000,54,77568,24400,true,true
"bubble","Nearly Sorted",5000,55,186698,59600,true,true
"bubble","Nearly Sorted",5000,56,120128,37800,true,true
"bubble","Nearly Sorted",5000,57,97856,30900,true,true
"bubble","Nearly Sorted",5000,58,147328,46400,true,true
"bubble","Nearly Sorted",5000,59,108416,34200,true,true
"bubble","Nearly Sorted",5000,60,262848,82600,true,true
"bubble","Nearly Sorted",5000,61,106176,33400,true,true
"bubble","Nearly Sorted",5000,62,109504,34700,true,true
"bubble","Nearly Sorted",5000,63,107424,33900,true,true
"bubble","Nearly Sorted",5000,64,105632,33300,true,true
"bubble","Nearly Sorted",5000,65,106016,33400,true,true
"bubble","Nearly Sorted",5000,66,107552,33900,true,true
"bubble","Nearly Sorted",5000,67,111040,35000,true,true
"bubble","Nearly Sorted",5000,68,106400,33500,true,true
"bubble","Nearly Sorted",5000,69,103200,32600,true,true
"bubble","Nearly Sorted",5000,70,103776,32700,true,true
"bubble","Nearly Sorted",5000,71,103616,32600,true,true
"bubble","Nearly Sorted",5000,72,107424,33900,true,true
"bubble","Nearly Sorted",5000,73,104608,33000,true,true
"bubble","Nearly Sorted",5000,74,113440,35700,true,true
"bubble","Nearly Sorted",5000,75,148096,46600,true,true
"bubble","Nearly Sorted",5000,76,116640,36800,true,true
"bubble","Nearly Sorted",5000,77,53984,17300,true,true
"bubble","Nearly Sorted",5000,78,53600,17000,true,true
"bubble","Nearly Sorted",5000,79,67744,21300,true,true
"bubble","Nearly Sorted",5000,80,55136,17400,true,true
"bubble","Nearly Sorted",5000,81,57888,18200,true,true
"bubble","Nearly Sorted",5000,82,58304,18300,true,true
"bubble","Nearly Sorted",5000,83,60960,19200,true,true
"bubble","Nearly Sorted",5000,84,62272,19700,true,true
"bubble","Nearly Sorted",5000,85,59232,18800,true,true
"bubble","Nearly Sorted",5000,86,63552,20000,true,true
"bubble","Nearly Sorted",5000,87,76160,24000,true,true
"bubble","Nearly Sorted",5000,88,63168,19900,true,true
"bubble","Nearly Sorted",5000,89,55040,17400,true,true
"bubble","Nearly Sorted",5000,90,70272,22100,true,true
"bubble","Nearly Sorted",5000,91,62880,19900,true,true
"bubble","Nearly Sorted",5000,92,152064,47700,true,true
"bubble","Nearly Sorted",5000,93,51840,16400,true,true
"bubble","Nearly Sorted",5000,94,62048,19500,true,true
"bubble","Nearly Sorted",5000,95,61408,19400,true,true
"bubble","Nearly Sorted",5000,96,59904,18900,true,true
"bubble","Nearly Sorted",5000,97,63776,20100,true,true
"bubble","Nearly Sorted",5000,98,69536,21900,true,true
"bubble","Nearly Sorted",5000,99,62080,19600,true,true
"insertion","Nearly Sorted",5000,0,33184,10500,true,true
"insertion","Nearly Sorted",5000,1,33280,10500,true,true
"insertion","Nearly Sorted",5000,2,32640,10400,true,true
"insertion","Nearly Sorted",5000,3,33152,10500,true,true
"insertion","Nearly Sorted",5000,4,33056,10500,true,true
"insertion","Nearly Sorted",5000,5,33600,10600,true,true
"insertion","Nearly Sorted",5000,6,33440,10600,true,true
"insertion","Nearly Sorted",5000,7,33504,10600,true,true
"insertion","Nearly Sorted",5000,8,33696,10700,true,true
"insertion","Nearly Sorted",5000,9,33280,10500,true,true
"insertion","Nearly Sorted",5000,10,33888,10800,true,true
"insertion","Nearly Sorted",5000,11,33312,10600,true,true
"insertion","Nearly Sorted",5000,12,33312,10500,true,true
"insertion","Nearly Sorted",5000,13,32928,10500,true,true
"insertion","Nearly Sorted",5000,14,33280,10600,true,true
"insertion","Nearly Sorted",5000,15,33312,10500,true,true
"insertion","Nearly Sorted",5000,16,33536,10700,true,true
"insertion","Nearly Sorted",5000,17,33216,10600,true,true
"insertion","Nearly Sorted",5000,18,33056,10500,true,true
"insertion","Nearly Sorted",5000,19,33024,10400,true,true
"insertion","Nearly Sorted",5000,20,33952,10800,true,true
"insertion","Nearly Sorted",5000,21,34016,10800,true,true
"insertion","Nearly Sorted",5000,22,33280,10600,true,true
"insertion","Nearly Sorted",5000,23,33536,10600,true,true
"insertion","Nearly Sorted",5000,24,33792,10700,true,true
"insertion","Nearly Sorted",5000,25,33728,10700,true,true
"insertion","Nearly Sorted",5000,26,33088,10500,true,true
"insertion","Nearly Sorted",5000,27,33920,10800,true,true
"insertion","Nearly Sorted",5000,28,33120,10500,true,true
"insertion","Nearly Sorted",5000,29,31840,10100,true,true
"insertion","Nearly Sorted",5000,30,33440,10600,true,true
"insertion","Nearly Sorted",5000,31,32928,10400,true,true
"insertion","Nearly Sorted",5000,32,33472,10500,true,true
"insertion","Nearly Sorted",5000,33,33472,10600,true,true
"insertion","Nearly Sorted",5000,34,33664,10600,true,true
"insertion","Nearly Sorted",5000,35,33184,10500,true,true
"insertion","Nearly Sorted",5000,36,33824,10700,true,true
"insertion","Nearly Sorted",5000,37,32896,10400,true,true
"insertion","Nearly Sorted",5000,38,33440,10600,true,true
"insertion","Nearly Sorted",5000,39,32608,10300,true,true
"insertion","Nearly Sorted",5000,40,33024,10500,true,true
"insertion","Nearly Sorted",5000,41,33344,10700,true,true
"insertion","Nearly Sorted",5000,42,33056,10500,true,true
"insertion","Nearly Sorted",5000,43,33440,10600,true,true
"insertion","Nearly Sorted",5000,44,33696,10700,true,true
"insertion","Nearly Sorted",5000,45,33120,10500,true,true
"insertion","Nearly Sorted",5000,46,32704,10400,true,true
"insertion","Nearly Sorted",5000,47,33728,10700,true,true
"insertion","Nearly Sorted",5000,48,32992,10500,true,true
"insertion","Nearly Sorted",5000,49,33280,10500,true,true
"insertion","Nearly Sorted",5000,50,33504,10600,true,true
"insertion","Nearly Sorted",5000,51,33600,10600,true,true
"insertion","Nearly Sorted",5000,52,33664,10700,true,true
"insertion","Nearly Sorted",5000,53,33312,10600,true,true
"insertion","Nearly Sorted",5000,54,32800,10300,true,true
"insertion","Nearly Sorted",5000,55,34016,10700,true,true
"insertion","Nearly Sorted",5000,56,33344,10500,true,true
"insertion","Nearly Sorted",5000,57,32640,10300,true,true
"insertion","Nearly Sorted",5000,58,55872,17600,true,true
"insertion","Nearly Sorted",5000,59,32768,10300,true,true
"insertion","Nearly Sorted",5000,60,33824,10700,true,true
"insertion","Nearly Sorted",5000,61,32480,10300,true,true
"insertion","Nearly Sorted",5000,62,33376,10600,true,true
"insertion","Nearly Sorted",5000,63,33376,10600,true,true
"insertion","Nearly Sorted",5000,64,32704,10400,true,true
"insertion","Nearly Sorted",5000,65,33280,10500,true,true
"insertion","Nearly Sorted",5000,66,32992,10400,true,true
"insertion","Nearly Sorted",5000,67,33376,10600,true,true
"insertion","Nearly Sorted",5000,68,32832,10400,true,true
"insertion","Nearly Sorted",5000,69,32768,10400,true,true
"insertion","Nearly Sorted",5000,70,32768,10400,true,true
"insertion","Nearly Sorted",5000,71,33440,10600,true,true
"insertion","Nearly Sorted",5000,72,32864,10400,true,true
"insertion","Nearly Sorted",5000,73,34048,10800,true,true
"insertion","Nearly Sorted",5000,74,32608,10400,true,true
"insertion","Nearly Sorted",5000,75,33024,10400,true,true
"insertion","Nearly Sorted",5000,76,32896,10400,true,true
"insertion","Nearly Sorted",5000,77,33600,10700,true,true
"insertion","Nearly Sorted",5000,78,32768,10300,true,true
"insertion","Nearly Sorted",5000,79,32928,10400,true,true
"insertion","Nearly Sorted",5000,80,32864,10400,true,true
"insertion","Nearly Sorted",5000,81,32736,10300,true,true
"insertion","Nearly Sorted",5000,82,33504,10600,true,true
"insertion","Nearly Sorted",5000,83,33376,10500,true,true
"insertion","Nearly Sorted",5000,84,33248,10600,true,true
"insertion","Nearly Sorted",5000,85,33344,10600,true,true
"insertion","Nearly Sorted",5000,86,33152,10500,true,true
"insertion","Nearly Sorted",5000,87,32672,10300,true,true
"insertion","Nearly Sorted",5000,88,33312,10500,true,true
"insertion","Nearly Sorted",5000,89,33472,10600,true,true
"insertion","Nearly Sorted",5000,90,33664,10600,true,true
"insertion","Nearly Sorted",5000,91,33920,10800,true,true
"insertion","Nearly Sorted",5000,92,90368,28500,true,true
"insertion","Nearly Sorted",5000,93,33408,10600,true,true
"insertion","Nearly Sorted",5000,94,33440,10600,true,true
"insertion","Nearly Sorted",5000,95,33472,10600,true,true
"insertion","Nearly Sorted",5000,96,33248,10600,true,true
"insertion","Nearly Sorted",5000,97,32736,10300,true,true
"insertion","Nearly Sorted",5000,98,33440,10500,true,true
"insertion","Nearly Sorted",5000,99,32768,10300,true,true
"selection","Nearly Sorted",5000,0,20864832,6533100,true,true
"selection","Nearly Sorted",5000,1,22224160,6959200,true,true
"selection","Nearly Sorted",5000,2,20780640,6506700,true,true
"selection","Nearly Sorted",5000,3,20865280,6533400,true,true
"selection","Nearly Sorted",5000,4,21159328,6625500,true,true
"selection","Nearly Sorted",5000,5,20998816,6575100,true,true
"selection","Nearly Sorted",5000,6,25719112,8055600,true,true
"selection","Nearly Sorted",5000,7,24563160,7692900,true,true
"selection","Nearly Sorted",5000,8,26700448,8363100,true,true
"selection","Nearly Sorted",5000,9,30893733,9675700,true,true
"selection","Nearly Sorted",5000,10,29187290,9141700,true,true
"selection","Nearly Sorted",5000,11,21847904,6841000,true,true
"selection","Nearly Sorted",5000,12,23042656,7215600,true,true
"selection","Nearly Sorted",5000,13,20731072,6491500,true,true
"selection","Nearly Sorted",5000,14,20654784,6467400,true,true
"selection","Nearly Sorted",5000,15,21064608,6596000,true,true
"selection","Nearly Sorted",5000,16,20652064,6466700,true,true
"selection","Nearly Sorted",5000,17,22636853,7088600,true,true
"selection","Nearly Sorted",5000,18,20769824,6503600,true,true
"selection","Nearly Sorted",5000,19,22624160,7084400,true,true
"selection","Nearly Sorted",5000,20,21682336,6789100,true,true
"selection","Nearly Sorted",5000,21,20967680,6565400,true,true
"selection","Nearly Sorted",5000,22,22339116,6997300,true,true
"selection","Nearly Sorted",5000,23,22446720,7029400,true,true
"selection","Nearly Sorted",5000,24,24095200,7545500,true,true
"selection","Nearly Sorted",5000,25,21196800,6637400,true,true
"selection","Nearly Sorted",5000,26,22331616,6993000,true,true
"selection","Nearly Sorted",5000,27,24753280,7752700,true,true
"selection","Nearly Sorted",5000,28,20692608,6479300,true,true
"selection","Nearly Sorted",5000,29,20768192,6502900,true,true
"selection","Nearly Sorted",5000,30,21776768,6819800,true,true
"selection","Nearly Sorted",5000,31,20658528,6468600,true,true
"selection","Nearly Sorted",5000,32,20970592,6566400,true,true
"selection","Nearly Sorted",5000,33,20660128,6469200,true,true
"selection","Nearly Sorted",5000,34,21180512,6632200,true,true
"selection","Nearly Sorted",5000,35,20675360,6473900,true,true
"selection","Nearly Sorted",5000,36,20698464,6481100,true,true
"selection","Nearly Sorted",5000,37,21547488,6746900,true,true
"selection","Nearly Sorted",5000,38,20650144,6466000,true,true
"selection","Nearly Sorted",5000,39,22205056,6954000,true,true
"selection","Nearly Sorted",5000,40,20827456,6521600,true,true
"selection","Nearly Sorted",5000,41,20659680,6469100,true,true
"selection","Nearly Sorted",5000,42,20983456,6570400,true,true
"selection","Nearly Sorted",5000,43,20654048,6467300,true,true
"selection","Nearly Sorted",5000,44,23901696,7485400,true,true
"selection","Nearly Sorted",5000,45,20671744,6472800,true,true
"selection","Nearly Sorted",5000,46,20996352,6574400,true,true
"selection","Nearly Sorted",5000,47,20827808,6521600,true,true
"selection","Nearly Sorted",5000,48,20695424,6480000,true,true
"selection","Nearly Sorted",5000,49,20888672,6540800,true,true
"selection","Nearly Sorted",5000,50,20814976,6518200,true,true
"selection","Nearly Sorted",5000,51,20870560,6535100,true,true
"selection","Nearly Sorted",5000,52,21096896,6606000,true,true
"selection","Nearly Sorted",5000,53,20701312,6482000,true,true
"selection","Nearly Sorted",5000,54,21040128,6588000,true,true
"selection","Nearly Sorted",5000,55,21029216,6584700,true,true
"selection","Nearly Sorted",5000,56,23286920,7292500,true,true
"selection","Nearly Sorted",5000,57,27018944,8461600,true,true
"selection","Nearly Sorted",5000,58,20722656,6488600,true,true
"selection","Nearly Sorted",5000,59,22503852,7047100,true,true
"selection","Nearly Sorted",5000,60,20733888,6492100,true,true
"selection","Nearly Sorted",5000,61,20674432,6473500,true,true
"selection","Nearly Sorted",5000,62,24123057,7553900,true,true
"selection","Nearly Sorted",5000,63,20765248,6502200,true,true
"selection","Nearly Sorted",5000,64,23817888,7459000,true,true
"selection","Nearly Sorted",5000,65,20789728,6509800,true,true
"selection","Nearly Sorted",5000,66,21201936,6639300,true,true
"selection","Nearly Sorted",5000,67,21393952,6699000,true,true
"selection","Nearly Sorted",5000,68,20714976,6486300,true,true
"selection","Nearly Sorted",5000,69,29073459,9103900,true,true
"selection","Nearly Sorted",5000,70,20703776,6482800,true,true
"selection","Nearly Sorted",5000,71,25251181,7907100,true,true
"selection","Nearly Sorted",5000,72,20724320,6489300,true,true
"selection","Nearly Sorted",5000,73,21001280,6576000,true,true
"selection","Nearly Sorted",5000,74,22253600,6968600,true,true
"selection","Nearly Sorted",5000,75,22195455,6950500,true,true
"selection","Nearly Sorted",5000,76,27396896,8581000,true,true
"selection","Nearly Sorted",5000,77,26352096,8252200,true,true
"selection","Nearly Sorted",5000,78,24428225,7649400,true,true
"selection","Nearly Sorted",5000,79,20957280,6562500,true,true
"selection","Nearly Sorted",5000,80,22086879,6916700,true,true
"selection","Nearly Sorted",5000,81,20755808,6499100,true,true
"selection","Nearly Sorted",5000,82,22538336,7057200,true,true
"selection","Nearly Sorted",5000,83,23483009,7353600,true,true
"selection","Nearly Sorted",5000,84,22136051,6931700,true,true
"selection","Nearly Sorted",5000,85,23760589,7440500,true,true
"selection","Nearly Sorted",5000,86,21400544,6701100,true,true
"selection","Nearly Sorted",5000,87,20922368,6551200,true,true
"selection","Nearly Sorted",5000,88,21145952,6621400,true,true
"selection","Nearly Sorted",5000,89,20743040,6495000,true,true
"selection","Nearly Sorted",5000,90,21266784,6659300,true,true
"selection","Nearly Sorted",5000,91,21206112,6640100,true,true
"selection","Nearly Sorted",5000,92,20784000,6508100,true,true
"selection","Nearly Sorted",5000,93,22266464,6972300,true,true
"selection","Nearly Sorted",5000,94,23924000,7491600,true,true
"selection","Nearly Sorted",5000,95,26340512,8248600,true,true
"selection","Nearly Sorted",5000,96,20721024,6488400,true,true
"selection","Nearly Sorted",5000,97,21366528,6690700,true,true
"selection","Nearly Sorted",5000,98,20982272,6570200,true,true
"selection","Nearly Sorted",5000,99,20703968,6483000,true,true
"merge","Nearly Sorted",5000,0,278560,87400,true,true
"merge","Nearly Sorted",5000,1,370496,116200,true,true
"merge","Nearly Sorted",5000,2,277760,87100,true,true
"merge","Nearly Sorted",5000,3,278720,87400,true,true
"merge","Nearly Sorted",5000,4,278464,87300,true,true
"merge","Nearly Sorted",5000,5,278560,87300,true,true
"merge","Nearly Sorted",5000,6,278720,87400,true,true
"merge","Nearly Sorted",5000,7,278496,87300,true,true
"merge","Nearly Sorted",5000,8,277184,86900,true,true
"merge","Nearly Sorted",5000,9,278976,87500,true,true
"merge","Nearly Sorted",5000,10,277568,87100,true,true
"merge","Nearly Sorted",5000,11,342144,107200,true,true
"merge","Nearly Sorted",5000,12,277408,87000,true,true
"merge","Nearly Sorted",5000,13,345312,108500,true,true
"merge","Nearly Sorted",5000,14,277376,87000,true,true
"merge","Nearly Sorted",5000,15,278944,87400,true,true
"merge","Nearly Sorted",5000,16,277888,87100,true,true
"merge","Nearly Sorted",5000,17,278112,87300,true,true
"merge","Nearly Sorted",5000,18,277024,86900,true,true
"merge","Nearly Sorted",5000,19,282816,89200,true,true
"merge","Nearly Sorted",5000,20,279872,87800,true,true
"merge","Nearly Sorted",5000,21,344928,108100,true,true
"merge","Nearly Sorted",5000,22,278656,87500,true,true
"merge","Nearly Sorted",5000,23,280736,88000,true,true
"merge","Nearly Sorted",5000,24,278592,87300,true,true
"merge","Nearly Sorted",5000,25,279616,87600,true,true
"merge","Nearly Sorted",5000,26,278528,87300,true,true
"merge","Nearly Sorted",5000,27,519232,162700,true,true
"merge","Nearly Sorted",5000,28,277696,87100,true,true
"merge","Nearly Sorted",5000,29,279072,87500,true,true
"merge","Nearly Sorted",5000,30,278208,87200,true,true
"merge","Nearly Sorted",5000,31,335840,105300,true,true
"merge","Nearly Sorted",5000,32,277344,87000,true,true
"merge","Nearly Sorted",5000,33,322720,101300,true,true
"merge","Nearly Sorted",5000,34,277280,86900,true,true
"merge","Nearly Sorted",5000,35,279104,87500,true,true
"merge","Nearly Sorted",5000,36,277728,87100,true,true
"merge","Nearly Sorted",5000,37,278848,87400,true,true
"merge","Nearly Sorted",5000,38,277632,87200,true,true
"merge","Nearly Sorted",5000,39,278272,87300,true,true
"merge","Nearly Sorted",5000,40,277440,87100,true,true
"merge","Nearly Sorted",5000,41,332896,104400,true,true
"merge","Nearly Sorted",5000,42,277856,87200,true,true
"merge","Nearly Sorted",5000,43,278848,87500,true,true
"merge","Nearly Sorted",5000,44,278144,87200,true,true
"merge","Nearly Sorted",5000,45,278880,87500,true,true
"merge","Nearly Sorted",5000,46,276928,86800,true,true
"merge","Nearly Sorted",5000,47,278112,87200,true,true
"merge","Nearly Sorted",5000,48,277248,86900,true,true
"merge","Nearly Sorted",5000,49,278720,87400,true,true
"merge","Nearly Sorted",5000,50,277184,86900,true,true
"merge","Nearly Sorted",5000,51,329984,103400,true,true
"merge","Nearly Sorted",5000,52,278240,87300,true,true
"merge","Nearly Sorted",5000,53,312352,98000,true,true
"merge","Nearly Sorted",5000,54,276768,86800,true,true
"merge","Nearly Sorted",5000,55,278112,87500,true,true
"merge","Nearly Sorted",5000,56,277632,87100,true,true
"merge","Nearly Sorted",5000,57,277472,87100,true,true
"merge","Nearly Sorted",5000,58,276992,86900,true,true
"merge","Nearly Sorted",5000,59,278752,87400,true,true
"merge","Nearly Sorted",5000,60,276704,86800,true,true
"merge","Nearly Sorted",5000,61,334144,104800,true,true
"merge","Nearly Sorted",5000,62,277248,87000,true,true
"merge","Nearly Sorted",5000,63,278656,87400,true,true
"merge","Nearly Sorted",5000,64,276416,86600,true,true
"merge","Nearly Sorted",5000,65,277792,87100,true,true
"merge","Nearly Sorted",5000,66,277568,87000,true,true
"merge","Nearly Sorted",5000,67,277952,87200,true,true
"merge","Nearly Sorted",5000,68,277792,87000,true,true
"merge","Nearly Sorted",5000,69,277824,87100,true,true
"merge","Nearly Sorted",5000,70,276864,86800,true,true
"merge","Nearly Sorted",5000,71,278528,87300,true,true
"merge","Nearly Sorted",5000,72,277216,86900,true,true
"merge","Nearly Sorted",5000,73,277952,87100,true,true
"merge","Nearly Sorted",5000,74,311328,97800,true,true
"merge","Nearly Sorted",5000,75,277376,87000,true,true
"merge","Nearly Sorted",5000,76,277376,87000,true,true
"merge","Nearly Sorted",5000,77,278560,87300,true,true
"merge","Nearly Sorted",5000,78,276960,86800,true,true
"merge","Nearly Sorted",5000,79,277504,87000,true,true
"merge","Nearly Sorted",5000,80,276384,86700,true,true
"merge","Nearly Sorted",5000,81,278016,87200,true,true
"merge","Nearly Sorted",5000,82,329632,103400,true,true
"merge","Nearly Sorted",5000,83,278432,87300,true,true
"merge","Nearly Sorted",5000,84,276352,86600,true,true
"merge","Nearly Sorted",5000,85,278368,87300,true,true
"merge","Nearly Sorted",5000,86,277088,86900,true,true
"merge","Nearly Sorted",5000,87,277824,87200,true,true
"merge","Nearly Sorted",5000,88,278176,87200,true,true
"merge","Nearly Sorted",5000,89,278400,87300,true,true
"merge","Nearly Sorted",5000,90,276416,86700,true,true
"merge","Nearly Sorted",5000,91,278144,87200,true,true
"merge","Nearly Sorted",5000,92,329856,103400,true,true
"merge","Nearly Sorted",5000,93,278144,87200,true,true
"merge","Nearly Sorted",5000,94,310208,97300,true,true
"merge","Nearly Sorted",5000,95,277696,87100,true,true
"merge","Nearly Sorted",5000,96,278016,87100,true,true
"merge","Nearly Sorted",5000,97,278880,87500,true,true
"merge","Nearly Sorted",5000,98,276736,86700,true,true
"merge","Nearly Sorted",5000,99,277152,86900,true,true
"quicksort","Nearly Sorted",5000,0,182624,57300,true,true
"quicksort","Nearly Sorted",5000,1,218304,68700,true,true
"quicksort","Nearly Sorted",5000,2,181952,57100,true,true
"quicksort","Nearly Sorted",5000,3,182560,57300,true,true
"quicksort","Nearly Sorted",5000,4,183328,57500,true,true
"quicksort","Nearly Sorted",5000,5,183200,57500,true,true
"quicksort","Nearly Sorted",5000,6,179488,56300,true,true
"quicksort","Nearly Sorted",5000,7,182208,57100,true,true
"quicksort","Nearly Sorted",5000,8,183424,57500,true,true
"quicksort","Nearly Sorted",5000,9,182304,57200,true,true
"quicksort","Nearly Sorted",5000,10,179680,56400,true,true
"quicksort","Nearly Sorted",5000,11,179072,56200,true,true
"quicksort","Nearly Sorted",5000,12,233376,73200,true,true
"quicksort","Nearly Sorted",5000,13,179648,56400,true,true
"quicksort","Nearly Sorted",5000,14,181472,56900,true,true
"quicksort","Nearly Sorted",5000,15,180320,56600,true,true
"quicksort","Nearly Sorted",5000,16,180416,56700,true,true
"quicksort","Nearly Sorted",5000,17,180000,56400,true,true
"quicksort","Nearly Sorted",5000,18,179840,56400,true,true
"quicksort","Nearly Sorted",5000,19,180256,56600,true,true
"quicksort","Nearly Sorted",5000,20,178496,56000,true,true
"quicksort","Nearly Sorted",5000,21,177600,55800,true,true
"quicksort","Nearly Sorted",5000,22,181600,57000,true,true
"quicksort","Nearly Sorted",5000,23,179680,56300,true,true
"quicksort","Nearly Sorted",5000,24,180736,56700,true,true
"quicksort","Nearly Sorted",5000,25,181152,56900,true,true
"quicksort","Nearly Sorted",5000,26,179136,56200,true,true
"quicksort","Nearly Sorted",5000,27,180544,56600,true,true
"quicksort","Nearly Sorted",5000,28,179680,56400,true,true
"quicksort","Nearly Sorted",5000,29,178112,55900,true,true
"quicksort","Nearly Sorted",5000,30,180160,56500,true,true
"quicksort","Nearly Sorted",5000,31,216224,67900,true,true
"quicksort","Nearly Sorted",5000,32,176576,55400,true,true
"quicksort","Nearly Sorted",5000,33,178144,55900,true,true
"quicksort","Nearly Sorted",5000,34,178208,55900,true,true
"quicksort","Nearly Sorted",5000,35,178784,56100,true,true
"quicksort","Nearly Sorted",5000,36,179008,56200,true,true
"quicksort","Nearly Sorted",5000,37,177984,55900,true,true
"quicksort","Nearly Sorted",5000,38,179488,56300,true,true
"quicksort","Nearly Sorted",5000,39,177600,55700,true,true
"quicksort","Nearly Sorted",5000,40,178400,56000,true,true
"quicksort","Nearly Sorted",5000,41,182304,57200,true,true
"quicksort","Nearly Sorted",5000,42,180864,56800,true,true
"quicksort","Nearly Sorted",5000,43,231136,72500,true,true
"quicksort","Nearly Sorted",5000,44,179680,56300,true,true
"quicksort","Nearly Sorted",5000,45,179168,56300,true,true
"quicksort","Nearly Sorted",5000,46,179264,56200,true,true
"quicksort","Nearly Sorted",5000,47,178560,56000,true,true
"quicksort","Nearly Sorted",5000,48,179712,56400,true,true
"quicksort","Nearly Sorted",5000,49,178656,56100,true,true
"quicksort","Nearly Sorted",5000,50,179584,56300,true,true
"quicksort","Nearly Sorted",5000,51,181696,57000,true,true
"quicksort","Nearly Sorted",5000,52,177664,55700,true,true
"quicksort","Nearly Sorted",5000,53,177088,55500,true,true
"quicksort","Nearly Sorted",5000,54,178816,56100,true,true
"quicksort","Nearly Sorted",5000,55,179840,56400,true,true
"quicksort","Nearly Sorted",5000,56,179072,56100,true,true
"quicksort","Nearly Sorted",5000,57,179072,56200,true,true
"quicksort","Nearly Sorted",5000,58,226080,70900,true,true
"quicksort","Nearly Sorted",5000,59,176064,55200,true,true
"quicksort","Nearly Sorted",5000,60,177984,55900,true,true
"quicksort","Nearly Sorted",5000,61,197312,61900,true,true
"quicksort","Nearly Sorted",5000,62,393872,123900,true,true
"quicksort","Nearly Sorted",5000,63,218528,68600,true,true
"quicksort","Nearly Sorted",5000,64,198976,62400,true,true
"quicksort","Nearly Sorted",5000,65,189856,59700,true,true
"quicksort","Nearly Sorted",5000,66,189312,59400,true,true
"quicksort","Nearly Sorted",5000,67,188736,59200,true,true
"quicksort","Nearly Sorted",5000,68,429728,134800,true,true
"quicksort","Nearly Sorted",5000,69,205664,64500,true,true
"quicksort","Nearly Sorted",5000,70,197184,61800,true,true
"quicksort","Nearly Sorted",5000,71,189120,59300,true,true
"quicksort","Nearly Sorted",5000,72,351904,110400,true,true
"quicksort","Nearly Sorted",5000,73,298176,93500,true,true
"quicksort","Nearly Sorted",5000,74,194496,61000,true,true
"quicksort","Nearly Sorted",5000,75,188064,59000,true,true
"quicksort","Nearly Sorted",5000,76,189376,59700,true,true
"quicksort","Nearly Sorted",5000,77,192032,60300,true,true
"quicksort","Nearly Sorted",5000,78,185472,58200,true,true
"quicksort","Nearly Sorted",5000,79,184384,57800,true,true
"quicksort","Nearly Sorted",5000,80,185632,58200,true,true
"quicksort","Nearly Sorted",5000,81,268768,84300,true,true
"quicksort","Nearly Sorted",5000,82,182048,57100,true,true
"quicksort","Nearly Sorted",5000,83,184544,57900,true,true
"quicksort","Nearly Sorted",5000,84,183936,57700,true,true
"quicksort","Nearly Sorted",5000,85,179808,56400,true,true
"quicksort","Nearly Sorted",5000,86,180512,56600,true,true
"quicksort","Nearly Sorted",5000,87,181056,56800,true,true
"quicksort","Nearly Sorted",5000,88,180448,56700,true,true
"quicksort","Nearly Sorted",5000,89,178720,56000,true,true
"quicksort","Nearly Sorted",5000,90,181728,57000,true,true
"quicksort","Nearly Sorted",5000,91,181600,57000,true,true
"quicksort","Nearly Sorted",5000,92,182368,57300,true,true
"quicksort","Nearly Sorted",5000,93,179136,56200,true,true
"quicksort","Nearly Sorted",5000,94,179488,56400,true,true
"quicksort","Nearly Sorted",5000,95,239840,75200,true,true
"quicksort","Nearly Sorted",5000,96,180864,56700,true,true
"quicksort","Nearly Sorted",5000,97,178912,56100,true,true
"quicksort","Nearly Sorted",5000,98,179072,56200,true,true
"quicksort","Nearly Sorted",5000,99,179680,56300,true,true
"heap","Nearly Sorted",5000,0,914816,286500,true,true
"heap","Nearly Sorted",5000,1,957344,299900,true,true
"heap","Nearly Sorted",5000,2,948384,297600,true,true
"heap","Nearly Sorted",5000,3,912960,285900,true,true
"heap","Nearly Sorted",5000,4,951328,298100,true,true
"heap","Nearly Sorted",5000,5,909856,285000,true,true
"heap","Nearly Sorted",5000,6,917760,287500,true,true
"heap","Nearly Sorted",5000,7,912768,285900,true,true
"heap","Nearly Sorted",5000,8,1000928,313500,true,true
"heap","Nearly Sorted",5000,9,911328,285400,true,true
"heap","Nearly Sorted",5000,10,909856,285000,true,true
"heap","Nearly Sorted",5000,11,954688,299000,true,true
"heap","Nearly Sorted",5000,12,902464,282900,true,true
"heap","Nearly Sorted",5000,13,903072,282900,true,true
"heap","Nearly Sorted",5000,14,948576,297200,true,true
"heap","Nearly Sorted",5000,15,937984,294000,true,true
"heap","Nearly Sorted",5000,16,901376,282400,true,true
"heap","Nearly Sorted",5000,17,901536,282400,true,true
"heap","Nearly Sorted",5000,18,954848,299200,true,true
"heap","Nearly Sorted",5000,19,900864,282200,true,true
"heap","Nearly Sorted",5000,20,909088,284800,true,true
"heap","Nearly Sorted",5000,21,970336,303900,true,true
"heap","Nearly Sorted",5000,22,946944,296900,true,true
"heap","Nearly Sorted",5000,23,905440,284000,true,true
"heap","Nearly Sorted",5000,24,963776,301900,true,true
"heap","Nearly Sorted",5000,25,1025472,321400,true,true
"heap","Nearly Sorted",5000,26,1004736,314800,true,true
"heap","Nearly Sorted",5000,27,1330112,417100,true,true
"heap","Nearly Sorted",5000,28,1115296,349500,true,true
"heap","Nearly Sorted",5000,29,1076640,337300,true,true
"heap","Nearly Sorted",5000,30,1179712,369800,true,true
"heap","Nearly Sorted",5000,31,958624,300200,true,true
"heap","Nearly Sorted",5000,32,951872,298200,true,true
"heap","Nearly Sorted",5000,33,1015296,318300,true,true
"heap","Nearly Sorted",5000,34,1228223,385500,true,true
"heap","Nearly Sorted",5000,35,1037440,325000,true,true
"heap","Nearly Sorted",5000,36,1092576,342300,true,true
"heap","Nearly Sorted",5000,37,1076896,337500,true,true
"heap","Nearly Sorted",5000,38,1159744,363400,true,true
"heap","Nearly Sorted",5000,39,1141969,358500,true,true
"heap","Nearly Sorted",5000,40,3076544,964100,true,true
"heap","Nearly Sorted",5000,41,2255200,706600,true,true
"heap","Nearly Sorted",5000,42,963616,301800,true,true
"heap","Nearly Sorted",5000,43,1021280,320000,true,true
"heap","Nearly Sorted",5000,44,948256,297300,true,true
"heap","Nearly Sorted",5000,45,1003744,314400,true,true
"heap","Nearly Sorted",5000,46,947136,296600,true,true
"heap","Nearly Sorted",5000,47,989376,310100,true,true
"heap","Nearly Sorted",5000,48,983328,308100,true,true
"heap","Nearly Sorted",5000,49,938464,294000,true,true
"heap","Nearly Sorted",5000,50,932864,292200,true,true
"heap","Nearly Sorted",5000,51,985728,308700,true,true
"heap","Nearly Sorted",5000,52,928832,291000,true,true
"heap","Nearly Sorted",5000,53,933952,292500,true,true
"heap","Nearly Sorted",5000,54,982688,307800,true,true
"heap","Nearly Sorted",5000,55,929536,291200,true,true
"heap","Nearly Sorted",5000,56,929248,291100,true,true
"heap","Nearly Sorted",5000,57,929472,291100,true,true
"heap","Nearly Sorted",5000,58,989088,309900,true,true
"heap","Nearly Sorted",5000,59,932544,292100,true,true
"heap","Nearly Sorted",5000,60,967072,303400,true,true
"heap","Nearly Sorted",5000,61,970560,304100,true,true
"heap","Nearly Sorted",5000,62,920512,288400,true,true
"heap","Nearly Sorted",5000,63,914112,286300,true,true
"heap","Nearly Sorted",5000,64,967264,303000,true,true
"heap","Nearly Sorted",5000,65,928704,291000,true,true
"heap","Nearly Sorted",5000,66,915136,286700,true,true
"heap","Nearly Sorted",5000,67,943520,295700,true,true
"heap","Nearly Sorted",5000,68,968800,303500,true,true
"heap","Nearly Sorted",5000,69,921280,288600,true,true
"heap","Nearly Sorted",5000,70,909120,284700,true,true
"heap","Nearly Sorted",5000,71,966976,302900,true,true
"heap","Nearly Sorted",5000,72,911520,285600,true,true
"heap","Nearly Sorted",5000,73,1403632,440200,true,true
"heap","Nearly Sorted",5000,74,1029024,322400,true,true
"heap","Nearly Sorted",5000,75,1177920,369400,true,true
"heap","Nearly Sorted",5000,76,996736,312300,true,true
"heap","Nearly Sorted",5000,77,1062016,332800,true,true
"heap","Nearly Sorted",5000,78,1179872,369600,true,true
"heap","Nearly Sorted",5000,79,1011808,317000,true,true
"heap","Nearly Sorted",5000,80,943808,295600,true,true
"heap","Nearly Sorted",5000,81,1027584,321900,true,true
"heap","Nearly Sorted",5000,82,928352,291000,true,true
"heap","Nearly Sorted",5000,83,937248,293600,true,true
"heap","Nearly Sorted",5000,84,1051296,329700,true,true
"heap","Nearly Sorted",5000,85,925984,290100,true,true
"heap","Nearly Sorted",5000,86,927488,290700,true,true
"heap","Nearly Sorted",5000,87,976576,305900,true,true
"heap","Nearly Sorted",5000,88,920608,288500,true,true
"heap","Nearly Sorted",5000,89,929280,291100,true,true
"heap","Nearly Sorted",5000,90,1023200,320700,true,true
"heap","Nearly Sorted",5000,91,920896,288500,true,true
"heap","Nearly Sorted",5000,92,927392,290500,true,true
"heap","Nearly Sorted",5000,93,921664,288600,true,true
"heap","Nearly Sorted",5000,94,967936,303200,true,true
"heap","Nearly Sorted",5000,95,921568,288700,true,true
"heap","Nearly Sorted",5000,96,920800,288400,true,true
"heap","Nearly Sorted",5000,97,1211392,379600,true,true
"heap","Nearly Sorted",5000,98,914816,286500,true,true
"heap","Nearly Sorted",5000,99,911712,285600,true,true
"std-sort","Nearly Sorted",5000,0,197792,62000,true,true
"std-sort","Nearly Sorted",5000,1,141728,44500,true,true
"std-sort","Nearly Sorted",5000,2,143936,45500,true,true
"std-sort","Nearly Sorted",5000,3,143264,45000,true,true
"std-sort","Nearly Sorted",5000,4,142368,44700,true,true
"std-sort","Nearly Sorted",5000,5,144320,45300,true,true
"std-sort","Nearly Sorted",5000,6,142400,44700,true,true
"std-sort","Nearly Sorted",5000,7,142432,44800,true,true
"std-sort","Nearly Sorted",5000,8,141440,44400,true,true
"std-sort","Nearly Sorted",5000,9,142528,44700,true,true
"std-sort","Nearly Sorted",5000,10,141440,44400,true,true
"std-sort","Nearly Sorted",5000,11,143520,45100,true,true
"std-sort","Nearly Sorted",5000,12,142048,44600,true,true
"std-sort","Nearly Sorted",5000,13,141824,44500,true,true
"std-sort","Nearly Sorted",5000,14,142816,44800,true,true
"std-sort","Nearly Sorted",5000,15,141760,44500,true,true
"std-sort","Nearly Sorted",5000,16,143008,45100,true,true
"std-sort","Nearly Sorted",5000,17,142016,44600,true,true
"std-sort","Nearly Sorted",5000,18,193568,60800,true,true
"std-sort","Nearly Sorted",5000,19,140800,44200,true,true
"std-sort","Nearly Sorted",5000,20,140576,44100,true,true
"std-sort","Nearly Sorted",5000,21,142784,44800,true,true
"std-sort","Nearly Sorted",5000,22,141280,44400,true,true
"std-sort","Nearly Sorted",5000,23,142080,44600,true,true
"std-sort","Nearly Sorted",5000,24,141376,44400,true,true
"std-sort","Nearly Sorted",5000,25,143808,45100,true,true
"std-sort","Nearly Sorted",5000,26,142688,44800,true,true
"std-sort","Nearly Sorted",5000,27,145312,45600,true,true
"std-sort","Nearly Sorted",5000,28,143680,45100,true,true
"std-sort","Nearly Sorted",5000,29,138176,43400,true,true
"std-sort","Nearly Sorted",5000,30,141280,44400,true,true
"std-sort","Nearly Sorted",5000,31,142848,44800,true,true
"std-sort","Nearly Sorted",5000,32,143424,45000,true,true
"std-sort","Nearly Sorted",5000,33,142816,44800,true,true
"std-sort","Nearly Sorted",5000,34,142592,44800,true,true
"std-sort","Nearly Sorted",5000,35,140128,44000,true,true
"std-sort","Nearly Sorted",5000,36,175648,55100,true,true
"std-sort","Nearly Sorted",5000,37,192832,60600,true,true
"std-sort","Nearly Sorted",5000,38,140608,44100,true,true
"std-sort","Nearly Sorted",5000,39,141120,44300,true,true
"std-sort","Nearly Sorted",5000,40,140704,44100,true,true
"std-sort","Nearly Sorted",5000,41,142016,44600,true,true
"std-sort","Nearly Sorted",5000,42,138848,43600,true,true
"std-sort","Nearly Sorted",5000,43,140608,44200,true,true
"std-sort","Nearly Sorted",5000,44,140288,44000,true,true
"std-sort","Nearly Sorted",5000,45,140832,44300,true,true
"std-sort","Nearly Sorted",5000,46,142816,44800,true,true
"std-sort","Nearly Sorted",5000,47,141696,44500,true,true
"std-sort","Nearly Sorted",5000,48,137856,43400,true,true
"std-sort","Nearly Sorted",5000,49,141344,44300,true,true
"std-sort","Nearly Sorted",5000,50,143392,45000,true,true
"std-sort","Nearly Sorted",5000,51,174176,54700,true,true
"std-sort","Nearly Sorted",5000,52,199904,62800,true,true
"std-sort","Nearly Sorted",5000,53,156896,49300,true,true
"std-sort","Nearly Sorted",5000,54,143136,45000,true,true
"std-sort","Nearly Sorted",5000,55,203360,63800,true,true
"std-sort","Nearly Sorted",5000,56,141728,44500,true,true
"std-sort","Nearly Sorted",5000,57,143456,45100,true,true
"std-sort","Nearly Sorted",5000,58,140832,44200,true,true
"std-sort","Nearly Sorted",5000,59,142272,44700,true,true
"std-sort","Nearly Sorted",5000,60,141248,44400,true,true
"std-sort","Nearly Sorted",5000,61,141536,44500,true,true
"std-sort","Nearly Sorted",5000,62,143520,45100,true,true
"std-sort","Nearly Sorted",5000,63,140480,44100,true,true
"std-sort","Nearly Sorted",5000,64,144032,45200,true,true
"std-sort","Nearly Sorted",5000,65,141312,44300,true,true
"std-sort","Nearly Sorted",5000,66,142464,44700,true,true
"std-sort","Nearly Sorted",5000,67,141344,44400,true,true
"std-sort","Nearly Sorted",5000,68,141280,44300,true,true
"std-sort","Nearly Sorted",5000,69,142048,44600,true,true
"std-sort","Nearly Sorted",5000,70,140992,44300,true,true
"std-sort","Nearly Sorted",5000,71,143296,45000,true,true
"std-sort","Nearly Sorted",5000,72,140128,44000,true,true
"std-sort","Nearly Sorted",5000,73,203552,63800,true,true
"std-sort","Nearly Sorted",5000,74,139072,43600,true,true
"std-sort","Nearly Sorted",5000,75,139808,43900,true,true
"std-sort","Nearly Sorted",5000,76,142688,44800,true,true
"std-sort","Nearly Sorted",5000,77,142592,44800,true,true
"std-sort","Nearly Sorted",5000,78,144128,45200,true,true
"std-sort","Nearly Sorted",5000,79,142368,44700,true,true
"std-sort","Nearly Sorted",5000,80,142624,44800,true,true
"std-sort","Nearly Sorted",5000,81,143200,44900,true,true
"std-sort","Nearly Sorted",5000,82,139136,43700,true,true
"std-sort","Nearly Sorted",5000,83,148288,46500,true,true
"std-sort","Nearly Sorted",5000,84,189824,59600,true,true
"std-sort","Nearly Sorted",5000,85,141728,44500,true,true
"std-sort","Nearly Sorted",5000,86,139008,43600,true,true
"std-sort","Nearly Sorted",5000,87,138304,43400,true,true
"std-sort","Nearly Sorted",5000,88,141056,44300,true,true
"std-sort","Nearly Sorted",5000,89,136960,43000,true,true
"std-sort","Nearly Sorted",5000,90,142848,44800,true,true
"std-sort","Nearly Sorted",5000,91,242816,76100,true,true
"std-sort","Nearly Sorted",5000,92,216608,68000,true,true
"std-sort","Nearly Sorted",5000,93,181344,57000,true,true
"std-sort","Nearly Sorted",5000,94,182528,57300,true,true
"std-sort","Nearly Sorted",5000,95,179488,56300,true,true
"std-sort","Nearly Sorted",5000,96,208320,65400,true,true
"std-sort","Nearly Sorted",5000,97,537747,169000,true,true
"std-sort","Nearly Sorted",5000,98,185920,58400,true,true
"std-sort","Nearly Sorted",5000,99,188960,59300,true,true
"std-stable-sort","Nearly Sorted",5000,0,159712,50100,true,true
"std-stable-sort","Nearly Sorted",5000,1,176000,55200,true,true
"std-stable-sort","Nearly Sorted",5000,2,154272,48500,true,true
"std-stable-sort","Nearly Sorted",5000,3,157120,49300,true,true
"std-stable-sort","Nearly Sorted",5000,4,163072,51200,true,true
"std-stable-sort","Nearly Sorted",5000,5,177152,55600,true,true
"std-stable-sort","Nearly Sorted",5000,6,172128,54000,true,true
"std-stable-sort","Nearly Sorted",5000,7,179264,56300,true,true
"std-stable-sort","Nearly Sorted",5000,8,151904,47700,true,true
"std-stable-sort","Nearly Sorted",5000,9,112448,35300,true,true
"std-stable-sort","Nearly Sorted",5000,10,112544,35400,true,true
"std-stable-sort","Nearly Sorted",5000,11,111680,35100,true,true
"std-stable-sort","Nearly Sorted",5000,12,111904,35200,true,true
"std-stable-sort","Nearly Sorted",5000,13,111072,34900,true,true
"std-stable-sort","Nearly Sorted",5000,14,111296,35000,true,true
"std-stable-sort","Nearly Sorted",5000,15,111232,34900,true,true
"std-stable-sort","Nearly Sorted",5000,16,199232,62500,true,true
"std-stable-sort","Nearly Sorted",5000,17,112448,35300,true,true
"std-stable-sort","Nearly Sorted",5000,18,111968,35200,true,true
"std-stable-sort","Nearly Sorted",5000,19,111680,35100,true,true
"std-stable-sort","Nearly Sorted",5000,20,112928,35500,true,true
"std-stable-sort","Nearly Sorted",5000,21,111776,35100,true,true
"std-stable-sort","Nearly Sorted",5000,22,170592,53500,true,true
"std-stable-sort","Nearly Sorted",5000,23,112320,35300,true,true
"std-stable-sort","Nearly Sorted",5000,24,111840,35100,true,true
"std-stable-sort","Nearly Sorted",5000,25,111648,35100,true,true
"std-stable-sort","Nearly Sorted",5000,26,110784,34800,true,true
"std-stable-sort","Nearly Sorted",5000,27,111744,35200,true,true
"std-stable-sort","Nearly Sorted",5000,28,110784,34800,true,true
"std-stable-sort","Nearly Sorted",5000,29,110784,34800,true,true
"std-stable-sort","Nearly Sorted",5000,30,111200,34900,true,true
"std-stable-sort","Nearly Sorted",5000,31,111872,35100,true,true
"std-stable-sort","Nearly Sorted",5000,32,112224,35300,true,true
"std-stable-sort","Nearly Sorted",5000,33,112480,35400,true,true
"std-stable-sort","Nearly Sorted",5000,34,111200,34900,true,true
"std-stable-sort","Nearly Sorted",5000,35,111360,35000,true,true
"std-stable-sort","Nearly Sorted",5000,36,111232,34900,true,true
"std-stable-sort","Nearly Sorted",5000,37,110560,34800,true,true
"std-stable-sort","Nearly Sorted",5000,38,112032,35200,true,true
"std-stable-sort","Nearly Sorted",5000,39,112832,35500,true,true
"std-stable-sort","Nearly Sorted",5000,40,115328,36300,true,true
"std-stable-sort","Nearly Sorted",5000,41,111168,34900,true,true
"std-stable-sort","Nearly Sorted",5000,42,156960,49300,true,true
"std-stable-sort","Nearly Sorted",5000,43,210624,66100,true,true
"std-stable-sort","Nearly Sorted",5000,44,191904,60300,true,true
"std-stable-sort","Nearly Sorted",5000,45,223727,70500,true,true
"std-stable-sort","Nearly Sorted",5000,46,176896,55600,true,true
"std-stable-sort","Nearly Sorted",5000,47,163072,51200,true,true
"std-stable-sort","Nearly Sorted",5000,48,162368,50900,true,true
"std-stable-sort","Nearly Sorted",5000,49,164704,51700,true,true
"std-stable-sort","Nearly Sorted",5000,50,161824,50800,true,true
"std-stable-sort","Nearly Sorted",5000,51,164800,51700,true,true
"std-stable-sort","Nearly Sorted",5000,52,160864,50500,true,true
"std-stable-sort","Nearly Sorted",5000,53,266560,83600,true,true
"std-stable-sort","Nearly Sorted",5000,54,783488,245600,true,true
"std-stable-sort","Nearly Sorted",5000,55,186976,58700,true,true
"std-stable-sort","Nearly Sorted",5000,56,168544,52900,true,true
"std-stable-sort","Nearly Sorted",5000,57,157280,49400,true,true
"std-stable-sort","Nearly Sorted",5000,58,164736,51700,true,true
"std-stable-sort","Nearly Sorted",5000,59,174784,54900,true,true
"std-stable-sort","Nearly Sorted",5000,60,168064,52800,true,true
"std-stable-sort","Nearly Sorted",5000,61,179616,56400,true,true
"std-stable-sort","Nearly Sorted",5000,62,450337,141600,true,true
"std-stable-sort","Nearly Sorted",5000,63,224384,70700,true,true
"std-stable-sort","Nearly Sorted",5000,64,166528,52300,true,true
"std-stable-sort","Nearly Sorted",5000,65,184320,57900,true,true
"std-stable-sort","Nearly Sorted",5000,66,299808,94000,true,true
"std-stable-sort","Nearly Sorted",5000,67,173536,54500,true,true
"std-stable-sort","Nearly Sorted",5000,68,747361,234800,true,true
"std-stable-sort","Nearly Sorted",5000,69,347392,109100,true,true
"std-stable-sort","Nearly Sorted",5000,70,243872,76500,true,true
"std-stable-sort","Nearly Sorted",5000,71,205280,64500,true,true
"std-stable-sort","Nearly Sorted",5000,72,193056,60600,true,true
"std-stable-sort","Nearly Sorted",5000,73,186400,58500,true,true
"std-stable-sort","Nearly Sorted",5000,74,112512,35300,true,true
"std-stable-sort","Nearly Sorted",5000,75,112032,35200,true,true
"std-stable-sort","Nearly Sorted",5000,76,111520,35100,true,true
"std-stable-sort","Nearly Sorted",5000,77,111392,35000,true,true
"std-stable-sort","Nearly Sorted",5000,78,112320,35300,true,true
"std-stable-sort","Nearly Sorted",5000,79,111008,34800,true,true
"std-stable-sort","Nearly Sorted",5000,80,111744,35100,true,true
"std-stable-sort","Nearly Sorted",5000,81,111488,35000,true,true
"std-stable-sort","Nearly Sorted",5000,82,111744,35200,true,true
"std-stable-sort","Nearly Sorted",5000,83,111968,35100,true,true
"std-stable-sort","Nearly Sorted",5000,84,112256,35200,true,true
"std-stable-sort","Nearly Sorted",5000,85,190592,60100,true,true
"std-stable-sort","Nearly Sorted",5000,86,311392,97900,true,true
"std-stable-sort","Nearly Sorted",5000,87,167552,52700,true,true
"std-stable-sort","Nearly Sorted",5000,88,377823,118800,true,true
"std-stable-sort","Nearly Sorted",5000,89,172032,54000,true,true
"std-stable-sort","Nearly Sorted",5000,90,166752,52400,true,true
"std-stable-sort","Nearly Sorted",5000,91,285728,89900,true,true
"std-stable-sort","Nearly Sorted",5000,92,173056,54300,true,true
"std-stable-sort","Nearly Sorted",5000,93,168608,53000,true,true
"std-stable-sort","Nearly Sorted",5000,94,166592,52300,true,true
"std-stable-sort","Nearly Sorted",5000,95,185792,58400,true,true
"std-stable-sort","Nearly Sorted",5000,96,172064,54000,true,true
"std-stable-sort","Nearly Sorted",5000,97,170720,53600,true,true
"std-stable-sort","Nearly Sorted",5000,98,195616,61500,true,true
"std-stable-sort","Nearly Sorted",5000,99,222112,69800,true,true
"bubble","Nearly Sorted",10000,0,117472,37000,true,true
"bubble","Nearly Sorted",10000,1,117344,36900,true,true
"bubble","Nearly Sorted",10000,2,91712,28800,true,true
"bubble","Nearly Sorted",10000,3,91584,28800,true,true
"bubble","Nearly Sorted",10000,4,117344,36900,true,true
"bubble","Nearly Sorted",10000,5,91328,28700,true,true
"bubble","Nearly Sorted",10000,6,117472,36900,true,true
"bubble","Nearly Sorted",10000,7,117376,36900,true,true
"bubble","Nearly Sorted",10000,8,91104,28700,true,true
"bubble","Nearly Sorted",10000,9,91776,28800,true,true
"bubble","Nearly Sorted",10000,10,117728,37000,true,true
"bubble","Nearly Sorted",10000,11,91136,28700,true,true
"bubble","Nearly Sorted",10000,12,91424,28700,true,true
"bubble","Nearly Sorted",10000,13,131040,41100,true,true
"bubble","Nearly Sorted",10000,14,117440,37000,true,true
"bubble","Nearly Sorted",10000,15,91136,28600,true,true
"bubble","Nearly Sorted",10000,16,117504,36900,true,true
"bubble","Nearly Sorted",10000,17,91648,28800,true,true
"bubble","Nearly Sorted",10000,18,91104,28700,true,true
"bubble","Nearly Sorted",10000,19,90912,28600,true,true
"bubble","Nearly Sorted",10000,20,91936,28900,true,true
"bubble","Nearly Sorted",10000,21,91584,28800,true,true
"bubble","Nearly Sorted",10000,22,91456,28800,true,true
"bubble","Nearly Sorted",10000,23,91648,28800,true,true
"bubble","Nearly Sorted",10000,24,91680,28900,true,true
"bubble","Nearly Sorted",10000,25,91552,29000,true,true
"bubble","Nearly Sorted",10000,26,91328,28700,true,true
"bubble","Nearly Sorted",10000,27,91168,28600,true,true
"bubble","Nearly Sorted",10000,28,91680,28900,true,true
"bubble","Nearly Sorted",10000,29,91616,28800,true,true
"bubble","Nearly Sorted",10000,30,91264,28700,true,true
"bubble","Nearly Sorted",10000,31,90912,28600,true,true
"bubble","Nearly Sorted",10000,32,91520,28800,true,true
"bubble","Nearly Sorted",10000,33,91424,28800,true,true
"bubble","Nearly Sorted",10000,34,176832,55500,true,true
"bubble","Nearly Sorted",10000,35,91264,28700,true,true
"bubble","Nearly Sorted",10000,36,91264,28700,true,true
"bubble","Nearly Sorted",10000,37,90944,28600,true,true
"bubble","Nearly Sorted",10000,38,91488,28900,true,true
"bubble","Nearly Sorted",10000,39,91360,28800,true,true
"bubble","Nearly Sorted",10000,40,91616,28800,true,true
"bubble","Nearly Sorted",10000,41,91424,28700,true,true
"bubble","Nearly Sorted",10000,42,91552,28800,true,true
"bubble","Nearly Sorted",10000,43,90944,28600,true,true
"bubble","Nearly Sorted",10000,44,117312,36900,true,true
"bubble","Nearly Sorted",10000,45,117024,36800,true,true
"bubble","Nearly Sorted",10000,46,91264,28700,true,true
"bubble","Nearly Sorted",10000,47,91616,28800,true,true
"bubble","Nearly Sorted",10000,48,91328,28800,true,true
"bubble","Nearly Sorted",10000,49,91456,28700,true,true
"bubble","Nearly Sorted",10000,50,116064,36400,true,true
"bubble","Nearly Sorted",10000,51,117248,36900,true,true
"bubble","Nearly Sorted",10000,52,141216,44300,true,true
"bubble","Nearly Sorted",10000,53,91392,28700,true,true
"bubble","Nearly Sorted",10000,54,90912,28600,true,true
"bubble","Nearly Sorted",10000,55,91360,28700,true,true
"bubble","Nearly Sorted",10000,56,90848,28600,true,true
"bubble","Nearly Sorted",10000,57,91008,28700,true,true
"bubble","Nearly Sorted",10000,58,91360,28800,true,true
"bubble","Nearly Sorted",10000,59,91328,28800,true,true
"bubble","Nearly Sorted",10000,60,91232,28700,true,true
"bubble","Nearly Sorted",10000,61,91232,28700,true,true
"bubble","Nearly Sorted",10000,62,91040,28700,true,true
"bubble","Nearly Sorted",10000,63,91040,28600,true,true
"bubble","Nearly Sorted",10000,64,91360,28800,true,true
"bubble","Nearly Sorted",10000,65,117280,36800,true,true
"bubble","Nearly Sorted",10000,66,91520,28700,true,true
"bubble","Nearly Sorted",10000,67,91360,28700,true,true
"bubble","Nearly Sorted",10000,68,117408,36900,true,true
"bubble","Nearly Sorted",10000,69,117248,36900,true,true
"bubble","Nearly Sorted",10000,70,91104,28600,true,true
"bubble","Nearly Sorted",10000,71,91296,28800,true,true
"bubble","Nearly Sorted",10000,72,117120,36800,true,true
"bubble","Nearly Sorted",10000,73,117280,36800,true,true
"bubble","Nearly Sorted",10000,74,91616,28800,true,true
"bubble","Nearly Sorted",10000,75,91008,28600,true,true
"bubble","Nearly Sorted",10000,76,117248,36800,true,true
"bubble","Nearly Sorted",10000,77,90944,28600,true,true
"bubble","Nearly Sorted",10000,78,91456,28800,true,true
"bubble","Nearly Sorted",10000,79,91104,28600,true,true
"bubble","Nearly Sorted",10000,80,91040,28600,true,true
"bubble","Nearly Sorted",10000,81,91360,28700,true,true
"bubble","Nearly Sorted",10000,82,91392,28800,true,true
"bubble","Nearly Sorted",10000,83,91488,28700,true,true
"bubble","Nearly Sorted",10000,84,91200,28700,true,true
"bubble","Nearly Sorted",10000,85,117440,36900,true,true
"bubble","Nearly Sorted",10000,86,91360,28900,true,true
"bubble","Nearly Sorted",10000,87,117600,36900,true,true
"bubble","Nearly Sorted",10000,88,91360,28700,true,true
"bubble","Nearly Sorted",10000,89,170528,53500,true,true
"bubble","Nearly Sorted",10000,90,91488,28800,true,true
"bubble","Nearly Sorted",10000,91,116064,36500,true,true
"bubble","Nearly Sorted",10000,92,91392,28800,true,true
"bubble","Nearly Sorted",10000,93,91328,28700,true,true
"bubble","Nearly Sorted",10000,94,91552,28900,true,true
"bubble","Nearly Sorted",10000,95,125024,39400,true,true
"bubble","Nearly Sorted",10000,96,119296,37500,true,true
"bubble","Nearly Sorted",10000,97,115072,36100,true,true
"bubble","Nearly Sorted",10000,98,144608,45400,true,true
"bubble","Nearly Sorted",10000,99,116704,36700,true,true
"insertion","Nearly Sorted",10000,0,66272,20900,true,true
"insertion","Nearly Sorted",10000,1,150176,47100,true,true
"insertion","Nearly Sorted",10000,2,66176,20800,true,true
"insertion","Nearly Sorted",10000,3,67680,21400,true,true
"insertion","Nearly Sorted",10000,4,66368,20900,true,true
"insertion","Nearly Sorted",10000,5,67296,21200,true,true
"insertion","Nearly Sorted",10000,6,65984,20800,true,true
"insertion","Nearly Sorted",10000,7,65440,20600,true,true
"insertion","Nearly Sorted",10000,8,66912,21100,true,true
"insertion","Nearly Sorted",10000,9,67680,21300,true,true
"insertion","Nearly Sorted",10000,10,65728,20700,true,true
"insertion","Nearly Sorted",10000,11,67072,21100,true,true
"insertion","Nearly Sorted",10000,12,83616,26300,true,true
"insertion","Nearly Sorted",10000,13,86816,27300,true,true
"insertion","Nearly Sorted",10000,14,86656,27300,true,true
"insertion","Nearly Sorted",10000,15,88992,28000,true,true
"insertion","Nearly Sorted",10000,16,89280,28100,true,true
"insertion","Nearly Sorted",10000,17,95904,30100,true,true
"insertion","Nearly Sorted",10000,18,93312,29500,true,true
"insertion","Nearly Sorted",10000,19,89632,28200,true,true
"insertion","Nearly Sorted",10000,20,86496,27200,true,true
"insertion","Nearly Sorted",10000,21,223488,70200,true,true
"insertion","Nearly Sorted",10000,22,89952,28300,true,true
"insertion","Nearly Sorted",10000,23,88640,28000,true,true
"insertion","Nearly Sorted",10000,24,88416,27800,true,true
"insertion","Nearly Sorted",10000,25,89536,28100,true,true
"insertion","Nearly Sorted",10000,26,101728,32000,true,true
"insertion","Nearly Sorted",10000,27,88192,27800,true,true
"insertion","Nearly Sorted",10000,28,88640,27900,true,true
"insertion","Nearly Sorted",10000,29,88032,27700,true,true
"insertion","Nearly Sorted",10000,30,88352,27800,true,true
"insertion","Nearly Sorted",10000,31,87072,27500,true,true
"insertion","Nearly Sorted",10000,32,88864,28000,true,true
"insertion","Nearly Sorted",10000,33,89376,28100,true,true
"insertion","Nearly Sorted",10000,34,88160,27700,true,true
"insertion","Nearly Sorted",10000,35,88480,27900,true,true
"insertion","Nearly Sorted",10000,36,88576,27800,true,true
"insertion","Nearly Sorted",10000,37,86464,27300,true,true
"insertion","Nearly Sorted",10000,38,184768,57900,true,true
"insertion","Nearly Sorted",10000,39,87296,27500,true,true
"insertion","Nearly Sorted",10000,40,87424,27500,true,true
"insertion","Nearly Sorted",10000,41,93344,29300,true,true
"insertion","Nearly Sorted",10000,42,96288,30300,true,true
"insertion","Nearly Sorted",10000,43,139264,43700,true,true
"insertion","Nearly Sorted",10000,44,93312,29400,true,true
"insertion","Nearly Sorted",10000,45,91808,28900,true,true
"insertion","Nearly Sorted",10000,46,105472,33200,true,true
"insertion","Nearly Sorted",10000,47,105344,33200,true,true
"insertion","Nearly Sorted",10000,48,69088,21800,true,true
"insertion","Nearly Sorted",10000,49,102880,32400,true,true
"insertion","Nearly Sorted",10000,50,90944,28600,true,true
"insertion","Nearly Sorted",10000,51,91776,28900,true,true
"insertion","Nearly Sorted",10000,52,90624,28500,true,true
"insertion","Nearly Sorted",10000,53,92736,29100,true,true
"insertion","Nearly Sorted",10000,54,216000,67800,true,true
"insertion","Nearly Sorted",10000,55,88352,27800,true,true
"insertion","Nearly Sorted",10000,56,89632,28200,true,true
"insertion","Nearly Sorted",10000,57,90336,28400,true,true
"insertion","Nearly Sorted",10000,58,95104,29900,true,true
"insertion","Nearly Sorted",10000,59,91424,28800,true,true
"insertion","Nearly Sorted",10000,60,313857,99300,true,true
"insertion","Nearly Sorted",10000,61,197280,62300,true,true
"insertion","Nearly Sorted",10000,62,175104,55100,true,true
"insertion","Nearly Sorted",10000,63,458384,144200,true,true
"insertion","Nearly Sorted",10000,64,94976,29900,true,true
"insertion","Nearly Sorted",10000,65,91296,28700,true,true
"insertion","Nearly Sorted",10000,66,101760,32000,true,true
"insertion","Nearly Sorted",10000,67,93728,29500,true,true
"insertion","Nearly Sorted",10000,68,92448,29100,true,true
"insertion","Nearly Sorted",10000,69,109120,34500,true,true
"insertion","Nearly Sorted",10000,70,95520,30000,true,true
"insertion","Nearly Sorted",10000,71,93856,29600,true,true
"insertion","Nearly Sorted",10000,72,93824,29500,true,true
"insertion","Nearly Sorted",10000,73,95968,30100,true,true
"insertion","Nearly Sorted",10000,74,103552,32800,true,true
"insertion","Nearly Sorted",10000,75,76000,24000,true,true
"insertion","Nearly Sorted",10000,76,66432,20900,true,true
"insertion","Nearly Sorted",10000,77,66688,21000,true,true
"insertion","Nearly Sorted",10000,78,67552,21300,true,true
"insertion","Nearly Sorted",10000,79,92192,29000,true,true
"insertion","Nearly Sorted",10000,80,95744,30200,true,true
"insertion","Nearly Sorted",10000,81,95200,30000,true,true
"insertion","Nearly Sorted",10000,82,66656,21000,true,true
"insertion","Nearly Sorted",10000,83,99360,31200,true,true
"insertion","Nearly Sorted",10000,84,96576,30400,true,true
"insertion","Nearly Sorted",10000,85,115584,36300,true,true
"insertion","Nearly Sorted",10000,86,81696,25700,true,true
"insertion","Nearly Sorted",10000,87,82624,25900,true,true
"insertion","Nearly Sorted",10000,88,98176,30900,true,true
"insertion","Nearly Sorted",10000,89,67616,21300,true,true
"insertion","Nearly Sorted",10000,90,102112,32100,true,true
"insertion","Nearly Sorted",10000,91,67296,21200,true,true
"insertion","Nearly Sorted",10000,92,68576,21500,true,true
"insertion","Nearly Sorted",10000,93,98464,31200,true,true
"insertion","Nearly Sorted",10000,94,97920,30900,true,true
"insertion","Nearly Sorted",10000,95,104000,32600,true,true
"insertion","Nearly Sorted",10000,96,66976,21200,true,true
"insertion","Nearly Sorted",10000,97,66432,20900,true,true
"insertion","Nearly Sorted",10000,98,66496,21000,true,true
"insertion","Nearly Sorted",10000,99,66560,21000,true,true
"selection","Nearly Sorted",10000,0,85447115,26755100,true,true
"selection","Nearly Sorted",10000,1,84362368,26415600,true,true
"selection","Nearly Sorted",10000,2,84822624,26560100,true,true
"selection","Nearly Sorted",10000,3,84523968,26466100,true,true
"selection","Nearly Sorted",10000,4,83771360,26230400,true,true
"selection","Nearly Sorted",10000,5,84455584,26444900,true,true
"selection","Nearly Sorted",10000,6,89641301,28068800,true,true
"selection","Nearly Sorted",10000,7,98701088,30906400,true,true
"selection","Nearly Sorted",10000,8,89741136,28100600,true,true
"selection","Nearly Sorted",10000,9,95059971,29766300,true,true
"selection","Nearly Sorted",10000,10,88277277,27641500,true,true
"selection","Nearly Sorted",10000,11,86649040,27131800,true,true
"selection","Nearly Sorted",10000,12,89333104,27972800,true,true
"selection","Nearly Sorted",10000,13,83420528,26120900,true,true
"selection","Nearly Sorted",10000,14,112446367,35211100,true,true
"selection","Nearly Sorted",10000,15,104469100,32712600,true,true
"selection","Nearly Sorted",10000,16,97994944,30685500,true,true
"selection","Nearly Sorted",10000,17,123538303,38683100,true,true
"selection","Nearly Sorted",10000,18,123428705,38648900,true,true
"selection","Nearly Sorted",10000,19,106752992,33427700,true,true
"selection","Nearly Sorted",10000,20,83258496,26069500,true,true
"selection","Nearly Sorted",10000,21,82871200,25948300,true,true
"selection","Nearly Sorted",10000,22,82512832,25836200,true,true
"selection","Nearly Sorted",10000,23,82867616,25947800,true,true
"selection","Nearly Sorted",10000,24,92756831,29045900,true,true
"selection","Nearly Sorted",10000,25,88952134,27854400,true,true
"selection","Nearly Sorted",10000,26,83286651,26078400,true,true
"selection","Nearly Sorted",10000,27,96795400,30310200,true,true
"selection","Nearly Sorted",10000,28,88389453,27678000,true,true
"selection","Nearly Sorted",10000,29,102842099,32204700,true,true
"selection","Nearly Sorted",10000,30,98565645,30864200,true,true
"selection","Nearly Sorted",10000,31,84759744,26542000,true,true
"selection","Nearly Sorted",10000,32,88419722,27688100,true,true
"selection","Nearly Sorted",10000,33,84105280,26336100,true,true
"selection","Nearly Sorted",10000,34,100797665,31562700,true,true
"selection","Nearly Sorted",10000,35,86215840,26997200,true,true
"selection","Nearly Sorted",10000,36,83978623,26296200,true,true
"selection","Nearly Sorted",10000,37,84923584,26591500,true,true
"selection","Nearly Sorted",10000,38,88553734,27728200,true,true
"selection","Nearly Sorted",10000,39,84631791,26499900,true,true
"selection","Nearly Sorted",10000,40,92087040,28834700,true,true
"selection","Nearly Sorted",10000,41,110900192,34726300,true,true
"selection","Nearly Sorted",10000,42,87198593,27304200,true,true
"selection","Nearly Sorted",10000,43,90393936,28304100,true,true
"selection","Nearly Sorted",10000,44,86464515,27073500,true,true
"selection","Nearly Sorted",10000,45,86181677,26985400,true,true
"selection","Nearly Sorted",10000,46,83202624,26052300,true,true
"selection","Nearly Sorted",10000,47,83940704,26283300,true,true
"selection","Nearly Sorted",10000,48,86290608,27019100,true,true
"selection","Nearly Sorted",10000,49,107757520,33741400,true,true
"selection","Nearly Sorted",10000,50,93540112,29290000,true,true
"selection","Nearly Sorted",10000,51,87940384,27536800,true,true
"selection","Nearly Sorted",10000,52,85245360,26692100,true,true
"selection","Nearly Sorted",10000,53,95411711,29875800,true,true
"selection","Nearly Sorted",10000,54,98301120,30781000,true,true
"selection","Nearly Sorted",10000,55,85005460,26616800,true,true
"selection","Nearly Sorted",10000,56,106015148,33196400,true,true
"selection","Nearly Sorted",10000,57,93020769,29127700,true,true
"selection","Nearly Sorted",10000,58,83327315,26091500,true,true
"selection","Nearly Sorted",10000,59,89856320,28136300,true,true
"selection","Nearly Sorted",10000,60,85204957,26679600,true,true
"selection","Nearly Sorted",10000,61,83840784,26252000,true,true
"selection","Nearly Sorted",10000,62,84677888,26514300,true,true
"selection","Nearly Sorted",10000,63,117732927,36865500,true,true
"selection","Nearly Sorted",10000,64,86222945,26998800,true,true
"selection","Nearly Sorted",10000,65,87277555,27328300,true,true
"selection","Nearly Sorted",10000,66,86965740,27230500,true,true
"selection","Nearly Sorted",10000,67,85264660,26698000,true,true
"selection","Nearly Sorted",10000,68,88779533,27798400,true,true
"selection","Nearly Sorted",10000,69,121989664,38198200,true,true
"selection","Nearly Sorted",10000,70,85194064,26676800,true,true
"selection","Nearly Sorted",10000,71,88224783,27625400,true,true
"selection","Nearly Sorted",10000,72,92653844,29013700,true,true
"selection","Nearly Sorted",10000,73,508100429,159093200,true,true
"selection","Nearly Sorted",10000,74,82641472,25876500,true,true
"selection","Nearly Sorted",10000,75,85504298,26774600,true,true
"selection","Nearly Sorted",10000,76,82572416,25854500,true,true
"selection","Nearly Sorted",10000,77,82506016,25833700,true,true
"selection","Nearly Sorted",10000,78,82623200,25870400,true,true
"selection","Nearly Sorted",10000,79,82841792,25938700,true,true
"selection","Nearly Sorted",10000,80,84038048,26314100,true,true
"selection","Nearly Sorted",10000,81,82498848,25831400,true,true
"selection","Nearly Sorted",10000,82,83024640,25996400,true,true
"selection","Nearly Sorted",10000,83,83110240,26023500,true,true
"selection","Nearly Sorted",10000,84,98015558,30692500,true,true
"selection","Nearly Sorted",10000,85,136273056,42670600,true,true
"selection","Nearly Sorted",10000,86,138640442,43412500,true,true
"selection","Nearly Sorted",10000,87,91388032,28617400,true,true
"selection","Nearly Sorted",10000,88,89155809,27918500,true,true
"selection","Nearly Sorted",10000,89,82665440,25883800,true,true
"selection","Nearly Sorted",10000,90,82445920,25814800,true,true
"selection","Nearly Sorted",10000,91,84302335,26398300,true,true
"selection","Nearly Sorted",10000,92,82304928,25770600,true,true
"selection","Nearly Sorted",10000,93,82522432,25838700,true,true
"selection","Nearly Sorted",10000,94,89444966,28008300,true,true
"selection","Nearly Sorted",10000,95,86028442,26939000,true,true
"selection","Nearly Sorted",10000,96,82129920,25715900,true,true
"selection","Nearly Sorted",10000,97,84294496,26395500,true,true
"selection","Nearly Sorted",10000,98,101280533,31714500,true,true
"selection","Nearly Sorted",10000,99,88684692,27770200,true,true
"merge","Nearly Sorted",10000,0,573504,179700,true,true
"merge","Nearly Sorted",10000,1,575808,180600,true,true
"merge","Nearly Sorted",10000,2,629856,197400,true,true
"merge","Nearly Sorted",10000,3,575520,180400,true,true
"merge","Nearly Sorted",10000,4,573856,179800,true,true
"merge","Nearly Sorted",10000,5,596352,186900,true,true
"merge","Nearly Sorted",10000,6,574080,179900,true,true
"merge","Nearly Sorted",10000,7,629600,197200,true,true
"merge","Nearly Sorted",10000,8,573472,179700,true,true
"merge","Nearly Sorted",10000,9,574400,180000,true,true
"merge","Nearly Sorted",10000,10,573472,179700,true,true
"merge","Nearly Sorted",10000,11,574592,180100,true,true
"merge","Nearly Sorted",10000,12,628288,196900,true,true
"merge","Nearly Sorted",10000,13,574752,180100,true,true
"merge","Nearly Sorted",10000,14,573600,179700,true,true
"merge","Nearly Sorted",10000,15,593056,185800,true,true
"merge","Nearly Sorted",10000,16,573440,179700,true,true
"merge","Nearly Sorted",10000,17,628832,197100,true,true
"merge","Nearly Sorted",10000,18,573408,179600,true,true
"merge","Nearly Sorted",10000,19,574400,180000,true,true
"merge","Nearly Sorted",10000,20,573536,180200,true,true
"merge","Nearly Sorted",10000,21,574656,180000,true,true
"merge","Nearly Sorted",10000,22,626528,196300,true,true
"merge","Nearly Sorted",10000,23,574208,179900,true,true
"merge","Nearly Sorted",10000,24,574272,179900,true,true
"merge","Nearly Sorted",10000,25,593216,185800,true,true
"merge","Nearly Sorted",10000,26,573728,179800,true,true
"merge","Nearly Sorted",10000,27,626720,196400,true,true
"merge","Nearly Sorted",10000,28,573696,179800,true,true
"merge","Nearly Sorted",10000,29,573536,179700,true,true
"merge","Nearly Sorted",10000,30,572992,179500,true,true
"merge","Nearly Sorted",10000,31,573760,179800,true,true
"merge","Nearly Sorted",10000,32,625472,196000,true,true
"merge","Nearly Sorted",10000,33,574720,180100,true,true
"merge","Nearly Sorted",10000,34,572480,179300,true,true
"merge","Nearly Sorted",10000,35,820704,257200,true,true
"merge","Nearly Sorted",10000,36,643008,201500,true,true
"merge","Nearly Sorted",10000,37,852256,267300,true,true
"merge","Nearly Sorted",10000,38,1450205,455000,true,true
"merge","Nearly Sorted",10000,39,1354528,425000,true,true
"merge","Nearly Sorted",10000,40,860352,269700,true,true
"merge","Nearly Sorted",10000,41,578592,181300,true,true
"merge","Nearly Sorted",10000,42,574656,180100,true,true
"merge","Nearly Sorted",10000,43,736416,231000,true,true
"merge","Nearly Sorted",10000,44,580992,182100,true,true
"merge","Nearly Sorted",10000,45,575040,180200,true,true
"merge","Nearly Sorted",10000,46,637280,199700,true,true
"merge","Nearly Sorted",10000,47,575712,180400,true,true
"merge","Nearly Sorted",10000,48,574336,180000,true,true
"merge","Nearly Sorted",10000,49,574240,180400,true,true
"merge","Nearly Sorted",10000,50,573824,180000,true,true
"merge","Nearly Sorted",10000,51,631648,197900,true,true
"merge","Nearly Sorted",10000,52,573728,179800,true,true
"merge","Nearly Sorted",10000,53,613696,192400,true,true
"merge","Nearly Sorted",10000,54,572480,179400,true,true
"merge","Nearly Sorted",10000,55,574144,179900,true,true
"merge","Nearly Sorted",10000,56,629024,197100,true,true
"merge","Nearly Sorted",10000,57,573408,179700,true,true
"merge","Nearly Sorted",10000,58,573152,179600,true,true
"merge","Nearly Sorted",10000,59,572224,179200,true,true
"merge","Nearly Sorted",10000,60,572960,179500,true,true
"merge","Nearly Sorted",10000,61,625088,195800,true,true
"merge","Nearly Sorted",10000,62,572736,179500,true,true
"merge","Nearly Sorted",10000,63,609824,191200,true,true
"merge","Nearly Sorted",10000,64,572768,179500,true,true
"merge","Nearly Sorted",10000,65,573728,179800,true,true
"merge","Nearly Sorted",10000,66,626336,196200,true,true
"merge","Nearly Sorted",10000,67,573152,179600,true,true
"merge","Nearly Sorted",10000,68,573408,179700,true,true
"merge","Nearly Sorted",10000,69,571840,179200,true,true
"merge","Nearly Sorted",10000,70,572416,179300,true,true
"merge","Nearly Sorted",10000,71,574592,180000,true,true
"merge","Nearly Sorted",10000,72,578656,181300,true,true
"merge","Nearly Sorted",10000,73,610400,191500,true,true
"merge","Nearly Sorted",10000,74,571712,179200,true,true
"merge","Nearly Sorted",10000,75,573120,179600,true,true
"merge","Nearly Sorted",10000,76,572288,179300,true,true
"merge","Nearly Sorted",10000,77,572512,179400,true,true
"merge","Nearly Sorted",10000,78,572480,179400,true,true
"merge","Nearly Sorted",10000,79,572064,179200,true,true
"merge","Nearly Sorted",10000,80,571584,179100,true,true
"merge","Nearly Sorted",10000,81,572288,179300,true,true
"merge","Nearly Sorted",10000,82,624928,195800,true,true
"merge","Nearly Sorted",10000,83,607904,190500,true,true
"merge","Nearly Sorted",10000,84,573344,179700,true,true
"merge","Nearly Sorted",10000,85,573792,179800,true,true
"merge","Nearly Sorted",10000,86,571072,178900,true,true
"merge","Nearly Sorted",10000,87,627840,196700,true,true
"merge","Nearly Sorted",10000,88,572480,179800,true,true
"merge","Nearly Sorted",10000,89,572768,179800,true,true
"merge","Nearly Sorted",10000,90,571072,178900,true,true
"merge","Nearly Sorted",10000,91,572800,179400,true,true
"merge","Nearly Sorted",10000,92,626464,196300,true,true
"merge","Nearly Sorted",10000,93,607424,190400,true,true
"merge","Nearly Sorted",10000,94,573056,179500,true,true
"merge","Nearly Sorted",10000,95,572960,179500,true,true
"merge","Nearly Sorted",10000,96,572160,179300,true,true
"merge","Nearly Sorted",10000,97,625312,196000,true,true
"merge","Nearly Sorted",10000,98,572224,179300,true,true
"merge","Nearly Sorted",10000,99,572384,179300,true,true
"quicksort","Nearly Sorted",10000,0,399040,125100,true,true
"quicksort","Nearly Sorted",10000,1,398752,125000,true,true
"quicksort","Nearly Sorted",10000,2,396096,124100,true,true
"quicksort","Nearly Sorted",10000,3,452032,141700,true,true
"quicksort","Nearly Sorted",10000,4,389024,121900,true,true
"quicksort","Nearly Sorted",10000,5,615792,193500,true,true
"quicksort","Nearly Sorted",10000,6,729663,229200,true,true
"quicksort","Nearly Sorted",10000,7,643392,201600,true,true
"quicksort","Nearly Sorted",10000,8,513152,160800,true,true
"quicksort","Nearly Sorted",10000,9,404160,126700,true,true
"quicksort","Nearly Sorted",10000,10,403072,126400,true,true
"quicksort","Nearly Sorted",10000,11,398720,124900,true,true
"quicksort","Nearly Sorted",10000,12,390784,122500,true,true
"quicksort","Nearly Sorted",10000,13,393056,123200,true,true
"quicksort","Nearly Sorted",10000,14,390496,122400,true,true
"quicksort","Nearly Sorted",10000,15,496128,155600,true,true
"quicksort","Nearly Sorted",10000,16,392608,123100,true,true
"quicksort","Nearly Sorted",10000,17,396320,124300,true,true
"quicksort","Nearly Sorted",10000,18,391136,122600,true,true
"quicksort","Nearly Sorted",10000,19,386688,121200,true,true
"quicksort","Nearly Sorted",10000,20,388416,121700,true,true
"quicksort","Nearly Sorted",10000,21,387968,121500,true,true
"quicksort","Nearly Sorted",10000,22,441888,138500,true,true
"quicksort","Nearly Sorted",10000,23,384128,120400,true,true
"quicksort","Nearly Sorted",10000,24,389248,122000,true,true
"quicksort","Nearly Sorted",10000,25,386240,121000,true,true
"quicksort","Nearly Sorted",10000,26,390784,122500,true,true
"quicksort","Nearly Sorted",10000,27,390048,122300,true,true
"quicksort","Nearly Sorted",10000,28,385504,120900,true,true
"quicksort","Nearly Sorted",10000,29,389152,122000,true,true
"quicksort","Nearly Sorted",10000,30,384032,120400,true,true
"quicksort","Nearly Sorted",10000,31,384640,120600,true,true
"quicksort","Nearly Sorted",10000,32,387616,121500,true,true
"quicksort","Nearly Sorted",10000,33,385632,120900,true,true
"quicksort","Nearly Sorted",10000,34,381664,119600,true,true
"quicksort","Nearly Sorted",10000,35,381568,119600,true,true
"quicksort","Nearly Sorted",10000,36,384896,120700,true,true
"quicksort","Nearly Sorted",10000,37,441472,138400,true,true
"quicksort","Nearly Sorted",10000,38,381984,119700,true,true
"quicksort","Nearly Sorted",10000,39,382880,120100,true,true
"quicksort","Nearly Sorted",10000,40,383168,120100,true,true
"quicksort","Nearly Sorted",10000,41,383136,120000,true,true
"quicksort","Nearly Sorted",10000,42,382208,119800,true,true
"quicksort","Nearly Sorted",10000,43,382592,119900,true,true
"quicksort","Nearly Sorted",10000,44,452736,141900,true,true
"quicksort","Nearly Sorted",10000,45,382560,119900,true,true
"quicksort","Nearly Sorted",10000,46,380448,119300,true,true
"quicksort","Nearly Sorted",10000,47,381408,119500,true,true
"quicksort","Nearly Sorted",10000,48,379584,118900,true,true
"quicksort","Nearly Sorted",10000,49,383936,120300,true,true
"quicksort","Nearly Sorted",10000,50,380768,119300,true,true
"quicksort","Nearly Sorted",10000,51,435488,136500,true,true
"quicksort","Nearly Sorted",10000,52,381696,119700,true,true
"quicksort","Nearly Sorted",10000,53,380064,119100,true,true
"quicksort","Nearly Sorted",10000,54,380384,119300,true,true
"quicksort","Nearly Sorted",10000,55,379840,119100,true,true
"quicksort","Nearly Sorted",10000,56,379808,119000,true,true
"quicksort","Nearly Sorted",10000,57,380832,119300,true,true
"quicksort","Nearly Sorted",10000,58,381184,119500,true,true
"quicksort","Nearly Sorted",10000,59,448800,140700,true,true
"quicksort","Nearly Sorted",10000,60,379424,118900,true,true
"quicksort","Nearly Sorted",10000,61,378752,118700,true,true
"quicksort","Nearly Sorted",10000,62,376960,118200,true,true
"quicksort","Nearly Sorted",10000,63,377728,118400,true,true
"quicksort","Nearly Sorted",10000,64,379264,118900,true,true
"quicksort","Nearly Sorted",10000,65,383648,120300,true,true
"quicksort","Nearly Sorted",10000,66,433216,135800,true,true
"quicksort","Nearly Sorted",10000,67,379712,119000,true,true
"quicksort","Nearly Sorted",10000,68,381952,119700,true,true
"quicksort","Nearly Sorted",10000,69,379456,118900,true,true
"quicksort","Nearly Sorted",10000,70,378720,118800,true,true
"quicksort","Nearly Sorted",10000,71,379520,119000,true,true
"quicksort","Nearly Sorted",10000,72,378208,118600,true,true
"quicksort","Nearly Sorted",10000,73,379264,118900,true,true
"quicksort","Nearly Sorted",10000,74,398432,124900,true,true
"quicksort","Nearly Sorted",10000,75,382240,119800,true,true
"quicksort","Nearly Sorted",10000,76,380608,119300,true,true
"quicksort","Nearly Sorted",10000,77,381344,119500,true,true
"quicksort","Nearly Sorted",10000,78,382016,119700,true,true
"quicksort","Nearly Sorted",10000,79,383840,120300,true,true
"quicksort","Nearly Sorted",10000,80,382432,119900,true,true
"quicksort","Nearly Sorted",10000,81,427808,134200,true,true
"quicksort","Nearly Sorted",10000,82,378880,118800,true,true
"quicksort","Nearly Sorted",10000,83,379424,118900,true,true
"quicksort","Nearly Sorted",10000,84,379648,119000,true,true
"quicksort","Nearly Sorted",10000,85,381056,119500,true,true
"quicksort","Nearly Sorted",10000,86,378144,118500,true,true
"quicksort","Nearly Sorted",10000,87,380576,119200,true,true
"quicksort","Nearly Sorted",10000,88,449344,140900,true,true
"quicksort","Nearly Sorted",10000,89,378976,118800,true,true
"quicksort","Nearly Sorted",10000,90,378144,118500,true,true
"quicksort","Nearly Sorted",10000,91,379008,118800,true,true
"quicksort","Nearly Sorted",10000,92,376928,118200,true,true
"quicksort","Nearly Sorted",10000,93,378528,118700,true,true
"quicksort","Nearly Sorted",10000,94,378624,118700,true,true
"quicksort","Nearly Sorted",10000,95,378944,118800,true,true
"quicksort","Nearly Sorted",10000,96,430816,135000,true,true
"quicksort","Nearly Sorted",10000,97,381696,119600,true,true
"quicksort","Nearly Sorted",10000,98,378560,118700,true,true
"quicksort","Nearly Sorted",10000,99,380288,119200,true,true
"heap","Nearly Sorted",10000,0,2023200,633600,true,true
"heap","Nearly Sorted",10000,1,1965152,615400,true,true
"heap","Nearly Sorted",10000,2,2035488,637500,true,true
"heap","Nearly Sorted",10000,3,2014848,631000,true,true
"heap","Nearly Sorted",10000,4,1966752,615900,true,true
"heap","Nearly Sorted",10000,5,2047968,641400,true,true
"heap","Nearly Sorted",10000,6,2179648,682900,true,true
"heap","Nearly Sorted",10000,7,1928928,604100,true,true
"heap","Nearly Sorted",10000,8,2050368,642200,true,true
"heap","Nearly Sorted",10000,9,1970112,617000,true,true
"heap","Nearly Sorted",10000,10,2012512,630400,true,true
"heap","Nearly Sorted",10000,11,2448783,767800,true,true
"heap","Nearly Sorted",10000,12,2137408,669400,true,true
"heap","Nearly Sorted",10000,13,1889600,591800,true,true
"heap","Nearly Sorted",10000,14,2033504,636900,true,true
"heap","Nearly Sorted",10000,15,2025728,634500,true,true
"heap","Nearly Sorted",10000,16,1978528,619800,true,true
"heap","Nearly Sorted",10000,17,2028800,635600,true,true
"heap","Nearly Sorted",10000,18,1975200,618500,true,true
"heap","Nearly Sorted",10000,19,1962240,614500,true,true
"heap","Nearly Sorted",10000,20,2045152,640500,true,true
"heap","Nearly Sorted",10000,21,1974400,618300,true,true
"heap","Nearly Sorted",10000,22,2009408,629300,true,true
"heap","Nearly Sorted",10000,23,2025056,634200,true,true
"heap","Nearly Sorted",10000,24,1960768,614100,true,true
"heap","Nearly Sorted",10000,25,2018432,632100,true,true
"heap","Nearly Sorted",10000,26,2038304,638300,true,true
"heap","Nearly Sorted",10000,27,1971968,617600,true,true
"heap","Nearly Sorted",10000,28,2010048,629500,true,true
"heap","Nearly Sorted",10000,29,2014336,630800,true,true
"heap","Nearly Sorted",10000,30,1958656,613400,true,true
"heap","Nearly Sorted",10000,31,2037696,638200,true,true
"heap","Nearly Sorted",10000,32,1922112,602000,true,true
"heap","Nearly Sorted",10000,33,2063904,646400,true,true
"heap","Nearly Sorted",10000,34,2041056,639200,true,true
"heap","Nearly Sorted",10000,35,1977216,619200,true,true
"heap","Nearly Sorted",10000,36,3068081,961800,true,true
"heap","Nearly Sorted",10000,37,3314624,1038100,true,true
"heap","Nearly Sorted",10000,38,1912736,599000,true,true
"heap","Nearly Sorted",10000,39,1966432,615800,true,true
"heap","Nearly Sorted",10000,40,2042240,639500,true,true
"heap","Nearly Sorted",10000,41,2076416,650700,true,true
"heap","Nearly Sorted",10000,42,1973568,618000,true,true
"heap","Nearly Sorted",10000,43,2032800,636600,true,true
"heap","Nearly Sorted",10000,44,2070496,648600,true,true
"heap","Nearly Sorted",10000,45,1975584,618900,true,true
"heap","Nearly Sorted",10000,46,2028896,635400,true,true
"heap","Nearly Sorted",10000,47,2072640,649300,true,true
"heap","Nearly Sorted",10000,48,1977024,619200,true,true
"heap","Nearly Sorted",10000,49,2034272,637100,true,true
"heap","Nearly Sorted",10000,50,2054560,643600,true,true
"heap","Nearly Sorted",10000,51,1978336,619600,true,true
"heap","Nearly Sorted",10000,52,2031648,636200,true,true
"heap","Nearly Sorted",10000,53,2093920,656200,true,true
"heap","Nearly Sorted",10000,54,2216000,694600,true,true
"heap","Nearly Sorted",10000,55,2131552,667600,true,true
"heap","Nearly Sorted",10000,56,2297647,720000,true,true
"heap","Nearly Sorted",10000,57,2077280,650600,true,true
"heap","Nearly Sorted",10000,58,1969632,616900,true,true
"heap","Nearly Sorted",10000,59,2084288,652800,true,true
"heap","Nearly Sorted",10000,60,2102049,658700,true,true
"heap","Nearly Sorted",10000,61,4071232,1275900,true,true
"heap","Nearly Sorted",10000,62,2385119,747500,true,true
"heap","Nearly Sorted",10000,63,2001216,626800,true,true
"heap","Nearly Sorted",10000,64,1879136,588800,true,true
"heap","Nearly Sorted",10000,65,2020096,632900,true,true
"heap","Nearly Sorted",10000,66,2033280,636700,true,true
"heap","Nearly Sorted",10000,67,2000608,626600,true,true
"heap","Nearly Sorted",10000,68,2040096,638900,true,true
"heap","Nearly Sorted",10000,69,2040352,639000,true,true
"heap","Nearly Sorted",10000,70,1976576,619000,true,true
"heap","Nearly Sorted",10000,71,2031712,636300,true,true
"heap","Nearly Sorted",10000,72,2034240,637100,true,true
"heap","Nearly Sorted",10000,73,1965056,615400,true,true
"heap","Nearly Sorted",10000,74,2046848,641000,true,true
"heap","Nearly Sorted",10000,75,2027936,635100,true,true
"heap","Nearly Sorted",10000,76,1976864,619400,true,true
"heap","Nearly Sorted",10000,77,2071744,648900,true,true
"heap","Nearly Sorted",10000,78,2234368,699800,true,true
"heap","Nearly Sorted",10000,79,1867584,585000,true,true
"heap","Nearly Sorted",10000,80,2036992,638000,true,true
"heap","Nearly Sorted",10000,81,1955328,612300,true,true
"heap","Nearly Sorted",10000,82,2023072,633600,true,true
"heap","Nearly Sorted",10000,83,2040448,639300,true,true
"heap","Nearly Sorted",10000,84,1989184,622900,true,true
"heap","Nearly Sorted",10000,85,2609472,817800,true,true
"heap","Nearly Sorted",10000,86,1993760,624500,true,true
"heap","Nearly Sorted",10000,87,1971744,617500,true,true
"heap","Nearly Sorted",10000,88,2078752,651000,true,true
"heap","Nearly Sorted",10000,89,2326656,728700,true,true
"heap","Nearly Sorted",10000,90,2124512,665400,true,true
"heap","Nearly Sorted",10000,91,1887680,591200,true,true
"heap","Nearly Sorted",10000,92,2028928,635400,true,true
"heap","Nearly Sorted",10000,93,1960992,614100,true,true
"heap","Nearly Sorted",10000,94,2037760,638200,true,true
"heap","Nearly Sorted",10000,95,2022560,633400,true,true
"heap","Nearly Sorted",10000,96,1962048,614600,true,true
"heap","Nearly Sorted",10000,97,2026624,634700,true,true
"heap","Nearly Sorted",10000,98,2028544,635300,true,true
"heap","Nearly Sorted",10000,99,1978752,619700,true,true
"std-sort","Nearly Sorted",10000,0,307136,96700,true,true
"std-sort","Nearly Sorted",10000,1,305248,95700,true,true
"std-sort","Nearly Sorted",10000,2,300768,94300,true,true
"std-sort","Nearly Sorted",10000,3,303936,95300,true,true
"std-sort","Nearly Sorted",10000,4,300832,94300,true,true
"std-sort","Nearly Sorted",10000,5,297792,93400,true,true
"std-sort","Nearly Sorted",10000,6,300608,94200,true,true
"std-sort","Nearly Sorted",10000,7,366624,115000,true,true
"std-sort","Nearly Sorted",10000,8,305952,95900,true,true
"std-sort","Nearly Sorted",10000,9,304160,95300,true,true
"std-sort","Nearly Sorted",10000,10,303200,95100,true,true
"std-sort","Nearly Sorted",10000,11,299936,94000,true,true
"std-sort","Nearly Sorted",10000,12,302240,94800,true,true
"std-sort","Nearly Sorted",10000,13,302144,94800,true,true
"std-sort","Nearly Sorted",10000,14,307264,96300,true,true
"std-sort","Nearly Sorted",10000,15,301248,94400,true,true
"std-sort","Nearly Sorted",10000,16,369408,115700,true,true
"std-sort","Nearly Sorted",10000,17,302432,94800,true,true
"std-sort","Nearly Sorted",10000,18,300672,94300,true,true
"std-sort","Nearly Sorted",10000,19,302208,94700,true,true
"std-sort","Nearly Sorted",10000,20,300672,94300,true,true
"std-sort","Nearly Sorted",10000,21,307072,96200,true,true
"std-sort","Nearly Sorted",10000,22,297600,93300,true,true
"std-sort","Nearly Sorted",10000,23,300224,94200,true,true
"std-sort","Nearly Sorted",10000,24,301664,94600,true,true
"std-sort","Nearly Sorted",10000,25,352192,110500,true,true
"std-sort","Nearly Sorted",10000,26,300576,94300,true,true
"std-sort","Nearly Sorted",10000,27,299968,94000,true,true
"std-sort","Nearly Sorted",10000,28,302112,94700,true,true
"std-sort","Nearly Sorted",10000,29,300768,94300,true,true
"std-sort","Nearly Sorted",10000,30,297376,93200,true,true
"std-sort","Nearly Sorted",10000,31,301760,94700,true,true
"std-sort","Nearly Sorted",10000,32,301440,94500,true,true
"std-sort","Nearly Sorted",10000,33,299296,94100,true,true
"std-sort","Nearly Sorted",10000,34,375808,117800,true,true
"std-sort","Nearly Sorted",10000,35,301088,94800,true,true
"std-sort","Nearly Sorted",10000,36,305792,95900,true,true
"std-sort","Nearly Sorted",10000,37,303552,95200,true,true
"std-sort","Nearly Sorted",10000,38,392448,123100,true,true
"std-sort","Nearly Sorted",10000,39,442208,138800,true,true
"std-sort","Nearly Sorted",10000,40,927745,291400,true,true
"std-sort","Nearly Sorted",10000,41,828000,259600,true,true
"std-sort","Nearly Sorted",10000,42,378176,118500,true,true
"std-sort","Nearly Sorted",10000,43,307360,96500,true,true
"std-sort","Nearly Sorted",10000,44,401856,126000,true,true
"std-sort","Nearly Sorted",10000,45,305952,95900,true,true
"std-sort","Nearly Sorted",10000,46,302880,95100,true,true
"std-sort","Nearly Sorted",10000,47,303584,95200,true,true
"std-sort","Nearly Sorted",10000,48,304512,95400,true,true
"std-sort","Nearly Sorted",10000,49,304608,95500,true,true
"std-sort","Nearly Sorted",10000,50,371936,116600,true,true
"std-sort","Nearly Sorted",10000,51,306688,96200,true,true
"std-sort","Nearly Sorted",10000,52,363232,114000,true,true
"std-sort","Nearly Sorted",10000,53,303136,95100,true,true
"std-sort","Nearly Sorted",10000,54,303488,95100,true,true
"std-sort","Nearly Sorted",10000,55,301216,94500,true,true
"std-sort","Nearly Sorted",10000,56,302912,94900,true,true
"std-sort","Nearly Sorted",10000,57,302528,94800,true,true
"std-sort","Nearly Sorted",10000,58,307680,96400,true,true
"std-sort","Nearly Sorted",10000,59,359680,112800,true,true
"std-sort","Nearly Sorted",10000,60,301280,94400,true,true
"std-sort","Nearly Sorted",10000,61,293312,92100,true,true
"std-sort","Nearly Sorted",10000,62,301216,94700,true,true
"std-sort","Nearly Sorted",10000,63,299968,94100,true,true
"std-sort","Nearly Sorted",10000,64,295872,92800,true,true
"std-sort","Nearly Sorted",10000,65,303968,95400,true,true
"std-sort","Nearly Sorted",10000,66,306528,96100,true,true
"std-sort","Nearly Sorted",10000,67,302336,94800,true,true
"std-sort","Nearly Sorted",10000,68,358240,112400,true,true
"std-sort","Nearly Sorted",10000,69,293696,92000,true,true
"std-sort","Nearly Sorted",10000,70,343456,107700,true,true
"std-sort","Nearly Sorted",10000,71,305664,95800,true,true
"std-sort","Nearly Sorted",10000,72,301856,94600,true,true
"std-sort","Nearly Sorted",10000,73,298976,93700,true,true
"std-sort","Nearly Sorted",10000,74,300128,94100,true,true
"std-sort","Nearly Sorted",10000,75,301440,94600,true,true
"std-sort","Nearly Sorted",10000,76,299168,93800,true,true
"std-sort","Nearly Sorted",10000,77,358496,112400,true,true
"std-sort","Nearly Sorted",10000,78,303552,95200,true,true
"std-sort","Nearly Sorted",10000,79,304896,95600,true,true
"std-sort","Nearly Sorted",10000,80,301312,94500,true,true
"std-sort","Nearly Sorted",10000,81,299456,93800,true,true
"std-sort","Nearly Sorted",10000,82,301248,94400,true,true
"std-sort","Nearly Sorted",10000,83,300704,94300,true,true
"std-sort","Nearly Sorted",10000,84,301408,94500,true,true
"std-sort","Nearly Sorted",10000,85,305280,95700,true,true
"std-sort","Nearly Sorted",10000,86,353088,110700,true,true
"std-sort","Nearly Sorted",10000,87,299456,93900,true,true
"std-sort","Nearly Sorted",10000,88,335936,105400,true,true
"std-sort","Nearly Sorted",10000,89,301408,94500,true,true
"std-sort","Nearly Sorted",10000,90,306464,96100,true,true
"std-sort","Nearly Sorted",10000,91,300224,94100,true,true
"std-sort","Nearly Sorted",10000,92,299904,94000,true,true
"std-sort","Nearly Sorted",10000,93,303424,95100,true,true
"std-sort","Nearly Sorted",10000,94,301568,94600,true,true
"std-sort","Nearly Sorted",10000,95,359552,112700,true,true
"std-sort","Nearly Sorted",10000,96,300576,94300,true,true
"std-sort","Nearly Sorted",10000,97,311360,97700,true,true
"std-sort","Nearly Sorted",10000,98,306720,96200,true,true
"std-sort","Nearly Sorted",10000,99,303072,95000,true,true
"std-stable-sort","Nearly Sorted",10000,0,232928,73100,true,true
"std-stable-sort","Nearly Sorted",10000,1,233376,73200,true,true
"std-stable-sort","Nearly Sorted",10000,2,233632,73300,true,true
"std-stable-sort","Nearly Sorted",10000,3,242240,75900,true,true
"std-stable-sort","Nearly Sorted",10000,4,233632,73300,true,true
"std-stable-sort","Nearly Sorted",10000,5,233312,73100,true,true
"std-stable-sort","Nearly Sorted",10000,6,233920,73400,true,true
"std-stable-sort","Nearly Sorted",10000,7,285888,89600,true,true
"std-stable-sort","Nearly Sorted",10000,8,233344,73200,true,true
"std-stable-sort","Nearly Sorted",10000,9,234048,73400,true,true
"std-stable-sort","Nearly Sorted",10000,10,268448,84200,true,true
"std-stable-sort","Nearly Sorted",10000,11,233536,73200,true,true
"std-stable-sort","Nearly Sorted",10000,12,232800,73200,true,true
"std-stable-sort","Nearly Sorted",10000,13,232768,73000,true,true
"std-stable-sort","Nearly Sorted",10000,14,232864,73000,true,true
"std-stable-sort","Nearly Sorted",10000,15,233184,73200,true,true
"std-stable-sort","Nearly Sorted",10000,16,232544,73000,true,true
"std-stable-sort","Nearly Sorted",10000,17,233920,73400,true,true
"std-stable-sort","Nearly Sorted",10000,18,232928,73000,true,true
"std-stable-sort","Nearly Sorted",10000,19,233408,73200,true,true
"std-stable-sort","Nearly Sorted",10000,20,232864,73000,true,true
"std-stable-sort","Nearly Sorted",10000,21,233568,73300,true,true
"std-stable-sort","Nearly Sorted",10000,22,232640,73000,true,true
"std-stable-sort","Nearly Sorted",10000,23,233056,73100,true,true
"std-stable-sort","Nearly Sorted",10000,24,232896,73000,true,true
"std-stable-sort","Nearly Sorted",10000,25,233376,73200,true,true
"std-stable-sort","Nearly Sorted",10000,26,232704,73000,true,true
"std-stable-sort","Nearly Sorted",10000,27,233568,73300,true,true
"std-stable-sort","Nearly Sorted",10000,28,234144,73500,true,true
"std-stable-sort","Nearly Sorted",10000,29,233280,73200,true,true
"std-stable-sort","Nearly Sorted",10000,30,284480,89200,true,true
"std-stable-sort","Nearly Sorted",10000,31,234240,73500,true,true
"std-stable-sort","Nearly Sorted",10000,32,233184,73200,true,true
"std-stable-sort","Nearly Sorted",10000,33,274112,86100,true,true
"std-stable-sort","Nearly Sorted",10000,34,233408,73200,true,true
"std-stable-sort","Nearly Sorted",10000,35,234112,73400,true,true
"std-stable-sort","Nearly Sorted",10000,36,232544,72900,true,true
"std-stable-sort","Nearly Sorted",10000,37,233280,73200,true,true
"std-stable-sort","Nearly Sorted",10000,38,232640,73000,true,true
"std-stable-sort","Nearly Sorted",10000,39,233856,73400,true,true
"std-stable-sort","Nearly Sorted",10000,40,233184,73200,true,true
"std-stable-sort","Nearly Sorted",10000,41,287104,90000,true,true
"std-stable-sort","Nearly Sorted",10000,42,233152,73100,true,true
"std-stable-sort","Nearly Sorted",10000,43,233440,73200,true,true
"std-stable-sort","Nearly Sorted",10000,44,232608,73000,true,true
"std-stable-sort","Nearly Sorted",10000,45,232704,73000,true,true
"std-stable-sort","Nearly Sorted",10000,46,232544,73000,true,true
"std-stable-sort","Nearly Sorted",10000,47,233376,73200,true,true
"std-stable-sort","Nearly Sorted",10000,48,232576,72900,true,true
"std-stable-sort","Nearly Sorted",10000,49,234016,73400,true,true
"std-stable-sort","Nearly Sorted",10000,50,233120,73100,true,true
"std-stable-sort","Nearly Sorted",10000,51,233760,73400,true,true
"std-stable-sort","Nearly Sorted",10000,52,283872,89000,true,true
"std-stable-sort","Nearly Sorted",10000,53,233952,73400,true,true
"std-stable-sort","Nearly Sorted",10000,54,232128,72800,true,true
"std-stable-sort","Nearly Sorted",10000,55,267040,83800,true,true
"std-stable-sort","Nearly Sorted",10000,56,232864,73000,true,true
"std-stable-sort","Nearly Sorted",10000,57,233632,73300,true,true
"std-stable-sort","Nearly Sorted",10000,58,233312,73200,true,true
"std-stable-sort","Nearly Sorted",10000,59,233376,73200,true,true
"std-stable-sort","Nearly Sorted",10000,60,231584,72600,true,true
"std-stable-sort","Nearly Sorted",10000,61,232576,73000,true,true
"std-stable-sort","Nearly Sorted",10000,62,232768,73000,true,true
"std-stable-sort","Nearly Sorted",10000,63,232416,72900,true,true
"std-stable-sort","Nearly Sorted",10000,64,233952,73400,true,true
"std-stable-sort","Nearly Sorted",10000,65,233920,73300,true,true
"std-stable-sort","Nearly Sorted",10000,66,233152,73100,true,true
"std-stable-sort","Nearly Sorted",10000,67,232768,73000,true,true
"std-stable-sort","Nearly Sorted",10000,68,232672,72900,true,true
"std-stable-sort","Nearly Sorted",10000,69,232256,72800,true,true
"std-stable-sort","Nearly Sorted",10000,70,232320,72900,true,true
"std-stable-sort","Nearly Sorted",10000,71,232608,73000,true,true
"std-stable-sort","Nearly Sorted",10000,72,232512,72900,true,true
"std-stable-sort","Nearly Sorted",10000,73,232544,72900,true,true
"std-stable-sort","Nearly Sorted",10000,74,233248,73100,true,true
"std-stable-sort","Nearly Sorted",10000,75,285088,89500,true,true
"std-stable-sort","Nearly Sorted",10000,76,233504,73200,true,true
"std-stable-sort","Nearly Sorted",10000,77,233504,73300,true,true
"std-stable-sort","Nearly Sorted",10000,78,273216,85800,true,true
"std-stable-sort","Nearly Sorted",10000,79,233600,73200,true,true
"std-stable-sort","Nearly Sorted",10000,80,232480,72900,true,true
"std-stable-sort","Nearly Sorted",10000,81,233248,73100,true,true
"std-stable-sort","Nearly Sorted",10000,82,233312,73200,true,true
"std-stable-sort","Nearly Sorted",10000,83,233504,73200,true,true
"std-stable-sort","Nearly Sorted",10000,84,232768,73000,true,true
"std-stable-sort","Nearly Sorted",10000,85,233344,73200,true,true
"std-stable-sort","Nearly Sorted",10000,86,319104,100000,true,true
"std-stable-sort","Nearly Sorted",10000,87,350560,109900,true,true
"std-stable-sort","Nearly Sorted",10000,88,233376,73200,true,true
"std-stable-sort","Nearly Sorted",10000,89,234528,73600,true,true
"std-stable-sort","Nearly Sorted",10000,90,233248,73200,true,true
"std-stable-sort","Nearly Sorted",10000,91,238688,74900,true,true
"std-stable-sort","Nearly Sorted",10000,92,352416,110500,true,true
"std-stable-sort","Nearly Sorted",10000,93,237536,74500,true,true
"std-stable-sort","Nearly Sorted",10000,94,354464,111200,true,true
"std-stable-sort","Nearly Sorted",10000,95,330176,103500,true,true
"std-stable-sort","Nearly Sorted",10000,96,235008,73600,true,true
"std-stable-sort","Nearly Sorted",10000,97,233824,73400,true,true
"std-stable-sort","Nearly Sorted",10000,98,288032,90400,true,true
"std-stable-sort","Nearly Sorted",10000,99,233888,73300,true,true
